"NAM"	"DAT"	"PERIOD"	"КАТО(по каталогу)"	"LКАТО(по каталогу)"	"СПТМ (по каталогу)"	"LСПТМ (по каталогу)"	"СП"	"LСП"	"VAL"
"Число умерших(Человек)"	"2009 год"	"200912"	"АКТЮБИНСКАЯ ОБЛАСТЬ"	"0"	"городская местность"	"0"	"Всего"	"0"	"3 652"
"Число умерших(Человек)"	"2011 год"	"201112"	"АКТЮБИНСКАЯ ОБЛАСТЬ"	"0"	"городская местность"	"0"	"Всего"	"0"	"3 474"
"Число умерших(Человек)"	"2000 год"	"200012"	"АКТЮБИНСКАЯ ОБЛАСТЬ"	"0"	"городская местность"	"0"	"Всего"	"0"	"4 365"
"Число умерших(Человек)"	"2005 год"	"200512"	"АКТЮБИНСКАЯ ОБЛАСТЬ"	"0"	"городская местность"	"0"	"Всего"	"0"	"4 087"
"Число умерших(Человек)"	"2001 год"	"200112"	"АКТЮБИНСКАЯ ОБЛАСТЬ"	"0"	"городская местность"	"0"	"Всего"	"0"	"4 241"
"Число умерших(Человек)"	"2002 год"	"200212"	"АКТЮБИНСКАЯ ОБЛАСТЬ"	"0"	"городская местность"	"0"	"Всего"	"0"	"4 255"
"Число умерших(Человек)"	"2007 год"	"200712"	"АКТЮБИНСКАЯ ОБЛАСТЬ"	"0"	"городская местность"	"0"	"Всего"	"0"	"3 888"
"Число умерших(Человек)"	"2003 год"	"200312"	"АКТЮБИНСКАЯ ОБЛАСТЬ"	"0"	"городская местность"	"0"	"Всего"	"0"	"4 225"
"Число умерших(Человек)"	"2006 год"	"200612"	"АКТЮБИНСКАЯ ОБЛАСТЬ"	"0"	"городская местность"	"0"	"Всего"	"0"	"4 090"
"Число умерших(Человек)"	"2008 год"	"200812"	"АКТЮБИНСКАЯ ОБЛАСТЬ"	"0"	"городская местность"	"0"	"Всего"	"0"	"3 760"
"Число умерших(Человек)"	"2004 год"	"200412"	"АКТЮБИНСКАЯ ОБЛАСТЬ"	"0"	"городская местность"	"0"	"Всего"	"0"	"4 050"
"Число умерших(Человек)"	"2016 год"	"201612"	"АКТЮБИНСКАЯ ОБЛАСТЬ"	"0"	"городская местность"	"0"	"Всего"	"0"	"3 512"
"Число умерших(Человек)"	"2010 год"	"201012"	"АКТЮБИНСКАЯ ОБЛАСТЬ"	"0"	"городская местность"	"0"	"Всего"	"0"	"3 598"
"Число умерших(Человек)"	"2015 год"	"201512"	"АКТЮБИНСКАЯ ОБЛАСТЬ"	"0"	"городская местность"	"0"	"Всего"	"0"	"3 479"
"Число умерших(Человек)"	"2013 год"	"201312"	"АКТЮБИНСКАЯ ОБЛАСТЬ"	"0"	"городская местность"	"0"	"Всего"	"0"	"3 464"
"Число умерших(Человек)"	"2014 год"	"201412"	"АКТЮБИНСКАЯ ОБЛАСТЬ"	"0"	"городская местность"	"0"	"Всего"	"0"	"3 462"
"Число умерших(Человек)"	"2012 год"	"201212"	"АКТЮБИНСКАЯ ОБЛАСТЬ"	"0"	"городская местность"	"0"	"Всего"	"0"	"3 741"
"Число умерших(Человек)"	"2021 год"	"202112"	"АКТЮБИНСКАЯ ОБЛАСТЬ"	"0"	"городская местность"	"0"	"Всего"	"0"	"5 604"
"Число умерших(Человек)"	"2020 год"	"202012"	"АКТЮБИНСКАЯ ОБЛАСТЬ"	"0"	"городская местность"	"0"	"Всего"	"0"	"4 956"
"Число умерших(Человек)"	"2019 год"	"201912"	"АКТЮБИНСКАЯ ОБЛАСТЬ"	"0"	"городская местность"	"0"	"Всего"	"0"	"4 038"
"Число умерших(Человек)"	"2018 год"	"201812"	"АКТЮБИНСКАЯ ОБЛАСТЬ"	"0"	"городская местность"	"0"	"Всего"	"0"	"3 914"
"Число умерших(Человек)"	"2022 год"	"202212"	"АКТЮБИНСКАЯ ОБЛАСТЬ"	"0"	"городская местность"	"0"	"Всего"	"0"	"4 023"
"Число умерших(Человек)"	"2017 год"	"201712"	"АКТЮБИНСКАЯ ОБЛАСТЬ"	"0"	"городская местность"	"0"	"Всего"	"0"	"3 761"
"Число умерших(Человек)"	"2023 год"	"202312"	"АКТЮБИНСКАЯ ОБЛАСТЬ"	"0"	"городская местность"	"0"	"Всего"	"0"	"4 112"
"Число умерших(Человек)"	"2024 год"	"202412"	"АКТЮБИНСКАЯ ОБЛАСТЬ"	"0"	"городская местность"	"0"	"Всего"	"0"	"4 178"
"Число умерших(Человек)"	"2009 год"	"200912"	"АТЫРАУСКАЯ ОБЛАСТЬ"	"0"	"городская местность"	"0"	"Всего"	"0"	"1 910"
"Число умерших(Человек)"	"2011 год"	"201112"	"АТЫРАУСКАЯ ОБЛАСТЬ"	"0"	"городская местность"	"0"	"Всего"	"0"	"1 903"
"Число умерших(Человек)"	"2000 год"	"200012"	"АТЫРАУСКАЯ ОБЛАСТЬ"	"0"	"городская местность"	"0"	"Всего"	"0"	"2 511"
"Число умерших(Человек)"	"2005 год"	"200512"	"АТЫРАУСКАЯ ОБЛАСТЬ"	"0"	"городская местность"	"0"	"Всего"	"0"	"2 448"
"Число умерших(Человек)"	"2001 год"	"200112"	"АТЫРАУСКАЯ ОБЛАСТЬ"	"0"	"городская местность"	"0"	"Всего"	"0"	"2 556"
"Число умерших(Человек)"	"2002 год"	"200212"	"АТЫРАУСКАЯ ОБЛАСТЬ"	"0"	"городская местность"	"0"	"Всего"	"0"	"2 669"
"Число умерших(Человек)"	"2007 год"	"200712"	"АТЫРАУСКАЯ ОБЛАСТЬ"	"0"	"городская местность"	"0"	"Всего"	"0"	"2 039"
"Число умерших(Человек)"	"2008 год"	"200812"	"АТЫРАУСКАЯ ОБЛАСТЬ"	"0"	"городская местность"	"0"	"Всего"	"0"	"1 924"
"Число умерших(Человек)"	"2003 год"	"200312"	"АТЫРАУСКАЯ ОБЛАСТЬ"	"0"	"городская местность"	"0"	"Всего"	"0"	"2 618"
"Число умерших(Человек)"	"2004 год"	"200412"	"АТЫРАУСКАЯ ОБЛАСТЬ"	"0"	"городская местность"	"0"	"Всего"	"0"	"2 499"
"Число умерших(Человек)"	"2006 год"	"200612"	"АТЫРАУСКАЯ ОБЛАСТЬ"	"0"	"городская местность"	"0"	"Всего"	"0"	"2 499"
"Число умерших(Человек)"	"2016 год"	"201612"	"АТЫРАУСКАЯ ОБЛАСТЬ"	"0"	"городская местность"	"0"	"Всего"	"0"	"1 812"
"Число умерших(Человек)"	"2010 год"	"201012"	"АТЫРАУСКАЯ ОБЛАСТЬ"	"0"	"городская местность"	"0"	"Всего"	"0"	"1 941"
"Число умерших(Человек)"	"2015 год"	"201512"	"АТЫРАУСКАЯ ОБЛАСТЬ"	"0"	"городская местность"	"0"	"Всего"	"0"	"1 758"
"Число умерших(Человек)"	"2013 год"	"201312"	"АТЫРАУСКАЯ ОБЛАСТЬ"	"0"	"городская местность"	"0"	"Всего"	"0"	"1 797"
"Число умерших(Человек)"	"2014 год"	"201412"	"АТЫРАУСКАЯ ОБЛАСТЬ"	"0"	"городская местность"	"0"	"Всего"	"0"	"1 682"
"Число умерших(Человек)"	"2012 год"	"201212"	"АТЫРАУСКАЯ ОБЛАСТЬ"	"0"	"городская местность"	"0"	"Всего"	"0"	"1 950"
"Число умерших(Человек)"	"2021 год"	"202112"	"АТЫРАУСКАЯ ОБЛАСТЬ"	"0"	"городская местность"	"0"	"Всего"	"0"	"2 761"
"Число умерших(Человек)"	"2020 год"	"202012"	"АТЫРАУСКАЯ ОБЛАСТЬ"	"0"	"городская местность"	"0"	"Всего"	"0"	"2 661"
"Число умерших(Человек)"	"2019 год"	"201912"	"АТЫРАУСКАЯ ОБЛАСТЬ"	"0"	"городская местность"	"0"	"Всего"	"0"	"1 933"
"Число умерших(Человек)"	"2018 год"	"201812"	"АТЫРАУСКАЯ ОБЛАСТЬ"	"0"	"городская местность"	"0"	"Всего"	"0"	"1 853"
"Число умерших(Человек)"	"2022 год"	"202212"	"АТЫРАУСКАЯ ОБЛАСТЬ"	"0"	"городская местность"	"0"	"Всего"	"0"	"1 902"
"Число умерших(Человек)"	"2017 год"	"201712"	"АТЫРАУСКАЯ ОБЛАСТЬ"	"0"	"городская местность"	"0"	"Всего"	"0"	"1 762"
"Число умерших(Человек)"	"2023 год"	"202312"	"АТЫРАУСКАЯ ОБЛАСТЬ"	"0"	"городская местность"	"0"	"Всего"	"0"	"1 822"
"Число умерших(Человек)"	"2024 год"	"202412"	"АТЫРАУСКАЯ ОБЛАСТЬ"	"0"	"городская местность"	"0"	"Всего"	"0"	"1 982"
"Число умерших(Человек)"	"2009 год"	"200912"	"МАНГИСТАУСКАЯ ОБЛАСТЬ"	"0"	"городская местность"	"0"	"Всего"	"0"	"1 603"
"Число умерших(Человек)"	"2011 год"	"201112"	"МАНГИСТАУСКАЯ ОБЛАСТЬ"	"0"	"городская местность"	"0"	"Всего"	"0"	"1 636"
"Число умерших(Человек)"	"2000 год"	"200012"	"МАНГИСТАУСКАЯ ОБЛАСТЬ"	"0"	"городская местность"	"0"	"Всего"	"0"	"1 992"
"Число умерших(Человек)"	"2005 год"	"200512"	"МАНГИСТАУСКАЯ ОБЛАСТЬ"	"0"	"городская местность"	"0"	"Всего"	"0"	"2 109"
"Число умерших(Человек)"	"2001 год"	"200112"	"МАНГИСТАУСКАЯ ОБЛАСТЬ"	"0"	"городская местность"	"0"	"Всего"	"0"	"2 116"
"Число умерших(Человек)"	"2002 год"	"200212"	"МАНГИСТАУСКАЯ ОБЛАСТЬ"	"0"	"городская местность"	"0"	"Всего"	"0"	"2 092"
"Число умерших(Человек)"	"2007 год"	"200712"	"МАНГИСТАУСКАЯ ОБЛАСТЬ"	"0"	"городская местность"	"0"	"Всего"	"0"	"1 926"
"Число умерших(Человек)"	"2008 год"	"200812"	"МАНГИСТАУСКАЯ ОБЛАСТЬ"	"0"	"городская местность"	"0"	"Всего"	"0"	"1 695"
"Число умерших(Человек)"	"2003 год"	"200312"	"МАНГИСТАУСКАЯ ОБЛАСТЬ"	"0"	"городская местность"	"0"	"Всего"	"0"	"2 089"
"Число умерших(Человек)"	"2004 год"	"200412"	"МАНГИСТАУСКАЯ ОБЛАСТЬ"	"0"	"городская местность"	"0"	"Всего"	"0"	"2 141"
"Число умерших(Человек)"	"2006 год"	"200612"	"МАНГИСТАУСКАЯ ОБЛАСТЬ"	"0"	"городская местность"	"0"	"Всего"	"0"	"2 097"
"Число умерших(Человек)"	"2016 год"	"201612"	"МАНГИСТАУСКАЯ ОБЛАСТЬ"	"0"	"городская местность"	"0"	"Всего"	"0"	"1 476"
"Число умерших(Человек)"	"2010 год"	"201012"	"МАНГИСТАУСКАЯ ОБЛАСТЬ"	"0"	"городская местность"	"0"	"Всего"	"0"	"1 756"
"Число умерших(Человек)"	"2015 год"	"201512"	"МАНГИСТАУСКАЯ ОБЛАСТЬ"	"0"	"городская местность"	"0"	"Всего"	"0"	"1 467"
"Число умерших(Человек)"	"2013 год"	"201312"	"МАНГИСТАУСКАЯ ОБЛАСТЬ"	"0"	"городская местность"	"0"	"Всего"	"0"	"1 606"
"Число умерших(Человек)"	"2014 год"	"201412"	"МАНГИСТАУСКАЯ ОБЛАСТЬ"	"0"	"городская местность"	"0"	"Всего"	"0"	"1 573"
"Число умерших(Человек)"	"2012 год"	"201212"	"МАНГИСТАУСКАЯ ОБЛАСТЬ"	"0"	"городская местность"	"0"	"Всего"	"0"	"1 628"
"Число умерших(Человек)"	"2021 год"	"202112"	"МАНГИСТАУСКАЯ ОБЛАСТЬ"	"0"	"городская местность"	"0"	"Всего"	"0"	"2 333"
"Число умерших(Человек)"	"2020 год"	"202012"	"МАНГИСТАУСКАЯ ОБЛАСТЬ"	"0"	"городская местность"	"0"	"Всего"	"0"	"2 164"
"Число умерших(Человек)"	"2019 год"	"201912"	"МАНГИСТАУСКАЯ ОБЛАСТЬ"	"0"	"городская местность"	"0"	"Всего"	"0"	"1 570"
"Число умерших(Человек)"	"2018 год"	"201812"	"МАНГИСТАУСКАЯ ОБЛАСТЬ"	"0"	"городская местность"	"0"	"Всего"	"0"	"1 546"
"Число умерших(Человек)"	"2022 год"	"202212"	"МАНГИСТАУСКАЯ ОБЛАСТЬ"	"0"	"городская местность"	"0"	"Всего"	"0"	"1 606"
"Число умерших(Человек)"	"2017 год"	"201712"	"МАНГИСТАУСКАЯ ОБЛАСТЬ"	"0"	"городская местность"	"0"	"Всего"	"0"	"1 406"
"Число умерших(Человек)"	"2023 год"	"202312"	"МАНГИСТАУСКАЯ ОБЛАСТЬ"	"0"	"городская местность"	"0"	"Всего"	"0"	"1 581"
"Число умерших(Человек)"	"2024 год"	"202412"	"МАНГИСТАУСКАЯ ОБЛАСТЬ"	"0"	"городская местность"	"0"	"Всего"	"0"	"1 678"
"Число умерших(Человек)"	"2009 год"	"200912"	"КАРАГАНДИНСКАЯ ОБЛАСТЬ"	"0"	"городская местность"	"0"	"Всего"	"0"	"12 348"
"Число умерших(Человек)"	"2011 год"	"201112"	"КАРАГАНДИНСКАЯ ОБЛАСТЬ"	"0"	"городская местность"	"0"	"Всего"	"0"	"12 412"
"Число умерших(Человек)"	"2000 год"	"200012"	"КАРАГАНДИНСКАЯ ОБЛАСТЬ"	"0"	"городская местность"	"0"	"Всего"	"0"	"14 664"
"Число умерших(Человек)"	"2005 год"	"200512"	"КАРАГАНДИНСКАЯ ОБЛАСТЬ"	"0"	"городская местность"	"0"	"Всего"	"0"	"15 541"
"Число умерших(Человек)"	"2001 год"	"200112"	"КАРАГАНДИНСКАЯ ОБЛАСТЬ"	"0"	"городская местность"	"0"	"Всего"	"0"	"14 675"
"Число умерших(Человек)"	"2002 год"	"200212"	"КАРАГАНДИНСКАЯ ОБЛАСТЬ"	"0"	"городская местность"	"0"	"Всего"	"0"	"14 700"
"Число умерших(Человек)"	"2007 год"	"200712"	"КАРАГАНДИНСКАЯ ОБЛАСТЬ"	"0"	"городская местность"	"0"	"Всего"	"0"	"14 628"
"Число умерших(Человек)"	"2003 год"	"200312"	"КАРАГАНДИНСКАЯ ОБЛАСТЬ"	"0"	"городская местность"	"0"	"Всего"	"0"	"15 328"
"Число умерших(Человек)"	"2004 год"	"200412"	"КАРАГАНДИНСКАЯ ОБЛАСТЬ"	"0"	"городская местность"	"0"	"Всего"	"0"	"15 709"
"Число умерших(Человек)"	"2008 год"	"200812"	"КАРАГАНДИНСКАЯ ОБЛАСТЬ"	"0"	"городская местность"	"0"	"Всего"	"0"	"13 825"
"Число умерших(Человек)"	"2006 год"	"200612"	"КАРАГАНДИНСКАЯ ОБЛАСТЬ"	"0"	"городская местность"	"0"	"Всего"	"0"	"15 722"
"Число умерших(Человек)"	"2016 год"	"201612"	"КАРАГАНДИНСКАЯ ОБЛАСТЬ"	"0"	"городская местность"	"0"	"Всего"	"0"	"11 145"
"Число умерших(Человек)"	"2010 год"	"201012"	"КАРАГАНДИНСКАЯ ОБЛАСТЬ"	"0"	"городская местность"	"0"	"Всего"	"0"	"12 734"
"Число умерших(Человек)"	"2015 год"	"201512"	"КАРАГАНДИНСКАЯ ОБЛАСТЬ"	"0"	"городская местность"	"0"	"Всего"	"0"	"11 100"
"Число умерших(Человек)"	"2013 год"	"201312"	"КАРАГАНДИНСКАЯ ОБЛАСТЬ"	"0"	"городская местность"	"0"	"Всего"	"0"	"11 653"
"Число умерших(Человек)"	"2014 год"	"201412"	"КАРАГАНДИНСКАЯ ОБЛАСТЬ"	"0"	"городская местность"	"0"	"Всего"	"0"	"11 109"
"Число умерших(Человек)"	"2012 год"	"201212"	"КАРАГАНДИНСКАЯ ОБЛАСТЬ"	"0"	"городская местность"	"0"	"Всего"	"0"	"12 763"
"Число умерших(Человек)"	"2021 год"	"202112"	"КАРАГАНДИНСКАЯ ОБЛАСТЬ"	"0"	"городская местность"	"0"	"Всего"	"0"	"14 889"
"Число умерших(Человек)"	"2020 год"	"202012"	"КАРАГАНДИНСКАЯ ОБЛАСТЬ"	"0"	"городская местность"	"0"	"Всего"	"0"	"12 745"
"Число умерших(Человек)"	"2019 год"	"201912"	"КАРАГАНДИНСКАЯ ОБЛАСТЬ"	"0"	"городская местность"	"0"	"Всего"	"0"	"11 088"
"Число умерших(Человек)"	"2018 год"	"201812"	"КАРАГАНДИНСКАЯ ОБЛАСТЬ"	"0"	"городская местность"	"0"	"Всего"	"0"	"11 050"
"Число умерших(Человек)"	"2022 год"	"202212"	"КАРАГАНДИНСКАЯ ОБЛАСТЬ"	"0"	"городская местность"	"0"	"Всего"	"0"	"9 462"
"Число умерших(Человек)"	"2017 год"	"201712"	"КАРАГАНДИНСКАЯ ОБЛАСТЬ"	"0"	"городская местность"	"0"	"Всего"	"0"	"10 986"
"Число умерших(Человек)"	"2023 год"	"202312"	"КАРАГАНДИНСКАЯ ОБЛАСТЬ"	"0"	"городская местность"	"0"	"Всего"	"0"	"8 798"
"Число умерших(Человек)"	"2024 год"	"202412"	"КАРАГАНДИНСКАЯ ОБЛАСТЬ"	"0"	"городская местность"	"0"	"Всего"	"0"	"8 883"
"Число умерших(Человек)"	"2009 год"	"200912"	"ЖАМБЫЛСКАЯ ОБЛАСТЬ"	"0"	"городская местность"	"0"	"Всего"	"0"	"3 629"
"Число умерших(Человек)"	"2011 год"	"201112"	"ЖАМБЫЛСКАЯ ОБЛАСТЬ"	"0"	"городская местность"	"0"	"Всего"	"0"	"3 669"
"Число умерших(Человек)"	"2000 год"	"200012"	"ЖАМБЫЛСКАЯ ОБЛАСТЬ"	"0"	"городская местность"	"0"	"Всего"	"0"	"4 657"
"Число умерших(Человек)"	"2005 год"	"200512"	"ЖАМБЫЛСКАЯ ОБЛАСТЬ"	"0"	"городская местность"	"0"	"Всего"	"0"	"4 310"
"Число умерших(Человек)"	"2001 год"	"200112"	"ЖАМБЫЛСКАЯ ОБЛАСТЬ"	"0"	"городская местность"	"0"	"Всего"	"0"	"4 290"
"Число умерших(Человек)"	"2002 год"	"200212"	"ЖАМБЫЛСКАЯ ОБЛАСТЬ"	"0"	"городская местность"	"0"	"Всего"	"0"	"4 472"
"Число умерших(Человек)"	"2007 год"	"200712"	"ЖАМБЫЛСКАЯ ОБЛАСТЬ"	"0"	"городская местность"	"0"	"Всего"	"0"	"4 181"
"Число умерших(Человек)"	"2008 год"	"200812"	"ЖАМБЫЛСКАЯ ОБЛАСТЬ"	"0"	"городская местность"	"0"	"Всего"	"0"	"4 092"
"Число умерших(Человек)"	"2003 год"	"200312"	"ЖАМБЫЛСКАЯ ОБЛАСТЬ"	"0"	"городская местность"	"0"	"Всего"	"0"	"4 531"
"Число умерших(Человек)"	"2004 год"	"200412"	"ЖАМБЫЛСКАЯ ОБЛАСТЬ"	"0"	"городская местность"	"0"	"Всего"	"0"	"4 203"
"Число умерших(Человек)"	"2006 год"	"200612"	"ЖАМБЫЛСКАЯ ОБЛАСТЬ"	"0"	"городская местность"	"0"	"Всего"	"0"	"4 558"
"Число умерших(Человек)"	"2016 год"	"201612"	"ЖАМБЫЛСКАЯ ОБЛАСТЬ"	"0"	"городская местность"	"0"	"Всего"	"0"	"3 323"
"Число умерших(Человек)"	"2010 год"	"201012"	"ЖАМБЫЛСКАЯ ОБЛАСТЬ"	"0"	"городская местность"	"0"	"Всего"	"0"	"3 787"
"Число умерших(Человек)"	"2015 год"	"201512"	"ЖАМБЫЛСКАЯ ОБЛАСТЬ"	"0"	"городская местность"	"0"	"Всего"	"0"	"3 352"
"Число умерших(Человек)"	"2013 год"	"201312"	"ЖАМБЫЛСКАЯ ОБЛАСТЬ"	"0"	"городская местность"	"0"	"Всего"	"0"	"3 636"
"Число умерших(Человек)"	"2014 год"	"201412"	"ЖАМБЫЛСКАЯ ОБЛАСТЬ"	"0"	"городская местность"	"0"	"Всего"	"0"	"3 532"
"Число умерших(Человек)"	"2012 год"	"201212"	"ЖАМБЫЛСКАЯ ОБЛАСТЬ"	"0"	"городская местность"	"0"	"Всего"	"0"	"3 663"
"Число умерших(Человек)"	"2021 год"	"202112"	"ЖАМБЫЛСКАЯ ОБЛАСТЬ"	"0"	"городская местность"	"0"	"Всего"	"0"	"5 286"
"Число умерших(Человек)"	"2020 год"	"202012"	"ЖАМБЫЛСКАЯ ОБЛАСТЬ"	"0"	"городская местность"	"0"	"Всего"	"0"	"4 544"
"Число умерших(Человек)"	"2019 год"	"201912"	"ЖАМБЫЛСКАЯ ОБЛАСТЬ"	"0"	"городская местность"	"0"	"Всего"	"0"	"3 446"
"Число умерших(Человек)"	"2018 год"	"201812"	"ЖАМБЫЛСКАЯ ОБЛАСТЬ"	"0"	"городская местность"	"0"	"Всего"	"0"	"3 284"
"Число умерших(Человек)"	"2022 год"	"202212"	"ЖАМБЫЛСКАЯ ОБЛАСТЬ"	"0"	"городская местность"	"0"	"Всего"	"0"	"3 391"
"Число умерших(Человек)"	"2017 год"	"201712"	"ЖАМБЫЛСКАЯ ОБЛАСТЬ"	"0"	"городская местность"	"0"	"Всего"	"0"	"3 386"
"Число умерших(Человек)"	"2023 год"	"202312"	"ЖАМБЫЛСКАЯ ОБЛАСТЬ"	"0"	"городская местность"	"0"	"Всего"	"0"	"3 327"
"Число умерших(Человек)"	"2024 год"	"202412"	"ЖАМБЫЛСКАЯ ОБЛАСТЬ"	"0"	"городская местность"	"0"	"Всего"	"0"	"3 436"
"Число умерших(Человек)"	"2009 год"	"200912"	"АКТЮБИНСКАЯ ОБЛАСТЬ"	"0"	"Всего"	"0"	"Всего"	"0"	"6 053"
"Число умерших(Человек)"	"2011 год"	"201112"	"АКТЮБИНСКАЯ ОБЛАСТЬ"	"0"	"Всего"	"0"	"Всего"	"0"	"5 729"
"Число умерших(Человек)"	"2002 год"	"200212"	"АКТЮБИНСКАЯ ОБЛАСТЬ"	"0"	"Всего"	"0"	"Всего"	"0"	"6 787"
"Число умерших(Человек)"	"2000 год"	"200012"	"АКТЮБИНСКАЯ ОБЛАСТЬ"	"0"	"Всего"	"0"	"Всего"	"0"	"6 855"
"Число умерших(Человек)"	"2001 год"	"200112"	"АКТЮБИНСКАЯ ОБЛАСТЬ"	"0"	"Всего"	"0"	"Всего"	"0"	"6 744"
"Число умерших(Человек)"	"2005 год"	"200512"	"АКТЮБИНСКАЯ ОБЛАСТЬ"	"0"	"Всего"	"0"	"Всего"	"0"	"6 573"
"Число умерших(Человек)"	"2007 год"	"200712"	"АКТЮБИНСКАЯ ОБЛАСТЬ"	"0"	"Всего"	"0"	"Всего"	"0"	"6 657"
"Число умерших(Человек)"	"2008 год"	"200812"	"АКТЮБИНСКАЯ ОБЛАСТЬ"	"0"	"Всего"	"0"	"Всего"	"0"	"6 197"
"Число умерших(Человек)"	"2003 год"	"200312"	"АКТЮБИНСКАЯ ОБЛАСТЬ"	"0"	"Всего"	"0"	"Всего"	"0"	"6 818"
"Число умерших(Человек)"	"2006 год"	"200612"	"АКТЮБИНСКАЯ ОБЛАСТЬ"	"0"	"Всего"	"0"	"Всего"	"0"	"6 652"
"Число умерших(Человек)"	"2004 год"	"200412"	"АКТЮБИНСКАЯ ОБЛАСТЬ"	"0"	"Всего"	"0"	"Всего"	"0"	"6 479"
"Число умерших(Человек)"	"2016 год"	"201612"	"АКТЮБИНСКАЯ ОБЛАСТЬ"	"0"	"Всего"	"0"	"Всего"	"0"	"5 647"
"Число умерших(Человек)"	"2010 год"	"201012"	"АКТЮБИНСКАЯ ОБЛАСТЬ"	"0"	"Всего"	"0"	"Всего"	"0"	"5 966"
"Число умерших(Человек)"	"2015 год"	"201512"	"АКТЮБИНСКАЯ ОБЛАСТЬ"	"0"	"Всего"	"0"	"Всего"	"0"	"5 554"
"Число умерших(Человек)"	"2013 год"	"201312"	"АКТЮБИНСКАЯ ОБЛАСТЬ"	"0"	"Всего"	"0"	"Всего"	"0"	"5 568"
"Число умерших(Человек)"	"2014 год"	"201412"	"АКТЮБИНСКАЯ ОБЛАСТЬ"	"0"	"Всего"	"0"	"Всего"	"0"	"5 561"
"Число умерших(Человек)"	"2012 год"	"201212"	"АКТЮБИНСКАЯ ОБЛАСТЬ"	"0"	"Всего"	"0"	"Всего"	"0"	"5 977"
"Число умерших(Человек)"	"2021 год"	"202112"	"АКТЮБИНСКАЯ ОБЛАСТЬ"	"0"	"Всего"	"0"	"Всего"	"0"	"7 702"
"Число умерших(Человек)"	"2020 год"	"202012"	"АКТЮБИНСКАЯ ОБЛАСТЬ"	"0"	"Всего"	"0"	"Всего"	"0"	"6 958"
"Число умерших(Человек)"	"2019 год"	"201912"	"АКТЮБИНСКАЯ ОБЛАСТЬ"	"0"	"Всего"	"0"	"Всего"	"0"	"5 675"
"Число умерших(Человек)"	"2018 год"	"201812"	"АКТЮБИНСКАЯ ОБЛАСТЬ"	"0"	"Всего"	"0"	"Всего"	"0"	"5 554"
"Число умерших(Человек)"	"2022 год"	"202212"	"АКТЮБИНСКАЯ ОБЛАСТЬ"	"0"	"Всего"	"0"	"Всего"	"0"	"5 643"
"Число умерших(Человек)"	"2017 год"	"201712"	"АКТЮБИНСКАЯ ОБЛАСТЬ"	"0"	"Всего"	"0"	"Всего"	"0"	"5 456"
"Число умерших(Человек)"	"2023 год"	"202312"	"АКТЮБИНСКАЯ ОБЛАСТЬ"	"0"	"Всего"	"0"	"Всего"	"0"	"5 802"
"Число умерших(Человек)"	"2024 год"	"202412"	"АКТЮБИНСКАЯ ОБЛАСТЬ"	"0"	"Всего"	"0"	"Всего"	"0"	"5 867"
"Число умерших(Человек)"	"2009 год"	"200912"	"КАРАГАНДИНСКАЯ ОБЛАСТЬ"	"0"	"Всего"	"0"	"Всего"	"0"	"15 120"
"Число умерших(Человек)"	"2011 год"	"201112"	"КАРАГАНДИНСКАЯ ОБЛАСТЬ"	"0"	"Всего"	"0"	"Всего"	"0"	"15 334"
"Число умерших(Человек)"	"2000 год"	"200012"	"КАРАГАНДИНСКАЯ ОБЛАСТЬ"	"0"	"Всего"	"0"	"Всего"	"0"	"16 638"
"Число умерших(Человек)"	"2005 год"	"200512"	"КАРАГАНДИНСКАЯ ОБЛАСТЬ"	"0"	"Всего"	"0"	"Всего"	"0"	"17 439"
"Число умерших(Человек)"	"2002 год"	"200212"	"КАРАГАНДИНСКАЯ ОБЛАСТЬ"	"0"	"Всего"	"0"	"Всего"	"0"	"16 564"
"Число умерших(Человек)"	"2001 год"	"200112"	"КАРАГАНДИНСКАЯ ОБЛАСТЬ"	"0"	"Всего"	"0"	"Всего"	"0"	"16 558"
"Число умерших(Человек)"	"2007 год"	"200712"	"КАРАГАНДИНСКАЯ ОБЛАСТЬ"	"0"	"Всего"	"0"	"Всего"	"0"	"17 891"
"Число умерших(Человек)"	"2008 год"	"200812"	"КАРАГАНДИНСКАЯ ОБЛАСТЬ"	"0"	"Всего"	"0"	"Всего"	"0"	"17 026"
"Число умерших(Человек)"	"2006 год"	"200612"	"КАРАГАНДИНСКАЯ ОБЛАСТЬ"	"0"	"Всего"	"0"	"Всего"	"0"	"17 585"
"Число умерших(Человек)"	"2003 год"	"200312"	"КАРАГАНДИНСКАЯ ОБЛАСТЬ"	"0"	"Всего"	"0"	"Всего"	"0"	"17 311"
"Число умерших(Человек)"	"2016 год"	"201612"	"КАРАГАНДИНСКАЯ ОБЛАСТЬ"	"0"	"Всего"	"0"	"Всего"	"0"	"13 611"
"Число умерших(Человек)"	"2004 год"	"200412"	"КАРАГАНДИНСКАЯ ОБЛАСТЬ"	"0"	"Всего"	"0"	"Всего"	"0"	"17 456"
"Число умерших(Человек)"	"2010 год"	"201012"	"КАРАГАНДИНСКАЯ ОБЛАСТЬ"	"0"	"Всего"	"0"	"Всего"	"0"	"15 684"
"Число умерших(Человек)"	"2015 год"	"201512"	"КАРАГАНДИНСКАЯ ОБЛАСТЬ"	"0"	"Всего"	"0"	"Всего"	"0"	"13 559"
"Число умерших(Человек)"	"2013 год"	"201312"	"КАРАГАНДИНСКАЯ ОБЛАСТЬ"	"0"	"Всего"	"0"	"Всего"	"0"	"14 315"
"Число умерших(Человек)"	"2014 год"	"201412"	"КАРАГАНДИНСКАЯ ОБЛАСТЬ"	"0"	"Всего"	"0"	"Всего"	"0"	"13 588"
"Число умерших(Человек)"	"2012 год"	"201212"	"КАРАГАНДИНСКАЯ ОБЛАСТЬ"	"0"	"Всего"	"0"	"Всего"	"0"	"15 563"
"Число умерших(Человек)"	"2021 год"	"202112"	"КАРАГАНДИНСКАЯ ОБЛАСТЬ"	"0"	"Всего"	"0"	"Всего"	"0"	"17 634"
"Число умерших(Человек)"	"2020 год"	"202012"	"КАРАГАНДИНСКАЯ ОБЛАСТЬ"	"0"	"Всего"	"0"	"Всего"	"0"	"15 478"
"Число умерших(Человек)"	"2019 год"	"201912"	"КАРАГАНДИНСКАЯ ОБЛАСТЬ"	"0"	"Всего"	"0"	"Всего"	"0"	"13 414"
"Число умерших(Человек)"	"2018 год"	"201812"	"КАРАГАНДИНСКАЯ ОБЛАСТЬ"	"0"	"Всего"	"0"	"Всего"	"0"	"13 356"
"Число умерших(Человек)"	"2022 год"	"202212"	"КАРАГАНДИНСКАЯ ОБЛАСТЬ"	"0"	"Всего"	"0"	"Всего"	"0"	"11 476"
"Число умерших(Человек)"	"2017 год"	"201712"	"КАРАГАНДИНСКАЯ ОБЛАСТЬ"	"0"	"Всего"	"0"	"Всего"	"0"	"13 227"
"Число умерших(Человек)"	"2023 год"	"202312"	"КАРАГАНДИНСКАЯ ОБЛАСТЬ"	"0"	"Всего"	"0"	"Всего"	"0"	"10 714"
"Число умерших(Человек)"	"2024 год"	"202412"	"КАРАГАНДИНСКАЯ ОБЛАСТЬ"	"0"	"Всего"	"0"	"Всего"	"0"	"10 617"
"Число умерших(Человек)"	"2009 год"	"200912"	"ВОСТОЧНО-КАЗАХСТАНСКАЯ ОБЛАСТЬ"	"0"	"городская местность"	"0"	"Всего"	"0"	"9 895"
"Число умерших(Человек)"	"2011 год"	"201112"	"ВОСТОЧНО-КАЗАХСТАНСКАЯ ОБЛАСТЬ"	"0"	"городская местность"	"0"	"Всего"	"0"	"9 889"
"Число умерших(Человек)"	"2000 год"	"200012"	"ВОСТОЧНО-КАЗАХСТАНСКАЯ ОБЛАСТЬ"	"0"	"городская местность"	"0"	"Всего"	"0"	"12 197"
"Число умерших(Человек)"	"2002 год"	"200212"	"ВОСТОЧНО-КАЗАХСТАНСКАЯ ОБЛАСТЬ"	"0"	"городская местность"	"0"	"Всего"	"0"	"11 864"
"Число умерших(Человек)"	"2005 год"	"200512"	"ВОСТОЧНО-КАЗАХСТАНСКАЯ ОБЛАСТЬ"	"0"	"городская местность"	"0"	"Всего"	"0"	"12 596"
"Число умерших(Человек)"	"2001 год"	"200112"	"ВОСТОЧНО-КАЗАХСТАНСКАЯ ОБЛАСТЬ"	"0"	"городская местность"	"0"	"Всего"	"0"	"11 753"
"Число умерших(Человек)"	"2007 год"	"200712"	"ВОСТОЧНО-КАЗАХСТАНСКАЯ ОБЛАСТЬ"	"0"	"городская местность"	"0"	"Всего"	"0"	"11 211"
"Число умерших(Человек)"	"2008 год"	"200812"	"ВОСТОЧНО-КАЗАХСТАНСКАЯ ОБЛАСТЬ"	"0"	"городская местность"	"0"	"Всего"	"0"	"10 603"
"Число умерших(Человек)"	"2006 год"	"200612"	"ВОСТОЧНО-КАЗАХСТАНСКАЯ ОБЛАСТЬ"	"0"	"городская местность"	"0"	"Всего"	"0"	"12 547"
"Число умерших(Человек)"	"2003 год"	"200312"	"ВОСТОЧНО-КАЗАХСТАНСКАЯ ОБЛАСТЬ"	"0"	"городская местность"	"0"	"Всего"	"0"	"12 398"
"Число умерших(Человек)"	"2004 год"	"200412"	"ВОСТОЧНО-КАЗАХСТАНСКАЯ ОБЛАСТЬ"	"0"	"городская местность"	"0"	"Всего"	"0"	"12 146"
"Число умерших(Человек)"	"2016 год"	"201612"	"ВОСТОЧНО-КАЗАХСТАНСКАЯ ОБЛАСТЬ"	"0"	"городская местность"	"0"	"Всего"	"0"	"8 730"
"Число умерших(Человек)"	"2010 год"	"201012"	"ВОСТОЧНО-КАЗАХСТАНСКАЯ ОБЛАСТЬ"	"0"	"городская местность"	"0"	"Всего"	"0"	"10 049"
"Число умерших(Человек)"	"2015 год"	"201512"	"ВОСТОЧНО-КАЗАХСТАНСКАЯ ОБЛАСТЬ"	"0"	"городская местность"	"0"	"Всего"	"0"	"8 803"
"Число умерших(Человек)"	"2013 год"	"201312"	"ВОСТОЧНО-КАЗАХСТАНСКАЯ ОБЛАСТЬ"	"0"	"городская местность"	"0"	"Всего"	"0"	"9 148"
"Число умерших(Человек)"	"2014 год"	"201412"	"ВОСТОЧНО-КАЗАХСТАНСКАЯ ОБЛАСТЬ"	"0"	"городская местность"	"0"	"Всего"	"0"	"8 803"
"Число умерших(Человек)"	"2012 год"	"201212"	"ВОСТОЧНО-КАЗАХСТАНСКАЯ ОБЛАСТЬ"	"0"	"городская местность"	"0"	"Всего"	"0"	"9 601"
"Число умерших(Человек)"	"2021 год"	"202112"	"ВОСТОЧНО-КАЗАХСТАНСКАЯ ОБЛАСТЬ"	"0"	"городская местность"	"0"	"Всего"	"0"	"12 124"
"Число умерших(Человек)"	"2020 год"	"202012"	"ВОСТОЧНО-КАЗАХСТАНСКАЯ ОБЛАСТЬ"	"0"	"городская местность"	"0"	"Всего"	"0"	"10 283"
"Число умерших(Человек)"	"2019 год"	"201912"	"ВОСТОЧНО-КАЗАХСТАНСКАЯ ОБЛАСТЬ"	"0"	"городская местность"	"0"	"Всего"	"0"	"8 863"
"Число умерших(Человек)"	"2018 год"	"201812"	"ВОСТОЧНО-КАЗАХСТАНСКАЯ ОБЛАСТЬ"	"0"	"городская местность"	"0"	"Всего"	"0"	"8 634"
"Число умерших(Человек)"	"2022 год"	"202212"	"ВОСТОЧНО-КАЗАХСТАНСКАЯ ОБЛАСТЬ"	"0"	"городская местность"	"0"	"Всего"	"0"	"5 539"
"Число умерших(Человек)"	"2017 год"	"201712"	"ВОСТОЧНО-КАЗАХСТАНСКАЯ ОБЛАСТЬ"	"0"	"городская местность"	"0"	"Всего"	"0"	"8 483"
"Число умерших(Человек)"	"2023 год"	"202312"	"ВОСТОЧНО-КАЗАХСТАНСКАЯ ОБЛАСТЬ"	"0"	"городская местность"	"0"	"Всего"	"0"	"5 132"
"Число умерших(Человек)"	"2024 год"	"202412"	"ВОСТОЧНО-КАЗАХСТАНСКАЯ ОБЛАСТЬ"	"0"	"городская местность"	"0"	"Всего"	"0"	"5 248"
"Число умерших(Человек)"	"2009 год"	"200912"	"КЫЗЫЛОРДИНСКАЯ ОБЛАСТЬ"	"0"	"городская местность"	"0"	"Всего"	"0"	"2 108"
"Число умерших(Человек)"	"2011 год"	"201112"	"КЫЗЫЛОРДИНСКАЯ ОБЛАСТЬ"	"0"	"городская местность"	"0"	"Всего"	"0"	"2 069"
"Число умерших(Человек)"	"2000 год"	"200012"	"КЫЗЫЛОРДИНСКАЯ ОБЛАСТЬ"	"0"	"городская местность"	"0"	"Всего"	"0"	"2 966"
"Число умерших(Человек)"	"2005 год"	"200512"	"КЫЗЫЛОРДИНСКАЯ ОБЛАСТЬ"	"0"	"городская местность"	"0"	"Всего"	"0"	"3 157"
"Число умерших(Человек)"	"2001 год"	"200112"	"КЫЗЫЛОРДИНСКАЯ ОБЛАСТЬ"	"0"	"городская местность"	"0"	"Всего"	"0"	"2 948"
"Число умерших(Человек)"	"2002 год"	"200212"	"КЫЗЫЛОРДИНСКАЯ ОБЛАСТЬ"	"0"	"городская местность"	"0"	"Всего"	"0"	"3 016"
"Число умерших(Человек)"	"2007 год"	"200712"	"КЫЗЫЛОРДИНСКАЯ ОБЛАСТЬ"	"0"	"городская местность"	"0"	"Всего"	"0"	"1 961"
"Число умерших(Человек)"	"2003 год"	"200312"	"КЫЗЫЛОРДИНСКАЯ ОБЛАСТЬ"	"0"	"городская местность"	"0"	"Всего"	"0"	"2 986"
"Число умерших(Человек)"	"2006 год"	"200612"	"КЫЗЫЛОРДИНСКАЯ ОБЛАСТЬ"	"0"	"городская местность"	"0"	"Всего"	"0"	"3 197"
"Число умерших(Человек)"	"2008 год"	"200812"	"КЫЗЫЛОРДИНСКАЯ ОБЛАСТЬ"	"0"	"городская местность"	"0"	"Всего"	"0"	"2 065"
"Число умерших(Человек)"	"2004 год"	"200412"	"КЫЗЫЛОРДИНСКАЯ ОБЛАСТЬ"	"0"	"городская местность"	"0"	"Всего"	"0"	"2 896"
"Число умерших(Человек)"	"2016 год"	"201612"	"КЫЗЫЛОРДИНСКАЯ ОБЛАСТЬ"	"0"	"городская местность"	"0"	"Всего"	"0"	"2 075"
"Число умерших(Человек)"	"2010 год"	"201012"	"КЫЗЫЛОРДИНСКАЯ ОБЛАСТЬ"	"0"	"городская местность"	"0"	"Всего"	"0"	"2 079"
"Число умерших(Человек)"	"2015 год"	"201512"	"КЫЗЫЛОРДИНСКАЯ ОБЛАСТЬ"	"0"	"городская местность"	"0"	"Всего"	"0"	"2 015"
"Число умерших(Человек)"	"2013 год"	"201312"	"КЫЗЫЛОРДИНСКАЯ ОБЛАСТЬ"	"0"	"городская местность"	"0"	"Всего"	"0"	"1 981"
"Число умерших(Человек)"	"2014 год"	"201412"	"КЫЗЫЛОРДИНСКАЯ ОБЛАСТЬ"	"0"	"городская местность"	"0"	"Всего"	"0"	"2 039"
"Число умерших(Человек)"	"2012 год"	"201212"	"КЫЗЫЛОРДИНСКАЯ ОБЛАСТЬ"	"0"	"городская местность"	"0"	"Всего"	"0"	"2 184"
"Число умерших(Человек)"	"2021 год"	"202112"	"КЫЗЫЛОРДИНСКАЯ ОБЛАСТЬ"	"0"	"городская местность"	"0"	"Всего"	"0"	"2 792"
"Число умерших(Человек)"	"2020 год"	"202012"	"КЫЗЫЛОРДИНСКАЯ ОБЛАСТЬ"	"0"	"городская местность"	"0"	"Всего"	"0"	"2 863"
"Число умерших(Человек)"	"2019 год"	"201912"	"КЫЗЫЛОРДИНСКАЯ ОБЛАСТЬ"	"0"	"городская местность"	"0"	"Всего"	"0"	"2 099"
"Число умерших(Человек)"	"2018 год"	"201812"	"КЫЗЫЛОРДИНСКАЯ ОБЛАСТЬ"	"0"	"городская местность"	"0"	"Всего"	"0"	"2 014"
"Число умерших(Человек)"	"2022 год"	"202212"	"КЫЗЫЛОРДИНСКАЯ ОБЛАСТЬ"	"0"	"городская местность"	"0"	"Всего"	"0"	"2 161"
"Число умерших(Человек)"	"2017 год"	"201712"	"КЫЗЫЛОРДИНСКАЯ ОБЛАСТЬ"	"0"	"городская местность"	"0"	"Всего"	"0"	"1 926"
"Число умерших(Человек)"	"2023 год"	"202312"	"КЫЗЫЛОРДИНСКАЯ ОБЛАСТЬ"	"0"	"городская местность"	"0"	"Всего"	"0"	"2 167"
"Число умерших(Человек)"	"2024 год"	"202412"	"КЫЗЫЛОРДИНСКАЯ ОБЛАСТЬ"	"0"	"городская местность"	"0"	"Всего"	"0"	"2 054"
"Число умерших(Человек)"	"2009 год"	"200912"	"МАНГИСТАУСКАЯ ОБЛАСТЬ"	"0"	"Всего"	"0"	"Всего"	"0"	"2 732"
"Число умерших(Человек)"	"2011 год"	"201112"	"МАНГИСТАУСКАЯ ОБЛАСТЬ"	"0"	"Всего"	"0"	"Всего"	"0"	"2 830"
"Число умерших(Человек)"	"2000 год"	"200012"	"МАНГИСТАУСКАЯ ОБЛАСТЬ"	"0"	"Всего"	"0"	"Всего"	"0"	"2 410"
"Число умерших(Человек)"	"2005 год"	"200512"	"МАНГИСТАУСКАЯ ОБЛАСТЬ"	"0"	"Всего"	"0"	"Всего"	"0"	"2 795"
"Число умерших(Человек)"	"2002 год"	"200212"	"МАНГИСТАУСКАЯ ОБЛАСТЬ"	"0"	"Всего"	"0"	"Всего"	"0"	"2 630"
"Число умерших(Человек)"	"2001 год"	"200112"	"МАНГИСТАУСКАЯ ОБЛАСТЬ"	"0"	"Всего"	"0"	"Всего"	"0"	"2 630"
"Число умерших(Человек)"	"2007 год"	"200712"	"МАНГИСТАУСКАЯ ОБЛАСТЬ"	"0"	"Всего"	"0"	"Всего"	"0"	"2 839"
"Число умерших(Человек)"	"2003 год"	"200312"	"МАНГИСТАУСКАЯ ОБЛАСТЬ"	"0"	"Всего"	"0"	"Всего"	"0"	"2 601"
"Число умерших(Человек)"	"2006 год"	"200612"	"МАНГИСТАУСКАЯ ОБЛАСТЬ"	"0"	"Всего"	"0"	"Всего"	"0"	"2 823"
"Число умерших(Человек)"	"2008 год"	"200812"	"МАНГИСТАУСКАЯ ОБЛАСТЬ"	"0"	"Всего"	"0"	"Всего"	"0"	"2 899"
"Число умерших(Человек)"	"2004 год"	"200412"	"МАНГИСТАУСКАЯ ОБЛАСТЬ"	"0"	"Всего"	"0"	"Всего"	"0"	"2 644"
"Число умерших(Человек)"	"2016 год"	"201612"	"МАНГИСТАУСКАЯ ОБЛАСТЬ"	"0"	"Всего"	"0"	"Всего"	"0"	"2 786"
"Число умерших(Человек)"	"2010 год"	"201012"	"МАНГИСТАУСКАЯ ОБЛАСТЬ"	"0"	"Всего"	"0"	"Всего"	"0"	"2 875"
"Число умерших(Человек)"	"2015 год"	"201512"	"МАНГИСТАУСКАЯ ОБЛАСТЬ"	"0"	"Всего"	"0"	"Всего"	"0"	"2 850"
"Число умерших(Человек)"	"2013 год"	"201312"	"МАНГИСТАУСКАЯ ОБЛАСТЬ"	"0"	"Всего"	"0"	"Всего"	"0"	"2 838"
"Число умерших(Человек)"	"2014 год"	"201412"	"МАНГИСТАУСКАЯ ОБЛАСТЬ"	"0"	"Всего"	"0"	"Всего"	"0"	"2 793"
"Число умерших(Человек)"	"2012 год"	"201212"	"МАНГИСТАУСКАЯ ОБЛАСТЬ"	"0"	"Всего"	"0"	"Всего"	"0"	"2 839"
"Число умерших(Человек)"	"2021 год"	"202112"	"МАНГИСТАУСКАЯ ОБЛАСТЬ"	"0"	"Всего"	"0"	"Всего"	"0"	"4 478"
"Число умерших(Человек)"	"2020 год"	"202012"	"МАНГИСТАУСКАЯ ОБЛАСТЬ"	"0"	"Всего"	"0"	"Всего"	"0"	"4 205"
"Число умерших(Человек)"	"2019 год"	"201912"	"МАНГИСТАУСКАЯ ОБЛАСТЬ"	"0"	"Всего"	"0"	"Всего"	"0"	"3 054"
"Число умерших(Человек)"	"2018 год"	"201812"	"МАНГИСТАУСКАЯ ОБЛАСТЬ"	"0"	"Всего"	"0"	"Всего"	"0"	"3 024"
"Число умерших(Человек)"	"2022 год"	"202212"	"МАНГИСТАУСКАЯ ОБЛАСТЬ"	"0"	"Всего"	"0"	"Всего"	"0"	"3 066"
"Число умерших(Человек)"	"2017 год"	"201712"	"МАНГИСТАУСКАЯ ОБЛАСТЬ"	"0"	"Всего"	"0"	"Всего"	"0"	"2 733"
"Число умерших(Человек)"	"2023 год"	"202312"	"МАНГИСТАУСКАЯ ОБЛАСТЬ"	"0"	"Всего"	"0"	"Всего"	"0"	"3 273"
"Число умерших(Человек)"	"2024 год"	"202412"	"МАНГИСТАУСКАЯ ОБЛАСТЬ"	"0"	"Всего"	"0"	"Всего"	"0"	"3 492"
"Число умерших(Человек)"	"2009 год"	"200912"	"АКМОЛИНСКАЯ ОБЛАСТЬ"	"0"	"городская местность"	"0"	"Всего"	"0"	"4 389"
"Число умерших(Человек)"	"2011 год"	"201112"	"АКМОЛИНСКАЯ ОБЛАСТЬ"	"0"	"городская местность"	"0"	"Всего"	"0"	"4 582"
"Число умерших(Человек)"	"2000 год"	"200012"	"АКМОЛИНСКАЯ ОБЛАСТЬ"	"0"	"городская местность"	"0"	"Всего"	"0"	"4 792"
"Число умерших(Человек)"	"2005 год"	"200512"	"АКМОЛИНСКАЯ ОБЛАСТЬ"	"0"	"городская местность"	"0"	"Всего"	"0"	"5 237"
"Число умерших(Человек)"	"2002 год"	"200212"	"АКМОЛИНСКАЯ ОБЛАСТЬ"	"0"	"городская местность"	"0"	"Всего"	"0"	"4 931"
"Число умерших(Человек)"	"2001 год"	"200112"	"АКМОЛИНСКАЯ ОБЛАСТЬ"	"0"	"городская местность"	"0"	"Всего"	"0"	"5 126"
"Число умерших(Человек)"	"2007 год"	"200712"	"АКМОЛИНСКАЯ ОБЛАСТЬ"	"0"	"городская местность"	"0"	"Всего"	"0"	"4 814"
"Число умерших(Человек)"	"2003 год"	"200312"	"АКМОЛИНСКАЯ ОБЛАСТЬ"	"0"	"городская местность"	"0"	"Всего"	"0"	"5 235"
"Число умерших(Человек)"	"2006 год"	"200612"	"АКМОЛИНСКАЯ ОБЛАСТЬ"	"0"	"городская местность"	"0"	"Всего"	"0"	"5 420"
"Число умерших(Человек)"	"2008 год"	"200812"	"АКМОЛИНСКАЯ ОБЛАСТЬ"	"0"	"городская местность"	"0"	"Всего"	"0"	"4 488"
"Число умерших(Человек)"	"2004 год"	"200412"	"АКМОЛИНСКАЯ ОБЛАСТЬ"	"0"	"городская местность"	"0"	"Всего"	"0"	"5 037"
"Число умерших(Человек)"	"2016 год"	"201612"	"АКМОЛИНСКАЯ ОБЛАСТЬ"	"0"	"городская местность"	"0"	"Всего"	"0"	"3 837"
"Число умерших(Человек)"	"2010 год"	"201012"	"АКМОЛИНСКАЯ ОБЛАСТЬ"	"0"	"городская местность"	"0"	"Всего"	"0"	"4 469"
"Число умерших(Человек)"	"2015 год"	"201512"	"АКМОЛИНСКАЯ ОБЛАСТЬ"	"0"	"городская местность"	"0"	"Всего"	"0"	"3 673"
"Число умерших(Человек)"	"2013 год"	"201312"	"АКМОЛИНСКАЯ ОБЛАСТЬ"	"0"	"городская местность"	"0"	"Всего"	"0"	"4 009"
"Число умерших(Человек)"	"2014 год"	"201412"	"АКМОЛИНСКАЯ ОБЛАСТЬ"	"0"	"городская местность"	"0"	"Всего"	"0"	"3 806"
"Число умерших(Человек)"	"2012 год"	"201212"	"АКМОЛИНСКАЯ ОБЛАСТЬ"	"0"	"городская местность"	"0"	"Всего"	"0"	"4 314"
"Число умерших(Человек)"	"2021 год"	"202112"	"АКМОЛИНСКАЯ ОБЛАСТЬ"	"0"	"городская местность"	"0"	"Всего"	"0"	"5 122"
"Число умерших(Человек)"	"2020 год"	"202012"	"АКМОЛИНСКАЯ ОБЛАСТЬ"	"0"	"городская местность"	"0"	"Всего"	"0"	"4 588"
"Число умерших(Человек)"	"2019 год"	"201912"	"АКМОЛИНСКАЯ ОБЛАСТЬ"	"0"	"городская местность"	"0"	"Всего"	"0"	"3 899"
"Число умерших(Человек)"	"2018 год"	"201812"	"АКМОЛИНСКАЯ ОБЛАСТЬ"	"0"	"городская местность"	"0"	"Всего"	"0"	"3 900"
"Число умерших(Человек)"	"2022 год"	"202212"	"АКМОЛИНСКАЯ ОБЛАСТЬ"	"0"	"городская местность"	"0"	"Всего"	"0"	"3 997"
"Число умерших(Человек)"	"2017 год"	"201712"	"АКМОЛИНСКАЯ ОБЛАСТЬ"	"0"	"городская местность"	"0"	"Всего"	"0"	"3 897"
"Число умерших(Человек)"	"2023 год"	"202312"	"АКМОЛИНСКАЯ ОБЛАСТЬ"	"0"	"городская местность"	"0"	"Всего"	"0"	"3 718"
"Число умерших(Человек)"	"2024 год"	"202412"	"АКМОЛИНСКАЯ ОБЛАСТЬ"	"0"	"городская местность"	"0"	"Всего"	"0"	"3 870"
"Число умерших(Человек)"	"2009 год"	"200912"	"ЗАПАДНО-КАЗАХСТАНСКАЯ ОБЛАСТЬ"	"0"	"городская местность"	"0"	"Всего"	"0"	"3 030"
"Число умерших(Человек)"	"2011 год"	"201112"	"ЗАПАДНО-КАЗАХСТАНСКАЯ ОБЛАСТЬ"	"0"	"городская местность"	"0"	"Всего"	"0"	"2 964"
"Число умерших(Человек)"	"2000 год"	"200012"	"ЗАПАДНО-КАЗАХСТАНСКАЯ ОБЛАСТЬ"	"0"	"городская местность"	"0"	"Всего"	"0"	"3 202"
"Число умерших(Человек)"	"2005 год"	"200512"	"ЗАПАДНО-КАЗАХСТАНСКАЯ ОБЛАСТЬ"	"0"	"городская местность"	"0"	"Всего"	"0"	"3 343"
"Число умерших(Человек)"	"2002 год"	"200212"	"ЗАПАДНО-КАЗАХСТАНСКАЯ ОБЛАСТЬ"	"0"	"городская местность"	"0"	"Всего"	"0"	"3 492"
"Число умерших(Человек)"	"2001 год"	"200112"	"ЗАПАДНО-КАЗАХСТАНСКАЯ ОБЛАСТЬ"	"0"	"городская местность"	"0"	"Всего"	"0"	"3 156"
"Число умерших(Человек)"	"2007 год"	"200712"	"ЗАПАДНО-КАЗАХСТАНСКАЯ ОБЛАСТЬ"	"0"	"городская местность"	"0"	"Всего"	"0"	"3 484"
"Число умерших(Человек)"	"2003 год"	"200312"	"ЗАПАДНО-КАЗАХСТАНСКАЯ ОБЛАСТЬ"	"0"	"городская местность"	"0"	"Всего"	"0"	"3 450"
"Число умерших(Человек)"	"2006 год"	"200612"	"ЗАПАДНО-КАЗАХСТАНСКАЯ ОБЛАСТЬ"	"0"	"городская местность"	"0"	"Всего"	"0"	"3 352"
"Число умерших(Человек)"	"2008 год"	"200812"	"ЗАПАДНО-КАЗАХСТАНСКАЯ ОБЛАСТЬ"	"0"	"городская местность"	"0"	"Всего"	"0"	"3 210"
"Число умерших(Человек)"	"2004 год"	"200412"	"ЗАПАДНО-КАЗАХСТАНСКАЯ ОБЛАСТЬ"	"0"	"городская местность"	"0"	"Всего"	"0"	"3 265"
"Число умерших(Человек)"	"2016 год"	"201612"	"ЗАПАДНО-КАЗАХСТАНСКАЯ ОБЛАСТЬ"	"0"	"городская местность"	"0"	"Всего"	"0"	"2 971"
"Число умерших(Человек)"	"2010 год"	"201012"	"ЗАПАДНО-КАЗАХСТАНСКАЯ ОБЛАСТЬ"	"0"	"городская местность"	"0"	"Всего"	"0"	"3 038"
"Число умерших(Человек)"	"2015 год"	"201512"	"ЗАПАДНО-КАЗАХСТАНСКАЯ ОБЛАСТЬ"	"0"	"городская местность"	"0"	"Всего"	"0"	"2 893"
"Число умерших(Человек)"	"2013 год"	"201312"	"ЗАПАДНО-КАЗАХСТАНСКАЯ ОБЛАСТЬ"	"0"	"городская местность"	"0"	"Всего"	"0"	"2 999"
"Число умерших(Человек)"	"2014 год"	"201412"	"ЗАПАДНО-КАЗАХСТАНСКАЯ ОБЛАСТЬ"	"0"	"городская местность"	"0"	"Всего"	"0"	"2 976"
"Число умерших(Человек)"	"2012 год"	"201212"	"ЗАПАДНО-КАЗАХСТАНСКАЯ ОБЛАСТЬ"	"0"	"городская местность"	"0"	"Всего"	"0"	"3 088"
"Число умерших(Человек)"	"2021 год"	"202112"	"ЗАПАДНО-КАЗАХСТАНСКАЯ ОБЛАСТЬ"	"0"	"городская местность"	"0"	"Всего"	"0"	"4 295"
"Число умерших(Человек)"	"2020 год"	"202012"	"ЗАПАДНО-КАЗАХСТАНСКАЯ ОБЛАСТЬ"	"0"	"городская местность"	"0"	"Всего"	"0"	"3 731"
"Число умерших(Человек)"	"2019 год"	"201912"	"ЗАПАДНО-КАЗАХСТАНСКАЯ ОБЛАСТЬ"	"0"	"городская местность"	"0"	"Всего"	"0"	"3 010"
"Число умерших(Человек)"	"2018 год"	"201812"	"ЗАПАДНО-КАЗАХСТАНСКАЯ ОБЛАСТЬ"	"0"	"городская местность"	"0"	"Всего"	"0"	"2 970"
"Число умерших(Человек)"	"2022 год"	"202212"	"ЗАПАДНО-КАЗАХСТАНСКАЯ ОБЛАСТЬ"	"0"	"городская местность"	"0"	"Всего"	"0"	"3 033"
"Число умерших(Человек)"	"2017 год"	"201712"	"ЗАПАДНО-КАЗАХСТАНСКАЯ ОБЛАСТЬ"	"0"	"городская местность"	"0"	"Всего"	"0"	"2 752"
"Число умерших(Человек)"	"2023 год"	"202312"	"ЗАПАДНО-КАЗАХСТАНСКАЯ ОБЛАСТЬ"	"0"	"городская местность"	"0"	"Всего"	"0"	"2 987"
"Число умерших(Человек)"	"2024 год"	"202412"	"ЗАПАДНО-КАЗАХСТАНСКАЯ ОБЛАСТЬ"	"0"	"городская местность"	"0"	"Всего"	"0"	"3 022"
"Число умерших(Человек)"	"2009 год"	"200912"	"АКМОЛИНСКАЯ ОБЛАСТЬ"	"0"	"Всего"	"0"	"Всего"	"0"	"8 808"
"Число умерших(Человек)"	"2011 год"	"201112"	"АКМОЛИНСКАЯ ОБЛАСТЬ"	"0"	"Всего"	"0"	"Всего"	"0"	"8 851"
"Число умерших(Человек)"	"2000 год"	"200012"	"АКМОЛИНСКАЯ ОБЛАСТЬ"	"0"	"Всего"	"0"	"Всего"	"0"	"9 298"
"Число умерших(Человек)"	"2002 год"	"200212"	"АКМОЛИНСКАЯ ОБЛАСТЬ"	"0"	"Всего"	"0"	"Всего"	"0"	"9 019"
"Число умерших(Человек)"	"2005 год"	"200512"	"АКМОЛИНСКАЯ ОБЛАСТЬ"	"0"	"Всего"	"0"	"Всего"	"0"	"9 894"
"Число умерших(Человек)"	"2007 год"	"200712"	"АКМОЛИНСКАЯ ОБЛАСТЬ"	"0"	"Всего"	"0"	"Всего"	"0"	"9 858"
"Число умерших(Человек)"	"2001 год"	"200112"	"АКМОЛИНСКАЯ ОБЛАСТЬ"	"0"	"Всего"	"0"	"Всего"	"0"	"9 657"
"Число умерших(Человек)"	"2006 год"	"200612"	"АКМОЛИНСКАЯ ОБЛАСТЬ"	"0"	"Всего"	"0"	"Всего"	"0"	"9 968"
"Число умерших(Человек)"	"2003 год"	"200312"	"АКМОЛИНСКАЯ ОБЛАСТЬ"	"0"	"Всего"	"0"	"Всего"	"0"	"9 895"
"Число умерших(Человек)"	"2008 год"	"200812"	"АКМОЛИНСКАЯ ОБЛАСТЬ"	"0"	"Всего"	"0"	"Всего"	"0"	"9 196"
"Число умерших(Человек)"	"2004 год"	"200412"	"АКМОЛИНСКАЯ ОБЛАСТЬ"	"0"	"Всего"	"0"	"Всего"	"0"	"9 561"
"Число умерших(Человек)"	"2016 год"	"201612"	"АКМОЛИНСКАЯ ОБЛАСТЬ"	"0"	"Всего"	"0"	"Всего"	"0"	"7 328"
"Число умерших(Человек)"	"2010 год"	"201012"	"АКМОЛИНСКАЯ ОБЛАСТЬ"	"0"	"Всего"	"0"	"Всего"	"0"	"8 811"
"Число умерших(Человек)"	"2015 год"	"201512"	"АКМОЛИНСКАЯ ОБЛАСТЬ"	"0"	"Всего"	"0"	"Всего"	"0"	"7 423"
"Число умерших(Человек)"	"2013 год"	"201312"	"АКМОЛИНСКАЯ ОБЛАСТЬ"	"0"	"Всего"	"0"	"Всего"	"0"	"8 038"
"Число умерших(Человек)"	"2014 год"	"201412"	"АКМОЛИНСКАЯ ОБЛАСТЬ"	"0"	"Всего"	"0"	"Всего"	"0"	"7 503"
"Число умерших(Человек)"	"2012 год"	"201212"	"АКМОЛИНСКАЯ ОБЛАСТЬ"	"0"	"Всего"	"0"	"Всего"	"0"	"8 638"
"Число умерших(Человек)"	"2021 год"	"202112"	"АКМОЛИНСКАЯ ОБЛАСТЬ"	"0"	"Всего"	"0"	"Всего"	"0"	"9 473"
"Число умерших(Человек)"	"2020 год"	"202012"	"АКМОЛИНСКАЯ ОБЛАСТЬ"	"0"	"Всего"	"0"	"Всего"	"0"	"8 520"
"Число умерших(Человек)"	"2019 год"	"201912"	"АКМОЛИНСКАЯ ОБЛАСТЬ"	"0"	"Всего"	"0"	"Всего"	"0"	"7 310"
"Число умерших(Человек)"	"2018 год"	"201812"	"АКМОЛИНСКАЯ ОБЛАСТЬ"	"0"	"Всего"	"0"	"Всего"	"0"	"7 360"
"Число умерших(Человек)"	"2022 год"	"202212"	"АКМОЛИНСКАЯ ОБЛАСТЬ"	"0"	"Всего"	"0"	"Всего"	"0"	"7 161"
"Число умерших(Человек)"	"2017 год"	"201712"	"АКМОЛИНСКАЯ ОБЛАСТЬ"	"0"	"Всего"	"0"	"Всего"	"0"	"7 393"
"Число умерших(Человек)"	"2023 год"	"202312"	"АКМОЛИНСКАЯ ОБЛАСТЬ"	"0"	"Всего"	"0"	"Всего"	"0"	"6 882"
"Число умерших(Человек)"	"2024 год"	"202412"	"АКМОЛИНСКАЯ ОБЛАСТЬ"	"0"	"Всего"	"0"	"Всего"	"0"	"7 058"
"Число умерших(Человек)"	"2009 год"	"200912"	"ПАВЛОДАРСКАЯ ОБЛАСТЬ"	"0"	"городская местность"	"0"	"Всего"	"0"	"5 366"
"Число умерших(Человек)"	"2011 год"	"201112"	"ПАВЛОДАРСКАЯ ОБЛАСТЬ"	"0"	"городская местность"	"0"	"Всего"	"0"	"5 558"
"Число умерших(Человек)"	"2000 год"	"200012"	"ПАВЛОДАРСКАЯ ОБЛАСТЬ"	"0"	"городская местность"	"0"	"Всего"	"0"	"5 589"
"Число умерших(Человек)"	"2005 год"	"200512"	"ПАВЛОДАРСКАЯ ОБЛАСТЬ"	"0"	"городская местность"	"0"	"Всего"	"0"	"6 265"
"Число умерших(Человек)"	"2002 год"	"200212"	"ПАВЛОДАРСКАЯ ОБЛАСТЬ"	"0"	"городская местность"	"0"	"Всего"	"0"	"5 604"
"Число умерших(Человек)"	"2001 год"	"200112"	"ПАВЛОДАРСКАЯ ОБЛАСТЬ"	"0"	"городская местность"	"0"	"Всего"	"0"	"5 664"
"Число умерших(Человек)"	"2007 год"	"200712"	"ПАВЛОДАРСКАЯ ОБЛАСТЬ"	"0"	"городская местность"	"0"	"Всего"	"0"	"6 092"
"Число умерших(Человек)"	"2003 год"	"200312"	"ПАВЛОДАРСКАЯ ОБЛАСТЬ"	"0"	"городская местность"	"0"	"Всего"	"0"	"5 864"
"Число умерших(Человек)"	"2008 год"	"200812"	"ПАВЛОДАРСКАЯ ОБЛАСТЬ"	"0"	"городская местность"	"0"	"Всего"	"0"	"5 777"
"Число умерших(Человек)"	"2004 год"	"200412"	"ПАВЛОДАРСКАЯ ОБЛАСТЬ"	"0"	"городская местность"	"0"	"Всего"	"0"	"5 894"
"Число умерших(Человек)"	"2006 год"	"200612"	"ПАВЛОДАРСКАЯ ОБЛАСТЬ"	"0"	"городская местность"	"0"	"Всего"	"0"	"6 225"
"Число умерших(Человек)"	"2016 год"	"201612"	"ПАВЛОДАРСКАЯ ОБЛАСТЬ"	"0"	"городская местность"	"0"	"Всего"	"0"	"5 142"
"Число умерших(Человек)"	"2010 год"	"201012"	"ПАВЛОДАРСКАЯ ОБЛАСТЬ"	"0"	"городская местность"	"0"	"Всего"	"0"	"5 577"
"Число умерших(Человек)"	"2015 год"	"201512"	"ПАВЛОДАРСКАЯ ОБЛАСТЬ"	"0"	"городская местность"	"0"	"Всего"	"0"	"5 116"
"Число умерших(Человек)"	"2013 год"	"201312"	"ПАВЛОДАРСКАЯ ОБЛАСТЬ"	"0"	"городская местность"	"0"	"Всего"	"0"	"5 185"
"Число умерших(Человек)"	"2014 год"	"201412"	"ПАВЛОДАРСКАЯ ОБЛАСТЬ"	"0"	"городская местность"	"0"	"Всего"	"0"	"5 140"
"Число умерших(Человек)"	"2012 год"	"201212"	"ПАВЛОДАРСКАЯ ОБЛАСТЬ"	"0"	"городская местность"	"0"	"Всего"	"0"	"5 632"
"Число умерших(Человек)"	"2021 год"	"202112"	"ПАВЛОДАРСКАЯ ОБЛАСТЬ"	"0"	"городская местность"	"0"	"Всего"	"0"	"7 481"
"Число умерших(Человек)"	"2020 год"	"202012"	"ПАВЛОДАРСКАЯ ОБЛАСТЬ"	"0"	"городская местность"	"0"	"Всего"	"0"	"6 296"
"Число умерших(Человек)"	"2019 год"	"201912"	"ПАВЛОДАРСКАЯ ОБЛАСТЬ"	"0"	"городская местность"	"0"	"Всего"	"0"	"5 212"
"Число умерших(Человек)"	"2018 год"	"201812"	"ПАВЛОДАРСКАЯ ОБЛАСТЬ"	"0"	"городская местность"	"0"	"Всего"	"0"	"5 246"
"Число умерших(Человек)"	"2022 год"	"202212"	"ПАВЛОДАРСКАЯ ОБЛАСТЬ"	"0"	"городская местность"	"0"	"Всего"	"0"	"5 394"
"Число умерших(Человек)"	"2017 год"	"201712"	"ПАВЛОДАРСКАЯ ОБЛАСТЬ"	"0"	"городская местность"	"0"	"Всего"	"0"	"5 114"
"Число умерших(Человек)"	"2023 год"	"202312"	"ПАВЛОДАРСКАЯ ОБЛАСТЬ"	"0"	"городская местность"	"0"	"Всего"	"0"	"4 968"
"Число умерших(Человек)"	"2024 год"	"202412"	"ПАВЛОДАРСКАЯ ОБЛАСТЬ"	"0"	"городская местность"	"0"	"Всего"	"0"	"5 152"
"Число умерших(Человек)"	"2009 год"	"200912"	"ВОСТОЧНО-КАЗАХСТАНСКАЯ ОБЛАСТЬ"	"0"	"Всего"	"0"	"Всего"	"0"	"16 684"
"Число умерших(Человек)"	"2011 год"	"201112"	"ВОСТОЧНО-КАЗАХСТАНСКАЯ ОБЛАСТЬ"	"0"	"Всего"	"0"	"Всего"	"0"	"16 657"
"Число умерших(Человек)"	"2000 год"	"200012"	"ВОСТОЧНО-КАЗАХСТАНСКАЯ ОБЛАСТЬ"	"0"	"Всего"	"0"	"Всего"	"0"	"18 822"
"Число умерших(Человек)"	"2005 год"	"200512"	"ВОСТОЧНО-КАЗАХСТАНСКАЯ ОБЛАСТЬ"	"0"	"Всего"	"0"	"Всего"	"0"	"19 055"
"Число умерших(Человек)"	"2001 год"	"200112"	"ВОСТОЧНО-КАЗАХСТАНСКАЯ ОБЛАСТЬ"	"0"	"Всего"	"0"	"Всего"	"0"	"18 059"
"Число умерших(Человек)"	"2002 год"	"200212"	"ВОСТОЧНО-КАЗАХСТАНСКАЯ ОБЛАСТЬ"	"0"	"Всего"	"0"	"Всего"	"0"	"18 130"
"Число умерших(Человек)"	"2007 год"	"200712"	"ВОСТОЧНО-КАЗАХСТАНСКАЯ ОБЛАСТЬ"	"0"	"Всего"	"0"	"Всего"	"0"	"18 872"
"Число умерших(Человек)"	"2003 год"	"200312"	"ВОСТОЧНО-КАЗАХСТАНСКАЯ ОБЛАСТЬ"	"0"	"Всего"	"0"	"Всего"	"0"	"18 644"
"Число умерших(Человек)"	"2004 год"	"200412"	"ВОСТОЧНО-КАЗАХСТАНСКАЯ ОБЛАСТЬ"	"0"	"Всего"	"0"	"Всего"	"0"	"18 398"
"Число умерших(Человек)"	"2008 год"	"200812"	"ВОСТОЧНО-КАЗАХСТАНСКАЯ ОБЛАСТЬ"	"0"	"Всего"	"0"	"Всего"	"0"	"17 955"
"Число умерших(Человек)"	"2006 год"	"200612"	"ВОСТОЧНО-КАЗАХСТАНСКАЯ ОБЛАСТЬ"	"0"	"Всего"	"0"	"Всего"	"0"	"18 878"
"Число умерших(Человек)"	"2016 год"	"201612"	"ВОСТОЧНО-КАЗАХСТАНСКАЯ ОБЛАСТЬ"	"0"	"Всего"	"0"	"Всего"	"0"	"14 371"
"Число умерших(Человек)"	"2010 год"	"201012"	"ВОСТОЧНО-КАЗАХСТАНСКАЯ ОБЛАСТЬ"	"0"	"Всего"	"0"	"Всего"	"0"	"17 121"
"Число умерших(Человек)"	"2015 год"	"201512"	"ВОСТОЧНО-КАЗАХСТАНСКАЯ ОБЛАСТЬ"	"0"	"Всего"	"0"	"Всего"	"0"	"14 612"
"Число умерших(Человек)"	"2013 год"	"201312"	"ВОСТОЧНО-КАЗАХСТАНСКАЯ ОБЛАСТЬ"	"0"	"Всего"	"0"	"Всего"	"0"	"15 294"
"Число умерших(Человек)"	"2014 год"	"201412"	"ВОСТОЧНО-КАЗАХСТАНСКАЯ ОБЛАСТЬ"	"0"	"Всего"	"0"	"Всего"	"0"	"14 580"
"Число умерших(Человек)"	"2012 год"	"201212"	"ВОСТОЧНО-КАЗАХСТАНСКАЯ ОБЛАСТЬ"	"0"	"Всего"	"0"	"Всего"	"0"	"16 247"
"Число умерших(Человек)"	"2021 год"	"202112"	"ВОСТОЧНО-КАЗАХСТАНСКАЯ ОБЛАСТЬ"	"0"	"Всего"	"0"	"Всего"	"0"	"18 783"
"Число умерших(Человек)"	"2020 год"	"202012"	"ВОСТОЧНО-КАЗАХСТАНСКАЯ ОБЛАСТЬ"	"0"	"Всего"	"0"	"Всего"	"0"	"16 485"
"Число умерших(Человек)"	"2019 год"	"201912"	"ВОСТОЧНО-КАЗАХСТАНСКАЯ ОБЛАСТЬ"	"0"	"Всего"	"0"	"Всего"	"0"	"14 241"
"Число умерших(Человек)"	"2018 год"	"201812"	"ВОСТОЧНО-КАЗАХСТАНСКАЯ ОБЛАСТЬ"	"0"	"Всего"	"0"	"Всего"	"0"	"14 209"
"Число умерших(Человек)"	"2022 год"	"202212"	"ВОСТОЧНО-КАЗАХСТАНСКАЯ ОБЛАСТЬ"	"0"	"Всего"	"0"	"Всего"	"0"	"8 474"
"Число умерших(Человек)"	"2017 год"	"201712"	"ВОСТОЧНО-КАЗАХСТАНСКАЯ ОБЛАСТЬ"	"0"	"Всего"	"0"	"Всего"	"0"	"14 031"
"Число умерших(Человек)"	"2023 год"	"202312"	"ВОСТОЧНО-КАЗАХСТАНСКАЯ ОБЛАСТЬ"	"0"	"Всего"	"0"	"Всего"	"0"	"8 039"
"Число умерших(Человек)"	"2024 год"	"202412"	"ВОСТОЧНО-КАЗАХСТАНСКАЯ ОБЛАСТЬ"	"0"	"Всего"	"0"	"Всего"	"0"	"8 164"
"Число умерших(Человек)"	"2009 год"	"200912"	"АЛМАТИНСКАЯ ОБЛАСТЬ"	"0"	"городская местность"	"0"	"Всего"	"0"	"4 325"
"Число умерших(Человек)"	"2011 год"	"201112"	"АЛМАТИНСКАЯ ОБЛАСТЬ"	"0"	"городская местность"	"0"	"Всего"	"0"	"4 348"
"Число умерших(Человек)"	"2000 год"	"200012"	"АЛМАТИНСКАЯ ОБЛАСТЬ"	"0"	"городская местность"	"0"	"Всего"	"0"	"5 351"
"Число умерших(Человек)"	"2002 год"	"200212"	"АЛМАТИНСКАЯ ОБЛАСТЬ"	"0"	"городская местность"	"0"	"Всего"	"0"	"5 339"
"Число умерших(Человек)"	"2005 год"	"200512"	"АЛМАТИНСКАЯ ОБЛАСТЬ"	"0"	"городская местность"	"0"	"Всего"	"0"	"5 969"
"Число умерших(Человек)"	"2001 год"	"200112"	"АЛМАТИНСКАЯ ОБЛАСТЬ"	"0"	"городская местность"	"0"	"Всего"	"0"	"5 236"
"Число умерших(Человек)"	"2007 год"	"200712"	"АЛМАТИНСКАЯ ОБЛАСТЬ"	"0"	"городская местность"	"0"	"Всего"	"0"	"4 659"
"Число умерших(Человек)"	"2008 год"	"200812"	"АЛМАТИНСКАЯ ОБЛАСТЬ"	"0"	"городская местность"	"0"	"Всего"	"0"	"4 427"
"Число умерших(Человек)"	"2003 год"	"200312"	"АЛМАТИНСКАЯ ОБЛАСТЬ"	"0"	"городская местность"	"0"	"Всего"	"0"	"5 711"
"Число умерших(Человек)"	"2006 год"	"200612"	"АЛМАТИНСКАЯ ОБЛАСТЬ"	"0"	"городская местность"	"0"	"Всего"	"0"	"5 983"
"Число умерших(Человек)"	"2004 год"	"200412"	"АЛМАТИНСКАЯ ОБЛАСТЬ"	"0"	"городская местность"	"0"	"Всего"	"0"	"5 756"
"Число умерших(Человек)"	"2016 год"	"201612"	"АЛМАТИНСКАЯ ОБЛАСТЬ"	"0"	"городская местность"	"0"	"Всего"	"0"	"4 083"
"Число умерших(Человек)"	"2010 год"	"201012"	"АЛМАТИНСКАЯ ОБЛАСТЬ"	"0"	"городская местность"	"0"	"Всего"	"0"	"4 356"
"Число умерших(Человек)"	"2015 год"	"201512"	"АЛМАТИНСКАЯ ОБЛАСТЬ"	"0"	"городская местность"	"0"	"Всего"	"0"	"4 180"
"Число умерших(Человек)"	"2013 год"	"201312"	"АЛМАТИНСКАЯ ОБЛАСТЬ"	"0"	"городская местность"	"0"	"Всего"	"0"	"4 096"
"Число умерших(Человек)"	"2014 год"	"201412"	"АЛМАТИНСКАЯ ОБЛАСТЬ"	"0"	"городская местность"	"0"	"Всего"	"0"	"4 035"
"Число умерших(Человек)"	"2012 год"	"201212"	"АЛМАТИНСКАЯ ОБЛАСТЬ"	"0"	"городская местность"	"0"	"Всего"	"0"	"4 360"
"Число умерших(Человек)"	"2021 год"	"202112"	"АЛМАТИНСКАЯ ОБЛАСТЬ"	"0"	"городская местность"	"0"	"Всего"	"0"	"5 665"
"Число умерших(Человек)"	"2020 год"	"202012"	"АЛМАТИНСКАЯ ОБЛАСТЬ"	"0"	"городская местность"	"0"	"Всего"	"0"	"4 818"
"Число умерших(Человек)"	"2019 год"	"201912"	"АЛМАТИНСКАЯ ОБЛАСТЬ"	"0"	"городская местность"	"0"	"Всего"	"0"	"4 014"
"Число умерших(Человек)"	"2018 год"	"201812"	"АЛМАТИНСКАЯ ОБЛАСТЬ"	"0"	"городская местность"	"0"	"Всего"	"0"	"4 002"
"Число умерших(Человек)"	"2022 год"	"202212"	"АЛМАТИНСКАЯ ОБЛАСТЬ"	"0"	"городская местность"	"0"	"Всего"	"0"	"1 995"
"Число умерших(Человек)"	"2017 год"	"201712"	"АЛМАТИНСКАЯ ОБЛАСТЬ"	"0"	"городская местность"	"0"	"Всего"	"0"	"3 968"
"Число умерших(Человек)"	"2023 год"	"202312"	"АЛМАТИНСКАЯ ОБЛАСТЬ"	"0"	"городская местность"	"0"	"Всего"	"0"	"1 726"
"Число умерших(Человек)"	"2024 год"	"202412"	"АЛМАТИНСКАЯ ОБЛАСТЬ"	"0"	"городская местность"	"0"	"Всего"	"0"	"1 938"
"Число умерших(Человек)"	"2009 год"	"200912"	"АКМОЛИНСКАЯ ОБЛАСТЬ"	"0"	"сельская местность"	"0"	"Всего"	"0"	"4 419"
"Число умерших(Человек)"	"2011 год"	"201112"	"АКМОЛИНСКАЯ ОБЛАСТЬ"	"0"	"сельская местность"	"0"	"Всего"	"0"	"4 269"
"Число умерших(Человек)"	"2000 год"	"200012"	"АКМОЛИНСКАЯ ОБЛАСТЬ"	"0"	"сельская местность"	"0"	"Всего"	"0"	"4 506"
"Число умерших(Человек)"	"2005 год"	"200512"	"АКМОЛИНСКАЯ ОБЛАСТЬ"	"0"	"сельская местность"	"0"	"Всего"	"0"	"4 657"
"Число умерших(Человек)"	"2002 год"	"200212"	"АКМОЛИНСКАЯ ОБЛАСТЬ"	"0"	"сельская местность"	"0"	"Всего"	"0"	"4 088"
"Число умерших(Человек)"	"2001 год"	"200112"	"АКМОЛИНСКАЯ ОБЛАСТЬ"	"0"	"сельская местность"	"0"	"Всего"	"0"	"4 531"
"Число умерших(Человек)"	"2007 год"	"200712"	"АКМОЛИНСКАЯ ОБЛАСТЬ"	"0"	"сельская местность"	"0"	"Всего"	"0"	"5 044"
"Число умерших(Человек)"	"2003 год"	"200312"	"АКМОЛИНСКАЯ ОБЛАСТЬ"	"0"	"сельская местность"	"0"	"Всего"	"0"	"4 660"
"Число умерших(Человек)"	"2008 год"	"200812"	"АКМОЛИНСКАЯ ОБЛАСТЬ"	"0"	"сельская местность"	"0"	"Всего"	"0"	"4 708"
"Число умерших(Человек)"	"2006 год"	"200612"	"АКМОЛИНСКАЯ ОБЛАСТЬ"	"0"	"сельская местность"	"0"	"Всего"	"0"	"4 548"
"Число умерших(Человек)"	"2004 год"	"200412"	"АКМОЛИНСКАЯ ОБЛАСТЬ"	"0"	"сельская местность"	"0"	"Всего"	"0"	"4 524"
"Число умерших(Человек)"	"2016 год"	"201612"	"АКМОЛИНСКАЯ ОБЛАСТЬ"	"0"	"сельская местность"	"0"	"Всего"	"0"	"3 491"
"Число умерших(Человек)"	"2010 год"	"201012"	"АКМОЛИНСКАЯ ОБЛАСТЬ"	"0"	"сельская местность"	"0"	"Всего"	"0"	"4 342"
"Число умерших(Человек)"	"2015 год"	"201512"	"АКМОЛИНСКАЯ ОБЛАСТЬ"	"0"	"сельская местность"	"0"	"Всего"	"0"	"3 750"
"Число умерших(Человек)"	"2013 год"	"201312"	"АКМОЛИНСКАЯ ОБЛАСТЬ"	"0"	"сельская местность"	"0"	"Всего"	"0"	"4 029"
"Число умерших(Человек)"	"2014 год"	"201412"	"АКМОЛИНСКАЯ ОБЛАСТЬ"	"0"	"сельская местность"	"0"	"Всего"	"0"	"3 697"
"Число умерших(Человек)"	"2012 год"	"201212"	"АКМОЛИНСКАЯ ОБЛАСТЬ"	"0"	"сельская местность"	"0"	"Всего"	"0"	"4 324"
"Число умерших(Человек)"	"2021 год"	"202112"	"АКМОЛИНСКАЯ ОБЛАСТЬ"	"0"	"сельская местность"	"0"	"Всего"	"0"	"4 351"
"Число умерших(Человек)"	"2020 год"	"202012"	"АКМОЛИНСКАЯ ОБЛАСТЬ"	"0"	"сельская местность"	"0"	"Всего"	"0"	"3 932"
"Число умерших(Человек)"	"2019 год"	"201912"	"АКМОЛИНСКАЯ ОБЛАСТЬ"	"0"	"сельская местность"	"0"	"Всего"	"0"	"3 411"
"Число умерших(Человек)"	"2018 год"	"201812"	"АКМОЛИНСКАЯ ОБЛАСТЬ"	"0"	"сельская местность"	"0"	"Всего"	"0"	"3 460"
"Число умерших(Человек)"	"2022 год"	"202212"	"АКМОЛИНСКАЯ ОБЛАСТЬ"	"0"	"сельская местность"	"0"	"Всего"	"0"	"3 164"
"Число умерших(Человек)"	"2017 год"	"201712"	"АКМОЛИНСКАЯ ОБЛАСТЬ"	"0"	"сельская местность"	"0"	"Всего"	"0"	"3 496"
"Число умерших(Человек)"	"2023 год"	"202312"	"АКМОЛИНСКАЯ ОБЛАСТЬ"	"0"	"сельская местность"	"0"	"Всего"	"0"	"3 164"
"Число умерших(Человек)"	"2024 год"	"202412"	"АКМОЛИНСКАЯ ОБЛАСТЬ"	"0"	"сельская местность"	"0"	"Всего"	"0"	"3 188"
"Число умерших(Человек)"	"2009 год"	"200912"	"АТЫРАУСКАЯ ОБЛАСТЬ"	"0"	"Всего"	"0"	"Всего"	"0"	"3 928"
"Число умерших(Человек)"	"2011 год"	"201112"	"АТЫРАУСКАЯ ОБЛАСТЬ"	"0"	"Всего"	"0"	"Всего"	"0"	"3 888"
"Число умерших(Человек)"	"2000 год"	"200012"	"АТЫРАУСКАЯ ОБЛАСТЬ"	"0"	"Всего"	"0"	"Всего"	"0"	"3 927"
"Число умерших(Человек)"	"2002 год"	"200212"	"АТЫРАУСКАЯ ОБЛАСТЬ"	"0"	"Всего"	"0"	"Всего"	"0"	"4 112"
"Число умерших(Человек)"	"2005 год"	"200512"	"АТЫРАУСКАЯ ОБЛАСТЬ"	"0"	"Всего"	"0"	"Всего"	"0"	"3 882"
"Число умерших(Человек)"	"2001 год"	"200112"	"АТЫРАУСКАЯ ОБЛАСТЬ"	"0"	"Всего"	"0"	"Всего"	"0"	"3 880"
"Число умерших(Человек)"	"2003 год"	"200312"	"АТЫРАУСКАЯ ОБЛАСТЬ"	"0"	"Всего"	"0"	"Всего"	"0"	"4 071"
"Число умерших(Человек)"	"2007 год"	"200712"	"АТЫРАУСКАЯ ОБЛАСТЬ"	"0"	"Всего"	"0"	"Всего"	"0"	"4 055"
"Число умерших(Человек)"	"2008 год"	"200812"	"АТЫРАУСКАЯ ОБЛАСТЬ"	"0"	"Всего"	"0"	"Всего"	"0"	"3 984"
"Число умерших(Человек)"	"2006 год"	"200612"	"АТЫРАУСКАЯ ОБЛАСТЬ"	"0"	"Всего"	"0"	"Всего"	"0"	"4 137"
"Число умерших(Человек)"	"2004 год"	"200412"	"АТЫРАУСКАЯ ОБЛАСТЬ"	"0"	"Всего"	"0"	"Всего"	"0"	"3 933"
"Число умерших(Человек)"	"2016 год"	"201612"	"АТЫРАУСКАЯ ОБЛАСТЬ"	"0"	"Всего"	"0"	"Всего"	"0"	"3 751"
"Число умерших(Человек)"	"2010 год"	"201012"	"АТЫРАУСКАЯ ОБЛАСТЬ"	"0"	"Всего"	"0"	"Всего"	"0"	"4 014"
"Число умерших(Человек)"	"2015 год"	"201512"	"АТЫРАУСКАЯ ОБЛАСТЬ"	"0"	"Всего"	"0"	"Всего"	"0"	"3 490"
"Число умерших(Человек)"	"2013 год"	"201312"	"АТЫРАУСКАЯ ОБЛАСТЬ"	"0"	"Всего"	"0"	"Всего"	"0"	"3 619"
"Число умерших(Человек)"	"2014 год"	"201412"	"АТЫРАУСКАЯ ОБЛАСТЬ"	"0"	"Всего"	"0"	"Всего"	"0"	"3 557"
"Число умерших(Человек)"	"2012 год"	"201212"	"АТЫРАУСКАЯ ОБЛАСТЬ"	"0"	"Всего"	"0"	"Всего"	"0"	"3 871"
"Число умерших(Человек)"	"2021 год"	"202112"	"АТЫРАУСКАЯ ОБЛАСТЬ"	"0"	"Всего"	"0"	"Всего"	"0"	"5 012"
"Число умерших(Человек)"	"2020 год"	"202012"	"АТЫРАУСКАЯ ОБЛАСТЬ"	"0"	"Всего"	"0"	"Всего"	"0"	"4 728"
"Число умерших(Человек)"	"2019 год"	"201912"	"АТЫРАУСКАЯ ОБЛАСТЬ"	"0"	"Всего"	"0"	"Всего"	"0"	"3 601"
"Число умерших(Человек)"	"2018 год"	"201812"	"АТЫРАУСКАЯ ОБЛАСТЬ"	"0"	"Всего"	"0"	"Всего"	"0"	"3 547"
"Число умерших(Человек)"	"2022 год"	"202212"	"АТЫРАУСКАЯ ОБЛАСТЬ"	"0"	"Всего"	"0"	"Всего"	"0"	"3 563"
"Число умерших(Человек)"	"2017 год"	"201712"	"АТЫРАУСКАЯ ОБЛАСТЬ"	"0"	"Всего"	"0"	"Всего"	"0"	"3 456"
"Число умерших(Человек)"	"2023 год"	"202312"	"АТЫРАУСКАЯ ОБЛАСТЬ"	"0"	"Всего"	"0"	"Всего"	"0"	"3 497"
"Число умерших(Человек)"	"2024 год"	"202412"	"АТЫРАУСКАЯ ОБЛАСТЬ"	"0"	"Всего"	"0"	"Всего"	"0"	"3 637"
"Число умерших(Человек)"	"2009 год"	"200912"	"КОСТАНАЙСКАЯ ОБЛАСТЬ"	"0"	"сельская местность"	"0"	"Всего"	"0"	"4 864"
"Число умерших(Человек)"	"2011 год"	"201112"	"КОСТАНАЙСКАЯ ОБЛАСТЬ"	"0"	"сельская местность"	"0"	"Всего"	"0"	"5 043"
"Число умерших(Человек)"	"2000 год"	"200012"	"КОСТАНАЙСКАЯ ОБЛАСТЬ"	"0"	"сельская местность"	"0"	"Всего"	"0"	"4 746"
"Число умерших(Человек)"	"2005 год"	"200512"	"КОСТАНАЙСКАЯ ОБЛАСТЬ"	"0"	"сельская местность"	"0"	"Всего"	"0"	"4 718"
"Число умерших(Человек)"	"2002 год"	"200212"	"КОСТАНАЙСКАЯ ОБЛАСТЬ"	"0"	"сельская местность"	"0"	"Всего"	"0"	"4 421"
"Число умерших(Человек)"	"2003 год"	"200312"	"КОСТАНАЙСКАЯ ОБЛАСТЬ"	"0"	"сельская местность"	"0"	"Всего"	"0"	"4 392"
"Число умерших(Человек)"	"2008 год"	"200812"	"КОСТАНАЙСКАЯ ОБЛАСТЬ"	"0"	"сельская местность"	"0"	"Всего"	"0"	"5 472"
"Число умерших(Человек)"	"2007 год"	"200712"	"КОСТАНАЙСКАЯ ОБЛАСТЬ"	"0"	"сельская местность"	"0"	"Всего"	"0"	"5 666"
"Число умерших(Человек)"	"2001 год"	"200112"	"КОСТАНАЙСКАЯ ОБЛАСТЬ"	"0"	"сельская местность"	"0"	"Всего"	"0"	"4 407"
"Число умерших(Человек)"	"2006 год"	"200612"	"КОСТАНАЙСКАЯ ОБЛАСТЬ"	"0"	"сельская местность"	"0"	"Всего"	"0"	"4 716"
"Число умерших(Человек)"	"2004 год"	"200412"	"КОСТАНАЙСКАЯ ОБЛАСТЬ"	"0"	"сельская местность"	"0"	"Всего"	"0"	"4 354"
"Число умерших(Человек)"	"2016 год"	"201612"	"КОСТАНАЙСКАЯ ОБЛАСТЬ"	"0"	"сельская местность"	"0"	"Всего"	"0"	"4 214"
"Число умерших(Человек)"	"2010 год"	"201012"	"КОСТАНАЙСКАЯ ОБЛАСТЬ"	"0"	"сельская местность"	"0"	"Всего"	"0"	"4 957"
"Число умерших(Человек)"	"2015 год"	"201512"	"КОСТАНАЙСКАЯ ОБЛАСТЬ"	"0"	"сельская местность"	"0"	"Всего"	"0"	"4 193"
"Число умерших(Человек)"	"2013 год"	"201312"	"КОСТАНАЙСКАЯ ОБЛАСТЬ"	"0"	"сельская местность"	"0"	"Всего"	"0"	"4 473"
"Число умерших(Человек)"	"2014 год"	"201412"	"КОСТАНАЙСКАЯ ОБЛАСТЬ"	"0"	"сельская местность"	"0"	"Всего"	"0"	"4 372"
"Число умерших(Человек)"	"2012 год"	"201212"	"КОСТАНАЙСКАЯ ОБЛАСТЬ"	"0"	"сельская местность"	"0"	"Всего"	"0"	"4 680"
"Число умерших(Человек)"	"2021 год"	"202112"	"КОСТАНАЙСКАЯ ОБЛАСТЬ"	"0"	"сельская местность"	"0"	"Всего"	"0"	"4 589"
"Число умерших(Человек)"	"2020 год"	"202012"	"КОСТАНАЙСКАЯ ОБЛАСТЬ"	"0"	"сельская местность"	"0"	"Всего"	"0"	"4 016"
"Число умерших(Человек)"	"2019 год"	"201912"	"КОСТАНАЙСКАЯ ОБЛАСТЬ"	"0"	"сельская местность"	"0"	"Всего"	"0"	"3 638"
"Число умерших(Человек)"	"2018 год"	"201812"	"КОСТАНАЙСКАЯ ОБЛАСТЬ"	"0"	"сельская местность"	"0"	"Всего"	"0"	"3 894"
"Число умерших(Человек)"	"2022 год"	"202212"	"КОСТАНАЙСКАЯ ОБЛАСТЬ"	"0"	"сельская местность"	"0"	"Всего"	"0"	"3 463"
"Число умерших(Человек)"	"2017 год"	"201712"	"КОСТАНАЙСКАЯ ОБЛАСТЬ"	"0"	"сельская местность"	"0"	"Всего"	"0"	"4 022"
"Число умерших(Человек)"	"2023 год"	"202312"	"КОСТАНАЙСКАЯ ОБЛАСТЬ"	"0"	"сельская местность"	"0"	"Всего"	"0"	"3 275"
"Число умерших(Человек)"	"2024 год"	"202412"	"КОСТАНАЙСКАЯ ОБЛАСТЬ"	"0"	"сельская местность"	"0"	"Всего"	"0"	"3 340"
"Число умерших(Человек)"	"2009 год"	"200912"	"СЕВЕРО-КАЗАХСТАНСКАЯ ОБЛАСТЬ"	"0"	"городская местность"	"0"	"Всего"	"0"	"3 244"
"Число умерших(Человек)"	"2011 год"	"201112"	"СЕВЕРО-КАЗАХСТАНСКАЯ ОБЛАСТЬ"	"0"	"городская местность"	"0"	"Всего"	"0"	"3 398"
"Число умерших(Человек)"	"2005 год"	"200512"	"СЕВЕРО-КАЗАХСТАНСКАЯ ОБЛАСТЬ"	"0"	"городская местность"	"0"	"Всего"	"0"	"3 774"
"Число умерших(Человек)"	"2000 год"	"200012"	"СЕВЕРО-КАЗАХСТАНСКАЯ ОБЛАСТЬ"	"0"	"городская местность"	"0"	"Всего"	"0"	"3 825"
"Число умерших(Человек)"	"2001 год"	"200112"	"СЕВЕРО-КАЗАХСТАНСКАЯ ОБЛАСТЬ"	"0"	"городская местность"	"0"	"Всего"	"0"	"4 059"
"Число умерших(Человек)"	"2002 год"	"200212"	"СЕВЕРО-КАЗАХСТАНСКАЯ ОБЛАСТЬ"	"0"	"городская местность"	"0"	"Всего"	"0"	"4 177"
"Число умерших(Человек)"	"2007 год"	"200712"	"СЕВЕРО-КАЗАХСТАНСКАЯ ОБЛАСТЬ"	"0"	"городская местность"	"0"	"Всего"	"0"	"3 877"
"Число умерших(Человек)"	"2003 год"	"200312"	"СЕВЕРО-КАЗАХСТАНСКАЯ ОБЛАСТЬ"	"0"	"городская местность"	"0"	"Всего"	"0"	"4 176"
"Число умерших(Человек)"	"2008 год"	"200812"	"СЕВЕРО-КАЗАХСТАНСКАЯ ОБЛАСТЬ"	"0"	"городская местность"	"0"	"Всего"	"0"	"3 667"
"Число умерших(Человек)"	"2006 год"	"200612"	"СЕВЕРО-КАЗАХСТАНСКАЯ ОБЛАСТЬ"	"0"	"городская местность"	"0"	"Всего"	"0"	"3 954"
"Число умерших(Человек)"	"2004 год"	"200412"	"СЕВЕРО-КАЗАХСТАНСКАЯ ОБЛАСТЬ"	"0"	"городская местность"	"0"	"Всего"	"0"	"3 678"
"Число умерших(Человек)"	"2016 год"	"201612"	"СЕВЕРО-КАЗАХСТАНСКАЯ ОБЛАСТЬ"	"0"	"городская местность"	"0"	"Всего"	"0"	"2 960"
"Число умерших(Человек)"	"2010 год"	"201012"	"СЕВЕРО-КАЗАХСТАНСКАЯ ОБЛАСТЬ"	"0"	"городская местность"	"0"	"Всего"	"0"	"3 372"
"Число умерших(Человек)"	"2015 год"	"201512"	"СЕВЕРО-КАЗАХСТАНСКАЯ ОБЛАСТЬ"	"0"	"городская местность"	"0"	"Всего"	"0"	"2 965"
"Число умерших(Человек)"	"2013 год"	"201312"	"СЕВЕРО-КАЗАХСТАНСКАЯ ОБЛАСТЬ"	"0"	"городская местность"	"0"	"Всего"	"0"	"3 272"
"Число умерших(Человек)"	"2014 год"	"201412"	"СЕВЕРО-КАЗАХСТАНСКАЯ ОБЛАСТЬ"	"0"	"городская местность"	"0"	"Всего"	"0"	"2 945"
"Число умерших(Человек)"	"2012 год"	"201212"	"СЕВЕРО-КАЗАХСТАНСКАЯ ОБЛАСТЬ"	"0"	"городская местность"	"0"	"Всего"	"0"	"3 340"
"Число умерших(Человек)"	"2021 год"	"202112"	"СЕВЕРО-КАЗАХСТАНСКАЯ ОБЛАСТЬ"	"0"	"городская местность"	"0"	"Всего"	"0"	"4 046"
"Число умерших(Человек)"	"2020 год"	"202012"	"СЕВЕРО-КАЗАХСТАНСКАЯ ОБЛАСТЬ"	"0"	"городская местность"	"0"	"Всего"	"0"	"3 592"
"Число умерших(Человек)"	"2019 год"	"201912"	"СЕВЕРО-КАЗАХСТАНСКАЯ ОБЛАСТЬ"	"0"	"городская местность"	"0"	"Всего"	"0"	"3 049"
"Число умерших(Человек)"	"2018 год"	"201812"	"СЕВЕРО-КАЗАХСТАНСКАЯ ОБЛАСТЬ"	"0"	"городская местность"	"0"	"Всего"	"0"	"2 924"
"Число умерших(Человек)"	"2022 год"	"202212"	"СЕВЕРО-КАЗАХСТАНСКАЯ ОБЛАСТЬ"	"0"	"городская местность"	"0"	"Всего"	"0"	"3 068"
"Число умерших(Человек)"	"2017 год"	"201712"	"СЕВЕРО-КАЗАХСТАНСКАЯ ОБЛАСТЬ"	"0"	"городская местность"	"0"	"Всего"	"0"	"2 925"
"Число умерших(Человек)"	"2023 год"	"202312"	"СЕВЕРО-КАЗАХСТАНСКАЯ ОБЛАСТЬ"	"0"	"городская местность"	"0"	"Всего"	"0"	"2 755"
"Число умерших(Человек)"	"2024 год"	"202412"	"СЕВЕРО-КАЗАХСТАНСКАЯ ОБЛАСТЬ"	"0"	"городская местность"	"0"	"Всего"	"0"	"2 962"
"Число умерших(Человек)"	"2009 год"	"200912"	"РЕСПУБЛИКА КАЗАХСТАН"	"0"	"городская местность"	"0"	"Всего"	"0"	"82 149"
"Число умерших(Человек)"	"2011 год"	"201112"	"РЕСПУБЛИКА КАЗАХСТАН"	"0"	"городская местность"	"0"	"Всего"	"0"	"83 126"
"Число умерших(Человек)"	"2000 год"	"200012"	"РЕСПУБЛИКА КАЗАХСТАН"	"0"	"городская местность"	"0"	"Всего"	"0"	"94 594"
"Число умерших(Человек)"	"2005 год"	"200512"	"РЕСПУБЛИКА КАЗАХСТАН"	"0"	"городская местность"	"0"	"Всего"	"0"	"100 651"
"Число умерших(Человек)"	"2002 год"	"200212"	"РЕСПУБЛИКА КАЗАХСТАН"	"0"	"городская местность"	"0"	"Всего"	"0"	"95 470"
"Число умерших(Человек)"	"2001 год"	"200112"	"РЕСПУБЛИКА КАЗАХСТАН"	"0"	"городская местность"	"0"	"Всего"	"0"	"94 166"
"Число умерших(Человек)"	"2003 год"	"200312"	"РЕСПУБЛИКА КАЗАХСТАН"	"0"	"городская местность"	"0"	"Всего"	"0"	"99 595"
"Число умерших(Человек)"	"2007 год"	"200712"	"РЕСПУБЛИКА КАЗАХСТАН"	"0"	"городская местность"	"0"	"Всего"	"0"	"92 385"
"Число умерших(Человек)"	"2008 год"	"200812"	"РЕСПУБЛИКА КАЗАХСТАН"	"0"	"городская местность"	"0"	"Всего"	"0"	"88 939"
"Число умерших(Человек)"	"2004 год"	"200412"	"РЕСПУБЛИКА КАЗАХСТАН"	"0"	"городская местность"	"0"	"Всего"	"0"	"98 025"
"Число умерших(Человек)"	"2006 год"	"200612"	"РЕСПУБЛИКА КАЗАХСТАН"	"0"	"городская местность"	"0"	"Всего"	"0"	"100 526"
"Число умерших(Человек)"	"2016 год"	"201612"	"РЕСПУБЛИКА КАЗАХСТАН"	"0"	"городская местность"	"0"	"Всего"	"0"	"78 001"
"Число умерших(Человек)"	"2010 год"	"201012"	"РЕСПУБЛИКА КАЗАХСТАН"	"0"	"городская местность"	"0"	"Всего"	"0"	"83 892"
"Число умерших(Человек)"	"2015 год"	"201512"	"РЕСПУБЛИКА КАЗАХСТАН"	"0"	"городская местность"	"0"	"Всего"	"0"	"77 319"
"Число умерших(Человек)"	"2013 год"	"201312"	"РЕСПУБЛИКА КАЗАХСТАН"	"0"	"городская местность"	"0"	"Всего"	"0"	"78 764"
"Число умерших(Человек)"	"2014 год"	"201412"	"РЕСПУБЛИКА КАЗАХСТАН"	"0"	"городская местность"	"0"	"Всего"	"0"	"77 803"
"Число умерших(Человек)"	"2012 год"	"201212"	"РЕСПУБЛИКА КАЗАХСТАН"	"0"	"городская местность"	"0"	"Всего"	"0"	"83 112"
"Число умерших(Человек)"	"2021 год"	"202112"	"РЕСПУБЛИКА КАЗАХСТАН"	"0"	"городская местность"	"0"	"Всего"	"0"	"116 086"
"Число умерших(Человек)"	"2020 год"	"202012"	"РЕСПУБЛИКА КАЗАХСТАН"	"0"	"городская местность"	"0"	"Всего"	"0"	"100 495"
"Число умерших(Человек)"	"2019 год"	"201912"	"РЕСПУБЛИКА КАЗАХСТАН"	"0"	"городская местность"	"0"	"Всего"	"0"	"81 572"
"Число умерших(Человек)"	"2018 год"	"201812"	"РЕСПУБЛИКА КАЗАХСТАН"	"0"	"городская местность"	"0"	"Всего"	"0"	"79 172"
"Число умерших(Человек)"	"2022 год"	"202212"	"РЕСПУБЛИКА КАЗАХСТАН"	"0"	"городская местность"	"0"	"Всего"	"0"	"83 523"
"Число умерших(Человек)"	"2017 год"	"201712"	"РЕСПУБЛИКА КАЗАХСТАН"	"0"	"городская местность"	"0"	"Всего"	"0"	"76 996"
"Число умерших(Человек)"	"2023 год"	"202312"	"РЕСПУБЛИКА КАЗАХСТАН"	"0"	"городская местность"	"0"	"Всего"	"0"	"80 242"
"Число умерших(Человек)"	"2024 год"	"202412"	"РЕСПУБЛИКА КАЗАХСТАН"	"0"	"городская местность"	"0"	"Всего"	"0"	"82 151"
"Число умерших(Человек)"	"2009 год"	"200912"	"КОСТАНАЙСКАЯ ОБЛАСТЬ"	"0"	"Всего"	"0"	"Всего"	"0"	"10 320"
"Число умерших(Человек)"	"2011 год"	"201112"	"КОСТАНАЙСКАЯ ОБЛАСТЬ"	"0"	"Всего"	"0"	"Всего"	"0"	"10 613"
"Число умерших(Человек)"	"2005 год"	"200512"	"КОСТАНАЙСКАЯ ОБЛАСТЬ"	"0"	"Всего"	"0"	"Всего"	"0"	"11 567"
"Число умерших(Человек)"	"2000 год"	"200012"	"КОСТАНАЙСКАЯ ОБЛАСТЬ"	"0"	"Всего"	"0"	"Всего"	"0"	"11 564"
"Число умерших(Человек)"	"2002 год"	"200212"	"КОСТАНАЙСКАЯ ОБЛАСТЬ"	"0"	"Всего"	"0"	"Всего"	"0"	"10 917"
"Число умерших(Человек)"	"2001 год"	"200112"	"КОСТАНАЙСКАЯ ОБЛАСТЬ"	"0"	"Всего"	"0"	"Всего"	"0"	"10 924"
"Число умерших(Человек)"	"2003 год"	"200312"	"КОСТАНАЙСКАЯ ОБЛАСТЬ"	"0"	"Всего"	"0"	"Всего"	"0"	"11 658"
"Число умерших(Человек)"	"2007 год"	"200712"	"КОСТАНАЙСКАЯ ОБЛАСТЬ"	"0"	"Всего"	"0"	"Всего"	"0"	"11 887"
"Число умерших(Человек)"	"2008 год"	"200812"	"КОСТАНАЙСКАЯ ОБЛАСТЬ"	"0"	"Всего"	"0"	"Всего"	"0"	"11 493"
"Число умерших(Человек)"	"2006 год"	"200612"	"КОСТАНАЙСКАЯ ОБЛАСТЬ"	"0"	"Всего"	"0"	"Всего"	"0"	"11 803"
"Число умерших(Человек)"	"2016 год"	"201612"	"КОСТАНАЙСКАЯ ОБЛАСТЬ"	"0"	"Всего"	"0"	"Всего"	"0"	"9 240"
"Число умерших(Человек)"	"2004 год"	"200412"	"КОСТАНАЙСКАЯ ОБЛАСТЬ"	"0"	"Всего"	"0"	"Всего"	"0"	"11 349"
"Число умерших(Человек)"	"2010 год"	"201012"	"КОСТАНАЙСКАЯ ОБЛАСТЬ"	"0"	"Всего"	"0"	"Всего"	"0"	"10 520"
"Число умерших(Человек)"	"2015 год"	"201512"	"КОСТАНАЙСКАЯ ОБЛАСТЬ"	"0"	"Всего"	"0"	"Всего"	"0"	"9 238"
"Число умерших(Человек)"	"2013 год"	"201312"	"КОСТАНАЙСКАЯ ОБЛАСТЬ"	"0"	"Всего"	"0"	"Всего"	"0"	"9 530"
"Число умерших(Человек)"	"2014 год"	"201412"	"КОСТАНАЙСКАЯ ОБЛАСТЬ"	"0"	"Всего"	"0"	"Всего"	"0"	"9 400"
"Число умерших(Человек)"	"2012 год"	"201212"	"КОСТАНАЙСКАЯ ОБЛАСТЬ"	"0"	"Всего"	"0"	"Всего"	"0"	"10 241"
"Число умерших(Человек)"	"2021 год"	"202112"	"КОСТАНАЙСКАЯ ОБЛАСТЬ"	"0"	"Всего"	"0"	"Всего"	"0"	"12 158"
"Число умерших(Человек)"	"2020 год"	"202012"	"КОСТАНАЙСКАЯ ОБЛАСТЬ"	"0"	"Всего"	"0"	"Всего"	"0"	"10 596"
"Число умерших(Человек)"	"2019 год"	"201912"	"КОСТАНАЙСКАЯ ОБЛАСТЬ"	"0"	"Всего"	"0"	"Всего"	"0"	"8 978"
"Число умерших(Человек)"	"2018 год"	"201812"	"КОСТАНАЙСКАЯ ОБЛАСТЬ"	"0"	"Всего"	"0"	"Всего"	"0"	"8 866"
"Число умерших(Человек)"	"2022 год"	"202212"	"КОСТАНАЙСКАЯ ОБЛАСТЬ"	"0"	"Всего"	"0"	"Всего"	"0"	"8 881"
"Число умерших(Человек)"	"2017 год"	"201712"	"КОСТАНАЙСКАЯ ОБЛАСТЬ"	"0"	"Всего"	"0"	"Всего"	"0"	"8 911"
"Число умерших(Человек)"	"2023 год"	"202312"	"КОСТАНАЙСКАЯ ОБЛАСТЬ"	"0"	"Всего"	"0"	"Всего"	"0"	"8 367"
"Число умерших(Человек)"	"2024 год"	"202412"	"КОСТАНАЙСКАЯ ОБЛАСТЬ"	"0"	"Всего"	"0"	"Всего"	"0"	"8 359"
"Число умерших(Человек)"	"2009 год"	"200912"	"ПАВЛОДАРСКАЯ ОБЛАСТЬ"	"0"	"Всего"	"0"	"Всего"	"0"	"7 943"
"Число умерших(Человек)"	"2011 год"	"201112"	"ПАВЛОДАРСКАЯ ОБЛАСТЬ"	"0"	"Всего"	"0"	"Всего"	"0"	"8 175"
"Число умерших(Человек)"	"2005 год"	"200512"	"ПАВЛОДАРСКАЯ ОБЛАСТЬ"	"0"	"Всего"	"0"	"Всего"	"0"	"8 896"
"Число умерших(Человек)"	"2000 год"	"200012"	"ПАВЛОДАРСКАЯ ОБЛАСТЬ"	"0"	"Всего"	"0"	"Всего"	"0"	"8 410"
"Число умерших(Человек)"	"2002 год"	"200212"	"ПАВЛОДАРСКАЯ ОБЛАСТЬ"	"0"	"Всего"	"0"	"Всего"	"0"	"8 253"
"Число умерших(Человек)"	"2001 год"	"200112"	"ПАВЛОДАРСКАЯ ОБЛАСТЬ"	"0"	"Всего"	"0"	"Всего"	"0"	"8 384"
"Число умерших(Человек)"	"2003 год"	"200312"	"ПАВЛОДАРСКАЯ ОБЛАСТЬ"	"0"	"Всего"	"0"	"Всего"	"0"	"8 610"
"Число умерших(Человек)"	"2007 год"	"200712"	"ПАВЛОДАРСКАЯ ОБЛАСТЬ"	"0"	"Всего"	"0"	"Всего"	"0"	"8 924"
"Число умерших(Человек)"	"2008 год"	"200812"	"ПАВЛОДАРСКАЯ ОБЛАСТЬ"	"0"	"Всего"	"0"	"Всего"	"0"	"8 456"
"Число умерших(Человек)"	"2006 год"	"200612"	"ПАВЛОДАРСКАЯ ОБЛАСТЬ"	"0"	"Всего"	"0"	"Всего"	"0"	"8 966"
"Число умерших(Человек)"	"2016 год"	"201612"	"ПАВЛОДАРСКАЯ ОБЛАСТЬ"	"0"	"Всего"	"0"	"Всего"	"0"	"7 316"
"Число умерших(Человек)"	"2004 год"	"200412"	"ПАВЛОДАРСКАЯ ОБЛАСТЬ"	"0"	"Всего"	"0"	"Всего"	"0"	"8 500"
"Число умерших(Человек)"	"2010 год"	"201012"	"ПАВЛОДАРСКАЯ ОБЛАСТЬ"	"0"	"Всего"	"0"	"Всего"	"0"	"8 256"
"Число умерших(Человек)"	"2015 год"	"201512"	"ПАВЛОДАРСКАЯ ОБЛАСТЬ"	"0"	"Всего"	"0"	"Всего"	"0"	"7 346"
"Число умерших(Человек)"	"2013 год"	"201312"	"ПАВЛОДАРСКАЯ ОБЛАСТЬ"	"0"	"Всего"	"0"	"Всего"	"0"	"7 576"
"Число умерших(Человек)"	"2014 год"	"201412"	"ПАВЛОДАРСКАЯ ОБЛАСТЬ"	"0"	"Всего"	"0"	"Всего"	"0"	"7 531"
"Число умерших(Человек)"	"2012 год"	"201212"	"ПАВЛОДАРСКАЯ ОБЛАСТЬ"	"0"	"Всего"	"0"	"Всего"	"0"	"8 077"
"Число умерших(Человек)"	"2021 год"	"202112"	"ПАВЛОДАРСКАЯ ОБЛАСТЬ"	"0"	"Всего"	"0"	"Всего"	"0"	"10 322"
"Число умерших(Человек)"	"2020 год"	"202012"	"ПАВЛОДАРСКАЯ ОБЛАСТЬ"	"0"	"Всего"	"0"	"Всего"	"0"	"8 704"
"Число умерших(Человек)"	"2019 год"	"201912"	"ПАВЛОДАРСКАЯ ОБЛАСТЬ"	"0"	"Всего"	"0"	"Всего"	"0"	"7 377"
"Число умерших(Человек)"	"2018 год"	"201812"	"ПАВЛОДАРСКАЯ ОБЛАСТЬ"	"0"	"Всего"	"0"	"Всего"	"0"	"7 360"
"Число умерших(Человек)"	"2022 год"	"202212"	"ПАВЛОДАРСКАЯ ОБЛАСТЬ"	"0"	"Всего"	"0"	"Всего"	"0"	"7 511"
"Число умерших(Человек)"	"2017 год"	"201712"	"ПАВЛОДАРСКАЯ ОБЛАСТЬ"	"0"	"Всего"	"0"	"Всего"	"0"	"7 277"
"Число умерших(Человек)"	"2023 год"	"202312"	"ПАВЛОДАРСКАЯ ОБЛАСТЬ"	"0"	"Всего"	"0"	"Всего"	"0"	"6 932"
"Число умерших(Человек)"	"2024 год"	"202412"	"ПАВЛОДАРСКАЯ ОБЛАСТЬ"	"0"	"Всего"	"0"	"Всего"	"0"	"7 195"
"Число умерших(Человек)"	"2009 год"	"200912"	"СЕВЕРО-КАЗАХСТАНСКАЯ ОБЛАСТЬ"	"0"	"Всего"	"0"	"Всего"	"0"	"7 944"
"Число умерших(Человек)"	"2011 год"	"201112"	"СЕВЕРО-КАЗАХСТАНСКАЯ ОБЛАСТЬ"	"0"	"Всего"	"0"	"Всего"	"0"	"8 085"
"Число умерших(Человек)"	"2000 год"	"200012"	"СЕВЕРО-КАЗАХСТАНСКАЯ ОБЛАСТЬ"	"0"	"Всего"	"0"	"Всего"	"0"	"8 930"
"Число умерших(Человек)"	"2005 год"	"200512"	"СЕВЕРО-КАЗАХСТАНСКАЯ ОБЛАСТЬ"	"0"	"Всего"	"0"	"Всего"	"0"	"8 999"
"Число умерших(Человек)"	"2002 год"	"200212"	"СЕВЕРО-КАЗАХСТАНСКАЯ ОБЛАСТЬ"	"0"	"Всего"	"0"	"Всего"	"0"	"9 113"
"Число умерших(Человек)"	"2001 год"	"200112"	"СЕВЕРО-КАЗАХСТАНСКАЯ ОБЛАСТЬ"	"0"	"Всего"	"0"	"Всего"	"0"	"8 961"
"Число умерших(Человек)"	"2003 год"	"200312"	"СЕВЕРО-КАЗАХСТАНСКАЯ ОБЛАСТЬ"	"0"	"Всего"	"0"	"Всего"	"0"	"9 272"
"Число умерших(Человек)"	"2008 год"	"200812"	"СЕВЕРО-КАЗАХСТАНСКАЯ ОБЛАСТЬ"	"0"	"Всего"	"0"	"Всего"	"0"	"8 693"
"Число умерших(Человек)"	"2007 год"	"200712"	"СЕВЕРО-КАЗАХСТАНСКАЯ ОБЛАСТЬ"	"0"	"Всего"	"0"	"Всего"	"0"	"9 147"
"Число умерших(Человек)"	"2004 год"	"200412"	"СЕВЕРО-КАЗАХСТАНСКАЯ ОБЛАСТЬ"	"0"	"Всего"	"0"	"Всего"	"0"	"8 901"
"Число умерших(Человек)"	"2016 год"	"201612"	"СЕВЕРО-КАЗАХСТАНСКАЯ ОБЛАСТЬ"	"0"	"Всего"	"0"	"Всего"	"0"	"6 744"
"Число умерших(Человек)"	"2006 год"	"200612"	"СЕВЕРО-КАЗАХСТАНСКАЯ ОБЛАСТЬ"	"0"	"Всего"	"0"	"Всего"	"0"	"9 222"
"Число умерших(Человек)"	"2010 год"	"201012"	"СЕВЕРО-КАЗАХСТАНСКАЯ ОБЛАСТЬ"	"0"	"Всего"	"0"	"Всего"	"0"	"8 024"
"Число умерших(Человек)"	"2015 год"	"201512"	"СЕВЕРО-КАЗАХСТАНСКАЯ ОБЛАСТЬ"	"0"	"Всего"	"0"	"Всего"	"0"	"6 722"
"Число умерших(Человек)"	"2013 год"	"201312"	"СЕВЕРО-КАЗАХСТАНСКАЯ ОБЛАСТЬ"	"0"	"Всего"	"0"	"Всего"	"0"	"7 589"
"Число умерших(Человек)"	"2014 год"	"201412"	"СЕВЕРО-КАЗАХСТАНСКАЯ ОБЛАСТЬ"	"0"	"Всего"	"0"	"Всего"	"0"	"6 948"
"Число умерших(Человек)"	"2012 год"	"201212"	"СЕВЕРО-КАЗАХСТАНСКАЯ ОБЛАСТЬ"	"0"	"Всего"	"0"	"Всего"	"0"	"7 890"
"Число умерших(Человек)"	"2021 год"	"202112"	"СЕВЕРО-КАЗАХСТАНСКАЯ ОБЛАСТЬ"	"0"	"Всего"	"0"	"Всего"	"0"	"8 421"
"Число умерших(Человек)"	"2020 год"	"202012"	"СЕВЕРО-КАЗАХСТАНСКАЯ ОБЛАСТЬ"	"0"	"Всего"	"0"	"Всего"	"0"	"7 512"
"Число умерших(Человек)"	"2019 год"	"201912"	"СЕВЕРО-КАЗАХСТАНСКАЯ ОБЛАСТЬ"	"0"	"Всего"	"0"	"Всего"	"0"	"6 691"
"Число умерших(Человек)"	"2018 год"	"201812"	"СЕВЕРО-КАЗАХСТАНСКАЯ ОБЛАСТЬ"	"0"	"Всего"	"0"	"Всего"	"0"	"6 564"
"Число умерших(Человек)"	"2022 год"	"202212"	"СЕВЕРО-КАЗАХСТАНСКАЯ ОБЛАСТЬ"	"0"	"Всего"	"0"	"Всего"	"0"	"6 241"
"Число умерших(Человек)"	"2017 год"	"201712"	"СЕВЕРО-КАЗАХСТАНСКАЯ ОБЛАСТЬ"	"0"	"Всего"	"0"	"Всего"	"0"	"6 640"
"Число умерших(Человек)"	"2023 год"	"202312"	"СЕВЕРО-КАЗАХСТАНСКАЯ ОБЛАСТЬ"	"0"	"Всего"	"0"	"Всего"	"0"	"5 913"
"Число умерших(Человек)"	"2024 год"	"202412"	"СЕВЕРО-КАЗАХСТАНСКАЯ ОБЛАСТЬ"	"0"	"Всего"	"0"	"Всего"	"0"	"6 054"
"Число умерших(Человек)"	"2009 год"	"200912"	"СЕВЕРО-КАЗАХСТАНСКАЯ ОБЛАСТЬ"	"0"	"сельская местность"	"0"	"Всего"	"0"	"4 700"
"Число умерших(Человек)"	"2011 год"	"201112"	"СЕВЕРО-КАЗАХСТАНСКАЯ ОБЛАСТЬ"	"0"	"сельская местность"	"0"	"Всего"	"0"	"4 687"
"Число умерших(Человек)"	"2000 год"	"200012"	"СЕВЕРО-КАЗАХСТАНСКАЯ ОБЛАСТЬ"	"0"	"сельская местность"	"0"	"Всего"	"0"	"5 105"
"Число умерших(Человек)"	"2002 год"	"200212"	"СЕВЕРО-КАЗАХСТАНСКАЯ ОБЛАСТЬ"	"0"	"сельская местность"	"0"	"Всего"	"0"	"4 936"
"Число умерших(Человек)"	"2005 год"	"200512"	"СЕВЕРО-КАЗАХСТАНСКАЯ ОБЛАСТЬ"	"0"	"сельская местность"	"0"	"Всего"	"0"	"5 225"
"Число умерших(Человек)"	"2007 год"	"200712"	"СЕВЕРО-КАЗАХСТАНСКАЯ ОБЛАСТЬ"	"0"	"сельская местность"	"0"	"Всего"	"0"	"5 270"
"Число умерших(Человек)"	"2001 год"	"200112"	"СЕВЕРО-КАЗАХСТАНСКАЯ ОБЛАСТЬ"	"0"	"сельская местность"	"0"	"Всего"	"0"	"4 902"
"Число умерших(Человек)"	"2003 год"	"200312"	"СЕВЕРО-КАЗАХСТАНСКАЯ ОБЛАСТЬ"	"0"	"сельская местность"	"0"	"Всего"	"0"	"5 096"
"Число умерших(Человек)"	"2006 год"	"200612"	"СЕВЕРО-КАЗАХСТАНСКАЯ ОБЛАСТЬ"	"0"	"сельская местность"	"0"	"Всего"	"0"	"5 268"
"Число умерших(Человек)"	"2008 год"	"200812"	"СЕВЕРО-КАЗАХСТАНСКАЯ ОБЛАСТЬ"	"0"	"сельская местность"	"0"	"Всего"	"0"	"5 026"
"Число умерших(Человек)"	"2004 год"	"200412"	"СЕВЕРО-КАЗАХСТАНСКАЯ ОБЛАСТЬ"	"0"	"сельская местность"	"0"	"Всего"	"0"	"5 223"
"Число умерших(Человек)"	"2016 год"	"201612"	"СЕВЕРО-КАЗАХСТАНСКАЯ ОБЛАСТЬ"	"0"	"сельская местность"	"0"	"Всего"	"0"	"3 784"
"Число умерших(Человек)"	"2010 год"	"201012"	"СЕВЕРО-КАЗАХСТАНСКАЯ ОБЛАСТЬ"	"0"	"сельская местность"	"0"	"Всего"	"0"	"4 652"
"Число умерших(Человек)"	"2015 год"	"201512"	"СЕВЕРО-КАЗАХСТАНСКАЯ ОБЛАСТЬ"	"0"	"сельская местность"	"0"	"Всего"	"0"	"3 757"
"Число умерших(Человек)"	"2013 год"	"201312"	"СЕВЕРО-КАЗАХСТАНСКАЯ ОБЛАСТЬ"	"0"	"сельская местность"	"0"	"Всего"	"0"	"4 317"
"Число умерших(Человек)"	"2014 год"	"201412"	"СЕВЕРО-КАЗАХСТАНСКАЯ ОБЛАСТЬ"	"0"	"сельская местность"	"0"	"Всего"	"0"	"4 003"
"Число умерших(Человек)"	"2012 год"	"201212"	"СЕВЕРО-КАЗАХСТАНСКАЯ ОБЛАСТЬ"	"0"	"сельская местность"	"0"	"Всего"	"0"	"4 550"
"Число умерших(Человек)"	"2021 год"	"202112"	"СЕВЕРО-КАЗАХСТАНСКАЯ ОБЛАСТЬ"	"0"	"сельская местность"	"0"	"Всего"	"0"	"4 375"
"Число умерших(Человек)"	"2020 год"	"202012"	"СЕВЕРО-КАЗАХСТАНСКАЯ ОБЛАСТЬ"	"0"	"сельская местность"	"0"	"Всего"	"0"	"3 920"
"Число умерших(Человек)"	"2019 год"	"201912"	"СЕВЕРО-КАЗАХСТАНСКАЯ ОБЛАСТЬ"	"0"	"сельская местность"	"0"	"Всего"	"0"	"3 642"
"Число умерших(Человек)"	"2018 год"	"201812"	"СЕВЕРО-КАЗАХСТАНСКАЯ ОБЛАСТЬ"	"0"	"сельская местность"	"0"	"Всего"	"0"	"3 640"
"Число умерших(Человек)"	"2022 год"	"202212"	"СЕВЕРО-КАЗАХСТАНСКАЯ ОБЛАСТЬ"	"0"	"сельская местность"	"0"	"Всего"	"0"	"3 173"
"Число умерших(Человек)"	"2017 год"	"201712"	"СЕВЕРО-КАЗАХСТАНСКАЯ ОБЛАСТЬ"	"0"	"сельская местность"	"0"	"Всего"	"0"	"3 715"
"Число умерших(Человек)"	"2023 год"	"202312"	"СЕВЕРО-КАЗАХСТАНСКАЯ ОБЛАСТЬ"	"0"	"сельская местность"	"0"	"Всего"	"0"	"3 158"
"Число умерших(Человек)"	"2024 год"	"202412"	"СЕВЕРО-КАЗАХСТАНСКАЯ ОБЛАСТЬ"	"0"	"сельская местность"	"0"	"Всего"	"0"	"3 092"
"Число умерших(Человек)"	"2009 год"	"200912"	"ЗАПАДНО-КАЗАХСТАНСКАЯ ОБЛАСТЬ"	"0"	"Всего"	"0"	"Всего"	"0"	"6 011"
"Число умерших(Человек)"	"2011 год"	"201112"	"ЗАПАДНО-КАЗАХСТАНСКАЯ ОБЛАСТЬ"	"0"	"Всего"	"0"	"Всего"	"0"	"5 917"
"Число умерших(Человек)"	"2000 год"	"200012"	"ЗАПАДНО-КАЗАХСТАНСКАЯ ОБЛАСТЬ"	"0"	"Всего"	"0"	"Всего"	"0"	"6 406"
"Число умерших(Человек)"	"2005 год"	"200512"	"ЗАПАДНО-КАЗАХСТАНСКАЯ ОБЛАСТЬ"	"0"	"Всего"	"0"	"Всего"	"0"	"6 435"
"Число умерших(Человек)"	"2001 год"	"200112"	"ЗАПАДНО-КАЗАХСТАНСКАЯ ОБЛАСТЬ"	"0"	"Всего"	"0"	"Всего"	"0"	"6 396"
"Число умерших(Человек)"	"2002 год"	"200212"	"ЗАПАДНО-КАЗАХСТАНСКАЯ ОБЛАСТЬ"	"0"	"Всего"	"0"	"Всего"	"0"	"6 782"
"Число умерших(Человек)"	"2007 год"	"200712"	"ЗАПАДНО-КАЗАХСТАНСКАЯ ОБЛАСТЬ"	"0"	"Всего"	"0"	"Всего"	"0"	"6 671"
"Число умерших(Человек)"	"2003 год"	"200312"	"ЗАПАДНО-КАЗАХСТАНСКАЯ ОБЛАСТЬ"	"0"	"Всего"	"0"	"Всего"	"0"	"6 831"
"Число умерших(Человек)"	"2006 год"	"200612"	"ЗАПАДНО-КАЗАХСТАНСКАЯ ОБЛАСТЬ"	"0"	"Всего"	"0"	"Всего"	"0"	"6 416"
"Число умерших(Человек)"	"2008 год"	"200812"	"ЗАПАДНО-КАЗАХСТАНСКАЯ ОБЛАСТЬ"	"0"	"Всего"	"0"	"Всего"	"0"	"6 308"
"Число умерших(Человек)"	"2004 год"	"200412"	"ЗАПАДНО-КАЗАХСТАНСКАЯ ОБЛАСТЬ"	"0"	"Всего"	"0"	"Всего"	"0"	"6 275"
"Число умерших(Человек)"	"2016 год"	"201612"	"ЗАПАДНО-КАЗАХСТАНСКАЯ ОБЛАСТЬ"	"0"	"Всего"	"0"	"Всего"	"0"	"5 667"
"Число умерших(Человек)"	"2010 год"	"201012"	"ЗАПАДНО-КАЗАХСТАНСКАЯ ОБЛАСТЬ"	"0"	"Всего"	"0"	"Всего"	"0"	"6 019"
"Число умерших(Человек)"	"2015 год"	"201512"	"ЗАПАДНО-КАЗАХСТАНСКАЯ ОБЛАСТЬ"	"0"	"Всего"	"0"	"Всего"	"0"	"5 490"
"Число умерших(Человек)"	"2013 год"	"201312"	"ЗАПАДНО-КАЗАХСТАНСКАЯ ОБЛАСТЬ"	"0"	"Всего"	"0"	"Всего"	"0"	"5 784"
"Число умерших(Человек)"	"2014 год"	"201412"	"ЗАПАДНО-КАЗАХСТАНСКАЯ ОБЛАСТЬ"	"0"	"Всего"	"0"	"Всего"	"0"	"5 555"
"Число умерших(Человек)"	"2012 год"	"201212"	"ЗАПАДНО-КАЗАХСТАНСКАЯ ОБЛАСТЬ"	"0"	"Всего"	"0"	"Всего"	"0"	"5 919"
"Число умерших(Человек)"	"2021 год"	"202112"	"ЗАПАДНО-КАЗАХСТАНСКАЯ ОБЛАСТЬ"	"0"	"Всего"	"0"	"Всего"	"0"	"7 556"
"Число умерших(Человек)"	"2020 год"	"202012"	"ЗАПАДНО-КАЗАХСТАНСКАЯ ОБЛАСТЬ"	"0"	"Всего"	"0"	"Всего"	"0"	"6 647"
"Число умерших(Человек)"	"2019 год"	"201912"	"ЗАПАДНО-КАЗАХСТАНСКАЯ ОБЛАСТЬ"	"0"	"Всего"	"0"	"Всего"	"0"	"5 532"
"Число умерших(Человек)"	"2018 год"	"201812"	"ЗАПАДНО-КАЗАХСТАНСКАЯ ОБЛАСТЬ"	"0"	"Всего"	"0"	"Всего"	"0"	"5 515"
"Число умерших(Человек)"	"2022 год"	"202212"	"ЗАПАДНО-КАЗАХСТАНСКАЯ ОБЛАСТЬ"	"0"	"Всего"	"0"	"Всего"	"0"	"5 527"
"Число умерших(Человек)"	"2017 год"	"201712"	"ЗАПАДНО-КАЗАХСТАНСКАЯ ОБЛАСТЬ"	"0"	"Всего"	"0"	"Всего"	"0"	"5 426"
"Число умерших(Человек)"	"2023 год"	"202312"	"ЗАПАДНО-КАЗАХСТАНСКАЯ ОБЛАСТЬ"	"0"	"Всего"	"0"	"Всего"	"0"	"5 432"
"Число умерших(Человек)"	"2024 год"	"202412"	"ЗАПАДНО-КАЗАХСТАНСКАЯ ОБЛАСТЬ"	"0"	"Всего"	"0"	"Всего"	"0"	"5 621"
"Число умерших(Человек)"	"2009 год"	"200912"	"КОСТАНАЙСКАЯ ОБЛАСТЬ"	"0"	"городская местность"	"0"	"Всего"	"0"	"5 456"
"Число умерших(Человек)"	"2011 год"	"201112"	"КОСТАНАЙСКАЯ ОБЛАСТЬ"	"0"	"городская местность"	"0"	"Всего"	"0"	"5 570"
"Число умерших(Человек)"	"2000 год"	"200012"	"КОСТАНАЙСКАЯ ОБЛАСТЬ"	"0"	"городская местность"	"0"	"Всего"	"0"	"6 818"
"Число умерших(Человек)"	"2002 год"	"200212"	"КОСТАНАЙСКАЯ ОБЛАСТЬ"	"0"	"городская местность"	"0"	"Всего"	"0"	"6 496"
"Число умерших(Человек)"	"2005 год"	"200512"	"КОСТАНАЙСКАЯ ОБЛАСТЬ"	"0"	"городская местность"	"0"	"Всего"	"0"	"6 849"
"Число умерших(Человек)"	"2001 год"	"200112"	"КОСТАНАЙСКАЯ ОБЛАСТЬ"	"0"	"городская местность"	"0"	"Всего"	"0"	"6 517"
"Число умерших(Человек)"	"2007 год"	"200712"	"КОСТАНАЙСКАЯ ОБЛАСТЬ"	"0"	"городская местность"	"0"	"Всего"	"0"	"6 221"
"Число умерших(Человек)"	"2003 год"	"200312"	"КОСТАНАЙСКАЯ ОБЛАСТЬ"	"0"	"городская местность"	"0"	"Всего"	"0"	"7 266"
"Число умерших(Человек)"	"2008 год"	"200812"	"КОСТАНАЙСКАЯ ОБЛАСТЬ"	"0"	"городская местность"	"0"	"Всего"	"0"	"6 021"
"Число умерших(Человек)"	"2004 год"	"200412"	"КОСТАНАЙСКАЯ ОБЛАСТЬ"	"0"	"городская местность"	"0"	"Всего"	"0"	"6 995"
"Число умерших(Человек)"	"2006 год"	"200612"	"КОСТАНАЙСКАЯ ОБЛАСТЬ"	"0"	"городская местность"	"0"	"Всего"	"0"	"7 087"
"Число умерших(Человек)"	"2016 год"	"201612"	"КОСТАНАЙСКАЯ ОБЛАСТЬ"	"0"	"городская местность"	"0"	"Всего"	"0"	"5 026"
"Число умерших(Человек)"	"2010 год"	"201012"	"КОСТАНАЙСКАЯ ОБЛАСТЬ"	"0"	"городская местность"	"0"	"Всего"	"0"	"5 563"
"Число умерших(Человек)"	"2015 год"	"201512"	"КОСТАНАЙСКАЯ ОБЛАСТЬ"	"0"	"городская местность"	"0"	"Всего"	"0"	"5 045"
"Число умерших(Человек)"	"2013 год"	"201312"	"КОСТАНАЙСКАЯ ОБЛАСТЬ"	"0"	"городская местность"	"0"	"Всего"	"0"	"5 057"
"Число умерших(Человек)"	"2014 год"	"201412"	"КОСТАНАЙСКАЯ ОБЛАСТЬ"	"0"	"городская местность"	"0"	"Всего"	"0"	"5 028"
"Число умерших(Человек)"	"2012 год"	"201212"	"КОСТАНАЙСКАЯ ОБЛАСТЬ"	"0"	"городская местность"	"0"	"Всего"	"0"	"5 561"
"Число умерших(Человек)"	"2021 год"	"202112"	"КОСТАНАЙСКАЯ ОБЛАСТЬ"	"0"	"городская местность"	"0"	"Всего"	"0"	"7 569"
"Число умерших(Человек)"	"2020 год"	"202012"	"КОСТАНАЙСКАЯ ОБЛАСТЬ"	"0"	"городская местность"	"0"	"Всего"	"0"	"6 580"
"Число умерших(Человек)"	"2019 год"	"201912"	"КОСТАНАЙСКАЯ ОБЛАСТЬ"	"0"	"городская местность"	"0"	"Всего"	"0"	"5 340"
"Число умерших(Человек)"	"2018 год"	"201812"	"КОСТАНАЙСКАЯ ОБЛАСТЬ"	"0"	"городская местность"	"0"	"Всего"	"0"	"4 972"
"Число умерших(Человек)"	"2022 год"	"202212"	"КОСТАНАЙСКАЯ ОБЛАСТЬ"	"0"	"городская местность"	"0"	"Всего"	"0"	"5 418"
"Число умерших(Человек)"	"2017 год"	"201712"	"КОСТАНАЙСКАЯ ОБЛАСТЬ"	"0"	"городская местность"	"0"	"Всего"	"0"	"4 889"
"Число умерших(Человек)"	"2023 год"	"202312"	"КОСТАНАЙСКАЯ ОБЛАСТЬ"	"0"	"городская местность"	"0"	"Всего"	"0"	"5 092"
"Число умерших(Человек)"	"2024 год"	"202412"	"КОСТАНАЙСКАЯ ОБЛАСТЬ"	"0"	"городская местность"	"0"	"Всего"	"0"	"5 019"
"Число умерших(Человек)"	"2009 год"	"200912"	"ВОСТОЧНО-КАЗАХСТАНСКАЯ ОБЛАСТЬ"	"0"	"сельская местность"	"0"	"Всего"	"0"	"6 789"
"Число умерших(Человек)"	"2011 год"	"201112"	"ВОСТОЧНО-КАЗАХСТАНСКАЯ ОБЛАСТЬ"	"0"	"сельская местность"	"0"	"Всего"	"0"	"6 768"
"Число умерших(Человек)"	"2000 год"	"200012"	"ВОСТОЧНО-КАЗАХСТАНСКАЯ ОБЛАСТЬ"	"0"	"сельская местность"	"0"	"Всего"	"0"	"6 625"
"Число умерших(Человек)"	"2005 год"	"200512"	"ВОСТОЧНО-КАЗАХСТАНСКАЯ ОБЛАСТЬ"	"0"	"сельская местность"	"0"	"Всего"	"0"	"6 459"
"Число умерших(Человек)"	"2002 год"	"200212"	"ВОСТОЧНО-КАЗАХСТАНСКАЯ ОБЛАСТЬ"	"0"	"сельская местность"	"0"	"Всего"	"0"	"6 266"
"Число умерших(Человек)"	"2001 год"	"200112"	"ВОСТОЧНО-КАЗАХСТАНСКАЯ ОБЛАСТЬ"	"0"	"сельская местность"	"0"	"Всего"	"0"	"6 306"
"Число умерших(Человек)"	"2003 год"	"200312"	"ВОСТОЧНО-КАЗАХСТАНСКАЯ ОБЛАСТЬ"	"0"	"сельская местность"	"0"	"Всего"	"0"	"6 246"
"Число умерших(Человек)"	"2007 год"	"200712"	"ВОСТОЧНО-КАЗАХСТАНСКАЯ ОБЛАСТЬ"	"0"	"сельская местность"	"0"	"Всего"	"0"	"7 661"
"Число умерших(Человек)"	"2006 год"	"200612"	"ВОСТОЧНО-КАЗАХСТАНСКАЯ ОБЛАСТЬ"	"0"	"сельская местность"	"0"	"Всего"	"0"	"6 331"
"Число умерших(Человек)"	"2008 год"	"200812"	"ВОСТОЧНО-КАЗАХСТАНСКАЯ ОБЛАСТЬ"	"0"	"сельская местность"	"0"	"Всего"	"0"	"7 352"
"Число умерших(Человек)"	"2004 год"	"200412"	"ВОСТОЧНО-КАЗАХСТАНСКАЯ ОБЛАСТЬ"	"0"	"сельская местность"	"0"	"Всего"	"0"	"6 252"
"Число умерших(Человек)"	"2016 год"	"201612"	"ВОСТОЧНО-КАЗАХСТАНСКАЯ ОБЛАСТЬ"	"0"	"сельская местность"	"0"	"Всего"	"0"	"5 641"
"Число умерших(Человек)"	"2010 год"	"201012"	"ВОСТОЧНО-КАЗАХСТАНСКАЯ ОБЛАСТЬ"	"0"	"сельская местность"	"0"	"Всего"	"0"	"7 072"
"Число умерших(Человек)"	"2015 год"	"201512"	"ВОСТОЧНО-КАЗАХСТАНСКАЯ ОБЛАСТЬ"	"0"	"сельская местность"	"0"	"Всего"	"0"	"5 809"
"Число умерших(Человек)"	"2013 год"	"201312"	"ВОСТОЧНО-КАЗАХСТАНСКАЯ ОБЛАСТЬ"	"0"	"сельская местность"	"0"	"Всего"	"0"	"6 146"
"Число умерших(Человек)"	"2014 год"	"201412"	"ВОСТОЧНО-КАЗАХСТАНСКАЯ ОБЛАСТЬ"	"0"	"сельская местность"	"0"	"Всего"	"0"	"5 777"
"Число умерших(Человек)"	"2012 год"	"201212"	"ВОСТОЧНО-КАЗАХСТАНСКАЯ ОБЛАСТЬ"	"0"	"сельская местность"	"0"	"Всего"	"0"	"6 646"
"Число умерших(Человек)"	"2021 год"	"202112"	"ВОСТОЧНО-КАЗАХСТАНСКАЯ ОБЛАСТЬ"	"0"	"сельская местность"	"0"	"Всего"	"0"	"6 659"
"Число умерших(Человек)"	"2020 год"	"202012"	"ВОСТОЧНО-КАЗАХСТАНСКАЯ ОБЛАСТЬ"	"0"	"сельская местность"	"0"	"Всего"	"0"	"6 202"
"Число умерших(Человек)"	"2019 год"	"201912"	"ВОСТОЧНО-КАЗАХСТАНСКАЯ ОБЛАСТЬ"	"0"	"сельская местность"	"0"	"Всего"	"0"	"5 378"
"Число умерших(Человек)"	"2018 год"	"201812"	"ВОСТОЧНО-КАЗАХСТАНСКАЯ ОБЛАСТЬ"	"0"	"сельская местность"	"0"	"Всего"	"0"	"5 575"
"Число умерших(Человек)"	"2022 год"	"202212"	"ВОСТОЧНО-КАЗАХСТАНСКАЯ ОБЛАСТЬ"	"0"	"сельская местность"	"0"	"Всего"	"0"	"2 935"
"Число умерших(Человек)"	"2017 год"	"201712"	"ВОСТОЧНО-КАЗАХСТАНСКАЯ ОБЛАСТЬ"	"0"	"сельская местность"	"0"	"Всего"	"0"	"5 548"
"Число умерших(Человек)"	"2023 год"	"202312"	"ВОСТОЧНО-КАЗАХСТАНСКАЯ ОБЛАСТЬ"	"0"	"сельская местность"	"0"	"Всего"	"0"	"2 907"
"Число умерших(Человек)"	"2024 год"	"202412"	"ВОСТОЧНО-КАЗАХСТАНСКАЯ ОБЛАСТЬ"	"0"	"сельская местность"	"0"	"Всего"	"0"	"2 916"
"Число умерших(Человек)"	"2009 год"	"200912"	"КЫЗЫЛОРДИНСКАЯ ОБЛАСТЬ"	"0"	"Всего"	"0"	"Всего"	"0"	"4 894"
"Число умерших(Человек)"	"2011 год"	"201112"	"КЫЗЫЛОРДИНСКАЯ ОБЛАСТЬ"	"0"	"Всего"	"0"	"Всего"	"0"	"4 740"
"Число умерших(Человек)"	"2000 год"	"200012"	"КЫЗЫЛОРДИНСКАЯ ОБЛАСТЬ"	"0"	"Всего"	"0"	"Всего"	"0"	"4 466"
"Число умерших(Человек)"	"2005 год"	"200512"	"КЫЗЫЛОРДИНСКАЯ ОБЛАСТЬ"	"0"	"Всего"	"0"	"Всего"	"0"	"4 661"
"Число умерших(Человек)"	"2002 год"	"200212"	"КЫЗЫЛОРДИНСКАЯ ОБЛАСТЬ"	"0"	"Всего"	"0"	"Всего"	"0"	"4 564"
"Число умерших(Человек)"	"2003 год"	"200312"	"КЫЗЫЛОРДИНСКАЯ ОБЛАСТЬ"	"0"	"Всего"	"0"	"Всего"	"0"	"4 528"
"Число умерших(Человек)"	"2008 год"	"200812"	"КЫЗЫЛОРДИНСКАЯ ОБЛАСТЬ"	"0"	"Всего"	"0"	"Всего"	"0"	"4 773"
"Число умерших(Человек)"	"2007 год"	"200712"	"КЫЗЫЛОРДИНСКАЯ ОБЛАСТЬ"	"0"	"Всего"	"0"	"Всего"	"0"	"4 839"
"Число умерших(Человек)"	"2001 год"	"200112"	"КЫЗЫЛОРДИНСКАЯ ОБЛАСТЬ"	"0"	"Всего"	"0"	"Всего"	"0"	"4 438"
"Число умерших(Человек)"	"2006 год"	"200612"	"КЫЗЫЛОРДИНСКАЯ ОБЛАСТЬ"	"0"	"Всего"	"0"	"Всего"	"0"	"4 809"
"Число умерших(Человек)"	"2004 год"	"200412"	"КЫЗЫЛОРДИНСКАЯ ОБЛАСТЬ"	"0"	"Всего"	"0"	"Всего"	"0"	"4 312"
"Число умерших(Человек)"	"2016 год"	"201612"	"КЫЗЫЛОРДИНСКАЯ ОБЛАСТЬ"	"0"	"Всего"	"0"	"Всего"	"0"	"4 500"
"Число умерших(Человек)"	"2010 год"	"201012"	"КЫЗЫЛОРДИНСКАЯ ОБЛАСТЬ"	"0"	"Всего"	"0"	"Всего"	"0"	"4 784"
"Число умерших(Человек)"	"2015 год"	"201512"	"КЫЗЫЛОРДИНСКАЯ ОБЛАСТЬ"	"0"	"Всего"	"0"	"Всего"	"0"	"4 341"
"Число умерших(Человек)"	"2013 год"	"201312"	"КЫЗЫЛОРДИНСКАЯ ОБЛАСТЬ"	"0"	"Всего"	"0"	"Всего"	"0"	"4 457"
"Число умерших(Человек)"	"2014 год"	"201412"	"КЫЗЫЛОРДИНСКАЯ ОБЛАСТЬ"	"0"	"Всего"	"0"	"Всего"	"0"	"4 546"
"Число умерших(Человек)"	"2012 год"	"201212"	"КЫЗЫЛОРДИНСКАЯ ОБЛАСТЬ"	"0"	"Всего"	"0"	"Всего"	"0"	"4 765"
"Число умерших(Человек)"	"2021 год"	"202112"	"КЫЗЫЛОРДИНСКАЯ ОБЛАСТЬ"	"0"	"Всего"	"0"	"Всего"	"0"	"5 712"
"Число умерших(Человек)"	"2020 год"	"202012"	"КЫЗЫЛОРДИНСКАЯ ОБЛАСТЬ"	"0"	"Всего"	"0"	"Всего"	"0"	"5 988"
"Число умерших(Человек)"	"2019 год"	"201912"	"КЫЗЫЛОРДИНСКАЯ ОБЛАСТЬ"	"0"	"Всего"	"0"	"Всего"	"0"	"4 527"
"Число умерших(Человек)"	"2018 год"	"201812"	"КЫЗЫЛОРДИНСКАЯ ОБЛАСТЬ"	"0"	"Всего"	"0"	"Всего"	"0"	"4 299"
"Число умерших(Человек)"	"2022 год"	"202212"	"КЫЗЫЛОРДИНСКАЯ ОБЛАСТЬ"	"0"	"Всего"	"0"	"Всего"	"0"	"4 507"
"Число умерших(Человек)"	"2017 год"	"201712"	"КЫЗЫЛОРДИНСКАЯ ОБЛАСТЬ"	"0"	"Всего"	"0"	"Всего"	"0"	"4 314"
"Число умерших(Человек)"	"2023 год"	"202312"	"КЫЗЫЛОРДИНСКАЯ ОБЛАСТЬ"	"0"	"Всего"	"0"	"Всего"	"0"	"4 551"
"Число умерших(Человек)"	"2024 год"	"202412"	"КЫЗЫЛОРДИНСКАЯ ОБЛАСТЬ"	"0"	"Всего"	"0"	"Всего"	"0"	"4 458"
"Число умерших(Человек)"	"2009 год"	"200912"	"ЖАМБЫЛСКАЯ ОБЛАСТЬ"	"0"	"Всего"	"0"	"Всего"	"0"	"8 265"
"Число умерших(Человек)"	"2011 год"	"201112"	"ЖАМБЫЛСКАЯ ОБЛАСТЬ"	"0"	"Всего"	"0"	"Всего"	"0"	"8 065"
"Число умерших(Человек)"	"2000 год"	"200012"	"ЖАМБЫЛСКАЯ ОБЛАСТЬ"	"0"	"Всего"	"0"	"Всего"	"0"	"8 918"
"Число умерших(Человек)"	"2002 год"	"200212"	"ЖАМБЫЛСКАЯ ОБЛАСТЬ"	"0"	"Всего"	"0"	"Всего"	"0"	"8 513"
"Число умерших(Человек)"	"2005 год"	"200512"	"ЖАМБЫЛСКАЯ ОБЛАСТЬ"	"0"	"Всего"	"0"	"Всего"	"0"	"8 638"
"Число умерших(Человек)"	"2001 год"	"200112"	"ЖАМБЫЛСКАЯ ОБЛАСТЬ"	"0"	"Всего"	"0"	"Всего"	"0"	"8 344"
"Число умерших(Человек)"	"2007 год"	"200712"	"ЖАМБЫЛСКАЯ ОБЛАСТЬ"	"0"	"Всего"	"0"	"Всего"	"0"	"8 850"
"Число умерших(Человек)"	"2008 год"	"200812"	"ЖАМБЫЛСКАЯ ОБЛАСТЬ"	"0"	"Всего"	"0"	"Всего"	"0"	"8 760"
"Число умерших(Человек)"	"2003 год"	"200312"	"ЖАМБЫЛСКАЯ ОБЛАСТЬ"	"0"	"Всего"	"0"	"Всего"	"0"	"8 877"
"Число умерших(Человек)"	"2006 год"	"200612"	"ЖАМБЫЛСКАЯ ОБЛАСТЬ"	"0"	"Всего"	"0"	"Всего"	"0"	"8 846"
"Число умерших(Человек)"	"2004 год"	"200412"	"ЖАМБЫЛСКАЯ ОБЛАСТЬ"	"0"	"Всего"	"0"	"Всего"	"0"	"8 472"
"Число умерших(Человек)"	"2016 год"	"201612"	"ЖАМБЫЛСКАЯ ОБЛАСТЬ"	"0"	"Всего"	"0"	"Всего"	"0"	"7 306"
"Число умерших(Человек)"	"2010 год"	"201012"	"ЖАМБЫЛСКАЯ ОБЛАСТЬ"	"0"	"Всего"	"0"	"Всего"	"0"	"8 377"
"Число умерших(Человек)"	"2015 год"	"201512"	"ЖАМБЫЛСКАЯ ОБЛАСТЬ"	"0"	"Всего"	"0"	"Всего"	"0"	"7 251"
"Число умерших(Человек)"	"2013 год"	"201312"	"ЖАМБЫЛСКАЯ ОБЛАСТЬ"	"0"	"Всего"	"0"	"Всего"	"0"	"7 868"
"Число умерших(Человек)"	"2014 год"	"201412"	"ЖАМБЫЛСКАЯ ОБЛАСТЬ"	"0"	"Всего"	"0"	"Всего"	"0"	"7 505"
"Число умерших(Человек)"	"2012 год"	"201212"	"ЖАМБЫЛСКАЯ ОБЛАСТЬ"	"0"	"Всего"	"0"	"Всего"	"0"	"8 083"
"Число умерших(Человек)"	"2021 год"	"202112"	"ЖАМБЫЛСКАЯ ОБЛАСТЬ"	"0"	"Всего"	"0"	"Всего"	"0"	"10 494"
"Число умерших(Человек)"	"2020 год"	"202012"	"ЖАМБЫЛСКАЯ ОБЛАСТЬ"	"0"	"Всего"	"0"	"Всего"	"0"	"9 139"
"Число умерших(Человек)"	"2019 год"	"201912"	"ЖАМБЫЛСКАЯ ОБЛАСТЬ"	"0"	"Всего"	"0"	"Всего"	"0"	"7 387"
"Число умерших(Человек)"	"2018 год"	"201812"	"ЖАМБЫЛСКАЯ ОБЛАСТЬ"	"0"	"Всего"	"0"	"Всего"	"0"	"7 190"
"Число умерших(Человек)"	"2022 год"	"202212"	"ЖАМБЫЛСКАЯ ОБЛАСТЬ"	"0"	"Всего"	"0"	"Всего"	"0"	"7 247"
"Число умерших(Человек)"	"2017 год"	"201712"	"ЖАМБЫЛСКАЯ ОБЛАСТЬ"	"0"	"Всего"	"0"	"Всего"	"0"	"7 241"
"Число умерших(Человек)"	"2023 год"	"202312"	"ЖАМБЫЛСКАЯ ОБЛАСТЬ"	"0"	"Всего"	"0"	"Всего"	"0"	"7 243"
"Число умерших(Человек)"	"2024 год"	"202412"	"ЖАМБЫЛСКАЯ ОБЛАСТЬ"	"0"	"Всего"	"0"	"Всего"	"0"	"7 440"
"Число умерших(Человек)"	"2009 год"	"200912"	"РЕСПУБЛИКА КАЗАХСТАН"	"0"	"Всего"	"0"	"Всего"	"0"	"142 883"
"Число умерших(Человек)"	"2011 год"	"201112"	"РЕСПУБЛИКА КАЗАХСТАН"	"0"	"Всего"	"0"	"Всего"	"0"	"144 323"
"Число умерших(Человек)"	"2000 год"	"200012"	"РЕСПУБЛИКА КАЗАХСТАН"	"0"	"Всего"	"0"	"Всего"	"0"	"149 778"
"Число умерших(Человек)"	"2001 год"	"200112"	"РЕСПУБЛИКА КАЗАХСТАН"	"0"	"Всего"	"0"	"Всего"	"0"	"147 876"
"Число умерших(Человек)"	"2005 год"	"200512"	"РЕСПУБЛИКА КАЗАХСТАН"	"0"	"Всего"	"0"	"Всего"	"0"	"157 121"
"Число умерших(Человек)"	"2002 год"	"200212"	"РЕСПУБЛИКА КАЗАХСТАН"	"0"	"Всего"	"0"	"Всего"	"0"	"149 381"
"Число умерших(Человек)"	"2008 год"	"200812"	"РЕСПУБЛИКА КАЗАХСТАН"	"0"	"Всего"	"0"	"Всего"	"0"	"152 878"
"Число умерших(Человек)"	"2003 год"	"200312"	"РЕСПУБЛИКА КАЗАХСТАН"	"0"	"Всего"	"0"	"Всего"	"0"	"155 277"
"Число умерших(Человек)"	"2006 год"	"200612"	"РЕСПУБЛИКА КАЗАХСТАН"	"0"	"Всего"	"0"	"Всего"	"0"	"157 210"
"Число умерших(Человек)"	"2007 год"	"200712"	"РЕСПУБЛИКА КАЗАХСТАН"	"0"	"Всего"	"0"	"Всего"	"0"	"158 297"
"Число умерших(Человек)"	"2004 год"	"200412"	"РЕСПУБЛИКА КАЗАХСТАН"	"0"	"Всего"	"0"	"Всего"	"0"	"152 250"
"Число умерших(Человек)"	"2016 год"	"201612"	"РЕСПУБЛИКА КАЗАХСТАН"	"0"	"Всего"	"0"	"Всего"	"0"	"131 231"
"Число умерших(Человек)"	"2010 год"	"201012"	"РЕСПУБЛИКА КАЗАХСТАН"	"0"	"Всего"	"0"	"Всего"	"0"	"146 027"
"Число умерших(Человек)"	"2015 год"	"201512"	"РЕСПУБЛИКА КАЗАХСТАН"	"0"	"Всего"	"0"	"Всего"	"0"	"130 811"
"Число умерших(Человек)"	"2013 год"	"201312"	"РЕСПУБЛИКА КАЗАХСТАН"	"0"	"Всего"	"0"	"Всего"	"0"	"136 368"
"Число умерших(Человек)"	"2014 год"	"201412"	"РЕСПУБЛИКА КАЗАХСТАН"	"0"	"Всего"	"0"	"Всего"	"0"	"132 287"
"Число умерших(Человек)"	"2012 год"	"201212"	"РЕСПУБЛИКА КАЗАХСТАН"	"0"	"Всего"	"0"	"Всего"	"0"	"143 411"
"Число умерших(Человек)"	"2021 год"	"202112"	"РЕСПУБЛИКА КАЗАХСТАН"	"0"	"Всего"	"0"	"Всего"	"0"	"182 403"
"Число умерших(Человек)"	"2020 год"	"202012"	"РЕСПУБЛИКА КАЗАХСТАН"	"0"	"Всего"	"0"	"Всего"	"0"	"161 333"
"Число умерших(Человек)"	"2019 год"	"201912"	"РЕСПУБЛИКА КАЗАХСТАН"	"0"	"Всего"	"0"	"Всего"	"0"	"133 128"
"Число умерших(Человек)"	"2018 год"	"201812"	"РЕСПУБЛИКА КАЗАХСТАН"	"0"	"Всего"	"0"	"Всего"	"0"	"130 448"
"Число умерших(Человек)"	"2022 год"	"202212"	"РЕСПУБЛИКА КАЗАХСТАН"	"0"	"Всего"	"0"	"Всего"	"0"	"133 523"
"Число умерших(Человек)"	"2017 год"	"201712"	"РЕСПУБЛИКА КАЗАХСТАН"	"0"	"Всего"	"0"	"Всего"	"0"	"129 009"
"Число умерших(Человек)"	"2023 год"	"202312"	"РЕСПУБЛИКА КАЗАХСТАН"	"0"	"Всего"	"0"	"Всего"	"0"	"130 686"
"Число умерших(Человек)"	"2024 год"	"202412"	"РЕСПУБЛИКА КАЗАХСТАН"	"0"	"Всего"	"0"	"Всего"	"0"	"132 916"
"Число умерших(Человек)"	"2009 год"	"200912"	"ПАВЛОДАРСКАЯ ОБЛАСТЬ"	"0"	"сельская местность"	"0"	"Всего"	"0"	"2 577"
"Число умерших(Человек)"	"2011 год"	"201112"	"ПАВЛОДАРСКАЯ ОБЛАСТЬ"	"0"	"сельская местность"	"0"	"Всего"	"0"	"2 617"
"Число умерших(Человек)"	"2000 год"	"200012"	"ПАВЛОДАРСКАЯ ОБЛАСТЬ"	"0"	"сельская местность"	"0"	"Всего"	"0"	"2 821"
"Число умерших(Человек)"	"2005 год"	"200512"	"ПАВЛОДАРСКАЯ ОБЛАСТЬ"	"0"	"сельская местность"	"0"	"Всего"	"0"	"2 631"
"Число умерших(Человек)"	"2001 год"	"200112"	"ПАВЛОДАРСКАЯ ОБЛАСТЬ"	"0"	"сельская местность"	"0"	"Всего"	"0"	"2 720"
"Число умерших(Человек)"	"2002 год"	"200212"	"ПАВЛОДАРСКАЯ ОБЛАСТЬ"	"0"	"сельская местность"	"0"	"Всего"	"0"	"2 649"
"Число умерших(Человек)"	"2007 год"	"200712"	"ПАВЛОДАРСКАЯ ОБЛАСТЬ"	"0"	"сельская местность"	"0"	"Всего"	"0"	"2 832"
"Число умерших(Человек)"	"2008 год"	"200812"	"ПАВЛОДАРСКАЯ ОБЛАСТЬ"	"0"	"сельская местность"	"0"	"Всего"	"0"	"2 679"
"Число умерших(Человек)"	"2003 год"	"200312"	"ПАВЛОДАРСКАЯ ОБЛАСТЬ"	"0"	"сельская местность"	"0"	"Всего"	"0"	"2 746"
"Число умерших(Человек)"	"2004 год"	"200412"	"ПАВЛОДАРСКАЯ ОБЛАСТЬ"	"0"	"сельская местность"	"0"	"Всего"	"0"	"2 606"
"Число умерших(Человек)"	"2006 год"	"200612"	"ПАВЛОДАРСКАЯ ОБЛАСТЬ"	"0"	"сельская местность"	"0"	"Всего"	"0"	"2 741"
"Число умерших(Человек)"	"2016 год"	"201612"	"ПАВЛОДАРСКАЯ ОБЛАСТЬ"	"0"	"сельская местность"	"0"	"Всего"	"0"	"2 174"
"Число умерших(Человек)"	"2010 год"	"201012"	"ПАВЛОДАРСКАЯ ОБЛАСТЬ"	"0"	"сельская местность"	"0"	"Всего"	"0"	"2 679"
"Число умерших(Человек)"	"2015 год"	"201512"	"ПАВЛОДАРСКАЯ ОБЛАСТЬ"	"0"	"сельская местность"	"0"	"Всего"	"0"	"2 230"
"Число умерших(Человек)"	"2013 год"	"201312"	"ПАВЛОДАРСКАЯ ОБЛАСТЬ"	"0"	"сельская местность"	"0"	"Всего"	"0"	"2 391"
"Число умерших(Человек)"	"2014 год"	"201412"	"ПАВЛОДАРСКАЯ ОБЛАСТЬ"	"0"	"сельская местность"	"0"	"Всего"	"0"	"2 391"
"Число умерших(Человек)"	"2012 год"	"201212"	"ПАВЛОДАРСКАЯ ОБЛАСТЬ"	"0"	"сельская местность"	"0"	"Всего"	"0"	"2 445"
"Число умерших(Человек)"	"2021 год"	"202112"	"ПАВЛОДАРСКАЯ ОБЛАСТЬ"	"0"	"сельская местность"	"0"	"Всего"	"0"	"2 841"
"Число умерших(Человек)"	"2020 год"	"202012"	"ПАВЛОДАРСКАЯ ОБЛАСТЬ"	"0"	"сельская местность"	"0"	"Всего"	"0"	"2 408"
"Число умерших(Человек)"	"2019 год"	"201912"	"ПАВЛОДАРСКАЯ ОБЛАСТЬ"	"0"	"сельская местность"	"0"	"Всего"	"0"	"2 165"
"Число умерших(Человек)"	"2018 год"	"201812"	"ПАВЛОДАРСКАЯ ОБЛАСТЬ"	"0"	"сельская местность"	"0"	"Всего"	"0"	"2 114"
"Число умерших(Человек)"	"2022 год"	"202212"	"ПАВЛОДАРСКАЯ ОБЛАСТЬ"	"0"	"сельская местность"	"0"	"Всего"	"0"	"2 117"
"Число умерших(Человек)"	"2017 год"	"201712"	"ПАВЛОДАРСКАЯ ОБЛАСТЬ"	"0"	"сельская местность"	"0"	"Всего"	"0"	"2 163"
"Число умерших(Человек)"	"2023 год"	"202312"	"ПАВЛОДАРСКАЯ ОБЛАСТЬ"	"0"	"сельская местность"	"0"	"Всего"	"0"	"1 964"
"Число умерших(Человек)"	"2024 год"	"202412"	"ПАВЛОДАРСКАЯ ОБЛАСТЬ"	"0"	"сельская местность"	"0"	"Всего"	"0"	"2 043"
"Число умерших(Человек)"	"2009 год"	"200912"	"АКТЮБИНСКАЯ ОБЛАСТЬ"	"0"	"сельская местность"	"0"	"Всего"	"0"	"2 401"
"Число умерших(Человек)"	"2011 год"	"201112"	"АКТЮБИНСКАЯ ОБЛАСТЬ"	"0"	"сельская местность"	"0"	"Всего"	"0"	"2 255"
"Число умерших(Человек)"	"2000 год"	"200012"	"АКТЮБИНСКАЯ ОБЛАСТЬ"	"0"	"сельская местность"	"0"	"Всего"	"0"	"2 490"
"Число умерших(Человек)"	"2002 год"	"200212"	"АКТЮБИНСКАЯ ОБЛАСТЬ"	"0"	"сельская местность"	"0"	"Всего"	"0"	"2 532"
"Число умерших(Человек)"	"2005 год"	"200512"	"АКТЮБИНСКАЯ ОБЛАСТЬ"	"0"	"сельская местность"	"0"	"Всего"	"0"	"2 486"
"Число умерших(Человек)"	"2001 год"	"200112"	"АКТЮБИНСКАЯ ОБЛАСТЬ"	"0"	"сельская местность"	"0"	"Всего"	"0"	"2 503"
"Число умерших(Человек)"	"2003 год"	"200312"	"АКТЮБИНСКАЯ ОБЛАСТЬ"	"0"	"сельская местность"	"0"	"Всего"	"0"	"2 593"
"Число умерших(Человек)"	"2007 год"	"200712"	"АКТЮБИНСКАЯ ОБЛАСТЬ"	"0"	"сельская местность"	"0"	"Всего"	"0"	"2 769"
"Число умерших(Человек)"	"2006 год"	"200612"	"АКТЮБИНСКАЯ ОБЛАСТЬ"	"0"	"сельская местность"	"0"	"Всего"	"0"	"2 562"
"Число умерших(Человек)"	"2008 год"	"200812"	"АКТЮБИНСКАЯ ОБЛАСТЬ"	"0"	"сельская местность"	"0"	"Всего"	"0"	"2 437"
"Число умерших(Человек)"	"2004 год"	"200412"	"АКТЮБИНСКАЯ ОБЛАСТЬ"	"0"	"сельская местность"	"0"	"Всего"	"0"	"2 429"
"Число умерших(Человек)"	"2016 год"	"201612"	"АКТЮБИНСКАЯ ОБЛАСТЬ"	"0"	"сельская местность"	"0"	"Всего"	"0"	"2 135"
"Число умерших(Человек)"	"2010 год"	"201012"	"АКТЮБИНСКАЯ ОБЛАСТЬ"	"0"	"сельская местность"	"0"	"Всего"	"0"	"2 368"
"Число умерших(Человек)"	"2015 год"	"201512"	"АКТЮБИНСКАЯ ОБЛАСТЬ"	"0"	"сельская местность"	"0"	"Всего"	"0"	"2 075"
"Число умерших(Человек)"	"2013 год"	"201312"	"АКТЮБИНСКАЯ ОБЛАСТЬ"	"0"	"сельская местность"	"0"	"Всего"	"0"	"2 104"
"Число умерших(Человек)"	"2014 год"	"201412"	"АКТЮБИНСКАЯ ОБЛАСТЬ"	"0"	"сельская местность"	"0"	"Всего"	"0"	"2 099"
"Число умерших(Человек)"	"2012 год"	"201212"	"АКТЮБИНСКАЯ ОБЛАСТЬ"	"0"	"сельская местность"	"0"	"Всего"	"0"	"2 236"
"Число умерших(Человек)"	"2021 год"	"202112"	"АКТЮБИНСКАЯ ОБЛАСТЬ"	"0"	"сельская местность"	"0"	"Всего"	"0"	"2 098"
"Число умерших(Человек)"	"2020 год"	"202012"	"АКТЮБИНСКАЯ ОБЛАСТЬ"	"0"	"сельская местность"	"0"	"Всего"	"0"	"2 002"
"Число умерших(Человек)"	"2019 год"	"201912"	"АКТЮБИНСКАЯ ОБЛАСТЬ"	"0"	"сельская местность"	"0"	"Всего"	"0"	"1 637"
"Число умерших(Человек)"	"2018 год"	"201812"	"АКТЮБИНСКАЯ ОБЛАСТЬ"	"0"	"сельская местность"	"0"	"Всего"	"0"	"1 640"
"Число умерших(Человек)"	"2022 год"	"202212"	"АКТЮБИНСКАЯ ОБЛАСТЬ"	"0"	"сельская местность"	"0"	"Всего"	"0"	"1 620"
"Число умерших(Человек)"	"2017 год"	"201712"	"АКТЮБИНСКАЯ ОБЛАСТЬ"	"0"	"сельская местность"	"0"	"Всего"	"0"	"1 695"
"Число умерших(Человек)"	"2023 год"	"202312"	"АКТЮБИНСКАЯ ОБЛАСТЬ"	"0"	"сельская местность"	"0"	"Всего"	"0"	"1 690"
"Число умерших(Человек)"	"2024 год"	"202412"	"АКТЮБИНСКАЯ ОБЛАСТЬ"	"0"	"сельская местность"	"0"	"Всего"	"0"	"1 689"
"Число умерших(Человек)"	"2009 год"	"200912"	"ЮЖНО-КАЗАХСТАНСКАЯ ОБЛАСТЬ"	"0"	"городская местность"	"0"	"Всего"	"0"	"6 916"
"Число умерших(Человек)"	"2011 год"	"201112"	"ЮЖНО-КАЗАХСТАНСКАЯ ОБЛАСТЬ"	"0"	"городская местность"	"0"	"Всего"	"0"	"6 918"
"Число умерших(Человек)"	"2000 год"	"200012"	"ЮЖНО-КАЗАХСТАНСКАЯ ОБЛАСТЬ"	"0"	"городская местность"	"0"	"Всего"	"0"	"6 530"
"Число умерших(Человек)"	"2002 год"	"200212"	"ЮЖНО-КАЗАХСТАНСКАЯ ОБЛАСТЬ"	"0"	"городская местность"	"0"	"Всего"	"0"	"7 055"
"Число умерших(Человек)"	"2005 год"	"200512"	"ЮЖНО-КАЗАХСТАНСКАЯ ОБЛАСТЬ"	"0"	"городская местность"	"0"	"Всего"	"0"	"7 813"
"Число умерших(Человек)"	"2001 год"	"200112"	"ЮЖНО-КАЗАХСТАНСКАЯ ОБЛАСТЬ"	"0"	"городская местность"	"0"	"Всего"	"0"	"6 641"
"Число умерших(Человек)"	"2008 год"	"200812"	"ЮЖНО-КАЗАХСТАНСКАЯ ОБЛАСТЬ"	"0"	"городская местность"	"0"	"Всего"	"0"	"7 852"
"Число умерших(Человек)"	"2007 год"	"200712"	"ЮЖНО-КАЗАХСТАНСКАЯ ОБЛАСТЬ"	"0"	"городская местность"	"0"	"Всего"	"0"	"7 766"
"Число умерших(Человек)"	"2006 год"	"200612"	"ЮЖНО-КАЗАХСТАНСКАЯ ОБЛАСТЬ"	"0"	"городская местность"	"0"	"Всего"	"0"	"7 872"
"Число умерших(Человек)"	"2003 год"	"200312"	"ЮЖНО-КАЗАХСТАНСКАЯ ОБЛАСТЬ"	"0"	"городская местность"	"0"	"Всего"	"0"	"7 593"
"Число умерших(Человек)"	"2004 год"	"200412"	"ЮЖНО-КАЗАХСТАНСКАЯ ОБЛАСТЬ"	"0"	"городская местность"	"0"	"Всего"	"0"	"7 326"
"Число умерших(Человек)"	"2016 год"	"201612"	"ЮЖНО-КАЗАХСТАНСКАЯ ОБЛАСТЬ"	"0"	"городская местность"	"0"	"Всего"	"0"	"7 064"
"Число умерших(Человек)"	"2010 год"	"201012"	"ЮЖНО-КАЗАХСТАНСКАЯ ОБЛАСТЬ"	"0"	"городская местность"	"0"	"Всего"	"0"	"6 570"
"Число умерших(Человек)"	"2015 год"	"201512"	"ЮЖНО-КАЗАХСТАНСКАЯ ОБЛАСТЬ"	"0"	"городская местность"	"0"	"Всего"	"0"	"7 029"
"Число умерших(Человек)"	"2013 год"	"201312"	"ЮЖНО-КАЗАХСТАНСКАЯ ОБЛАСТЬ"	"0"	"городская местность"	"0"	"Всего"	"0"	"6 543"
"Число умерших(Человек)"	"2014 год"	"201412"	"ЮЖНО-КАЗАХСТАНСКАЯ ОБЛАСТЬ"	"0"	"городская местность"	"0"	"Всего"	"0"	"7 046"
"Число умерших(Человек)"	"2012 год"	"201212"	"ЮЖНО-КАЗАХСТАНСКАЯ ОБЛАСТЬ"	"0"	"городская местность"	"0"	"Всего"	"0"	"6 552"
"Число умерших(Человек)"	"2009 год"	"200912"	"ЗАПАДНО-КАЗАХСТАНСКАЯ ОБЛАСТЬ"	"0"	"сельская местность"	"0"	"Всего"	"0"	"2 981"
"Число умерших(Человек)"	"2011 год"	"201112"	"ЗАПАДНО-КАЗАХСТАНСКАЯ ОБЛАСТЬ"	"0"	"сельская местность"	"0"	"Всего"	"0"	"2 953"
"Число умерших(Человек)"	"2000 год"	"200012"	"ЗАПАДНО-КАЗАХСТАНСКАЯ ОБЛАСТЬ"	"0"	"сельская местность"	"0"	"Всего"	"0"	"3 204"
"Число умерших(Человек)"	"2002 год"	"200212"	"ЗАПАДНО-КАЗАХСТАНСКАЯ ОБЛАСТЬ"	"0"	"сельская местность"	"0"	"Всего"	"0"	"3 290"
"Число умерших(Человек)"	"2005 год"	"200512"	"ЗАПАДНО-КАЗАХСТАНСКАЯ ОБЛАСТЬ"	"0"	"сельская местность"	"0"	"Всего"	"0"	"3 092"
"Число умерших(Человек)"	"2007 год"	"200712"	"ЗАПАДНО-КАЗАХСТАНСКАЯ ОБЛАСТЬ"	"0"	"сельская местность"	"0"	"Всего"	"0"	"3 187"
"Число умерших(Человек)"	"2001 год"	"200112"	"ЗАПАДНО-КАЗАХСТАНСКАЯ ОБЛАСТЬ"	"0"	"сельская местность"	"0"	"Всего"	"0"	"3 240"
"Число умерших(Человек)"	"2003 год"	"200312"	"ЗАПАДНО-КАЗАХСТАНСКАЯ ОБЛАСТЬ"	"0"	"сельская местность"	"0"	"Всего"	"0"	"3 381"
"Число умерших(Человек)"	"2006 год"	"200612"	"ЗАПАДНО-КАЗАХСТАНСКАЯ ОБЛАСТЬ"	"0"	"сельская местность"	"0"	"Всего"	"0"	"3 064"
"Число умерших(Человек)"	"2008 год"	"200812"	"ЗАПАДНО-КАЗАХСТАНСКАЯ ОБЛАСТЬ"	"0"	"сельская местность"	"0"	"Всего"	"0"	"3 098"
"Число умерших(Человек)"	"2004 год"	"200412"	"ЗАПАДНО-КАЗАХСТАНСКАЯ ОБЛАСТЬ"	"0"	"сельская местность"	"0"	"Всего"	"0"	"3 010"
"Число умерших(Человек)"	"2016 год"	"201612"	"ЗАПАДНО-КАЗАХСТАНСКАЯ ОБЛАСТЬ"	"0"	"сельская местность"	"0"	"Всего"	"0"	"2 696"
"Число умерших(Человек)"	"2010 год"	"201012"	"ЗАПАДНО-КАЗАХСТАНСКАЯ ОБЛАСТЬ"	"0"	"сельская местность"	"0"	"Всего"	"0"	"2 981"
"Число умерших(Человек)"	"2015 год"	"201512"	"ЗАПАДНО-КАЗАХСТАНСКАЯ ОБЛАСТЬ"	"0"	"сельская местность"	"0"	"Всего"	"0"	"2 597"
"Число умерших(Человек)"	"2013 год"	"201312"	"ЗАПАДНО-КАЗАХСТАНСКАЯ ОБЛАСТЬ"	"0"	"сельская местность"	"0"	"Всего"	"0"	"2 785"
"Число умерших(Человек)"	"2014 год"	"201412"	"ЗАПАДНО-КАЗАХСТАНСКАЯ ОБЛАСТЬ"	"0"	"сельская местность"	"0"	"Всего"	"0"	"2 579"
"Число умерших(Человек)"	"2012 год"	"201212"	"ЗАПАДНО-КАЗАХСТАНСКАЯ ОБЛАСТЬ"	"0"	"сельская местность"	"0"	"Всего"	"0"	"2 831"
"Число умерших(Человек)"	"2021 год"	"202112"	"ЗАПАДНО-КАЗАХСТАНСКАЯ ОБЛАСТЬ"	"0"	"сельская местность"	"0"	"Всего"	"0"	"3 261"
"Число умерших(Человек)"	"2020 год"	"202012"	"ЗАПАДНО-КАЗАХСТАНСКАЯ ОБЛАСТЬ"	"0"	"сельская местность"	"0"	"Всего"	"0"	"2 916"
"Число умерших(Человек)"	"2019 год"	"201912"	"ЗАПАДНО-КАЗАХСТАНСКАЯ ОБЛАСТЬ"	"0"	"сельская местность"	"0"	"Всего"	"0"	"2 522"
"Число умерших(Человек)"	"2018 год"	"201812"	"ЗАПАДНО-КАЗАХСТАНСКАЯ ОБЛАСТЬ"	"0"	"сельская местность"	"0"	"Всего"	"0"	"2 545"
"Число умерших(Человек)"	"2022 год"	"202212"	"ЗАПАДНО-КАЗАХСТАНСКАЯ ОБЛАСТЬ"	"0"	"сельская местность"	"0"	"Всего"	"0"	"2 494"
"Число умерших(Человек)"	"2017 год"	"201712"	"ЗАПАДНО-КАЗАХСТАНСКАЯ ОБЛАСТЬ"	"0"	"сельская местность"	"0"	"Всего"	"0"	"2 674"
"Число умерших(Человек)"	"2023 год"	"202312"	"ЗАПАДНО-КАЗАХСТАНСКАЯ ОБЛАСТЬ"	"0"	"сельская местность"	"0"	"Всего"	"0"	"2 445"
"Число умерших(Человек)"	"2024 год"	"202412"	"ЗАПАДНО-КАЗАХСТАНСКАЯ ОБЛАСТЬ"	"0"	"сельская местность"	"0"	"Всего"	"0"	"2 599"
"Число умерших(Человек)"	"2009 год"	"200912"	"АТЫРАУСКАЯ ОБЛАСТЬ"	"0"	"сельская местность"	"0"	"Всего"	"0"	"2 018"
"Число умерших(Человек)"	"2011 год"	"201112"	"АТЫРАУСКАЯ ОБЛАСТЬ"	"0"	"сельская местность"	"0"	"Всего"	"0"	"1 985"
"Число умерших(Человек)"	"2000 год"	"200012"	"АТЫРАУСКАЯ ОБЛАСТЬ"	"0"	"сельская местность"	"0"	"Всего"	"0"	"1 416"
"Число умерших(Человек)"	"2005 год"	"200512"	"АТЫРАУСКАЯ ОБЛАСТЬ"	"0"	"сельская местность"	"0"	"Всего"	"0"	"1 434"
"Число умерших(Человек)"	"2002 год"	"200212"	"АТЫРАУСКАЯ ОБЛАСТЬ"	"0"	"сельская местность"	"0"	"Всего"	"0"	"1 443"
"Число умерших(Человек)"	"2003 год"	"200312"	"АТЫРАУСКАЯ ОБЛАСТЬ"	"0"	"сельская местность"	"0"	"Всего"	"0"	"1 453"
"Число умерших(Человек)"	"2008 год"	"200812"	"АТЫРАУСКАЯ ОБЛАСТЬ"	"0"	"сельская местность"	"0"	"Всего"	"0"	"2 060"
"Число умерших(Человек)"	"2007 год"	"200712"	"АТЫРАУСКАЯ ОБЛАСТЬ"	"0"	"сельская местность"	"0"	"Всего"	"0"	"2 016"
"Число умерших(Человек)"	"2001 год"	"200112"	"АТЫРАУСКАЯ ОБЛАСТЬ"	"0"	"сельская местность"	"0"	"Всего"	"0"	"1 324"
"Число умерших(Человек)"	"2006 год"	"200612"	"АТЫРАУСКАЯ ОБЛАСТЬ"	"0"	"сельская местность"	"0"	"Всего"	"0"	"1 638"
"Число умерших(Человек)"	"2004 год"	"200412"	"АТЫРАУСКАЯ ОБЛАСТЬ"	"0"	"сельская местность"	"0"	"Всего"	"0"	"1 434"
"Число умерших(Человек)"	"2016 год"	"201612"	"АТЫРАУСКАЯ ОБЛАСТЬ"	"0"	"сельская местность"	"0"	"Всего"	"0"	"1 939"
"Число умерших(Человек)"	"2010 год"	"201012"	"АТЫРАУСКАЯ ОБЛАСТЬ"	"0"	"сельская местность"	"0"	"Всего"	"0"	"2 073"
"Число умерших(Человек)"	"2015 год"	"201512"	"АТЫРАУСКАЯ ОБЛАСТЬ"	"0"	"сельская местность"	"0"	"Всего"	"0"	"1 732"
"Число умерших(Человек)"	"2013 год"	"201312"	"АТЫРАУСКАЯ ОБЛАСТЬ"	"0"	"сельская местность"	"0"	"Всего"	"0"	"1 822"
"Число умерших(Человек)"	"2014 год"	"201412"	"АТЫРАУСКАЯ ОБЛАСТЬ"	"0"	"сельская местность"	"0"	"Всего"	"0"	"1 875"
"Число умерших(Человек)"	"2012 год"	"201212"	"АТЫРАУСКАЯ ОБЛАСТЬ"	"0"	"сельская местность"	"0"	"Всего"	"0"	"1 921"
"Число умерших(Человек)"	"2021 год"	"202112"	"АТЫРАУСКАЯ ОБЛАСТЬ"	"0"	"сельская местность"	"0"	"Всего"	"0"	"2 251"
"Число умерших(Человек)"	"2020 год"	"202012"	"АТЫРАУСКАЯ ОБЛАСТЬ"	"0"	"сельская местность"	"0"	"Всего"	"0"	"2 067"
"Число умерших(Человек)"	"2019 год"	"201912"	"АТЫРАУСКАЯ ОБЛАСТЬ"	"0"	"сельская местность"	"0"	"Всего"	"0"	"1 668"
"Число умерших(Человек)"	"2018 год"	"201812"	"АТЫРАУСКАЯ ОБЛАСТЬ"	"0"	"сельская местность"	"0"	"Всего"	"0"	"1 694"
"Число умерших(Человек)"	"2022 год"	"202212"	"АТЫРАУСКАЯ ОБЛАСТЬ"	"0"	"сельская местность"	"0"	"Всего"	"0"	"1 661"
"Число умерших(Человек)"	"2017 год"	"201712"	"АТЫРАУСКАЯ ОБЛАСТЬ"	"0"	"сельская местность"	"0"	"Всего"	"0"	"1 694"
"Число умерших(Человек)"	"2023 год"	"202312"	"АТЫРАУСКАЯ ОБЛАСТЬ"	"0"	"сельская местность"	"0"	"Всего"	"0"	"1 675"
"Число умерших(Человек)"	"2024 год"	"202412"	"АТЫРАУСКАЯ ОБЛАСТЬ"	"0"	"сельская местность"	"0"	"Всего"	"0"	"1 655"
"Число умерших(Человек)"	"2009 год"	"200912"	"РЕСПУБЛИКА КАЗАХСТАН"	"0"	"сельская местность"	"0"	"Всего"	"0"	"60 734"
"Число умерших(Человек)"	"2011 год"	"201112"	"РЕСПУБЛИКА КАЗАХСТАН"	"0"	"сельская местность"	"0"	"Всего"	"0"	"61 197"
"Число умерших(Человек)"	"2000 год"	"200012"	"РЕСПУБЛИКА КАЗАХСТАН"	"0"	"сельская местность"	"0"	"Всего"	"0"	"55 184"
"Число умерших(Человек)"	"2005 год"	"200512"	"РЕСПУБЛИКА КАЗАХСТАН"	"0"	"сельская местность"	"0"	"Всего"	"0"	"56 470"
"Число умерших(Человек)"	"2002 год"	"200212"	"РЕСПУБЛИКА КАЗАХСТАН"	"0"	"сельская местность"	"0"	"Всего"	"0"	"53 911"
"Число умерших(Человек)"	"2001 год"	"200112"	"РЕСПУБЛИКА КАЗАХСТАН"	"0"	"сельская местность"	"0"	"Всего"	"0"	"53 710"
"Число умерших(Человек)"	"2007 год"	"200712"	"РЕСПУБЛИКА КАЗАХСТАН"	"0"	"сельская местность"	"0"	"Всего"	"0"	"65 912"
"Число умерших(Человек)"	"2003 год"	"200312"	"РЕСПУБЛИКА КАЗАХСТАН"	"0"	"сельская местность"	"0"	"Всего"	"0"	"55 682"
"Число умерших(Человек)"	"2004 год"	"200412"	"РЕСПУБЛИКА КАЗАХСТАН"	"0"	"сельская местность"	"0"	"Всего"	"0"	"54 225"
"Число умерших(Человек)"	"2008 год"	"200812"	"РЕСПУБЛИКА КАЗАХСТАН"	"0"	"сельская местность"	"0"	"Всего"	"0"	"63 939"
"Число умерших(Человек)"	"2006 год"	"200612"	"РЕСПУБЛИКА КАЗАХСТАН"	"0"	"сельская местность"	"0"	"Всего"	"0"	"56 684"
"Число умерших(Человек)"	"2016 год"	"201612"	"РЕСПУБЛИКА КАЗАХСТАН"	"0"	"сельская местность"	"0"	"Всего"	"0"	"53 230"
"Число умерших(Человек)"	"2010 год"	"201012"	"РЕСПУБЛИКА КАЗАХСТАН"	"0"	"сельская местность"	"0"	"Всего"	"0"	"62 135"
"Число умерших(Человек)"	"2015 год"	"201512"	"РЕСПУБЛИКА КАЗАХСТАН"	"0"	"сельская местность"	"0"	"Всего"	"0"	"53 492"
"Число умерших(Человек)"	"2013 год"	"201312"	"РЕСПУБЛИКА КАЗАХСТАН"	"0"	"сельская местность"	"0"	"Всего"	"0"	"57 604"
"Число умерших(Человек)"	"2014 год"	"201412"	"РЕСПУБЛИКА КАЗАХСТАН"	"0"	"сельская местность"	"0"	"Всего"	"0"	"54 484"
"Число умерших(Человек)"	"2012 год"	"201212"	"РЕСПУБЛИКА КАЗАХСТАН"	"0"	"сельская местность"	"0"	"Всего"	"0"	"60 299"
"Число умерших(Человек)"	"2021 год"	"202112"	"РЕСПУБЛИКА КАЗАХСТАН"	"0"	"сельская местность"	"0"	"Всего"	"0"	"66 317"
"Число умерших(Человек)"	"2020 год"	"202012"	"РЕСПУБЛИКА КАЗАХСТАН"	"0"	"сельская местность"	"0"	"Всего"	"0"	"60 838"
"Число умерших(Человек)"	"2019 год"	"201912"	"РЕСПУБЛИКА КАЗАХСТАН"	"0"	"сельская местность"	"0"	"Всего"	"0"	"51 556"
"Число умерших(Человек)"	"2018 год"	"201812"	"РЕСПУБЛИКА КАЗАХСТАН"	"0"	"сельская местность"	"0"	"Всего"	"0"	"51 276"
"Число умерших(Человек)"	"2022 год"	"202212"	"РЕСПУБЛИКА КАЗАХСТАН"	"0"	"сельская местность"	"0"	"Всего"	"0"	"50 000"
"Число умерших(Человек)"	"2017 год"	"201712"	"РЕСПУБЛИКА КАЗАХСТАН"	"0"	"сельская местность"	"0"	"Всего"	"0"	"52 013"
"Число умерших(Человек)"	"2023 год"	"202312"	"РЕСПУБЛИКА КАЗАХСТАН"	"0"	"сельская местность"	"0"	"Всего"	"0"	"50 444"
"Число умерших(Человек)"	"2024 год"	"202412"	"РЕСПУБЛИКА КАЗАХСТАН"	"0"	"сельская местность"	"0"	"Всего"	"0"	"50 765"
"Число умерших(Человек)"	"2009 год"	"200912"	"АЛМАТИНСКАЯ ОБЛАСТЬ"	"0"	"Всего"	"0"	"Всего"	"0"	"14 661"
"Число умерших(Человек)"	"2011 год"	"201112"	"АЛМАТИНСКАЯ ОБЛАСТЬ"	"0"	"Всего"	"0"	"Всего"	"0"	"14 931"
"Число умерших(Человек)"	"2000 год"	"200012"	"АЛМАТИНСКАЯ ОБЛАСТЬ"	"0"	"Всего"	"0"	"Всего"	"0"	"14 090"
"Число умерших(Человек)"	"2005 год"	"200512"	"АЛМАТИНСКАЯ ОБЛАСТЬ"	"0"	"Всего"	"0"	"Всего"	"0"	"15 383"
"Число умерших(Человек)"	"2001 год"	"200112"	"АЛМАТИНСКАЯ ОБЛАСТЬ"	"0"	"Всего"	"0"	"Всего"	"0"	"13 571"
"Число умерших(Человек)"	"2002 год"	"200212"	"АЛМАТИНСКАЯ ОБЛАСТЬ"	"0"	"Всего"	"0"	"Всего"	"0"	"13 894"
"Число умерших(Человек)"	"2003 год"	"200312"	"АЛМАТИНСКАЯ ОБЛАСТЬ"	"0"	"Всего"	"0"	"Всего"	"0"	"14 702"
"Число умерших(Человек)"	"2007 год"	"200712"	"АЛМАТИНСКАЯ ОБЛАСТЬ"	"0"	"Всего"	"0"	"Всего"	"0"	"15 826"
"Число умерших(Человек)"	"2008 год"	"200812"	"АЛМАТИНСКАЯ ОБЛАСТЬ"	"0"	"Всего"	"0"	"Всего"	"0"	"15 079"
"Число умерших(Человек)"	"2006 год"	"200612"	"АЛМАТИНСКАЯ ОБЛАСТЬ"	"0"	"Всего"	"0"	"Всего"	"0"	"15 405"
"Число умерших(Человек)"	"2004 год"	"200412"	"АЛМАТИНСКАЯ ОБЛАСТЬ"	"0"	"Всего"	"0"	"Всего"	"0"	"14 675"
"Число умерших(Человек)"	"2016 год"	"201612"	"АЛМАТИНСКАЯ ОБЛАСТЬ"	"0"	"Всего"	"0"	"Всего"	"0"	"13 457"
"Число умерших(Человек)"	"2010 год"	"201012"	"АЛМАТИНСКАЯ ОБЛАСТЬ"	"0"	"Всего"	"0"	"Всего"	"0"	"15 056"
"Число умерших(Человек)"	"2015 год"	"201512"	"АЛМАТИНСКАЯ ОБЛАСТЬ"	"0"	"Всего"	"0"	"Всего"	"0"	"13 654"
"Число умерших(Человек)"	"2013 год"	"201312"	"АЛМАТИНСКАЯ ОБЛАСТЬ"	"0"	"Всего"	"0"	"Всего"	"0"	"14 459"
"Число умерших(Человек)"	"2014 год"	"201412"	"АЛМАТИНСКАЯ ОБЛАСТЬ"	"0"	"Всего"	"0"	"Всего"	"0"	"13 661"
"Число умерших(Человек)"	"2012 год"	"201212"	"АЛМАТИНСКАЯ ОБЛАСТЬ"	"0"	"Всего"	"0"	"Всего"	"0"	"15 219"
"Число умерших(Человек)"	"2021 год"	"202112"	"АЛМАТИНСКАЯ ОБЛАСТЬ"	"0"	"Всего"	"0"	"Всего"	"0"	"18 452"
"Число умерших(Человек)"	"2020 год"	"202012"	"АЛМАТИНСКАЯ ОБЛАСТЬ"	"0"	"Всего"	"0"	"Всего"	"0"	"16 137"
"Число умерших(Человек)"	"2019 год"	"201912"	"АЛМАТИНСКАЯ ОБЛАСТЬ"	"0"	"Всего"	"0"	"Всего"	"0"	"13 578"
"Число умерших(Человек)"	"2018 год"	"201812"	"АЛМАТИНСКАЯ ОБЛАСТЬ"	"0"	"Всего"	"0"	"Всего"	"0"	"13 286"
"Число умерших(Человек)"	"2022 год"	"202212"	"АЛМАТИНСКАЯ ОБЛАСТЬ"	"0"	"Всего"	"0"	"Всего"	"0"	"9 416"
"Число умерших(Человек)"	"2017 год"	"201712"	"АЛМАТИНСКАЯ ОБЛАСТЬ"	"0"	"Всего"	"0"	"Всего"	"0"	"13 486"
"Число умерших(Человек)"	"2023 год"	"202312"	"АЛМАТИНСКАЯ ОБЛАСТЬ"	"0"	"Всего"	"0"	"Всего"	"0"	"9 330"
"Число умерших(Человек)"	"2024 год"	"202412"	"АЛМАТИНСКАЯ ОБЛАСТЬ"	"0"	"Всего"	"0"	"Всего"	"0"	"9 475"
"Число умерших(Человек)"	"2009 год"	"200912"	"КАРАГАНДИНСКАЯ ОБЛАСТЬ"	"0"	"сельская местность"	"0"	"Всего"	"0"	"2 772"
"Число умерших(Человек)"	"2011 год"	"201112"	"КАРАГАНДИНСКАЯ ОБЛАСТЬ"	"0"	"сельская местность"	"0"	"Всего"	"0"	"2 922"
"Число умерших(Человек)"	"2000 год"	"200012"	"КАРАГАНДИНСКАЯ ОБЛАСТЬ"	"0"	"сельская местность"	"0"	"Всего"	"0"	"1 974"
"Число умерших(Человек)"	"2005 год"	"200512"	"КАРАГАНДИНСКАЯ ОБЛАСТЬ"	"0"	"сельская местность"	"0"	"Всего"	"0"	"1 898"
"Число умерших(Человек)"	"2002 год"	"200212"	"КАРАГАНДИНСКАЯ ОБЛАСТЬ"	"0"	"сельская местность"	"0"	"Всего"	"0"	"1 864"
"Число умерших(Человек)"	"2001 год"	"200112"	"КАРАГАНДИНСКАЯ ОБЛАСТЬ"	"0"	"сельская местность"	"0"	"Всего"	"0"	"1 883"
"Число умерших(Человек)"	"2007 год"	"200712"	"КАРАГАНДИНСКАЯ ОБЛАСТЬ"	"0"	"сельская местность"	"0"	"Всего"	"0"	"3 263"
"Число умерших(Человек)"	"2003 год"	"200312"	"КАРАГАНДИНСКАЯ ОБЛАСТЬ"	"0"	"сельская местность"	"0"	"Всего"	"0"	"1 983"
"Число умерших(Человек)"	"2004 год"	"200412"	"КАРАГАНДИНСКАЯ ОБЛАСТЬ"	"0"	"сельская местность"	"0"	"Всего"	"0"	"1 747"
"Число умерших(Человек)"	"2008 год"	"200812"	"КАРАГАНДИНСКАЯ ОБЛАСТЬ"	"0"	"сельская местность"	"0"	"Всего"	"0"	"3 201"
"Число умерших(Человек)"	"2006 год"	"200612"	"КАРАГАНДИНСКАЯ ОБЛАСТЬ"	"0"	"сельская местность"	"0"	"Всего"	"0"	"1 863"
"Число умерших(Человек)"	"2016 год"	"201612"	"КАРАГАНДИНСКАЯ ОБЛАСТЬ"	"0"	"сельская местность"	"0"	"Всего"	"0"	"2 466"
"Число умерших(Человек)"	"2010 год"	"201012"	"КАРАГАНДИНСКАЯ ОБЛАСТЬ"	"0"	"сельская местность"	"0"	"Всего"	"0"	"2 950"
"Число умерших(Человек)"	"2015 год"	"201512"	"КАРАГАНДИНСКАЯ ОБЛАСТЬ"	"0"	"сельская местность"	"0"	"Всего"	"0"	"2 459"
"Число умерших(Человек)"	"2013 год"	"201312"	"КАРАГАНДИНСКАЯ ОБЛАСТЬ"	"0"	"сельская местность"	"0"	"Всего"	"0"	"2 662"
"Число умерших(Человек)"	"2014 год"	"201412"	"КАРАГАНДИНСКАЯ ОБЛАСТЬ"	"0"	"сельская местность"	"0"	"Всего"	"0"	"2 479"
"Число умерших(Человек)"	"2012 год"	"201212"	"КАРАГАНДИНСКАЯ ОБЛАСТЬ"	"0"	"сельская местность"	"0"	"Всего"	"0"	"2 800"
"Число умерших(Человек)"	"2021 год"	"202112"	"КАРАГАНДИНСКАЯ ОБЛАСТЬ"	"0"	"сельская местность"	"0"	"Всего"	"0"	"2 745"
"Число умерших(Человек)"	"2020 год"	"202012"	"КАРАГАНДИНСКАЯ ОБЛАСТЬ"	"0"	"сельская местность"	"0"	"Всего"	"0"	"2 733"
"Число умерших(Человек)"	"2019 год"	"201912"	"КАРАГАНДИНСКАЯ ОБЛАСТЬ"	"0"	"сельская местность"	"0"	"Всего"	"0"	"2 326"
"Число умерших(Человек)"	"2018 год"	"201812"	"КАРАГАНДИНСКАЯ ОБЛАСТЬ"	"0"	"сельская местность"	"0"	"Всего"	"0"	"2 306"
"Число умерших(Человек)"	"2022 год"	"202212"	"КАРАГАНДИНСКАЯ ОБЛАСТЬ"	"0"	"сельская местность"	"0"	"Всего"	"0"	"2 014"
"Число умерших(Человек)"	"2017 год"	"201712"	"КАРАГАНДИНСКАЯ ОБЛАСТЬ"	"0"	"сельская местность"	"0"	"Всего"	"0"	"2 241"
"Число умерших(Человек)"	"2023 год"	"202312"	"КАРАГАНДИНСКАЯ ОБЛАСТЬ"	"0"	"сельская местность"	"0"	"Всего"	"0"	"1 916"
"Число умерших(Человек)"	"2024 год"	"202412"	"КАРАГАНДИНСКАЯ ОБЛАСТЬ"	"0"	"сельская местность"	"0"	"Всего"	"0"	"1 734"
"Число умерших(Человек)"	"2009 год"	"200912"	"ЖАМБЫЛСКАЯ ОБЛАСТЬ"	"0"	"сельская местность"	"0"	"Всего"	"0"	"4 636"
"Число умерших(Человек)"	"2011 год"	"201112"	"ЖАМБЫЛСКАЯ ОБЛАСТЬ"	"0"	"сельская местность"	"0"	"Всего"	"0"	"4 396"
"Число умерших(Человек)"	"2000 год"	"200012"	"ЖАМБЫЛСКАЯ ОБЛАСТЬ"	"0"	"сельская местность"	"0"	"Всего"	"0"	"4 261"
"Число умерших(Человек)"	"2005 год"	"200512"	"ЖАМБЫЛСКАЯ ОБЛАСТЬ"	"0"	"сельская местность"	"0"	"Всего"	"0"	"4 328"
"Число умерших(Человек)"	"2002 год"	"200212"	"ЖАМБЫЛСКАЯ ОБЛАСТЬ"	"0"	"сельская местность"	"0"	"Всего"	"0"	"4 041"
"Число умерших(Человек)"	"2001 год"	"200112"	"ЖАМБЫЛСКАЯ ОБЛАСТЬ"	"0"	"сельская местность"	"0"	"Всего"	"0"	"4 054"
"Число умерших(Человек)"	"2003 год"	"200312"	"ЖАМБЫЛСКАЯ ОБЛАСТЬ"	"0"	"сельская местность"	"0"	"Всего"	"0"	"4 346"
"Число умерших(Человек)"	"2007 год"	"200712"	"ЖАМБЫЛСКАЯ ОБЛАСТЬ"	"0"	"сельская местность"	"0"	"Всего"	"0"	"4 669"
"Число умерших(Человек)"	"2008 год"	"200812"	"ЖАМБЫЛСКАЯ ОБЛАСТЬ"	"0"	"сельская местность"	"0"	"Всего"	"0"	"4 668"
"Число умерших(Человек)"	"2004 год"	"200412"	"ЖАМБЫЛСКАЯ ОБЛАСТЬ"	"0"	"сельская местность"	"0"	"Всего"	"0"	"4 269"
"Число умерших(Человек)"	"2006 год"	"200612"	"ЖАМБЫЛСКАЯ ОБЛАСТЬ"	"0"	"сельская местность"	"0"	"Всего"	"0"	"4 288"
"Число умерших(Человек)"	"2016 год"	"201612"	"ЖАМБЫЛСКАЯ ОБЛАСТЬ"	"0"	"сельская местность"	"0"	"Всего"	"0"	"3 983"
"Число умерших(Человек)"	"2010 год"	"201012"	"ЖАМБЫЛСКАЯ ОБЛАСТЬ"	"0"	"сельская местность"	"0"	"Всего"	"0"	"4 590"
"Число умерших(Человек)"	"2015 год"	"201512"	"ЖАМБЫЛСКАЯ ОБЛАСТЬ"	"0"	"сельская местность"	"0"	"Всего"	"0"	"3 899"
"Число умерших(Человек)"	"2013 год"	"201312"	"ЖАМБЫЛСКАЯ ОБЛАСТЬ"	"0"	"сельская местность"	"0"	"Всего"	"0"	"4 232"
"Число умерших(Человек)"	"2014 год"	"201412"	"ЖАМБЫЛСКАЯ ОБЛАСТЬ"	"0"	"сельская местность"	"0"	"Всего"	"0"	"3 973"
"Число умерших(Человек)"	"2012 год"	"201212"	"ЖАМБЫЛСКАЯ ОБЛАСТЬ"	"0"	"сельская местность"	"0"	"Всего"	"0"	"4 420"
"Число умерших(Человек)"	"2021 год"	"202112"	"ЖАМБЫЛСКАЯ ОБЛАСТЬ"	"0"	"сельская местность"	"0"	"Всего"	"0"	"5 208"
"Число умерших(Человек)"	"2020 год"	"202012"	"ЖАМБЫЛСКАЯ ОБЛАСТЬ"	"0"	"сельская местность"	"0"	"Всего"	"0"	"4 595"
"Число умерших(Человек)"	"2019 год"	"201912"	"ЖАМБЫЛСКАЯ ОБЛАСТЬ"	"0"	"сельская местность"	"0"	"Всего"	"0"	"3 941"
"Число умерших(Человек)"	"2018 год"	"201812"	"ЖАМБЫЛСКАЯ ОБЛАСТЬ"	"0"	"сельская местность"	"0"	"Всего"	"0"	"3 906"
"Число умерших(Человек)"	"2022 год"	"202212"	"ЖАМБЫЛСКАЯ ОБЛАСТЬ"	"0"	"сельская местность"	"0"	"Всего"	"0"	"3 856"
"Число умерших(Человек)"	"2017 год"	"201712"	"ЖАМБЫЛСКАЯ ОБЛАСТЬ"	"0"	"сельская местность"	"0"	"Всего"	"0"	"3 855"
"Число умерших(Человек)"	"2023 год"	"202312"	"ЖАМБЫЛСКАЯ ОБЛАСТЬ"	"0"	"сельская местность"	"0"	"Всего"	"0"	"3 916"
"Число умерших(Человек)"	"2024 год"	"202412"	"ЖАМБЫЛСКАЯ ОБЛАСТЬ"	"0"	"сельская местность"	"0"	"Всего"	"0"	"4 004"
"Число умерших(Человек)"	"2009 год"	"200912"	"ЮЖНО-КАЗАХСТАНСКАЯ ОБЛАСТЬ"	"0"	"Всего"	"0"	"Всего"	"0"	"15 242"
"Число умерших(Человек)"	"2011 год"	"201112"	"ЮЖНО-КАЗАХСТАНСКАЯ ОБЛАСТЬ"	"0"	"Всего"	"0"	"Всего"	"0"	"15 772"
"Число умерших(Человек)"	"2000 год"	"200012"	"ЮЖНО-КАЗАХСТАНСКАЯ ОБЛАСТЬ"	"0"	"Всего"	"0"	"Всего"	"0"	"13 909"
"Число умерших(Человек)"	"2001 год"	"200112"	"ЮЖНО-КАЗАХСТАНСКАЯ ОБЛАСТЬ"	"0"	"Всего"	"0"	"Всего"	"0"	"14 142"
"Число умерших(Человек)"	"2005 год"	"200512"	"ЮЖНО-КАЗАХСТАНСКАЯ ОБЛАСТЬ"	"0"	"Всего"	"0"	"Всего"	"0"	"15 751"
"Число умерших(Человек)"	"2002 год"	"200212"	"ЮЖНО-КАЗАХСТАНСКАЯ ОБЛАСТЬ"	"0"	"Всего"	"0"	"Всего"	"0"	"14 795"
"Число умерших(Человек)"	"2008 год"	"200812"	"ЮЖНО-КАЗАХСТАНСКАЯ ОБЛАСТЬ"	"0"	"Всего"	"0"	"Всего"	"0"	"16 526"
"Число умерших(Человек)"	"2003 год"	"200312"	"ЮЖНО-КАЗАХСТАНСКАЯ ОБЛАСТЬ"	"0"	"Всего"	"0"	"Всего"	"0"	"15 334"
"Число умерших(Человек)"	"2006 год"	"200612"	"ЮЖНО-КАЗАХСТАНСКАЯ ОБЛАСТЬ"	"0"	"Всего"	"0"	"Всего"	"0"	"15 777"
"Число умерших(Человек)"	"2007 год"	"200712"	"ЮЖНО-КАЗАХСТАНСКАЯ ОБЛАСТЬ"	"0"	"Всего"	"0"	"Всего"	"0"	"16 343"
"Число умерших(Человек)"	"2004 год"	"200412"	"ЮЖНО-КАЗАХСТАНСКАЯ ОБЛАСТЬ"	"0"	"Всего"	"0"	"Всего"	"0"	"14 865"
"Число умерших(Человек)"	"2016 год"	"201612"	"ЮЖНО-КАЗАХСТАНСКАЯ ОБЛАСТЬ"	"0"	"Всего"	"0"	"Всего"	"0"	"14 662"
"Число умерших(Человек)"	"2010 год"	"201012"	"ЮЖНО-КАЗАХСТАНСКАЯ ОБЛАСТЬ"	"0"	"Всего"	"0"	"Всего"	"0"	"15 517"
"Число умерших(Человек)"	"2015 год"	"201512"	"ЮЖНО-КАЗАХСТАНСКАЯ ОБЛАСТЬ"	"0"	"Всего"	"0"	"Всего"	"0"	"14 837"
"Число умерших(Человек)"	"2013 год"	"201312"	"ЮЖНО-КАЗАХСТАНСКАЯ ОБЛАСТЬ"	"0"	"Всего"	"0"	"Всего"	"0"	"15 115"
"Число умерших(Человек)"	"2014 год"	"201412"	"ЮЖНО-КАЗАХСТАНСКАЯ ОБЛАСТЬ"	"0"	"Всего"	"0"	"Всего"	"0"	"14 932"
"Число умерших(Человек)"	"2012 год"	"201212"	"ЮЖНО-КАЗАХСТАНСКАЯ ОБЛАСТЬ"	"0"	"Всего"	"0"	"Всего"	"0"	"15 347"
"Число умерших(Человек)"	"2009 год"	"200912"	"МАНГИСТАУСКАЯ ОБЛАСТЬ"	"0"	"сельская местность"	"0"	"Всего"	"0"	"1 129"
"Число умерших(Человек)"	"2011 год"	"201112"	"МАНГИСТАУСКАЯ ОБЛАСТЬ"	"0"	"сельская местность"	"0"	"Всего"	"0"	"1 194"
"Число умерших(Человек)"	"2000 год"	"200012"	"МАНГИСТАУСКАЯ ОБЛАСТЬ"	"0"	"сельская местность"	"0"	"Всего"	"0"	"418"
"Число умерших(Человек)"	"2005 год"	"200512"	"МАНГИСТАУСКАЯ ОБЛАСТЬ"	"0"	"сельская местность"	"0"	"Всего"	"0"	"686"
"Число умерших(Человек)"	"2002 год"	"200212"	"МАНГИСТАУСКАЯ ОБЛАСТЬ"	"0"	"сельская местность"	"0"	"Всего"	"0"	"538"
"Число умерших(Человек)"	"2001 год"	"200112"	"МАНГИСТАУСКАЯ ОБЛАСТЬ"	"0"	"сельская местность"	"0"	"Всего"	"0"	"514"
"Число умерших(Человек)"	"2003 год"	"200312"	"МАНГИСТАУСКАЯ ОБЛАСТЬ"	"0"	"сельская местность"	"0"	"Всего"	"0"	"512"
"Число умерших(Человек)"	"2007 год"	"200712"	"МАНГИСТАУСКАЯ ОБЛАСТЬ"	"0"	"сельская местность"	"0"	"Всего"	"0"	"913"
"Число умерших(Человек)"	"2008 год"	"200812"	"МАНГИСТАУСКАЯ ОБЛАСТЬ"	"0"	"сельская местность"	"0"	"Всего"	"0"	"1 204"
"Число умерших(Человек)"	"2004 год"	"200412"	"МАНГИСТАУСКАЯ ОБЛАСТЬ"	"0"	"сельская местность"	"0"	"Всего"	"0"	"503"
"Число умерших(Человек)"	"2006 год"	"200612"	"МАНГИСТАУСКАЯ ОБЛАСТЬ"	"0"	"сельская местность"	"0"	"Всего"	"0"	"726"
"Число умерших(Человек)"	"2016 год"	"201612"	"МАНГИСТАУСКАЯ ОБЛАСТЬ"	"0"	"сельская местность"	"0"	"Всего"	"0"	"1 310"
"Число умерших(Человек)"	"2010 год"	"201012"	"МАНГИСТАУСКАЯ ОБЛАСТЬ"	"0"	"сельская местность"	"0"	"Всего"	"0"	"1 119"
"Число умерших(Человек)"	"2015 год"	"201512"	"МАНГИСТАУСКАЯ ОБЛАСТЬ"	"0"	"сельская местность"	"0"	"Всего"	"0"	"1 383"
"Число умерших(Человек)"	"2013 год"	"201312"	"МАНГИСТАУСКАЯ ОБЛАСТЬ"	"0"	"сельская местность"	"0"	"Всего"	"0"	"1 232"
"Число умерших(Человек)"	"2014 год"	"201412"	"МАНГИСТАУСКАЯ ОБЛАСТЬ"	"0"	"сельская местность"	"0"	"Всего"	"0"	"1 220"
"Число умерших(Человек)"	"2012 год"	"201212"	"МАНГИСТАУСКАЯ ОБЛАСТЬ"	"0"	"сельская местность"	"0"	"Всего"	"0"	"1 211"
"Число умерших(Человек)"	"2021 год"	"202112"	"МАНГИСТАУСКАЯ ОБЛАСТЬ"	"0"	"сельская местность"	"0"	"Всего"	"0"	"2 145"
"Число умерших(Человек)"	"2020 год"	"202012"	"МАНГИСТАУСКАЯ ОБЛАСТЬ"	"0"	"сельская местность"	"0"	"Всего"	"0"	"2 041"
"Число умерших(Человек)"	"2019 год"	"201912"	"МАНГИСТАУСКАЯ ОБЛАСТЬ"	"0"	"сельская местность"	"0"	"Всего"	"0"	"1 484"
"Число умерших(Человек)"	"2018 год"	"201812"	"МАНГИСТАУСКАЯ ОБЛАСТЬ"	"0"	"сельская местность"	"0"	"Всего"	"0"	"1 478"
"Число умерших(Человек)"	"2022 год"	"202212"	"МАНГИСТАУСКАЯ ОБЛАСТЬ"	"0"	"сельская местность"	"0"	"Всего"	"0"	"1 460"
"Число умерших(Человек)"	"2017 год"	"201712"	"МАНГИСТАУСКАЯ ОБЛАСТЬ"	"0"	"сельская местность"	"0"	"Всего"	"0"	"1 327"
"Число умерших(Человек)"	"2023 год"	"202312"	"МАНГИСТАУСКАЯ ОБЛАСТЬ"	"0"	"сельская местность"	"0"	"Всего"	"0"	"1 692"
"Число умерших(Человек)"	"2024 год"	"202412"	"МАНГИСТАУСКАЯ ОБЛАСТЬ"	"0"	"сельская местность"	"0"	"Всего"	"0"	"1 814"
"Число умерших(Человек)"	"2009 год"	"200912"	"КЫЗЫЛОРДИНСКАЯ ОБЛАСТЬ"	"0"	"сельская местность"	"0"	"Всего"	"0"	"2 786"
"Число умерших(Человек)"	"2011 год"	"201112"	"КЫЗЫЛОРДИНСКАЯ ОБЛАСТЬ"	"0"	"сельская местность"	"0"	"Всего"	"0"	"2 671"
"Число умерших(Человек)"	"2000 год"	"200012"	"КЫЗЫЛОРДИНСКАЯ ОБЛАСТЬ"	"0"	"сельская местность"	"0"	"Всего"	"0"	"1 500"
"Число умерших(Человек)"	"2005 год"	"200512"	"КЫЗЫЛОРДИНСКАЯ ОБЛАСТЬ"	"0"	"сельская местность"	"0"	"Всего"	"0"	"1 504"
"Число умерших(Человек)"	"2002 год"	"200212"	"КЫЗЫЛОРДИНСКАЯ ОБЛАСТЬ"	"0"	"сельская местность"	"0"	"Всего"	"0"	"1 548"
"Число умерших(Человек)"	"2001 год"	"200112"	"КЫЗЫЛОРДИНСКАЯ ОБЛАСТЬ"	"0"	"сельская местность"	"0"	"Всего"	"0"	"1 490"
"Число умерших(Человек)"	"2003 год"	"200312"	"КЫЗЫЛОРДИНСКАЯ ОБЛАСТЬ"	"0"	"сельская местность"	"0"	"Всего"	"0"	"1 542"
"Число умерших(Человек)"	"2007 год"	"200712"	"КЫЗЫЛОРДИНСКАЯ ОБЛАСТЬ"	"0"	"сельская местность"	"0"	"Всего"	"0"	"2 878"
"Число умерших(Человек)"	"2008 год"	"200812"	"КЫЗЫЛОРДИНСКАЯ ОБЛАСТЬ"	"0"	"сельская местность"	"0"	"Всего"	"0"	"2 708"
"Число умерших(Человек)"	"2004 год"	"200412"	"КЫЗЫЛОРДИНСКАЯ ОБЛАСТЬ"	"0"	"сельская местность"	"0"	"Всего"	"0"	"1 416"
"Число умерших(Человек)"	"2006 год"	"200612"	"КЫЗЫЛОРДИНСКАЯ ОБЛАСТЬ"	"0"	"сельская местность"	"0"	"Всего"	"0"	"1 612"
"Число умерших(Человек)"	"2016 год"	"201612"	"КЫЗЫЛОРДИНСКАЯ ОБЛАСТЬ"	"0"	"сельская местность"	"0"	"Всего"	"0"	"2 425"
"Число умерших(Человек)"	"2010 год"	"201012"	"КЫЗЫЛОРДИНСКАЯ ОБЛАСТЬ"	"0"	"сельская местность"	"0"	"Всего"	"0"	"2 705"
"Число умерших(Человек)"	"2015 год"	"201512"	"КЫЗЫЛОРДИНСКАЯ ОБЛАСТЬ"	"0"	"сельская местность"	"0"	"Всего"	"0"	"2 326"
"Число умерших(Человек)"	"2013 год"	"201312"	"КЫЗЫЛОРДИНСКАЯ ОБЛАСТЬ"	"0"	"сельская местность"	"0"	"Всего"	"0"	"2 476"
"Число умерших(Человек)"	"2014 год"	"201412"	"КЫЗЫЛОРДИНСКАЯ ОБЛАСТЬ"	"0"	"сельская местность"	"0"	"Всего"	"0"	"2 507"
"Число умерших(Человек)"	"2012 год"	"201212"	"КЫЗЫЛОРДИНСКАЯ ОБЛАСТЬ"	"0"	"сельская местность"	"0"	"Всего"	"0"	"2 581"
"Число умерших(Человек)"	"2021 год"	"202112"	"КЫЗЫЛОРДИНСКАЯ ОБЛАСТЬ"	"0"	"сельская местность"	"0"	"Всего"	"0"	"2 920"
"Число умерших(Человек)"	"2020 год"	"202012"	"КЫЗЫЛОРДИНСКАЯ ОБЛАСТЬ"	"0"	"сельская местность"	"0"	"Всего"	"0"	"3 125"
"Число умерших(Человек)"	"2019 год"	"201912"	"КЫЗЫЛОРДИНСКАЯ ОБЛАСТЬ"	"0"	"сельская местность"	"0"	"Всего"	"0"	"2 428"
"Число умерших(Человек)"	"2018 год"	"201812"	"КЫЗЫЛОРДИНСКАЯ ОБЛАСТЬ"	"0"	"сельская местность"	"0"	"Всего"	"0"	"2 285"
"Число умерших(Человек)"	"2022 год"	"202212"	"КЫЗЫЛОРДИНСКАЯ ОБЛАСТЬ"	"0"	"сельская местность"	"0"	"Всего"	"0"	"2 346"
"Число умерших(Человек)"	"2017 год"	"201712"	"КЫЗЫЛОРДИНСКАЯ ОБЛАСТЬ"	"0"	"сельская местность"	"0"	"Всего"	"0"	"2 388"
"Число умерших(Человек)"	"2023 год"	"202312"	"КЫЗЫЛОРДИНСКАЯ ОБЛАСТЬ"	"0"	"сельская местность"	"0"	"Всего"	"0"	"2 384"
"Число умерших(Человек)"	"2024 год"	"202412"	"КЫЗЫЛОРДИНСКАЯ ОБЛАСТЬ"	"0"	"сельская местность"	"0"	"Всего"	"0"	"2 404"
"Число умерших(Человек)"	"2009 год"	"200912"	"Г.АЛМАТЫ"	"0"	"Всего"	"0"	"Всего"	"0"	"11 148"
"Число умерших(Человек)"	"2011 год"	"201112"	"Г.АЛМАТЫ"	"0"	"Всего"	"0"	"Всего"	"0"	"11 446"
"Число умерших(Человек)"	"2000 год"	"200012"	"Г.АЛМАТЫ"	"0"	"Всего"	"0"	"Всего"	"0"	"12 183"
"Число умерших(Человек)"	"2005 год"	"200512"	"Г.АЛМАТЫ"	"0"	"Всего"	"0"	"Всего"	"0"	"13 535"
"Число умерших(Человек)"	"2002 год"	"200212"	"Г.АЛМАТЫ"	"0"	"Всего"	"0"	"Всего"	"0"	"11 898"
"Число умерших(Человек)"	"2001 год"	"200112"	"Г.АЛМАТЫ"	"0"	"Всего"	"0"	"Всего"	"0"	"11 915"
"Число умерших(Человек)"	"2007 год"	"200712"	"Г.АЛМАТЫ"	"0"	"Всего"	"0"	"Всего"	"0"	"12 048"
"Число умерших(Человек)"	"2003 год"	"200312"	"Г.АЛМАТЫ"	"0"	"Всего"	"0"	"Всего"	"0"	"12 839"
"Число умерших(Человек)"	"2008 год"	"200812"	"Г.АЛМАТЫ"	"0"	"Всего"	"0"	"Всего"	"0"	"12 226"
"Число умерших(Человек)"	"2006 год"	"200612"	"Г.АЛМАТЫ"	"0"	"Всего"	"0"	"Всего"	"0"	"12 199"
"Число умерших(Человек)"	"2004 год"	"200412"	"Г.АЛМАТЫ"	"0"	"Всего"	"0"	"Всего"	"0"	"13 056"
"Число умерших(Человек)"	"2016 год"	"201612"	"Г.АЛМАТЫ"	"0"	"Всего"	"0"	"Всего"	"0"	"10 794"
"Число умерших(Человек)"	"2010 год"	"201012"	"Г.АЛМАТЫ"	"0"	"Всего"	"0"	"Всего"	"0"	"11 826"
"Число умерших(Человек)"	"2015 год"	"201512"	"Г.АЛМАТЫ"	"0"	"Всего"	"0"	"Всего"	"0"	"10 579"
"Число умерших(Человек)"	"2013 год"	"201312"	"Г.АЛМАТЫ"	"0"	"Всего"	"0"	"Всего"	"0"	"10 819"
"Число умерших(Человек)"	"2014 год"	"201412"	"Г.АЛМАТЫ"	"0"	"Всего"	"0"	"Всего"	"0"	"11 049"
"Число умерших(Человек)"	"2012 год"	"201212"	"Г.АЛМАТЫ"	"0"	"Всего"	"0"	"Всего"	"0"	"11 230"
"Число умерших(Человек)"	"2021 год"	"202112"	"Г.АЛМАТЫ"	"0"	"Всего"	"0"	"Всего"	"0"	"18 220"
"Число умерших(Человек)"	"2020 год"	"202012"	"Г.АЛМАТЫ"	"0"	"Всего"	"0"	"Всего"	"0"	"14 440"
"Число умерших(Человек)"	"2019 год"	"201912"	"Г.АЛМАТЫ"	"0"	"Всего"	"0"	"Всего"	"0"	"12 240"
"Число умерших(Человек)"	"2018 год"	"201812"	"Г.АЛМАТЫ"	"0"	"Всего"	"0"	"Всего"	"0"	"11 678"
"Число умерших(Человек)"	"2022 год"	"202212"	"Г.АЛМАТЫ"	"0"	"Всего"	"0"	"Всего"	"0"	"12 326"
"Число умерших(Человек)"	"2017 год"	"201712"	"Г.АЛМАТЫ"	"0"	"Всего"	"0"	"Всего"	"0"	"10 935"
"Число умерших(Человек)"	"2023 год"	"202312"	"Г.АЛМАТЫ"	"0"	"Всего"	"0"	"Всего"	"0"	"11 923"
"Число умерших(Человек)"	"2024 год"	"202412"	"Г.АЛМАТЫ"	"0"	"Всего"	"0"	"Всего"	"0"	"12 163"
"Число умерших(Человек)"	"2009 год"	"200912"	"Г.АЛМАТЫ"	"0"	"городская местность"	"0"	"Всего"	"0"	"11 148"
"Число умерших(Человек)"	"2011 год"	"201112"	"Г.АЛМАТЫ"	"0"	"городская местность"	"0"	"Всего"	"0"	"11 446"
"Число умерших(Человек)"	"2000 год"	"200012"	"Г.АЛМАТЫ"	"0"	"городская местность"	"0"	"Всего"	"0"	"12 183"
"Число умерших(Человек)"	"2002 год"	"200212"	"Г.АЛМАТЫ"	"0"	"городская местность"	"0"	"Всего"	"0"	"11 898"
"Число умерших(Человек)"	"2005 год"	"200512"	"Г.АЛМАТЫ"	"0"	"городская местность"	"0"	"Всего"	"0"	"13 535"
"Число умерших(Человек)"	"2001 год"	"200112"	"Г.АЛМАТЫ"	"0"	"городская местность"	"0"	"Всего"	"0"	"11 915"
"Число умерших(Человек)"	"2003 год"	"200312"	"Г.АЛМАТЫ"	"0"	"городская местность"	"0"	"Всего"	"0"	"12 839"
"Число умерших(Человек)"	"2007 год"	"200712"	"Г.АЛМАТЫ"	"0"	"городская местность"	"0"	"Всего"	"0"	"12 048"
"Число умерших(Человек)"	"2006 год"	"200612"	"Г.АЛМАТЫ"	"0"	"городская местность"	"0"	"Всего"	"0"	"12 199"
"Число умерших(Человек)"	"2008 год"	"200812"	"Г.АЛМАТЫ"	"0"	"городская местность"	"0"	"Всего"	"0"	"12 226"
"Число умерших(Человек)"	"2004 год"	"200412"	"Г.АЛМАТЫ"	"0"	"городская местность"	"0"	"Всего"	"0"	"13 056"
"Число умерших(Человек)"	"2016 год"	"201612"	"Г.АЛМАТЫ"	"0"	"городская местность"	"0"	"Всего"	"0"	"10 794"
"Число умерших(Человек)"	"2010 год"	"201012"	"Г.АЛМАТЫ"	"0"	"городская местность"	"0"	"Всего"	"0"	"11 826"
"Число умерших(Человек)"	"2015 год"	"201512"	"Г.АЛМАТЫ"	"0"	"городская местность"	"0"	"Всего"	"0"	"10 579"
"Число умерших(Человек)"	"2013 год"	"201312"	"Г.АЛМАТЫ"	"0"	"городская местность"	"0"	"Всего"	"0"	"10 819"
"Число умерших(Человек)"	"2014 год"	"201412"	"Г.АЛМАТЫ"	"0"	"городская местность"	"0"	"Всего"	"0"	"11 049"
"Число умерших(Человек)"	"2012 год"	"201212"	"Г.АЛМАТЫ"	"0"	"городская местность"	"0"	"Всего"	"0"	"11 230"
"Число умерших(Человек)"	"2021 год"	"202112"	"Г.АЛМАТЫ"	"0"	"городская местность"	"0"	"Всего"	"0"	"18 220"
"Число умерших(Человек)"	"2020 год"	"202012"	"Г.АЛМАТЫ"	"0"	"городская местность"	"0"	"Всего"	"0"	"14 440"
"Число умерших(Человек)"	"2019 год"	"201912"	"Г.АЛМАТЫ"	"0"	"городская местность"	"0"	"Всего"	"0"	"12 240"
"Число умерших(Человек)"	"2018 год"	"201812"	"Г.АЛМАТЫ"	"0"	"городская местность"	"0"	"Всего"	"0"	"11 678"
"Число умерших(Человек)"	"2022 год"	"202212"	"Г.АЛМАТЫ"	"0"	"городская местность"	"0"	"Всего"	"0"	"12 326"
"Число умерших(Человек)"	"2017 год"	"201712"	"Г.АЛМАТЫ"	"0"	"городская местность"	"0"	"Всего"	"0"	"10 935"
"Число умерших(Человек)"	"2023 год"	"202312"	"Г.АЛМАТЫ"	"0"	"городская местность"	"0"	"Всего"	"0"	"11 923"
"Число умерших(Человек)"	"2024 год"	"202412"	"Г.АЛМАТЫ"	"0"	"городская местность"	"0"	"Всего"	"0"	"12 163"
"Число умерших(Человек)"	"2009 год"	"200912"	"АЛМАТИНСКАЯ ОБЛАСТЬ"	"0"	"сельская местность"	"0"	"Всего"	"0"	"10 336"
"Число умерших(Человек)"	"2011 год"	"201112"	"АЛМАТИНСКАЯ ОБЛАСТЬ"	"0"	"сельская местность"	"0"	"Всего"	"0"	"10 583"
"Число умерших(Человек)"	"2000 год"	"200012"	"АЛМАТИНСКАЯ ОБЛАСТЬ"	"0"	"сельская местность"	"0"	"Всего"	"0"	"8 739"
"Число умерших(Человек)"	"2002 год"	"200212"	"АЛМАТИНСКАЯ ОБЛАСТЬ"	"0"	"сельская местность"	"0"	"Всего"	"0"	"8 555"
"Число умерших(Человек)"	"2005 год"	"200512"	"АЛМАТИНСКАЯ ОБЛАСТЬ"	"0"	"сельская местность"	"0"	"Всего"	"0"	"9 414"
"Число умерших(Человек)"	"2001 год"	"200112"	"АЛМАТИНСКАЯ ОБЛАСТЬ"	"0"	"сельская местность"	"0"	"Всего"	"0"	"8 335"
"Число умерших(Человек)"	"2008 год"	"200812"	"АЛМАТИНСКАЯ ОБЛАСТЬ"	"0"	"сельская местность"	"0"	"Всего"	"0"	"10 652"
"Число умерших(Человек)"	"2007 год"	"200712"	"АЛМАТИНСКАЯ ОБЛАСТЬ"	"0"	"сельская местность"	"0"	"Всего"	"0"	"11 167"
"Число умерших(Человек)"	"2006 год"	"200612"	"АЛМАТИНСКАЯ ОБЛАСТЬ"	"0"	"сельская местность"	"0"	"Всего"	"0"	"9 422"
"Число умерших(Человек)"	"2003 год"	"200312"	"АЛМАТИНСКАЯ ОБЛАСТЬ"	"0"	"сельская местность"	"0"	"Всего"	"0"	"8 991"
"Число умерших(Человек)"	"2004 год"	"200412"	"АЛМАТИНСКАЯ ОБЛАСТЬ"	"0"	"сельская местность"	"0"	"Всего"	"0"	"8 919"
"Число умерших(Человек)"	"2016 год"	"201612"	"АЛМАТИНСКАЯ ОБЛАСТЬ"	"0"	"сельская местность"	"0"	"Всего"	"0"	"9 374"
"Число умерших(Человек)"	"2010 год"	"201012"	"АЛМАТИНСКАЯ ОБЛАСТЬ"	"0"	"сельская местность"	"0"	"Всего"	"0"	"10 700"
"Число умерших(Человек)"	"2015 год"	"201512"	"АЛМАТИНСКАЯ ОБЛАСТЬ"	"0"	"сельская местность"	"0"	"Всего"	"0"	"9 474"
"Число умерших(Человек)"	"2013 год"	"201312"	"АЛМАТИНСКАЯ ОБЛАСТЬ"	"0"	"сельская местность"	"0"	"Всего"	"0"	"10 363"
"Число умерших(Человек)"	"2014 год"	"201412"	"АЛМАТИНСКАЯ ОБЛАСТЬ"	"0"	"сельская местность"	"0"	"Всего"	"0"	"9 626"
"Число умерших(Человек)"	"2012 год"	"201212"	"АЛМАТИНСКАЯ ОБЛАСТЬ"	"0"	"сельская местность"	"0"	"Всего"	"0"	"10 859"
"Число умерших(Человек)"	"2021 год"	"202112"	"АЛМАТИНСКАЯ ОБЛАСТЬ"	"0"	"сельская местность"	"0"	"Всего"	"0"	"12 787"
"Число умерших(Человек)"	"2020 год"	"202012"	"АЛМАТИНСКАЯ ОБЛАСТЬ"	"0"	"сельская местность"	"0"	"Всего"	"0"	"11 319"
"Число умерших(Человек)"	"2019 год"	"201912"	"АЛМАТИНСКАЯ ОБЛАСТЬ"	"0"	"сельская местность"	"0"	"Всего"	"0"	"9 564"
"Число умерших(Человек)"	"2018 год"	"201812"	"АЛМАТИНСКАЯ ОБЛАСТЬ"	"0"	"сельская местность"	"0"	"Всего"	"0"	"9 284"
"Число умерших(Человек)"	"2022 год"	"202212"	"АЛМАТИНСКАЯ ОБЛАСТЬ"	"0"	"сельская местность"	"0"	"Всего"	"0"	"7 421"
"Число умерших(Человек)"	"2017 год"	"201712"	"АЛМАТИНСКАЯ ОБЛАСТЬ"	"0"	"сельская местность"	"0"	"Всего"	"0"	"9 518"
"Число умерших(Человек)"	"2023 год"	"202312"	"АЛМАТИНСКАЯ ОБЛАСТЬ"	"0"	"сельская местность"	"0"	"Всего"	"0"	"7 604"
"Число умерших(Человек)"	"2024 год"	"202412"	"АЛМАТИНСКАЯ ОБЛАСТЬ"	"0"	"сельская местность"	"0"	"Всего"	"0"	"7 537"
"Число умерших(Человек)"	"2009 год"	"200912"	"ЮЖНО-КАЗАХСТАНСКАЯ ОБЛАСТЬ"	"0"	"сельская местность"	"0"	"Всего"	"0"	"8 326"
"Число умерших(Человек)"	"2011 год"	"201112"	"ЮЖНО-КАЗАХСТАНСКАЯ ОБЛАСТЬ"	"0"	"сельская местность"	"0"	"Всего"	"0"	"8 854"
"Число умерших(Человек)"	"2000 год"	"200012"	"ЮЖНО-КАЗАХСТАНСКАЯ ОБЛАСТЬ"	"0"	"сельская местность"	"0"	"Всего"	"0"	"7 379"
"Число умерших(Человек)"	"2002 год"	"200212"	"ЮЖНО-КАЗАХСТАНСКАЯ ОБЛАСТЬ"	"0"	"сельская местность"	"0"	"Всего"	"0"	"7 740"
"Число умерших(Человек)"	"2005 год"	"200512"	"ЮЖНО-КАЗАХСТАНСКАЯ ОБЛАСТЬ"	"0"	"сельская местность"	"0"	"Всего"	"0"	"7 938"
"Число умерших(Человек)"	"2001 год"	"200112"	"ЮЖНО-КАЗАХСТАНСКАЯ ОБЛАСТЬ"	"0"	"сельская местность"	"0"	"Всего"	"0"	"7 501"
"Число умерших(Человек)"	"2007 год"	"200712"	"ЮЖНО-КАЗАХСТАНСКАЯ ОБЛАСТЬ"	"0"	"сельская местность"	"0"	"Всего"	"0"	"8 577"
"Число умерших(Человек)"	"2003 год"	"200312"	"ЮЖНО-КАЗАХСТАНСКАЯ ОБЛАСТЬ"	"0"	"сельская местность"	"0"	"Всего"	"0"	"7 741"
"Число умерших(Человек)"	"2008 год"	"200812"	"ЮЖНО-КАЗАХСТАНСКАЯ ОБЛАСТЬ"	"0"	"сельская местность"	"0"	"Всего"	"0"	"8 674"
"Число умерших(Человек)"	"2004 год"	"200412"	"ЮЖНО-КАЗАХСТАНСКАЯ ОБЛАСТЬ"	"0"	"сельская местность"	"0"	"Всего"	"0"	"7 539"
"Число умерших(Человек)"	"2006 год"	"200612"	"ЮЖНО-КАЗАХСТАНСКАЯ ОБЛАСТЬ"	"0"	"сельская местность"	"0"	"Всего"	"0"	"7 905"
"Число умерших(Человек)"	"2016 год"	"201612"	"ЮЖНО-КАЗАХСТАНСКАЯ ОБЛАСТЬ"	"0"	"сельская местность"	"0"	"Всего"	"0"	"7 598"
"Число умерших(Человек)"	"2010 год"	"201012"	"ЮЖНО-КАЗАХСТАНСКАЯ ОБЛАСТЬ"	"0"	"сельская местность"	"0"	"Всего"	"0"	"8 947"
"Число умерших(Человек)"	"2015 год"	"201512"	"ЮЖНО-КАЗАХСТАНСКАЯ ОБЛАСТЬ"	"0"	"сельская местность"	"0"	"Всего"	"0"	"7 808"
"Число умерших(Человек)"	"2013 год"	"201312"	"ЮЖНО-КАЗАХСТАНСКАЯ ОБЛАСТЬ"	"0"	"сельская местность"	"0"	"Всего"	"0"	"8 572"
"Число умерших(Человек)"	"2014 год"	"201412"	"ЮЖНО-КАЗАХСТАНСКАЯ ОБЛАСТЬ"	"0"	"сельская местность"	"0"	"Всего"	"0"	"7 886"
"Число умерших(Человек)"	"2012 год"	"201212"	"ЮЖНО-КАЗАХСТАНСКАЯ ОБЛАСТЬ"	"0"	"сельская местность"	"0"	"Всего"	"0"	"8 795"
"Число умерших(Человек)"	"2009 год"	"200912"	"Г.АСТАНА"	"0"	"Всего"	"0"	"Всего"	"0"	"3 130"
"Число умерших(Человек)"	"2011 год"	"201112"	"Г.АСТАНА"	"0"	"Всего"	"0"	"Всего"	"0"	"3 290"
"Число умерших(Человек)"	"2000 год"	"200012"	"Г.АСТАНА"	"0"	"Всего"	"0"	"Всего"	"0"	"2 952"
"Число умерших(Человек)"	"2005 год"	"200512"	"Г.АСТАНА"	"0"	"Всего"	"0"	"Всего"	"0"	"3 618"
"Число умерших(Человек)"	"2002 год"	"200212"	"Г.АСТАНА"	"0"	"Всего"	"0"	"Всего"	"0"	"3 410"
"Число умерших(Человек)"	"2001 год"	"200112"	"Г.АСТАНА"	"0"	"Всего"	"0"	"Всего"	"0"	"3 273"
"Число умерших(Человек)"	"2003 год"	"200312"	"Г.АСТАНА"	"0"	"Всего"	"0"	"Всего"	"0"	"3 286"
"Число умерших(Человек)"	"2007 год"	"200712"	"Г.АСТАНА"	"0"	"Всего"	"0"	"Всего"	"0"	"3 590"
"Число умерших(Человек)"	"2006 год"	"200612"	"Г.АСТАНА"	"0"	"Всего"	"0"	"Всего"	"0"	"3 724"
"Число умерших(Человек)"	"2008 год"	"200812"	"Г.АСТАНА"	"0"	"Всего"	"0"	"Всего"	"0"	"3 307"
"Число умерших(Человек)"	"2004 год"	"200412"	"Г.АСТАНА"	"0"	"Всего"	"0"	"Всего"	"0"	"3 374"
"Число умерших(Человек)"	"2016 год"	"201612"	"Г.АСТАНА"	"0"	"Всего"	"0"	"Всего"	"0"	"4 051"
"Число умерших(Человек)"	"2010 год"	"201012"	"Г.АСТАНА"	"0"	"Всего"	"0"	"Всего"	"0"	"3 177"
"Число умерших(Человек)"	"2015 год"	"201512"	"Г.АСТАНА"	"0"	"Всего"	"0"	"Всего"	"0"	"3 865"
"Число умерших(Человек)"	"2013 год"	"201312"	"Г.АСТАНА"	"0"	"Всего"	"0"	"Всего"	"0"	"3 499"
"Число умерших(Человек)"	"2014 год"	"201412"	"Г.АСТАНА"	"0"	"Всего"	"0"	"Всего"	"0"	"3 578"
"Число умерших(Человек)"	"2012 год"	"201212"	"Г.АСТАНА"	"0"	"Всего"	"0"	"Всего"	"0"	"3 505"
"Число умерших(Человек)"	"2021 год"	"202112"	"Г.АСТАНА"	"0"	"Всего"	"0"	"Всего"	"0"	"6 968"
"Число умерших(Человек)"	"2020 год"	"202012"	"Г.АСТАНА"	"0"	"Всего"	"0"	"Всего"	"0"	"6 175"
"Число умерших(Человек)"	"2019 год"	"201912"	"Г.АСТАНА"	"0"	"Всего"	"0"	"Всего"	"0"	"4 330"
"Число умерших(Человек)"	"2018 год"	"201812"	"Г.АСТАНА"	"0"	"Всего"	"0"	"Всего"	"0"	"4 173"
"Число умерших(Человек)"	"2022 год"	"202212"	"Г.АСТАНА"	"0"	"Всего"	"0"	"Всего"	"0"	"5 343"
"Число умерших(Человек)"	"2017 год"	"201712"	"Г.АСТАНА"	"0"	"Всего"	"0"	"Всего"	"0"	"3 902"
"Число умерших(Человек)"	"2023 год"	"202312"	"Г.АСТАНА"	"0"	"Всего"	"0"	"Всего"	"0"	"5 393"
"Число умерших(Человек)"	"2024 год"	"202412"	"Г.АСТАНА"	"0"	"Всего"	"0"	"Всего"	"0"	"5 782"
"Число умерших(Человек)"	"2009 год"	"200912"	"Г.АСТАНА"	"0"	"городская местность"	"0"	"Всего"	"0"	"3 130"
"Число умерших(Человек)"	"2011 год"	"201112"	"Г.АСТАНА"	"0"	"городская местность"	"0"	"Всего"	"0"	"3 290"
"Число умерших(Человек)"	"2000 год"	"200012"	"Г.АСТАНА"	"0"	"городская местность"	"0"	"Всего"	"0"	"2 952"
"Число умерших(Человек)"	"2005 год"	"200512"	"Г.АСТАНА"	"0"	"городская местность"	"0"	"Всего"	"0"	"3 618"
"Число умерших(Человек)"	"2002 год"	"200212"	"Г.АСТАНА"	"0"	"городская местность"	"0"	"Всего"	"0"	"3 410"
"Число умерших(Человек)"	"2001 год"	"200112"	"Г.АСТАНА"	"0"	"городская местность"	"0"	"Всего"	"0"	"3 273"
"Число умерших(Человек)"	"2007 год"	"200712"	"Г.АСТАНА"	"0"	"городская местность"	"0"	"Всего"	"0"	"3 590"
"Число умерших(Человек)"	"2003 год"	"200312"	"Г.АСТАНА"	"0"	"городская местность"	"0"	"Всего"	"0"	"3 286"
"Число умерших(Человек)"	"2006 год"	"200612"	"Г.АСТАНА"	"0"	"городская местность"	"0"	"Всего"	"0"	"3 724"
"Число умерших(Человек)"	"2008 год"	"200812"	"Г.АСТАНА"	"0"	"городская местность"	"0"	"Всего"	"0"	"3 307"
"Число умерших(Человек)"	"2004 год"	"200412"	"Г.АСТАНА"	"0"	"городская местность"	"0"	"Всего"	"0"	"3 374"
"Число умерших(Человек)"	"2016 год"	"201612"	"Г.АСТАНА"	"0"	"городская местность"	"0"	"Всего"	"0"	"4 051"
"Число умерших(Человек)"	"2010 год"	"201012"	"Г.АСТАНА"	"0"	"городская местность"	"0"	"Всего"	"0"	"3 177"
"Число умерших(Человек)"	"2015 год"	"201512"	"Г.АСТАНА"	"0"	"городская местность"	"0"	"Всего"	"0"	"3 865"
"Число умерших(Человек)"	"2013 год"	"201312"	"Г.АСТАНА"	"0"	"городская местность"	"0"	"Всего"	"0"	"3 499"
"Число умерших(Человек)"	"2014 год"	"201412"	"Г.АСТАНА"	"0"	"городская местность"	"0"	"Всего"	"0"	"3 578"
"Число умерших(Человек)"	"2012 год"	"201212"	"Г.АСТАНА"	"0"	"городская местность"	"0"	"Всего"	"0"	"3 505"
"Число умерших(Человек)"	"2021 год"	"202112"	"Г.АСТАНА"	"0"	"городская местность"	"0"	"Всего"	"0"	"6 968"
"Число умерших(Человек)"	"2020 год"	"202012"	"Г.АСТАНА"	"0"	"городская местность"	"0"	"Всего"	"0"	"6 175"
"Число умерших(Человек)"	"2019 год"	"201912"	"Г.АСТАНА"	"0"	"городская местность"	"0"	"Всего"	"0"	"4 330"
"Число умерших(Человек)"	"2018 год"	"201812"	"Г.АСТАНА"	"0"	"городская местность"	"0"	"Всего"	"0"	"4 173"
"Число умерших(Человек)"	"2022 год"	"202212"	"Г.АСТАНА"	"0"	"городская местность"	"0"	"Всего"	"0"	"5 343"
"Число умерших(Человек)"	"2017 год"	"201712"	"Г.АСТАНА"	"0"	"городская местность"	"0"	"Всего"	"0"	"3 902"
"Число умерших(Человек)"	"2023 год"	"202312"	"Г.АСТАНА"	"0"	"городская местность"	"0"	"Всего"	"0"	"5 393"
"Число умерших(Человек)"	"2024 год"	"202412"	"Г.АСТАНА"	"0"	"городская местность"	"0"	"Всего"	"0"	"5 782"
"Число умерших(Человек)"	"2009 год"	"200912"	"КОКШЕТАУ Г.А."	"0"	"городская местность"	"0"	"Всего"	"0"	"1 623"
"Число умерших(Человек)"	"2011 год"	"201112"	"КОКШЕТАУ Г.А."	"0"	"городская местность"	"0"	"Всего"	"0"	"1 754"
"Число умерших(Человек)"	"2016 год"	"201612"	"КОКШЕТАУ Г.А."	"0"	"городская местность"	"0"	"Всего"	"0"	"1 336"
"Число умерших(Человек)"	"2010 год"	"201012"	"КОКШЕТАУ Г.А."	"0"	"городская местность"	"0"	"Всего"	"0"	"1 653"
"Число умерших(Человек)"	"2015 год"	"201512"	"КОКШЕТАУ Г.А."	"0"	"городская местность"	"0"	"Всего"	"0"	"1 269"
"Число умерших(Человек)"	"2013 год"	"201312"	"КОКШЕТАУ Г.А."	"0"	"городская местность"	"0"	"Всего"	"0"	"1 388"
"Число умерших(Человек)"	"2014 год"	"201412"	"КОКШЕТАУ Г.А."	"0"	"городская местность"	"0"	"Всего"	"0"	"1 393"
"Число умерших(Человек)"	"2012 год"	"201212"	"КОКШЕТАУ Г.А."	"0"	"городская местность"	"0"	"Всего"	"0"	"1 562"
"Число умерших(Человек)"	"2021 год"	"202112"	"КОКШЕТАУ Г.А."	"0"	"городская местность"	"0"	"Всего"	"0"	"1 970"
"Число умерших(Человек)"	"2020 год"	"202012"	"КОКШЕТАУ Г.А."	"0"	"городская местность"	"0"	"Всего"	"0"	"1 803"
"Число умерших(Человек)"	"2019 год"	"201912"	"КОКШЕТАУ Г.А."	"0"	"городская местность"	"0"	"Всего"	"0"	"1 498"
"Число умерших(Человек)"	"2018 год"	"201812"	"КОКШЕТАУ Г.А."	"0"	"городская местность"	"0"	"Всего"	"0"	"1 454"
"Число умерших(Человек)"	"2022 год"	"202212"	"КОКШЕТАУ Г.А."	"0"	"городская местность"	"0"	"Всего"	"0"	"1 526"
"Число умерших(Человек)"	"2017 год"	"201712"	"КОКШЕТАУ Г.А."	"0"	"городская местность"	"0"	"Всего"	"0"	"1 467"
"Число умерших(Человек)"	"2023 год"	"202312"	"КОКШЕТАУ Г.А."	"0"	"городская местность"	"0"	"Всего"	"0"	"1 443"
"Число умерших(Человек)"	"2024 год"	"202412"	"КОКШЕТАУ Г.А."	"0"	"городская местность"	"0"	"Всего"	"0"	"1 507"
"Число умерших(Человек)"	"2009 год"	"200912"	"КОКШЕТАУ Г.А."	"0"	"сельская местность"	"0"	"Всего"	"0"	"89"
"Число умерших(Человек)"	"2011 год"	"201112"	"КОКШЕТАУ Г.А."	"0"	"сельская местность"	"0"	"Всего"	"0"	"72"
"Число умерших(Человек)"	"2016 год"	"201612"	"КОКШЕТАУ Г.А."	"0"	"сельская местность"	"0"	"Всего"	"0"	"73"
"Число умерших(Человек)"	"2010 год"	"201012"	"КОКШЕТАУ Г.А."	"0"	"сельская местность"	"0"	"Всего"	"0"	"89"
"Число умерших(Человек)"	"2015 год"	"201512"	"КОКШЕТАУ Г.А."	"0"	"сельская местность"	"0"	"Всего"	"0"	"79"
"Число умерших(Человек)"	"2013 год"	"201312"	"КОКШЕТАУ Г.А."	"0"	"сельская местность"	"0"	"Всего"	"0"	"93"
"Число умерших(Человек)"	"2014 год"	"201412"	"КОКШЕТАУ Г.А."	"0"	"сельская местность"	"0"	"Всего"	"0"	"66"
"Число умерших(Человек)"	"2012 год"	"201212"	"КОКШЕТАУ Г.А."	"0"	"сельская местность"	"0"	"Всего"	"0"	"89"
"Число умерших(Человек)"	"2021 год"	"202112"	"КОКШЕТАУ Г.А."	"0"	"сельская местность"	"0"	"Всего"	"0"	"118"
"Число умерших(Человек)"	"2020 год"	"202012"	"КОКШЕТАУ Г.А."	"0"	"сельская местность"	"0"	"Всего"	"0"	"123"
"Число умерших(Человек)"	"2019 год"	"201912"	"КОКШЕТАУ Г.А."	"0"	"сельская местность"	"0"	"Всего"	"0"	"93"
"Число умерших(Человек)"	"2018 год"	"201812"	"КОКШЕТАУ Г.А."	"0"	"сельская местность"	"0"	"Всего"	"0"	"75"
"Число умерших(Человек)"	"2022 год"	"202212"	"КОКШЕТАУ Г.А."	"0"	"сельская местность"	"0"	"Всего"	"0"	"101"
"Число умерших(Человек)"	"2017 год"	"201712"	"КОКШЕТАУ Г.А."	"0"	"сельская местность"	"0"	"Всего"	"0"	"73"
"Число умерших(Человек)"	"2023 год"	"202312"	"КОКШЕТАУ Г.А."	"0"	"сельская местность"	"0"	"Всего"	"0"	"102"
"Число умерших(Человек)"	"2024 год"	"202412"	"КОКШЕТАУ Г.А."	"0"	"сельская местность"	"0"	"Всего"	"0"	"113"
"Число умерших(Человек)"	"2009 год"	"200912"	"КОКШЕТАУ Г.А."	"0"	"Всего"	"0"	"Всего"	"0"	"1 712"
"Число умерших(Человек)"	"2011 год"	"201112"	"КОКШЕТАУ Г.А."	"0"	"Всего"	"0"	"Всего"	"0"	"1 826"
"Число умерших(Человек)"	"2016 год"	"201612"	"КОКШЕТАУ Г.А."	"0"	"Всего"	"0"	"Всего"	"0"	"1 409"
"Число умерших(Человек)"	"2010 год"	"201012"	"КОКШЕТАУ Г.А."	"0"	"Всего"	"0"	"Всего"	"0"	"1 742"
"Число умерших(Человек)"	"2015 год"	"201512"	"КОКШЕТАУ Г.А."	"0"	"Всего"	"0"	"Всего"	"0"	"1 348"
"Число умерших(Человек)"	"2013 год"	"201312"	"КОКШЕТАУ Г.А."	"0"	"Всего"	"0"	"Всего"	"0"	"1 481"
"Число умерших(Человек)"	"2014 год"	"201412"	"КОКШЕТАУ Г.А."	"0"	"Всего"	"0"	"Всего"	"0"	"1 459"
"Число умерших(Человек)"	"2012 год"	"201212"	"КОКШЕТАУ Г.А."	"0"	"Всего"	"0"	"Всего"	"0"	"1 651"
"Число умерших(Человек)"	"2021 год"	"202112"	"КОКШЕТАУ Г.А."	"0"	"Всего"	"0"	"Всего"	"0"	"2 088"
"Число умерших(Человек)"	"2020 год"	"202012"	"КОКШЕТАУ Г.А."	"0"	"Всего"	"0"	"Всего"	"0"	"1 926"
"Число умерших(Человек)"	"2019 год"	"201912"	"КОКШЕТАУ Г.А."	"0"	"Всего"	"0"	"Всего"	"0"	"1 591"
"Число умерших(Человек)"	"2018 год"	"201812"	"КОКШЕТАУ Г.А."	"0"	"Всего"	"0"	"Всего"	"0"	"1 529"
"Число умерших(Человек)"	"2022 год"	"202212"	"КОКШЕТАУ Г.А."	"0"	"Всего"	"0"	"Всего"	"0"	"1 627"
"Число умерших(Человек)"	"2017 год"	"201712"	"КОКШЕТАУ Г.А."	"0"	"Всего"	"0"	"Всего"	"0"	"1 540"
"Число умерших(Человек)"	"2023 год"	"202312"	"КОКШЕТАУ Г.А."	"0"	"Всего"	"0"	"Всего"	"0"	"1 545"
"Число умерших(Человек)"	"2024 год"	"202412"	"КОКШЕТАУ Г.А."	"0"	"Всего"	"0"	"Всего"	"0"	"1 620"
"Число умерших(Человек)"	"2009 год"	"200912"	"СТЕПНОГОРСК Г.А."	"0"	"Всего"	"0"	"Всего"	"0"	"913"
"Число умерших(Человек)"	"2011 год"	"201112"	"СТЕПНОГОРСК Г.А."	"0"	"Всего"	"0"	"Всего"	"0"	"914"
"Число умерших(Человек)"	"2016 год"	"201612"	"СТЕПНОГОРСК Г.А."	"0"	"Всего"	"0"	"Всего"	"0"	"826"
"Число умерших(Человек)"	"2010 год"	"201012"	"СТЕПНОГОРСК Г.А."	"0"	"Всего"	"0"	"Всего"	"0"	"906"
"Число умерших(Человек)"	"2015 год"	"201512"	"СТЕПНОГОРСК Г.А."	"0"	"Всего"	"0"	"Всего"	"0"	"777"
"Число умерших(Человек)"	"2013 год"	"201312"	"СТЕПНОГОРСК Г.А."	"0"	"Всего"	"0"	"Всего"	"0"	"878"
"Число умерших(Человек)"	"2014 год"	"201412"	"СТЕПНОГОРСК Г.А."	"0"	"Всего"	"0"	"Всего"	"0"	"784"
"Число умерших(Человек)"	"2012 год"	"201212"	"СТЕПНОГОРСК Г.А."	"0"	"Всего"	"0"	"Всего"	"0"	"849"
"Число умерших(Человек)"	"2021 год"	"202112"	"СТЕПНОГОРСК Г.А."	"0"	"Всего"	"0"	"Всего"	"0"	"1 083"
"Число умерших(Человек)"	"2020 год"	"202012"	"СТЕПНОГОРСК Г.А."	"0"	"Всего"	"0"	"Всего"	"0"	"963"
"Число умерших(Человек)"	"2019 год"	"201912"	"СТЕПНОГОРСК Г.А."	"0"	"Всего"	"0"	"Всего"	"0"	"767"
"Число умерших(Человек)"	"2018 год"	"201812"	"СТЕПНОГОРСК Г.А."	"0"	"Всего"	"0"	"Всего"	"0"	"757"
"Число умерших(Человек)"	"2022 год"	"202212"	"СТЕПНОГОРСК Г.А."	"0"	"Всего"	"0"	"Всего"	"0"	"810"
"Число умерших(Человек)"	"2017 год"	"201712"	"СТЕПНОГОРСК Г.А."	"0"	"Всего"	"0"	"Всего"	"0"	"822"
"Число умерших(Человек)"	"2023 год"	"202312"	"СТЕПНОГОРСК Г.А."	"0"	"Всего"	"0"	"Всего"	"0"	"732"
"Число умерших(Человек)"	"2024 год"	"202412"	"СТЕПНОГОРСК Г.А."	"0"	"Всего"	"0"	"Всего"	"0"	"757"
"Число умерших(Человек)"	"2009 год"	"200912"	"СТЕПНОГОРСК Г.А."	"0"	"городская местность"	"0"	"Всего"	"0"	"900"
"Число умерших(Человек)"	"2011 год"	"201112"	"СТЕПНОГОРСК Г.А."	"0"	"городская местность"	"0"	"Всего"	"0"	"892"
"Число умерших(Человек)"	"2016 год"	"201612"	"СТЕПНОГОРСК Г.А."	"0"	"городская местность"	"0"	"Всего"	"0"	"805"
"Число умерших(Человек)"	"2010 год"	"201012"	"СТЕПНОГОРСК Г.А."	"0"	"городская местность"	"0"	"Всего"	"0"	"884"
"Число умерших(Человек)"	"2015 год"	"201512"	"СТЕПНОГОРСК Г.А."	"0"	"городская местность"	"0"	"Всего"	"0"	"751"
"Число умерших(Человек)"	"2013 год"	"201312"	"СТЕПНОГОРСК Г.А."	"0"	"городская местность"	"0"	"Всего"	"0"	"871"
"Число умерших(Человек)"	"2014 год"	"201412"	"СТЕПНОГОРСК Г.А."	"0"	"городская местность"	"0"	"Всего"	"0"	"755"
"Число умерших(Человек)"	"2012 год"	"201212"	"СТЕПНОГОРСК Г.А."	"0"	"городская местность"	"0"	"Всего"	"0"	"832"
"Число умерших(Человек)"	"2021 год"	"202112"	"СТЕПНОГОРСК Г.А."	"0"	"городская местность"	"0"	"Всего"	"0"	"1 054"
"Число умерших(Человек)"	"2020 год"	"202012"	"СТЕПНОГОРСК Г.А."	"0"	"городская местность"	"0"	"Всего"	"0"	"937"
"Число умерших(Человек)"	"2019 год"	"201912"	"СТЕПНОГОРСК Г.А."	"0"	"городская местность"	"0"	"Всего"	"0"	"752"
"Число умерших(Человек)"	"2018 год"	"201812"	"СТЕПНОГОРСК Г.А."	"0"	"городская местность"	"0"	"Всего"	"0"	"733"
"Число умерших(Человек)"	"2022 год"	"202212"	"СТЕПНОГОРСК Г.А."	"0"	"городская местность"	"0"	"Всего"	"0"	"785"
"Число умерших(Человек)"	"2017 год"	"201712"	"СТЕПНОГОРСК Г.А."	"0"	"городская местность"	"0"	"Всего"	"0"	"800"
"Число умерших(Человек)"	"2023 год"	"202312"	"СТЕПНОГОРСК Г.А."	"0"	"городская местность"	"0"	"Всего"	"0"	"702"
"Число умерших(Человек)"	"2024 год"	"202412"	"СТЕПНОГОРСК Г.А."	"0"	"городская местность"	"0"	"Всего"	"0"	"740"
"Число умерших(Человек)"	"2009 год"	"200912"	"СТЕПНОГОРСК Г.А."	"0"	"сельская местность"	"0"	"Всего"	"0"	"13"
"Число умерших(Человек)"	"2011 год"	"201112"	"СТЕПНОГОРСК Г.А."	"0"	"сельская местность"	"0"	"Всего"	"0"	"22"
"Число умерших(Человек)"	"2016 год"	"201612"	"СТЕПНОГОРСК Г.А."	"0"	"сельская местность"	"0"	"Всего"	"0"	"21"
"Число умерших(Человек)"	"2010 год"	"201012"	"СТЕПНОГОРСК Г.А."	"0"	"сельская местность"	"0"	"Всего"	"0"	"22"
"Число умерших(Человек)"	"2015 год"	"201512"	"СТЕПНОГОРСК Г.А."	"0"	"сельская местность"	"0"	"Всего"	"0"	"26"
"Число умерших(Человек)"	"2013 год"	"201312"	"СТЕПНОГОРСК Г.А."	"0"	"сельская местность"	"0"	"Всего"	"0"	"7"
"Число умерших(Человек)"	"2014 год"	"201412"	"СТЕПНОГОРСК Г.А."	"0"	"сельская местность"	"0"	"Всего"	"0"	"29"
"Число умерших(Человек)"	"2012 год"	"201212"	"СТЕПНОГОРСК Г.А."	"0"	"сельская местность"	"0"	"Всего"	"0"	"17"
"Число умерших(Человек)"	"2021 год"	"202112"	"СТЕПНОГОРСК Г.А."	"0"	"сельская местность"	"0"	"Всего"	"0"	"29"
"Число умерших(Человек)"	"2020 год"	"202012"	"СТЕПНОГОРСК Г.А."	"0"	"сельская местность"	"0"	"Всего"	"0"	"26"
"Число умерших(Человек)"	"2019 год"	"201912"	"СТЕПНОГОРСК Г.А."	"0"	"сельская местность"	"0"	"Всего"	"0"	"15"
"Число умерших(Человек)"	"2018 год"	"201812"	"СТЕПНОГОРСК Г.А."	"0"	"сельская местность"	"0"	"Всего"	"0"	"24"
"Число умерших(Человек)"	"2022 год"	"202212"	"СТЕПНОГОРСК Г.А."	"0"	"сельская местность"	"0"	"Всего"	"0"	"25"
"Число умерших(Человек)"	"2017 год"	"201712"	"СТЕПНОГОРСК Г.А."	"0"	"сельская местность"	"0"	"Всего"	"0"	"22"
"Число умерших(Человек)"	"2023 год"	"202312"	"СТЕПНОГОРСК Г.А."	"0"	"сельская местность"	"0"	"Всего"	"0"	"30"
"Число умерших(Человек)"	"2024 год"	"202412"	"СТЕПНОГОРСК Г.А."	"0"	"сельская местность"	"0"	"Всего"	"0"	"17"
"Число умерших(Человек)"	"2009 год"	"200912"	"АККОЛЬСКИЙ РАЙОН"	"0"	"Всего"	"0"	"Всего"	"0"	"347"
"Число умерших(Человек)"	"2011 год"	"201112"	"АККОЛЬСКИЙ РАЙОН"	"0"	"Всего"	"0"	"Всего"	"0"	"310"
"Число умерших(Человек)"	"2016 год"	"201612"	"АККОЛЬСКИЙ РАЙОН"	"0"	"Всего"	"0"	"Всего"	"0"	"304"
"Число умерших(Человек)"	"2010 год"	"201012"	"АККОЛЬСКИЙ РАЙОН"	"0"	"Всего"	"0"	"Всего"	"0"	"334"
"Число умерших(Человек)"	"2015 год"	"201512"	"АККОЛЬСКИЙ РАЙОН"	"0"	"Всего"	"0"	"Всего"	"0"	"320"
"Число умерших(Человек)"	"2013 год"	"201312"	"АККОЛЬСКИЙ РАЙОН"	"0"	"Всего"	"0"	"Всего"	"0"	"310"
"Число умерших(Человек)"	"2014 год"	"201412"	"АККОЛЬСКИЙ РАЙОН"	"0"	"Всего"	"0"	"Всего"	"0"	"321"
"Число умерших(Человек)"	"2012 год"	"201212"	"АККОЛЬСКИЙ РАЙОН"	"0"	"Всего"	"0"	"Всего"	"0"	"296"
"Число умерших(Человек)"	"2021 год"	"202112"	"АККОЛЬСКИЙ РАЙОН"	"0"	"Всего"	"0"	"Всего"	"0"	"386"
"Число умерших(Человек)"	"2020 год"	"202012"	"АККОЛЬСКИЙ РАЙОН"	"0"	"Всего"	"0"	"Всего"	"0"	"301"
"Число умерших(Человек)"	"2019 год"	"201912"	"АККОЛЬСКИЙ РАЙОН"	"0"	"Всего"	"0"	"Всего"	"0"	"265"
"Число умерших(Человек)"	"2018 год"	"201812"	"АККОЛЬСКИЙ РАЙОН"	"0"	"Всего"	"0"	"Всего"	"0"	"314"
"Число умерших(Человек)"	"2022 год"	"202212"	"АККОЛЬСКИЙ РАЙОН"	"0"	"Всего"	"0"	"Всего"	"0"	"286"
"Число умерших(Человек)"	"2017 год"	"201712"	"АККОЛЬСКИЙ РАЙОН"	"0"	"Всего"	"0"	"Всего"	"0"	"297"
"Число умерших(Человек)"	"2023 год"	"202312"	"АККОЛЬСКИЙ РАЙОН"	"0"	"Всего"	"0"	"Всего"	"0"	"267"
"Число умерших(Человек)"	"2024 год"	"202412"	"АККОЛЬСКИЙ РАЙОН"	"0"	"Всего"	"0"	"Всего"	"0"	"290"
"Число умерших(Человек)"	"2009 год"	"200912"	"АККОЛЬСКИЙ РАЙОН"	"0"	"городская местность"	"0"	"Всего"	"0"	"194"
"Число умерших(Человек)"	"2011 год"	"201112"	"АККОЛЬСКИЙ РАЙОН"	"0"	"городская местность"	"0"	"Всего"	"0"	"161"
"Число умерших(Человек)"	"2016 год"	"201612"	"АККОЛЬСКИЙ РАЙОН"	"0"	"городская местность"	"0"	"Всего"	"0"	"165"
"Число умерших(Человек)"	"2010 год"	"201012"	"АККОЛЬСКИЙ РАЙОН"	"0"	"городская местность"	"0"	"Всего"	"0"	"177"
"Число умерших(Человек)"	"2015 год"	"201512"	"АККОЛЬСКИЙ РАЙОН"	"0"	"городская местность"	"0"	"Всего"	"0"	"178"
"Число умерших(Человек)"	"2013 год"	"201312"	"АККОЛЬСКИЙ РАЙОН"	"0"	"городская местность"	"0"	"Всего"	"0"	"178"
"Число умерших(Человек)"	"2014 год"	"201412"	"АККОЛЬСКИЙ РАЙОН"	"0"	"городская местность"	"0"	"Всего"	"0"	"183"
"Число умерших(Человек)"	"2012 год"	"201212"	"АККОЛЬСКИЙ РАЙОН"	"0"	"городская местность"	"0"	"Всего"	"0"	"150"
"Число умерших(Человек)"	"2021 год"	"202112"	"АККОЛЬСКИЙ РАЙОН"	"0"	"городская местность"	"0"	"Всего"	"0"	"223"
"Число умерших(Человек)"	"2020 год"	"202012"	"АККОЛЬСКИЙ РАЙОН"	"0"	"городская местность"	"0"	"Всего"	"0"	"183"
"Число умерших(Человек)"	"2019 год"	"201912"	"АККОЛЬСКИЙ РАЙОН"	"0"	"городская местность"	"0"	"Всего"	"0"	"153"
"Число умерших(Человек)"	"2018 год"	"201812"	"АККОЛЬСКИЙ РАЙОН"	"0"	"городская местность"	"0"	"Всего"	"0"	"182"
"Число умерших(Человек)"	"2022 год"	"202212"	"АККОЛЬСКИЙ РАЙОН"	"0"	"городская местность"	"0"	"Всего"	"0"	"169"
"Число умерших(Человек)"	"2017 год"	"201712"	"АККОЛЬСКИЙ РАЙОН"	"0"	"городская местность"	"0"	"Всего"	"0"	"167"
"Число умерших(Человек)"	"2023 год"	"202312"	"АККОЛЬСКИЙ РАЙОН"	"0"	"городская местность"	"0"	"Всего"	"0"	"161"
"Число умерших(Человек)"	"2024 год"	"202412"	"АККОЛЬСКИЙ РАЙОН"	"0"	"городская местность"	"0"	"Всего"	"0"	"182"
"Число умерших(Человек)"	"2009 год"	"200912"	"АККОЛЬСКИЙ РАЙОН"	"0"	"сельская местность"	"0"	"Всего"	"0"	"153"
"Число умерших(Человек)"	"2011 год"	"201112"	"АККОЛЬСКИЙ РАЙОН"	"0"	"сельская местность"	"0"	"Всего"	"0"	"149"
"Число умерших(Человек)"	"2016 год"	"201612"	"АККОЛЬСКИЙ РАЙОН"	"0"	"сельская местность"	"0"	"Всего"	"0"	"139"
"Число умерших(Человек)"	"2010 год"	"201012"	"АККОЛЬСКИЙ РАЙОН"	"0"	"сельская местность"	"0"	"Всего"	"0"	"157"
"Число умерших(Человек)"	"2015 год"	"201512"	"АККОЛЬСКИЙ РАЙОН"	"0"	"сельская местность"	"0"	"Всего"	"0"	"142"
"Число умерших(Человек)"	"2013 год"	"201312"	"АККОЛЬСКИЙ РАЙОН"	"0"	"сельская местность"	"0"	"Всего"	"0"	"132"
"Число умерших(Человек)"	"2014 год"	"201412"	"АККОЛЬСКИЙ РАЙОН"	"0"	"сельская местность"	"0"	"Всего"	"0"	"138"
"Число умерших(Человек)"	"2012 год"	"201212"	"АККОЛЬСКИЙ РАЙОН"	"0"	"сельская местность"	"0"	"Всего"	"0"	"146"
"Число умерших(Человек)"	"2021 год"	"202112"	"АККОЛЬСКИЙ РАЙОН"	"0"	"сельская местность"	"0"	"Всего"	"0"	"163"
"Число умерших(Человек)"	"2020 год"	"202012"	"АККОЛЬСКИЙ РАЙОН"	"0"	"сельская местность"	"0"	"Всего"	"0"	"118"
"Число умерших(Человек)"	"2019 год"	"201912"	"АККОЛЬСКИЙ РАЙОН"	"0"	"сельская местность"	"0"	"Всего"	"0"	"112"
"Число умерших(Человек)"	"2018 год"	"201812"	"АККОЛЬСКИЙ РАЙОН"	"0"	"сельская местность"	"0"	"Всего"	"0"	"132"
"Число умерших(Человек)"	"2022 год"	"202212"	"АККОЛЬСКИЙ РАЙОН"	"0"	"сельская местность"	"0"	"Всего"	"0"	"117"
"Число умерших(Человек)"	"2017 год"	"201712"	"АККОЛЬСКИЙ РАЙОН"	"0"	"сельская местность"	"0"	"Всего"	"0"	"130"
"Число умерших(Человек)"	"2023 год"	"202312"	"АККОЛЬСКИЙ РАЙОН"	"0"	"сельская местность"	"0"	"Всего"	"0"	"106"
"Число умерших(Человек)"	"2024 год"	"202412"	"АККОЛЬСКИЙ РАЙОН"	"0"	"сельская местность"	"0"	"Всего"	"0"	"108"
"Число умерших(Человек)"	"2009 год"	"200912"	"АРШАЛЫНСКИЙ РАЙОН"	"0"	"Всего"	"0"	"Всего"	"0"	"286"
"Число умерших(Человек)"	"2011 год"	"201112"	"АРШАЛЫНСКИЙ РАЙОН"	"0"	"Всего"	"0"	"Всего"	"0"	"299"
"Число умерших(Человек)"	"2016 год"	"201612"	"АРШАЛЫНСКИЙ РАЙОН"	"0"	"Всего"	"0"	"Всего"	"0"	"271"
"Число умерших(Человек)"	"2010 год"	"201012"	"АРШАЛЫНСКИЙ РАЙОН"	"0"	"Всего"	"0"	"Всего"	"0"	"305"
"Число умерших(Человек)"	"2015 год"	"201512"	"АРШАЛЫНСКИЙ РАЙОН"	"0"	"Всего"	"0"	"Всего"	"0"	"252"
"Число умерших(Человек)"	"2013 год"	"201312"	"АРШАЛЫНСКИЙ РАЙОН"	"0"	"Всего"	"0"	"Всего"	"0"	"308"
"Число умерших(Человек)"	"2014 год"	"201412"	"АРШАЛЫНСКИЙ РАЙОН"	"0"	"Всего"	"0"	"Всего"	"0"	"269"
"Число умерших(Человек)"	"2012 год"	"201212"	"АРШАЛЫНСКИЙ РАЙОН"	"0"	"Всего"	"0"	"Всего"	"0"	"296"
"Число умерших(Человек)"	"2021 год"	"202112"	"АРШАЛЫНСКИЙ РАЙОН"	"0"	"Всего"	"0"	"Всего"	"0"	"321"
"Число умерших(Человек)"	"2020 год"	"202012"	"АРШАЛЫНСКИЙ РАЙОН"	"0"	"Всего"	"0"	"Всего"	"0"	"278"
"Число умерших(Человек)"	"2019 год"	"201912"	"АРШАЛЫНСКИЙ РАЙОН"	"0"	"Всего"	"0"	"Всего"	"0"	"253"
"Число умерших(Человек)"	"2018 год"	"201812"	"АРШАЛЫНСКИЙ РАЙОН"	"0"	"Всего"	"0"	"Всего"	"0"	"241"
"Число умерших(Человек)"	"2022 год"	"202212"	"АРШАЛЫНСКИЙ РАЙОН"	"0"	"Всего"	"0"	"Всего"	"0"	"255"
"Число умерших(Человек)"	"2017 год"	"201712"	"АРШАЛЫНСКИЙ РАЙОН"	"0"	"Всего"	"0"	"Всего"	"0"	"248"
"Число умерших(Человек)"	"2023 год"	"202312"	"АРШАЛЫНСКИЙ РАЙОН"	"0"	"Всего"	"0"	"Всего"	"0"	"249"
"Число умерших(Человек)"	"2024 год"	"202412"	"АРШАЛЫНСКИЙ РАЙОН"	"0"	"Всего"	"0"	"Всего"	"0"	"272"
"Число умерших(Человек)"	"2009 год"	"200912"	"АРШАЛЫНСКИЙ РАЙОН"	"0"	"сельская местность"	"0"	"Всего"	"0"	"286"
"Число умерших(Человек)"	"2011 год"	"201112"	"АРШАЛЫНСКИЙ РАЙОН"	"0"	"сельская местность"	"0"	"Всего"	"0"	"299"
"Число умерших(Человек)"	"2016 год"	"201612"	"АРШАЛЫНСКИЙ РАЙОН"	"0"	"сельская местность"	"0"	"Всего"	"0"	"271"
"Число умерших(Человек)"	"2010 год"	"201012"	"АРШАЛЫНСКИЙ РАЙОН"	"0"	"сельская местность"	"0"	"Всего"	"0"	"305"
"Число умерших(Человек)"	"2015 год"	"201512"	"АРШАЛЫНСКИЙ РАЙОН"	"0"	"сельская местность"	"0"	"Всего"	"0"	"252"
"Число умерших(Человек)"	"2013 год"	"201312"	"АРШАЛЫНСКИЙ РАЙОН"	"0"	"сельская местность"	"0"	"Всего"	"0"	"308"
"Число умерших(Человек)"	"2014 год"	"201412"	"АРШАЛЫНСКИЙ РАЙОН"	"0"	"сельская местность"	"0"	"Всего"	"0"	"269"
"Число умерших(Человек)"	"2012 год"	"201212"	"АРШАЛЫНСКИЙ РАЙОН"	"0"	"сельская местность"	"0"	"Всего"	"0"	"296"
"Число умерших(Человек)"	"2021 год"	"202112"	"АРШАЛЫНСКИЙ РАЙОН"	"0"	"сельская местность"	"0"	"Всего"	"0"	"321"
"Число умерших(Человек)"	"2020 год"	"202012"	"АРШАЛЫНСКИЙ РАЙОН"	"0"	"сельская местность"	"0"	"Всего"	"0"	"278"
"Число умерших(Человек)"	"2019 год"	"201912"	"АРШАЛЫНСКИЙ РАЙОН"	"0"	"сельская местность"	"0"	"Всего"	"0"	"253"
"Число умерших(Человек)"	"2018 год"	"201812"	"АРШАЛЫНСКИЙ РАЙОН"	"0"	"сельская местность"	"0"	"Всего"	"0"	"241"
"Число умерших(Человек)"	"2022 год"	"202212"	"АРШАЛЫНСКИЙ РАЙОН"	"0"	"сельская местность"	"0"	"Всего"	"0"	"255"
"Число умерших(Человек)"	"2017 год"	"201712"	"АРШАЛЫНСКИЙ РАЙОН"	"0"	"сельская местность"	"0"	"Всего"	"0"	"248"
"Число умерших(Человек)"	"2023 год"	"202312"	"АРШАЛЫНСКИЙ РАЙОН"	"0"	"сельская местность"	"0"	"Всего"	"0"	"249"
"Число умерших(Человек)"	"2024 год"	"202412"	"АРШАЛЫНСКИЙ РАЙОН"	"0"	"сельская местность"	"0"	"Всего"	"0"	"272"
"Число умерших(Человек)"	"2009 год"	"200912"	"АСТРАХАНСКИЙ РАЙОН"	"0"	"Всего"	"0"	"Всего"	"0"	"301"
"Число умерших(Человек)"	"2011 год"	"201112"	"АСТРАХАНСКИЙ РАЙОН"	"0"	"Всего"	"0"	"Всего"	"0"	"315"
"Число умерших(Человек)"	"2016 год"	"201612"	"АСТРАХАНСКИЙ РАЙОН"	"0"	"Всего"	"0"	"Всего"	"0"	"239"
"Число умерших(Человек)"	"2010 год"	"201012"	"АСТРАХАНСКИЙ РАЙОН"	"0"	"Всего"	"0"	"Всего"	"0"	"325"
"Число умерших(Человек)"	"2015 год"	"201512"	"АСТРАХАНСКИЙ РАЙОН"	"0"	"Всего"	"0"	"Всего"	"0"	"269"
"Число умерших(Человек)"	"2013 год"	"201312"	"АСТРАХАНСКИЙ РАЙОН"	"0"	"Всего"	"0"	"Всего"	"0"	"331"
"Число умерших(Человек)"	"2014 год"	"201412"	"АСТРАХАНСКИЙ РАЙОН"	"0"	"Всего"	"0"	"Всего"	"0"	"278"
"Число умерших(Человек)"	"2012 год"	"201212"	"АСТРАХАНСКИЙ РАЙОН"	"0"	"Всего"	"0"	"Всего"	"0"	"313"
"Число умерших(Человек)"	"2021 год"	"202112"	"АСТРАХАНСКИЙ РАЙОН"	"0"	"Всего"	"0"	"Всего"	"0"	"341"
"Число умерших(Человек)"	"2020 год"	"202012"	"АСТРАХАНСКИЙ РАЙОН"	"0"	"Всего"	"0"	"Всего"	"0"	"294"
"Число умерших(Человек)"	"2019 год"	"201912"	"АСТРАХАНСКИЙ РАЙОН"	"0"	"Всего"	"0"	"Всего"	"0"	"274"
"Число умерших(Человек)"	"2018 год"	"201812"	"АСТРАХАНСКИЙ РАЙОН"	"0"	"Всего"	"0"	"Всего"	"0"	"254"
"Число умерших(Человек)"	"2022 год"	"202212"	"АСТРАХАНСКИЙ РАЙОН"	"0"	"Всего"	"0"	"Всего"	"0"	"229"
"Число умерших(Человек)"	"2017 год"	"201712"	"АСТРАХАНСКИЙ РАЙОН"	"0"	"Всего"	"0"	"Всего"	"0"	"287"
"Число умерших(Человек)"	"2023 год"	"202312"	"АСТРАХАНСКИЙ РАЙОН"	"0"	"Всего"	"0"	"Всего"	"0"	"228"
"Число умерших(Человек)"	"2024 год"	"202412"	"АСТРАХАНСКИЙ РАЙОН"	"0"	"Всего"	"0"	"Всего"	"0"	"238"
"Число умерших(Человек)"	"2009 год"	"200912"	"АСТРАХАНСКИЙ РАЙОН"	"0"	"сельская местность"	"0"	"Всего"	"0"	"301"
"Число умерших(Человек)"	"2011 год"	"201112"	"АСТРАХАНСКИЙ РАЙОН"	"0"	"сельская местность"	"0"	"Всего"	"0"	"315"
"Число умерших(Человек)"	"2016 год"	"201612"	"АСТРАХАНСКИЙ РАЙОН"	"0"	"сельская местность"	"0"	"Всего"	"0"	"239"
"Число умерших(Человек)"	"2010 год"	"201012"	"АСТРАХАНСКИЙ РАЙОН"	"0"	"сельская местность"	"0"	"Всего"	"0"	"325"
"Число умерших(Человек)"	"2015 год"	"201512"	"АСТРАХАНСКИЙ РАЙОН"	"0"	"сельская местность"	"0"	"Всего"	"0"	"269"
"Число умерших(Человек)"	"2013 год"	"201312"	"АСТРАХАНСКИЙ РАЙОН"	"0"	"сельская местность"	"0"	"Всего"	"0"	"331"
"Число умерших(Человек)"	"2014 год"	"201412"	"АСТРАХАНСКИЙ РАЙОН"	"0"	"сельская местность"	"0"	"Всего"	"0"	"278"
"Число умерших(Человек)"	"2012 год"	"201212"	"АСТРАХАНСКИЙ РАЙОН"	"0"	"сельская местность"	"0"	"Всего"	"0"	"313"
"Число умерших(Человек)"	"2021 год"	"202112"	"АСТРАХАНСКИЙ РАЙОН"	"0"	"сельская местность"	"0"	"Всего"	"0"	"341"
"Число умерших(Человек)"	"2020 год"	"202012"	"АСТРАХАНСКИЙ РАЙОН"	"0"	"сельская местность"	"0"	"Всего"	"0"	"294"
"Число умерших(Человек)"	"2019 год"	"201912"	"АСТРАХАНСКИЙ РАЙОН"	"0"	"сельская местность"	"0"	"Всего"	"0"	"274"
"Число умерших(Человек)"	"2018 год"	"201812"	"АСТРАХАНСКИЙ РАЙОН"	"0"	"сельская местность"	"0"	"Всего"	"0"	"254"
"Число умерших(Человек)"	"2022 год"	"202212"	"АСТРАХАНСКИЙ РАЙОН"	"0"	"сельская местность"	"0"	"Всего"	"0"	"229"
"Число умерших(Человек)"	"2017 год"	"201712"	"АСТРАХАНСКИЙ РАЙОН"	"0"	"сельская местность"	"0"	"Всего"	"0"	"287"
"Число умерших(Человек)"	"2023 год"	"202312"	"АСТРАХАНСКИЙ РАЙОН"	"0"	"сельская местность"	"0"	"Всего"	"0"	"228"
"Число умерших(Человек)"	"2024 год"	"202412"	"АСТРАХАНСКИЙ РАЙОН"	"0"	"сельская местность"	"0"	"Всего"	"0"	"238"
"Число умерших(Человек)"	"2009 год"	"200912"	"АТБАСАРСКИЙ РАЙОН"	"0"	"Всего"	"0"	"Всего"	"0"	"624"
"Число умерших(Человек)"	"2011 год"	"201112"	"АТБАСАРСКИЙ РАЙОН"	"0"	"Всего"	"0"	"Всего"	"0"	"656"
"Число умерших(Человек)"	"2016 год"	"201612"	"АТБАСАРСКИЙ РАЙОН"	"0"	"Всего"	"0"	"Всего"	"0"	"546"
"Число умерших(Человек)"	"2010 год"	"201012"	"АТБАСАРСКИЙ РАЙОН"	"0"	"Всего"	"0"	"Всего"	"0"	"639"
"Число умерших(Человек)"	"2015 год"	"201512"	"АТБАСАРСКИЙ РАЙОН"	"0"	"Всего"	"0"	"Всего"	"0"	"580"
"Число умерших(Человек)"	"2013 год"	"201312"	"АТБАСАРСКИЙ РАЙОН"	"0"	"Всего"	"0"	"Всего"	"0"	"589"
"Число умерших(Человек)"	"2014 год"	"201412"	"АТБАСАРСКИЙ РАЙОН"	"0"	"Всего"	"0"	"Всего"	"0"	"555"
"Число умерших(Человек)"	"2012 год"	"201212"	"АТБАСАРСКИЙ РАЙОН"	"0"	"Всего"	"0"	"Всего"	"0"	"706"
"Число умерших(Человек)"	"2021 год"	"202112"	"АТБАСАРСКИЙ РАЙОН"	"0"	"Всего"	"0"	"Всего"	"0"	"663"
"Число умерших(Человек)"	"2020 год"	"202012"	"АТБАСАРСКИЙ РАЙОН"	"0"	"Всего"	"0"	"Всего"	"0"	"586"
"Число умерших(Человек)"	"2019 год"	"201912"	"АТБАСАРСКИЙ РАЙОН"	"0"	"Всего"	"0"	"Всего"	"0"	"537"
"Число умерших(Человек)"	"2018 год"	"201812"	"АТБАСАРСКИЙ РАЙОН"	"0"	"Всего"	"0"	"Всего"	"0"	"486"
"Число умерших(Человек)"	"2022 год"	"202212"	"АТБАСАРСКИЙ РАЙОН"	"0"	"Всего"	"0"	"Всего"	"0"	"494"
"Число умерших(Человек)"	"2017 год"	"201712"	"АТБАСАРСКИЙ РАЙОН"	"0"	"Всего"	"0"	"Всего"	"0"	"569"
"Число умерших(Человек)"	"2023 год"	"202312"	"АТБАСАРСКИЙ РАЙОН"	"0"	"Всего"	"0"	"Всего"	"0"	"448"
"Число умерших(Человек)"	"2024 год"	"202412"	"АТБАСАРСКИЙ РАЙОН"	"0"	"Всего"	"0"	"Всего"	"0"	"483"
"Число умерших(Человек)"	"2009 год"	"200912"	"АТБАСАРСКИЙ РАЙОН"	"0"	"городская местность"	"0"	"Всего"	"0"	"394"
"Число умерших(Человек)"	"2011 год"	"201112"	"АТБАСАРСКИЙ РАЙОН"	"0"	"городская местность"	"0"	"Всего"	"0"	"431"
"Число умерших(Человек)"	"2016 год"	"201612"	"АТБАСАРСКИЙ РАЙОН"	"0"	"городская местность"	"0"	"Всего"	"0"	"382"
"Число умерших(Человек)"	"2010 год"	"201012"	"АТБАСАРСКИЙ РАЙОН"	"0"	"городская местность"	"0"	"Всего"	"0"	"391"
"Число умерших(Человек)"	"2015 год"	"201512"	"АТБАСАРСКИЙ РАЙОН"	"0"	"городская местность"	"0"	"Всего"	"0"	"356"
"Число умерших(Человек)"	"2013 год"	"201312"	"АТБАСАРСКИЙ РАЙОН"	"0"	"городская местность"	"0"	"Всего"	"0"	"382"
"Число умерших(Человек)"	"2014 год"	"201412"	"АТБАСАРСКИЙ РАЙОН"	"0"	"городская местность"	"0"	"Всего"	"0"	"365"
"Число умерших(Человек)"	"2012 год"	"201212"	"АТБАСАРСКИЙ РАЙОН"	"0"	"городская местность"	"0"	"Всего"	"0"	"456"
"Число умерших(Человек)"	"2021 год"	"202112"	"АТБАСАРСКИЙ РАЙОН"	"0"	"городская местность"	"0"	"Всего"	"0"	"437"
"Число умерших(Человек)"	"2020 год"	"202012"	"АТБАСАРСКИЙ РАЙОН"	"0"	"городская местность"	"0"	"Всего"	"0"	"374"
"Число умерших(Человек)"	"2019 год"	"201912"	"АТБАСАРСКИЙ РАЙОН"	"0"	"городская местность"	"0"	"Всего"	"0"	"338"
"Число умерших(Человек)"	"2018 год"	"201812"	"АТБАСАРСКИЙ РАЙОН"	"0"	"городская местность"	"0"	"Всего"	"0"	"325"
"Число умерших(Человек)"	"2022 год"	"202212"	"АТБАСАРСКИЙ РАЙОН"	"0"	"городская местность"	"0"	"Всего"	"0"	"317"
"Число умерших(Человек)"	"2017 год"	"201712"	"АТБАСАРСКИЙ РАЙОН"	"0"	"городская местность"	"0"	"Всего"	"0"	"360"
"Число умерших(Человек)"	"2023 год"	"202312"	"АТБАСАРСКИЙ РАЙОН"	"0"	"городская местность"	"0"	"Всего"	"0"	"296"
"Число умерших(Человек)"	"2024 год"	"202412"	"АТБАСАРСКИЙ РАЙОН"	"0"	"городская местность"	"0"	"Всего"	"0"	"332"
"Число умерших(Человек)"	"2009 год"	"200912"	"АТБАСАРСКИЙ РАЙОН"	"0"	"сельская местность"	"0"	"Всего"	"0"	"230"
"Число умерших(Человек)"	"2011 год"	"201112"	"АТБАСАРСКИЙ РАЙОН"	"0"	"сельская местность"	"0"	"Всего"	"0"	"225"
"Число умерших(Человек)"	"2016 год"	"201612"	"АТБАСАРСКИЙ РАЙОН"	"0"	"сельская местность"	"0"	"Всего"	"0"	"164"
"Число умерших(Человек)"	"2010 год"	"201012"	"АТБАСАРСКИЙ РАЙОН"	"0"	"сельская местность"	"0"	"Всего"	"0"	"248"
"Число умерших(Человек)"	"2015 год"	"201512"	"АТБАСАРСКИЙ РАЙОН"	"0"	"сельская местность"	"0"	"Всего"	"0"	"224"
"Число умерших(Человек)"	"2013 год"	"201312"	"АТБАСАРСКИЙ РАЙОН"	"0"	"сельская местность"	"0"	"Всего"	"0"	"207"
"Число умерших(Человек)"	"2014 год"	"201412"	"АТБАСАРСКИЙ РАЙОН"	"0"	"сельская местность"	"0"	"Всего"	"0"	"190"
"Число умерших(Человек)"	"2012 год"	"201212"	"АТБАСАРСКИЙ РАЙОН"	"0"	"сельская местность"	"0"	"Всего"	"0"	"250"
"Число умерших(Человек)"	"2021 год"	"202112"	"АТБАСАРСКИЙ РАЙОН"	"0"	"сельская местность"	"0"	"Всего"	"0"	"226"
"Число умерших(Человек)"	"2020 год"	"202012"	"АТБАСАРСКИЙ РАЙОН"	"0"	"сельская местность"	"0"	"Всего"	"0"	"212"
"Число умерших(Человек)"	"2019 год"	"201912"	"АТБАСАРСКИЙ РАЙОН"	"0"	"сельская местность"	"0"	"Всего"	"0"	"199"
"Число умерших(Человек)"	"2018 год"	"201812"	"АТБАСАРСКИЙ РАЙОН"	"0"	"сельская местность"	"0"	"Всего"	"0"	"161"
"Число умерших(Человек)"	"2022 год"	"202212"	"АТБАСАРСКИЙ РАЙОН"	"0"	"сельская местность"	"0"	"Всего"	"0"	"177"
"Число умерших(Человек)"	"2017 год"	"201712"	"АТБАСАРСКИЙ РАЙОН"	"0"	"сельская местность"	"0"	"Всего"	"0"	"209"
"Число умерших(Человек)"	"2023 год"	"202312"	"АТБАСАРСКИЙ РАЙОН"	"0"	"сельская местность"	"0"	"Всего"	"0"	"152"
"Число умерших(Человек)"	"2024 год"	"202412"	"АТБАСАРСКИЙ РАЙОН"	"0"	"сельская местность"	"0"	"Всего"	"0"	"151"
"Число умерших(Человек)"	"2009 год"	"200912"	"БУЛАНДЫНСКИЙ РАЙОН"	"0"	"Всего"	"0"	"Всего"	"0"	"469"
"Число умерших(Человек)"	"2011 год"	"201112"	"БУЛАНДЫНСКИЙ РАЙОН"	"0"	"Всего"	"0"	"Всего"	"0"	"462"
"Число умерших(Человек)"	"2016 год"	"201612"	"БУЛАНДЫНСКИЙ РАЙОН"	"0"	"Всего"	"0"	"Всего"	"0"	"367"
"Число умерших(Человек)"	"2010 год"	"201012"	"БУЛАНДЫНСКИЙ РАЙОН"	"0"	"Всего"	"0"	"Всего"	"0"	"478"
"Число умерших(Человек)"	"2015 год"	"201512"	"БУЛАНДЫНСКИЙ РАЙОН"	"0"	"Всего"	"0"	"Всего"	"0"	"432"
"Число умерших(Человек)"	"2013 год"	"201312"	"БУЛАНДЫНСКИЙ РАЙОН"	"0"	"Всего"	"0"	"Всего"	"0"	"417"
"Число умерших(Человек)"	"2014 год"	"201412"	"БУЛАНДЫНСКИЙ РАЙОН"	"0"	"Всего"	"0"	"Всего"	"0"	"402"
"Число умерших(Человек)"	"2012 год"	"201212"	"БУЛАНДЫНСКИЙ РАЙОН"	"0"	"Всего"	"0"	"Всего"	"0"	"432"
"Число умерших(Человек)"	"2021 год"	"202112"	"БУЛАНДЫНСКИЙ РАЙОН"	"0"	"Всего"	"0"	"Всего"	"0"	"456"
"Число умерших(Человек)"	"2020 год"	"202012"	"БУЛАНДЫНСКИЙ РАЙОН"	"0"	"Всего"	"0"	"Всего"	"0"	"396"
"Число умерших(Человек)"	"2019 год"	"201912"	"БУЛАНДЫНСКИЙ РАЙОН"	"0"	"Всего"	"0"	"Всего"	"0"	"374"
"Число умерших(Человек)"	"2018 год"	"201812"	"БУЛАНДЫНСКИЙ РАЙОН"	"0"	"Всего"	"0"	"Всего"	"0"	"375"
"Число умерших(Человек)"	"2022 год"	"202212"	"БУЛАНДЫНСКИЙ РАЙОН"	"0"	"Всего"	"0"	"Всего"	"0"	"365"
"Число умерших(Человек)"	"2017 год"	"201712"	"БУЛАНДЫНСКИЙ РАЙОН"	"0"	"Всего"	"0"	"Всего"	"0"	"325"
"Число умерших(Человек)"	"2023 год"	"202312"	"БУЛАНДЫНСКИЙ РАЙОН"	"0"	"Всего"	"0"	"Всего"	"0"	"331"
"Число умерших(Человек)"	"2024 год"	"202412"	"БУЛАНДЫНСКИЙ РАЙОН"	"0"	"Всего"	"0"	"Всего"	"0"	"303"
"Число умерших(Человек)"	"2009 год"	"200912"	"БУЛАНДЫНСКИЙ РАЙОН"	"0"	"городская местность"	"0"	"Всего"	"0"	"238"
"Число умерших(Человек)"	"2011 год"	"201112"	"БУЛАНДЫНСКИЙ РАЙОН"	"0"	"городская местность"	"0"	"Всего"	"0"	"243"
"Число умерших(Человек)"	"2016 год"	"201612"	"БУЛАНДЫНСКИЙ РАЙОН"	"0"	"городская местность"	"0"	"Всего"	"0"	"198"
"Число умерших(Человек)"	"2010 год"	"201012"	"БУЛАНДЫНСКИЙ РАЙОН"	"0"	"городская местность"	"0"	"Всего"	"0"	"259"
"Число умерших(Человек)"	"2015 год"	"201512"	"БУЛАНДЫНСКИЙ РАЙОН"	"0"	"городская местность"	"0"	"Всего"	"0"	"231"
"Число умерших(Человек)"	"2013 год"	"201312"	"БУЛАНДЫНСКИЙ РАЙОН"	"0"	"городская местность"	"0"	"Всего"	"0"	"226"
"Число умерших(Человек)"	"2014 год"	"201412"	"БУЛАНДЫНСКИЙ РАЙОН"	"0"	"городская местность"	"0"	"Всего"	"0"	"196"
"Число умерших(Человек)"	"2012 год"	"201212"	"БУЛАНДЫНСКИЙ РАЙОН"	"0"	"городская местность"	"0"	"Всего"	"0"	"224"
"Число умерших(Человек)"	"2021 год"	"202112"	"БУЛАНДЫНСКИЙ РАЙОН"	"0"	"городская местность"	"0"	"Всего"	"0"	"260"
"Число умерших(Человек)"	"2020 год"	"202012"	"БУЛАНДЫНСКИЙ РАЙОН"	"0"	"городская местность"	"0"	"Всего"	"0"	"218"
"Число умерших(Человек)"	"2019 год"	"201912"	"БУЛАНДЫНСКИЙ РАЙОН"	"0"	"городская местность"	"0"	"Всего"	"0"	"214"
"Число умерших(Человек)"	"2018 год"	"201812"	"БУЛАНДЫНСКИЙ РАЙОН"	"0"	"городская местность"	"0"	"Всего"	"0"	"219"
"Число умерших(Человек)"	"2022 год"	"202212"	"БУЛАНДЫНСКИЙ РАЙОН"	"0"	"городская местность"	"0"	"Всего"	"0"	"205"
"Число умерших(Человек)"	"2017 год"	"201712"	"БУЛАНДЫНСКИЙ РАЙОН"	"0"	"городская местность"	"0"	"Всего"	"0"	"198"
"Число умерших(Человек)"	"2023 год"	"202312"	"БУЛАНДЫНСКИЙ РАЙОН"	"0"	"городская местность"	"0"	"Всего"	"0"	"186"
"Число умерших(Человек)"	"2024 год"	"202412"	"БУЛАНДЫНСКИЙ РАЙОН"	"0"	"городская местность"	"0"	"Всего"	"0"	"176"
"Число умерших(Человек)"	"2009 год"	"200912"	"БУЛАНДЫНСКИЙ РАЙОН"	"0"	"сельская местность"	"0"	"Всего"	"0"	"231"
"Число умерших(Человек)"	"2011 год"	"201112"	"БУЛАНДЫНСКИЙ РАЙОН"	"0"	"сельская местность"	"0"	"Всего"	"0"	"219"
"Число умерших(Человек)"	"2016 год"	"201612"	"БУЛАНДЫНСКИЙ РАЙОН"	"0"	"сельская местность"	"0"	"Всего"	"0"	"169"
"Число умерших(Человек)"	"2010 год"	"201012"	"БУЛАНДЫНСКИЙ РАЙОН"	"0"	"сельская местность"	"0"	"Всего"	"0"	"219"
"Число умерших(Человек)"	"2015 год"	"201512"	"БУЛАНДЫНСКИЙ РАЙОН"	"0"	"сельская местность"	"0"	"Всего"	"0"	"201"
"Число умерших(Человек)"	"2013 год"	"201312"	"БУЛАНДЫНСКИЙ РАЙОН"	"0"	"сельская местность"	"0"	"Всего"	"0"	"191"
"Число умерших(Человек)"	"2014 год"	"201412"	"БУЛАНДЫНСКИЙ РАЙОН"	"0"	"сельская местность"	"0"	"Всего"	"0"	"206"
"Число умерших(Человек)"	"2012 год"	"201212"	"БУЛАНДЫНСКИЙ РАЙОН"	"0"	"сельская местность"	"0"	"Всего"	"0"	"208"
"Число умерших(Человек)"	"2021 год"	"202112"	"БУЛАНДЫНСКИЙ РАЙОН"	"0"	"сельская местность"	"0"	"Всего"	"0"	"196"
"Число умерших(Человек)"	"2020 год"	"202012"	"БУЛАНДЫНСКИЙ РАЙОН"	"0"	"сельская местность"	"0"	"Всего"	"0"	"178"
"Число умерших(Человек)"	"2019 год"	"201912"	"БУЛАНДЫНСКИЙ РАЙОН"	"0"	"сельская местность"	"0"	"Всего"	"0"	"160"
"Число умерших(Человек)"	"2018 год"	"201812"	"БУЛАНДЫНСКИЙ РАЙОН"	"0"	"сельская местность"	"0"	"Всего"	"0"	"156"
"Число умерших(Человек)"	"2022 год"	"202212"	"БУЛАНДЫНСКИЙ РАЙОН"	"0"	"сельская местность"	"0"	"Всего"	"0"	"160"
"Число умерших(Человек)"	"2017 год"	"201712"	"БУЛАНДЫНСКИЙ РАЙОН"	"0"	"сельская местность"	"0"	"Всего"	"0"	"127"
"Число умерших(Человек)"	"2023 год"	"202312"	"БУЛАНДЫНСКИЙ РАЙОН"	"0"	"сельская местность"	"0"	"Всего"	"0"	"145"
"Число умерших(Человек)"	"2024 год"	"202412"	"БУЛАНДЫНСКИЙ РАЙОН"	"0"	"сельская местность"	"0"	"Всего"	"0"	"127"
"Число умерших(Человек)"	"2009 год"	"200912"	"ЕГИНДЫКОЛЬСКИЙ РАЙОН"	"0"	"Всего"	"0"	"Всего"	"0"	"91"
"Число умерших(Человек)"	"2011 год"	"201112"	"ЕГИНДЫКОЛЬСКИЙ РАЙОН"	"0"	"Всего"	"0"	"Всего"	"0"	"89"
"Число умерших(Человек)"	"2016 год"	"201612"	"ЕГИНДЫКОЛЬСКИЙ РАЙОН"	"0"	"Всего"	"0"	"Всего"	"0"	"58"
"Число умерших(Человек)"	"2010 год"	"201012"	"ЕГИНДЫКОЛЬСКИЙ РАЙОН"	"0"	"Всего"	"0"	"Всего"	"0"	"94"
"Число умерших(Человек)"	"2015 год"	"201512"	"ЕГИНДЫКОЛЬСКИЙ РАЙОН"	"0"	"Всего"	"0"	"Всего"	"0"	"58"
"Число умерших(Человек)"	"2013 год"	"201312"	"ЕГИНДЫКОЛЬСКИЙ РАЙОН"	"0"	"Всего"	"0"	"Всего"	"0"	"59"
"Число умерших(Человек)"	"2014 год"	"201412"	"ЕГИНДЫКОЛЬСКИЙ РАЙОН"	"0"	"Всего"	"0"	"Всего"	"0"	"52"
"Число умерших(Человек)"	"2012 год"	"201212"	"ЕГИНДЫКОЛЬСКИЙ РАЙОН"	"0"	"Всего"	"0"	"Всего"	"0"	"76"
"Число умерших(Человек)"	"2021 год"	"202112"	"ЕГИНДЫКОЛЬСКИЙ РАЙОН"	"0"	"Всего"	"0"	"Всего"	"0"	"100"
"Число умерших(Человек)"	"2020 год"	"202012"	"ЕГИНДЫКОЛЬСКИЙ РАЙОН"	"0"	"Всего"	"0"	"Всего"	"0"	"85"
"Число умерших(Человек)"	"2019 год"	"201912"	"ЕГИНДЫКОЛЬСКИЙ РАЙОН"	"0"	"Всего"	"0"	"Всего"	"0"	"56"
"Число умерших(Человек)"	"2018 год"	"201812"	"ЕГИНДЫКОЛЬСКИЙ РАЙОН"	"0"	"Всего"	"0"	"Всего"	"0"	"69"
"Число умерших(Человек)"	"2022 год"	"202212"	"ЕГИНДЫКОЛЬСКИЙ РАЙОН"	"0"	"Всего"	"0"	"Всего"	"0"	"53"
"Число умерших(Человек)"	"2017 год"	"201712"	"ЕГИНДЫКОЛЬСКИЙ РАЙОН"	"0"	"Всего"	"0"	"Всего"	"0"	"66"
"Число умерших(Человек)"	"2023 год"	"202312"	"ЕГИНДЫКОЛЬСКИЙ РАЙОН"	"0"	"Всего"	"0"	"Всего"	"0"	"55"
"Число умерших(Человек)"	"2024 год"	"202412"	"ЕГИНДЫКОЛЬСКИЙ РАЙОН"	"0"	"Всего"	"0"	"Всего"	"0"	"62"
"Число умерших(Человек)"	"2009 год"	"200912"	"ЕГИНДЫКОЛЬСКИЙ РАЙОН"	"0"	"сельская местность"	"0"	"Всего"	"0"	"91"
"Число умерших(Человек)"	"2011 год"	"201112"	"ЕГИНДЫКОЛЬСКИЙ РАЙОН"	"0"	"сельская местность"	"0"	"Всего"	"0"	"89"
"Число умерших(Человек)"	"2016 год"	"201612"	"ЕГИНДЫКОЛЬСКИЙ РАЙОН"	"0"	"сельская местность"	"0"	"Всего"	"0"	"58"
"Число умерших(Человек)"	"2010 год"	"201012"	"ЕГИНДЫКОЛЬСКИЙ РАЙОН"	"0"	"сельская местность"	"0"	"Всего"	"0"	"94"
"Число умерших(Человек)"	"2015 год"	"201512"	"ЕГИНДЫКОЛЬСКИЙ РАЙОН"	"0"	"сельская местность"	"0"	"Всего"	"0"	"58"
"Число умерших(Человек)"	"2013 год"	"201312"	"ЕГИНДЫКОЛЬСКИЙ РАЙОН"	"0"	"сельская местность"	"0"	"Всего"	"0"	"59"
"Число умерших(Человек)"	"2014 год"	"201412"	"ЕГИНДЫКОЛЬСКИЙ РАЙОН"	"0"	"сельская местность"	"0"	"Всего"	"0"	"52"
"Число умерших(Человек)"	"2012 год"	"201212"	"ЕГИНДЫКОЛЬСКИЙ РАЙОН"	"0"	"сельская местность"	"0"	"Всего"	"0"	"76"
"Число умерших(Человек)"	"2021 год"	"202112"	"ЕГИНДЫКОЛЬСКИЙ РАЙОН"	"0"	"сельская местность"	"0"	"Всего"	"0"	"100"
"Число умерших(Человек)"	"2020 год"	"202012"	"ЕГИНДЫКОЛЬСКИЙ РАЙОН"	"0"	"сельская местность"	"0"	"Всего"	"0"	"85"
"Число умерших(Человек)"	"2019 год"	"201912"	"ЕГИНДЫКОЛЬСКИЙ РАЙОН"	"0"	"сельская местность"	"0"	"Всего"	"0"	"56"
"Число умерших(Человек)"	"2018 год"	"201812"	"ЕГИНДЫКОЛЬСКИЙ РАЙОН"	"0"	"сельская местность"	"0"	"Всего"	"0"	"69"
"Число умерших(Человек)"	"2022 год"	"202212"	"ЕГИНДЫКОЛЬСКИЙ РАЙОН"	"0"	"сельская местность"	"0"	"Всего"	"0"	"53"
"Число умерших(Человек)"	"2017 год"	"201712"	"ЕГИНДЫКОЛЬСКИЙ РАЙОН"	"0"	"сельская местность"	"0"	"Всего"	"0"	"66"
"Число умерших(Человек)"	"2023 год"	"202312"	"ЕГИНДЫКОЛЬСКИЙ РАЙОН"	"0"	"сельская местность"	"0"	"Всего"	"0"	"55"
"Число умерших(Человек)"	"2024 год"	"202412"	"ЕГИНДЫКОЛЬСКИЙ РАЙОН"	"0"	"сельская местность"	"0"	"Всего"	"0"	"62"
"Число умерших(Человек)"	"2009 год"	"200912"	"РАЙОН БИРЖАН САЛ"	"0"	"Всего"	"0"	"Всего"	"0"	"251"
"Число умерших(Человек)"	"2011 год"	"201112"	"РАЙОН БИРЖАН САЛ"	"0"	"Всего"	"0"	"Всего"	"0"	"246"
"Число умерших(Человек)"	"2016 год"	"201612"	"РАЙОН БИРЖАН САЛ"	"0"	"Всего"	"0"	"Всего"	"0"	"151"
"Число умерших(Человек)"	"2010 год"	"201012"	"РАЙОН БИРЖАН САЛ"	"0"	"Всего"	"0"	"Всего"	"0"	"244"
"Число умерших(Человек)"	"2015 год"	"201512"	"РАЙОН БИРЖАН САЛ"	"0"	"Всего"	"0"	"Всего"	"0"	"178"
"Число умерших(Человек)"	"2013 год"	"201312"	"РАЙОН БИРЖАН САЛ"	"0"	"Всего"	"0"	"Всего"	"0"	"204"
"Число умерших(Человек)"	"2014 год"	"201412"	"РАЙОН БИРЖАН САЛ"	"0"	"Всего"	"0"	"Всего"	"0"	"210"
"Число умерших(Человек)"	"2012 год"	"201212"	"РАЙОН БИРЖАН САЛ"	"0"	"Всего"	"0"	"Всего"	"0"	"265"
"Число умерших(Человек)"	"2021 год"	"202112"	"РАЙОН БИРЖАН САЛ"	"0"	"Всего"	"0"	"Всего"	"0"	"216"
"Число умерших(Человек)"	"2020 год"	"202012"	"РАЙОН БИРЖАН САЛ"	"0"	"Всего"	"0"	"Всего"	"0"	"175"
"Число умерших(Человек)"	"2019 год"	"201912"	"РАЙОН БИРЖАН САЛ"	"0"	"Всего"	"0"	"Всего"	"0"	"188"
"Число умерших(Человек)"	"2018 год"	"201812"	"РАЙОН БИРЖАН САЛ"	"0"	"Всего"	"0"	"Всего"	"0"	"203"
"Число умерших(Человек)"	"2022 год"	"202212"	"РАЙОН БИРЖАН САЛ"	"0"	"Всего"	"0"	"Всего"	"0"	"141"
"Число умерших(Человек)"	"2017 год"	"201712"	"РАЙОН БИРЖАН САЛ"	"0"	"Всего"	"0"	"Всего"	"0"	"209"
"Число умерших(Человек)"	"2023 год"	"202312"	"РАЙОН БИРЖАН САЛ"	"0"	"Всего"	"0"	"Всего"	"0"	"149"
"Число умерших(Человек)"	"2024 год"	"202412"	"РАЙОН БИРЖАН САЛ"	"0"	"Всего"	"0"	"Всего"	"0"	"151"
"Число умерших(Человек)"	"2009 год"	"200912"	"РАЙОН БИРЖАН САЛ"	"0"	"городская местность"	"0"	"Всего"	"0"	"63"
"Число умерших(Человек)"	"2011 год"	"201112"	"РАЙОН БИРЖАН САЛ"	"0"	"городская местность"	"0"	"Всего"	"0"	"75"
"Число умерших(Человек)"	"2016 год"	"201612"	"РАЙОН БИРЖАН САЛ"	"0"	"городская местность"	"0"	"Всего"	"0"	"43"
"Число умерших(Человек)"	"2010 год"	"201012"	"РАЙОН БИРЖАН САЛ"	"0"	"городская местность"	"0"	"Всего"	"0"	"74"
"Число умерших(Человек)"	"2015 год"	"201512"	"РАЙОН БИРЖАН САЛ"	"0"	"городская местность"	"0"	"Всего"	"0"	"40"
"Число умерших(Человек)"	"2013 год"	"201312"	"РАЙОН БИРЖАН САЛ"	"0"	"городская местность"	"0"	"Всего"	"0"	"64"
"Число умерших(Человек)"	"2014 год"	"201412"	"РАЙОН БИРЖАН САЛ"	"0"	"городская местность"	"0"	"Всего"	"0"	"58"
"Число умерших(Человек)"	"2012 год"	"201212"	"РАЙОН БИРЖАН САЛ"	"0"	"городская местность"	"0"	"Всего"	"0"	"81"
"Число умерших(Человек)"	"2021 год"	"202112"	"РАЙОН БИРЖАН САЛ"	"0"	"городская местность"	"0"	"Всего"	"0"	"71"
"Число умерших(Человек)"	"2020 год"	"202012"	"РАЙОН БИРЖАН САЛ"	"0"	"городская местность"	"0"	"Всего"	"0"	"47"
"Число умерших(Человек)"	"2019 год"	"201912"	"РАЙОН БИРЖАН САЛ"	"0"	"городская местность"	"0"	"Всего"	"0"	"54"
"Число умерших(Человек)"	"2018 год"	"201812"	"РАЙОН БИРЖАН САЛ"	"0"	"городская местность"	"0"	"Всего"	"0"	"53"
"Число умерших(Человек)"	"2022 год"	"202212"	"РАЙОН БИРЖАН САЛ"	"0"	"городская местность"	"0"	"Всего"	"0"	"52"
"Число умерших(Человек)"	"2017 год"	"201712"	"РАЙОН БИРЖАН САЛ"	"0"	"городская местность"	"0"	"Всего"	"0"	"58"
"Число умерших(Человек)"	"2023 год"	"202312"	"РАЙОН БИРЖАН САЛ"	"0"	"городская местность"	"0"	"Всего"	"0"	"42"
"Число умерших(Человек)"	"2024 год"	"202412"	"РАЙОН БИРЖАН САЛ"	"0"	"городская местность"	"0"	"Всего"	"0"	"45"
"Число умерших(Человек)"	"2009 год"	"200912"	"РАЙОН БИРЖАН САЛ"	"0"	"сельская местность"	"0"	"Всего"	"0"	"188"
"Число умерших(Человек)"	"2011 год"	"201112"	"РАЙОН БИРЖАН САЛ"	"0"	"сельская местность"	"0"	"Всего"	"0"	"171"
"Число умерших(Человек)"	"2016 год"	"201612"	"РАЙОН БИРЖАН САЛ"	"0"	"сельская местность"	"0"	"Всего"	"0"	"108"
"Число умерших(Человек)"	"2010 год"	"201012"	"РАЙОН БИРЖАН САЛ"	"0"	"сельская местность"	"0"	"Всего"	"0"	"170"
"Число умерших(Человек)"	"2015 год"	"201512"	"РАЙОН БИРЖАН САЛ"	"0"	"сельская местность"	"0"	"Всего"	"0"	"138"
"Число умерших(Человек)"	"2013 год"	"201312"	"РАЙОН БИРЖАН САЛ"	"0"	"сельская местность"	"0"	"Всего"	"0"	"140"
"Число умерших(Человек)"	"2014 год"	"201412"	"РАЙОН БИРЖАН САЛ"	"0"	"сельская местность"	"0"	"Всего"	"0"	"152"
"Число умерших(Человек)"	"2012 год"	"201212"	"РАЙОН БИРЖАН САЛ"	"0"	"сельская местность"	"0"	"Всего"	"0"	"184"
"Число умерших(Человек)"	"2021 год"	"202112"	"РАЙОН БИРЖАН САЛ"	"0"	"сельская местность"	"0"	"Всего"	"0"	"145"
"Число умерших(Человек)"	"2020 год"	"202012"	"РАЙОН БИРЖАН САЛ"	"0"	"сельская местность"	"0"	"Всего"	"0"	"128"
"Число умерших(Человек)"	"2019 год"	"201912"	"РАЙОН БИРЖАН САЛ"	"0"	"сельская местность"	"0"	"Всего"	"0"	"134"
"Число умерших(Человек)"	"2018 год"	"201812"	"РАЙОН БИРЖАН САЛ"	"0"	"сельская местность"	"0"	"Всего"	"0"	"150"
"Число умерших(Человек)"	"2022 год"	"202212"	"РАЙОН БИРЖАН САЛ"	"0"	"сельская местность"	"0"	"Всего"	"0"	"89"
"Число умерших(Человек)"	"2017 год"	"201712"	"РАЙОН БИРЖАН САЛ"	"0"	"сельская местность"	"0"	"Всего"	"0"	"151"
"Число умерших(Человек)"	"2023 год"	"202312"	"РАЙОН БИРЖАН САЛ"	"0"	"сельская местность"	"0"	"Всего"	"0"	"107"
"Число умерших(Человек)"	"2024 год"	"202412"	"РАЙОН БИРЖАН САЛ"	"0"	"сельская местность"	"0"	"Всего"	"0"	"106"
"Число умерших(Человек)"	"2009 год"	"200912"	"ЕРЕЙМЕНТАУСКИЙ РАЙОН"	"0"	"Всего"	"0"	"Всего"	"0"	"337"
"Число умерших(Человек)"	"2011 год"	"201112"	"ЕРЕЙМЕНТАУСКИЙ РАЙОН"	"0"	"Всего"	"0"	"Всего"	"0"	"343"
"Число умерших(Человек)"	"2016 год"	"201612"	"ЕРЕЙМЕНТАУСКИЙ РАЙОН"	"0"	"Всего"	"0"	"Всего"	"0"	"302"
"Число умерших(Человек)"	"2010 год"	"201012"	"ЕРЕЙМЕНТАУСКИЙ РАЙОН"	"0"	"Всего"	"0"	"Всего"	"0"	"317"
"Число умерших(Человек)"	"2015 год"	"201512"	"ЕРЕЙМЕНТАУСКИЙ РАЙОН"	"0"	"Всего"	"0"	"Всего"	"0"	"268"
"Число умерших(Человек)"	"2013 год"	"201312"	"ЕРЕЙМЕНТАУСКИЙ РАЙОН"	"0"	"Всего"	"0"	"Всего"	"0"	"303"
"Число умерших(Человек)"	"2014 год"	"201412"	"ЕРЕЙМЕНТАУСКИЙ РАЙОН"	"0"	"Всего"	"0"	"Всего"	"0"	"266"
"Число умерших(Человек)"	"2012 год"	"201212"	"ЕРЕЙМЕНТАУСКИЙ РАЙОН"	"0"	"Всего"	"0"	"Всего"	"0"	"383"
"Число умерших(Человек)"	"2021 год"	"202112"	"ЕРЕЙМЕНТАУСКИЙ РАЙОН"	"0"	"Всего"	"0"	"Всего"	"0"	"315"
"Число умерших(Человек)"	"2020 год"	"202012"	"ЕРЕЙМЕНТАУСКИЙ РАЙОН"	"0"	"Всего"	"0"	"Всего"	"0"	"308"
"Число умерших(Человек)"	"2019 год"	"201912"	"ЕРЕЙМЕНТАУСКИЙ РАЙОН"	"0"	"Всего"	"0"	"Всего"	"0"	"227"
"Число умерших(Человек)"	"2018 год"	"201812"	"ЕРЕЙМЕНТАУСКИЙ РАЙОН"	"0"	"Всего"	"0"	"Всего"	"0"	"281"
"Число умерших(Человек)"	"2022 год"	"202212"	"ЕРЕЙМЕНТАУСКИЙ РАЙОН"	"0"	"Всего"	"0"	"Всего"	"0"	"227"
"Число умерших(Человек)"	"2017 год"	"201712"	"ЕРЕЙМЕНТАУСКИЙ РАЙОН"	"0"	"Всего"	"0"	"Всего"	"0"	"279"
"Число умерших(Человек)"	"2023 год"	"202312"	"ЕРЕЙМЕНТАУСКИЙ РАЙОН"	"0"	"Всего"	"0"	"Всего"	"0"	"220"
"Число умерших(Человек)"	"2024 год"	"202412"	"ЕРЕЙМЕНТАУСКИЙ РАЙОН"	"0"	"Всего"	"0"	"Всего"	"0"	"221"
"Число умерших(Человек)"	"2009 год"	"200912"	"ЕРЕЙМЕНТАУСКИЙ РАЙОН"	"0"	"городская местность"	"0"	"Всего"	"0"	"146"
"Число умерших(Человек)"	"2011 год"	"201112"	"ЕРЕЙМЕНТАУСКИЙ РАЙОН"	"0"	"городская местность"	"0"	"Всего"	"0"	"183"
"Число умерших(Человек)"	"2016 год"	"201612"	"ЕРЕЙМЕНТАУСКИЙ РАЙОН"	"0"	"городская местность"	"0"	"Всего"	"0"	"160"
"Число умерших(Человек)"	"2010 год"	"201012"	"ЕРЕЙМЕНТАУСКИЙ РАЙОН"	"0"	"городская местность"	"0"	"Всего"	"0"	"143"
"Число умерших(Человек)"	"2015 год"	"201512"	"ЕРЕЙМЕНТАУСКИЙ РАЙОН"	"0"	"городская местность"	"0"	"Всего"	"0"	"140"
"Число умерших(Человек)"	"2013 год"	"201312"	"ЕРЕЙМЕНТАУСКИЙ РАЙОН"	"0"	"городская местность"	"0"	"Всего"	"0"	"147"
"Число умерших(Человек)"	"2014 год"	"201412"	"ЕРЕЙМЕНТАУСКИЙ РАЙОН"	"0"	"городская местность"	"0"	"Всего"	"0"	"121"
"Число умерших(Человек)"	"2012 год"	"201212"	"ЕРЕЙМЕНТАУСКИЙ РАЙОН"	"0"	"городская местность"	"0"	"Всего"	"0"	"201"
"Число умерших(Человек)"	"2021 год"	"202112"	"ЕРЕЙМЕНТАУСКИЙ РАЙОН"	"0"	"городская местность"	"0"	"Всего"	"0"	"185"
"Число умерших(Человек)"	"2020 год"	"202012"	"ЕРЕЙМЕНТАУСКИЙ РАЙОН"	"0"	"городская местность"	"0"	"Всего"	"0"	"162"
"Число умерших(Человек)"	"2019 год"	"201912"	"ЕРЕЙМЕНТАУСКИЙ РАЙОН"	"0"	"городская местность"	"0"	"Всего"	"0"	"129"
"Число умерших(Человек)"	"2018 год"	"201812"	"ЕРЕЙМЕНТАУСКИЙ РАЙОН"	"0"	"городская местность"	"0"	"Всего"	"0"	"160"
"Число умерших(Человек)"	"2022 год"	"202212"	"ЕРЕЙМЕНТАУСКИЙ РАЙОН"	"0"	"городская местность"	"0"	"Всего"	"0"	"127"
"Число умерших(Человек)"	"2017 год"	"201712"	"ЕРЕЙМЕНТАУСКИЙ РАЙОН"	"0"	"городская местность"	"0"	"Всего"	"0"	"148"
"Число умерших(Человек)"	"2023 год"	"202312"	"ЕРЕЙМЕНТАУСКИЙ РАЙОН"	"0"	"городская местность"	"0"	"Всего"	"0"	"123"
"Число умерших(Человек)"	"2024 год"	"202412"	"ЕРЕЙМЕНТАУСКИЙ РАЙОН"	"0"	"городская местность"	"0"	"Всего"	"0"	"128"
"Число умерших(Человек)"	"2009 год"	"200912"	"ЕРЕЙМЕНТАУСКИЙ РАЙОН"	"0"	"сельская местность"	"0"	"Всего"	"0"	"191"
"Число умерших(Человек)"	"2011 год"	"201112"	"ЕРЕЙМЕНТАУСКИЙ РАЙОН"	"0"	"сельская местность"	"0"	"Всего"	"0"	"160"
"Число умерших(Человек)"	"2016 год"	"201612"	"ЕРЕЙМЕНТАУСКИЙ РАЙОН"	"0"	"сельская местность"	"0"	"Всего"	"0"	"142"
"Число умерших(Человек)"	"2010 год"	"201012"	"ЕРЕЙМЕНТАУСКИЙ РАЙОН"	"0"	"сельская местность"	"0"	"Всего"	"0"	"174"
"Число умерших(Человек)"	"2015 год"	"201512"	"ЕРЕЙМЕНТАУСКИЙ РАЙОН"	"0"	"сельская местность"	"0"	"Всего"	"0"	"128"
"Число умерших(Человек)"	"2013 год"	"201312"	"ЕРЕЙМЕНТАУСКИЙ РАЙОН"	"0"	"сельская местность"	"0"	"Всего"	"0"	"156"
"Число умерших(Человек)"	"2014 год"	"201412"	"ЕРЕЙМЕНТАУСКИЙ РАЙОН"	"0"	"сельская местность"	"0"	"Всего"	"0"	"145"
"Число умерших(Человек)"	"2012 год"	"201212"	"ЕРЕЙМЕНТАУСКИЙ РАЙОН"	"0"	"сельская местность"	"0"	"Всего"	"0"	"182"
"Число умерших(Человек)"	"2021 год"	"202112"	"ЕРЕЙМЕНТАУСКИЙ РАЙОН"	"0"	"сельская местность"	"0"	"Всего"	"0"	"130"
"Число умерших(Человек)"	"2020 год"	"202012"	"ЕРЕЙМЕНТАУСКИЙ РАЙОН"	"0"	"сельская местность"	"0"	"Всего"	"0"	"146"
"Число умерших(Человек)"	"2019 год"	"201912"	"ЕРЕЙМЕНТАУСКИЙ РАЙОН"	"0"	"сельская местность"	"0"	"Всего"	"0"	"98"
"Число умерших(Человек)"	"2018 год"	"201812"	"ЕРЕЙМЕНТАУСКИЙ РАЙОН"	"0"	"сельская местность"	"0"	"Всего"	"0"	"121"
"Число умерших(Человек)"	"2022 год"	"202212"	"ЕРЕЙМЕНТАУСКИЙ РАЙОН"	"0"	"сельская местность"	"0"	"Всего"	"0"	"100"
"Число умерших(Человек)"	"2017 год"	"201712"	"ЕРЕЙМЕНТАУСКИЙ РАЙОН"	"0"	"сельская местность"	"0"	"Всего"	"0"	"131"
"Число умерших(Человек)"	"2023 год"	"202312"	"ЕРЕЙМЕНТАУСКИЙ РАЙОН"	"0"	"сельская местность"	"0"	"Всего"	"0"	"97"
"Число умерших(Человек)"	"2024 год"	"202412"	"ЕРЕЙМЕНТАУСКИЙ РАЙОН"	"0"	"сельская местность"	"0"	"Всего"	"0"	"93"
"Число умерших(Человек)"	"2009 год"	"200912"	"АКТОБЕ Г.А."	"0"	"сельская местность"	"0"	"Всего"	"0"	"303"
"Число умерших(Человек)"	"2011 год"	"201112"	"АКТОБЕ Г.А."	"0"	"сельская местность"	"0"	"Всего"	"0"	"283"
"Число умерших(Человек)"	"2016 год"	"201612"	"АКТОБЕ Г.А."	"0"	"сельская местность"	"0"	"Всего"	"0"	"323"
"Число умерших(Человек)"	"2010 год"	"201012"	"АКТОБЕ Г.А."	"0"	"сельская местность"	"0"	"Всего"	"0"	"295"
"Число умерших(Человек)"	"2015 год"	"201512"	"АКТОБЕ Г.А."	"0"	"сельская местность"	"0"	"Всего"	"0"	"307"
"Число умерших(Человек)"	"2013 год"	"201312"	"АКТОБЕ Г.А."	"0"	"сельская местность"	"0"	"Всего"	"0"	"313"
"Число умерших(Человек)"	"2014 год"	"201412"	"АКТОБЕ Г.А."	"0"	"сельская местность"	"0"	"Всего"	"0"	"348"
"Число умерших(Человек)"	"2012 год"	"201212"	"АКТОБЕ Г.А."	"0"	"сельская местность"	"0"	"Всего"	"0"	"284"
"Число умерших(Человек)"	"2009 год"	"200912"	"АКТОБЕ Г.А."	"0"	"Всего"	"0"	"Всего"	"0"	"2 961"
"Число умерших(Человек)"	"2011 год"	"201112"	"АКТОБЕ Г.А."	"0"	"Всего"	"0"	"Всего"	"0"	"2 822"
"Число умерших(Человек)"	"2016 год"	"201612"	"АКТОБЕ Г.А."	"0"	"Всего"	"0"	"Всего"	"0"	"2 972"
"Число умерших(Человек)"	"2010 год"	"201012"	"АКТОБЕ Г.А."	"0"	"Всего"	"0"	"Всего"	"0"	"2 897"
"Число умерших(Человек)"	"2015 год"	"201512"	"АКТОБЕ Г.А."	"0"	"Всего"	"0"	"Всего"	"0"	"2 924"
"Число умерших(Человек)"	"2013 год"	"201312"	"АКТОБЕ Г.А."	"0"	"Всего"	"0"	"Всего"	"0"	"2 853"
"Число умерших(Человек)"	"2014 год"	"201412"	"АКТОБЕ Г.А."	"0"	"Всего"	"0"	"Всего"	"0"	"2 897"
"Число умерших(Человек)"	"2012 год"	"201212"	"АКТОБЕ Г.А."	"0"	"Всего"	"0"	"Всего"	"0"	"3 050"
"Число умерших(Человек)"	"2021 год"	"202112"	"АКТОБЕ Г.А."	"0"	"Всего"	"0"	"Всего"	"0"	"4 451"
"Число умерших(Человек)"	"2020 год"	"202012"	"АКТОБЕ Г.А."	"0"	"Всего"	"0"	"Всего"	"0"	"3 863"
"Число умерших(Человек)"	"2019 год"	"201912"	"АКТОБЕ Г.А."	"0"	"Всего"	"0"	"Всего"	"0"	"3 146"
"Число умерших(Человек)"	"2018 год"	"201812"	"АКТОБЕ Г.А."	"0"	"Всего"	"0"	"Всего"	"0"	"3 017"
"Число умерших(Человек)"	"2022 год"	"202212"	"АКТОБЕ Г.А."	"0"	"Всего"	"0"	"Всего"	"0"	"3 173"
"Число умерших(Человек)"	"2017 год"	"201712"	"АКТОБЕ Г.А."	"0"	"Всего"	"0"	"Всего"	"0"	"2 930"
"Число умерших(Человек)"	"2023 год"	"202312"	"АКТОБЕ Г.А."	"0"	"Всего"	"0"	"Всего"	"0"	"3 248"
"Число умерших(Человек)"	"2024 год"	"202412"	"АКТОБЕ Г.А."	"0"	"Всего"	"0"	"Всего"	"0"	"3 319"
"Число умерших(Человек)"	"2009 год"	"200912"	"АКТОБЕ Г.А."	"0"	"городская местность"	"0"	"Всего"	"0"	"2 658"
"Число умерших(Человек)"	"2011 год"	"201112"	"АКТОБЕ Г.А."	"0"	"городская местность"	"0"	"Всего"	"0"	"2 539"
"Число умерших(Человек)"	"2016 год"	"201612"	"АКТОБЕ Г.А."	"0"	"городская местность"	"0"	"Всего"	"0"	"2 649"
"Число умерших(Человек)"	"2010 год"	"201012"	"АКТОБЕ Г.А."	"0"	"городская местность"	"0"	"Всего"	"0"	"2 602"
"Число умерших(Человек)"	"2015 год"	"201512"	"АКТОБЕ Г.А."	"0"	"городская местность"	"0"	"Всего"	"0"	"2 617"
"Число умерших(Человек)"	"2013 год"	"201312"	"АКТОБЕ Г.А."	"0"	"городская местность"	"0"	"Всего"	"0"	"2 540"
"Число умерших(Человек)"	"2014 год"	"201412"	"АКТОБЕ Г.А."	"0"	"городская местность"	"0"	"Всего"	"0"	"2 549"
"Число умерших(Человек)"	"2012 год"	"201212"	"АКТОБЕ Г.А."	"0"	"городская местность"	"0"	"Всего"	"0"	"2 766"
"Число умерших(Человек)"	"2021 год"	"202112"	"АКТОБЕ Г.А."	"0"	"городская местность"	"0"	"Всего"	"0"	"4 451"
"Число умерших(Человек)"	"2020 год"	"202012"	"АКТОБЕ Г.А."	"0"	"городская местность"	"0"	"Всего"	"0"	"3 863"
"Число умерших(Человек)"	"2019 год"	"201912"	"АКТОБЕ Г.А."	"0"	"городская местность"	"0"	"Всего"	"0"	"3 146"
"Число умерших(Человек)"	"2018 год"	"201812"	"АКТОБЕ Г.А."	"0"	"городская местность"	"0"	"Всего"	"0"	"3 017"
"Число умерших(Человек)"	"2022 год"	"202212"	"АКТОБЕ Г.А."	"0"	"городская местность"	"0"	"Всего"	"0"	"3 173"
"Число умерших(Человек)"	"2017 год"	"201712"	"АКТОБЕ Г.А."	"0"	"городская местность"	"0"	"Всего"	"0"	"2 930"
"Число умерших(Человек)"	"2023 год"	"202312"	"АКТОБЕ Г.А."	"0"	"городская местность"	"0"	"Всего"	"0"	"3 248"
"Число умерших(Человек)"	"2024 год"	"202412"	"АКТОБЕ Г.А."	"0"	"городская местность"	"0"	"Всего"	"0"	"3 319"
"Число умерших(Человек)"	"2009 год"	"200912"	"АЛГИНСКИЙ РАЙОН"	"0"	"Всего"	"0"	"Всего"	"0"	"335"
"Число умерших(Человек)"	"2011 год"	"201112"	"АЛГИНСКИЙ РАЙОН"	"0"	"Всего"	"0"	"Всего"	"0"	"333"
"Число умерших(Человек)"	"2016 год"	"201612"	"АЛГИНСКИЙ РАЙОН"	"0"	"Всего"	"0"	"Всего"	"0"	"295"
"Число умерших(Человек)"	"2010 год"	"201012"	"АЛГИНСКИЙ РАЙОН"	"0"	"Всего"	"0"	"Всего"	"0"	"341"
"Число умерших(Человек)"	"2015 год"	"201512"	"АЛГИНСКИЙ РАЙОН"	"0"	"Всего"	"0"	"Всего"	"0"	"283"
"Число умерших(Человек)"	"2013 год"	"201312"	"АЛГИНСКИЙ РАЙОН"	"0"	"Всего"	"0"	"Всего"	"0"	"308"
"Число умерших(Человек)"	"2014 год"	"201412"	"АЛГИНСКИЙ РАЙОН"	"0"	"Всего"	"0"	"Всего"	"0"	"328"
"Число умерших(Человек)"	"2012 год"	"201212"	"АЛГИНСКИЙ РАЙОН"	"0"	"Всего"	"0"	"Всего"	"0"	"347"
"Число умерших(Человек)"	"2021 год"	"202112"	"АЛГИНСКИЙ РАЙОН"	"0"	"Всего"	"0"	"Всего"	"0"	"398"
"Число умерших(Человек)"	"2020 год"	"202012"	"АЛГИНСКИЙ РАЙОН"	"0"	"Всего"	"0"	"Всего"	"0"	"362"
"Число умерших(Человек)"	"2019 год"	"201912"	"АЛГИНСКИЙ РАЙОН"	"0"	"Всего"	"0"	"Всего"	"0"	"316"
"Число умерших(Человек)"	"2018 год"	"201812"	"АЛГИНСКИЙ РАЙОН"	"0"	"Всего"	"0"	"Всего"	"0"	"292"
"Число умерших(Человек)"	"2022 год"	"202212"	"АЛГИНСКИЙ РАЙОН"	"0"	"Всего"	"0"	"Всего"	"0"	"294"
"Число умерших(Человек)"	"2017 год"	"201712"	"АЛГИНСКИЙ РАЙОН"	"0"	"Всего"	"0"	"Всего"	"0"	"311"
"Число умерших(Человек)"	"2023 год"	"202312"	"АЛГИНСКИЙ РАЙОН"	"0"	"Всего"	"0"	"Всего"	"0"	"302"
"Число умерших(Человек)"	"2024 год"	"202412"	"АЛГИНСКИЙ РАЙОН"	"0"	"Всего"	"0"	"Всего"	"0"	"302"
"Число умерших(Человек)"	"2009 год"	"200912"	"АЛГИНСКИЙ РАЙОН"	"0"	"городская местность"	"0"	"Всего"	"0"	"188"
"Число умерших(Человек)"	"2011 год"	"201112"	"АЛГИНСКИЙ РАЙОН"	"0"	"городская местность"	"0"	"Всего"	"0"	"182"
"Число умерших(Человек)"	"2016 год"	"201612"	"АЛГИНСКИЙ РАЙОН"	"0"	"городская местность"	"0"	"Всего"	"0"	"153"
"Число умерших(Человек)"	"2010 год"	"201012"	"АЛГИНСКИЙ РАЙОН"	"0"	"городская местность"	"0"	"Всего"	"0"	"174"
"Число умерших(Человек)"	"2015 год"	"201512"	"АЛГИНСКИЙ РАЙОН"	"0"	"городская местность"	"0"	"Всего"	"0"	"152"
"Число умерших(Человек)"	"2013 год"	"201312"	"АЛГИНСКИЙ РАЙОН"	"0"	"городская местность"	"0"	"Всего"	"0"	"173"
"Число умерших(Человек)"	"2014 год"	"201412"	"АЛГИНСКИЙ РАЙОН"	"0"	"городская местность"	"0"	"Всего"	"0"	"187"
"Число умерших(Человек)"	"2012 год"	"201212"	"АЛГИНСКИЙ РАЙОН"	"0"	"городская местность"	"0"	"Всего"	"0"	"194"
"Число умерших(Человек)"	"2021 год"	"202112"	"АЛГИНСКИЙ РАЙОН"	"0"	"городская местность"	"0"	"Всего"	"0"	"225"
"Число умерших(Человек)"	"2020 год"	"202012"	"АЛГИНСКИЙ РАЙОН"	"0"	"городская местность"	"0"	"Всего"	"0"	"187"
"Число умерших(Человек)"	"2019 год"	"201912"	"АЛГИНСКИЙ РАЙОН"	"0"	"городская местность"	"0"	"Всего"	"0"	"176"
"Число умерших(Человек)"	"2018 год"	"201812"	"АЛГИНСКИЙ РАЙОН"	"0"	"городская местность"	"0"	"Всего"	"0"	"157"
"Число умерших(Человек)"	"2022 год"	"202212"	"АЛГИНСКИЙ РАЙОН"	"0"	"городская местность"	"0"	"Всего"	"0"	"175"
"Число умерших(Человек)"	"2017 год"	"201712"	"АЛГИНСКИЙ РАЙОН"	"0"	"городская местность"	"0"	"Всего"	"0"	"164"
"Число умерших(Человек)"	"2023 год"	"202312"	"АЛГИНСКИЙ РАЙОН"	"0"	"городская местность"	"0"	"Всего"	"0"	"163"
"Число умерших(Человек)"	"2024 год"	"202412"	"АЛГИНСКИЙ РАЙОН"	"0"	"городская местность"	"0"	"Всего"	"0"	"156"
"Число умерших(Человек)"	"2009 год"	"200912"	"АЛГИНСКИЙ РАЙОН"	"0"	"сельская местность"	"0"	"Всего"	"0"	"147"
"Число умерших(Человек)"	"2011 год"	"201112"	"АЛГИНСКИЙ РАЙОН"	"0"	"сельская местность"	"0"	"Всего"	"0"	"151"
"Число умерших(Человек)"	"2016 год"	"201612"	"АЛГИНСКИЙ РАЙОН"	"0"	"сельская местность"	"0"	"Всего"	"0"	"142"
"Число умерших(Человек)"	"2010 год"	"201012"	"АЛГИНСКИЙ РАЙОН"	"0"	"сельская местность"	"0"	"Всего"	"0"	"167"
"Число умерших(Человек)"	"2015 год"	"201512"	"АЛГИНСКИЙ РАЙОН"	"0"	"сельская местность"	"0"	"Всего"	"0"	"131"
"Число умерших(Человек)"	"2013 год"	"201312"	"АЛГИНСКИЙ РАЙОН"	"0"	"сельская местность"	"0"	"Всего"	"0"	"135"
"Число умерших(Человек)"	"2014 год"	"201412"	"АЛГИНСКИЙ РАЙОН"	"0"	"сельская местность"	"0"	"Всего"	"0"	"141"
"Число умерших(Человек)"	"2012 год"	"201212"	"АЛГИНСКИЙ РАЙОН"	"0"	"сельская местность"	"0"	"Всего"	"0"	"153"
"Число умерших(Человек)"	"2021 год"	"202112"	"АЛГИНСКИЙ РАЙОН"	"0"	"сельская местность"	"0"	"Всего"	"0"	"173"
"Число умерших(Человек)"	"2020 год"	"202012"	"АЛГИНСКИЙ РАЙОН"	"0"	"сельская местность"	"0"	"Всего"	"0"	"175"
"Число умерших(Человек)"	"2019 год"	"201912"	"АЛГИНСКИЙ РАЙОН"	"0"	"сельская местность"	"0"	"Всего"	"0"	"140"
"Число умерших(Человек)"	"2018 год"	"201812"	"АЛГИНСКИЙ РАЙОН"	"0"	"сельская местность"	"0"	"Всего"	"0"	"135"
"Число умерших(Человек)"	"2022 год"	"202212"	"АЛГИНСКИЙ РАЙОН"	"0"	"сельская местность"	"0"	"Всего"	"0"	"119"
"Число умерших(Человек)"	"2017 год"	"201712"	"АЛГИНСКИЙ РАЙОН"	"0"	"сельская местность"	"0"	"Всего"	"0"	"147"
"Число умерших(Человек)"	"2023 год"	"202312"	"АЛГИНСКИЙ РАЙОН"	"0"	"сельская местность"	"0"	"Всего"	"0"	"139"
"Число умерших(Человек)"	"2024 год"	"202412"	"АЛГИНСКИЙ РАЙОН"	"0"	"сельская местность"	"0"	"Всего"	"0"	"146"
"Число умерших(Человек)"	"2009 год"	"200912"	"АЙТЕКЕБИЙСКИЙ РАЙОН"	"0"	"Всего"	"0"	"Всего"	"0"	"201"
"Число умерших(Человек)"	"2011 год"	"201112"	"АЙТЕКЕБИЙСКИЙ РАЙОН"	"0"	"Всего"	"0"	"Всего"	"0"	"189"
"Число умерших(Человек)"	"2016 год"	"201612"	"АЙТЕКЕБИЙСКИЙ РАЙОН"	"0"	"Всего"	"0"	"Всего"	"0"	"142"
"Число умерших(Человек)"	"2010 год"	"201012"	"АЙТЕКЕБИЙСКИЙ РАЙОН"	"0"	"Всего"	"0"	"Всего"	"0"	"182"
"Число умерших(Человек)"	"2015 год"	"201512"	"АЙТЕКЕБИЙСКИЙ РАЙОН"	"0"	"Всего"	"0"	"Всего"	"0"	"175"
"Число умерших(Человек)"	"2013 год"	"201312"	"АЙТЕКЕБИЙСКИЙ РАЙОН"	"0"	"Всего"	"0"	"Всего"	"0"	"157"
"Число умерших(Человек)"	"2014 год"	"201412"	"АЙТЕКЕБИЙСКИЙ РАЙОН"	"0"	"Всего"	"0"	"Всего"	"0"	"179"
"Число умерших(Человек)"	"2012 год"	"201212"	"АЙТЕКЕБИЙСКИЙ РАЙОН"	"0"	"Всего"	"0"	"Всего"	"0"	"218"
"Число умерших(Человек)"	"2021 год"	"202112"	"АЙТЕКЕБИЙСКИЙ РАЙОН"	"0"	"Всего"	"0"	"Всего"	"0"	"187"
"Число умерших(Человек)"	"2020 год"	"202012"	"АЙТЕКЕБИЙСКИЙ РАЙОН"	"0"	"Всего"	"0"	"Всего"	"0"	"154"
"Число умерших(Человек)"	"2019 год"	"201912"	"АЙТЕКЕБИЙСКИЙ РАЙОН"	"0"	"Всего"	"0"	"Всего"	"0"	"141"
"Число умерших(Человек)"	"2018 год"	"201812"	"АЙТЕКЕБИЙСКИЙ РАЙОН"	"0"	"Всего"	"0"	"Всего"	"0"	"143"
"Число умерших(Человек)"	"2022 год"	"202212"	"АЙТЕКЕБИЙСКИЙ РАЙОН"	"0"	"Всего"	"0"	"Всего"	"0"	"131"
"Число умерших(Человек)"	"2017 год"	"201712"	"АЙТЕКЕБИЙСКИЙ РАЙОН"	"0"	"Всего"	"0"	"Всего"	"0"	"170"
"Число умерших(Человек)"	"2023 год"	"202312"	"АЙТЕКЕБИЙСКИЙ РАЙОН"	"0"	"Всего"	"0"	"Всего"	"0"	"156"
"Число умерших(Человек)"	"2024 год"	"202412"	"АЙТЕКЕБИЙСКИЙ РАЙОН"	"0"	"Всего"	"0"	"Всего"	"0"	"159"
"Число умерших(Человек)"	"2009 год"	"200912"	"АЙТЕКЕБИЙСКИЙ РАЙОН"	"0"	"сельская местность"	"0"	"Всего"	"0"	"201"
"Число умерших(Человек)"	"2011 год"	"201112"	"АЙТЕКЕБИЙСКИЙ РАЙОН"	"0"	"сельская местность"	"0"	"Всего"	"0"	"189"
"Число умерших(Человек)"	"2016 год"	"201612"	"АЙТЕКЕБИЙСКИЙ РАЙОН"	"0"	"сельская местность"	"0"	"Всего"	"0"	"142"
"Число умерших(Человек)"	"2010 год"	"201012"	"АЙТЕКЕБИЙСКИЙ РАЙОН"	"0"	"сельская местность"	"0"	"Всего"	"0"	"182"
"Число умерших(Человек)"	"2015 год"	"201512"	"АЙТЕКЕБИЙСКИЙ РАЙОН"	"0"	"сельская местность"	"0"	"Всего"	"0"	"175"
"Число умерших(Человек)"	"2013 год"	"201312"	"АЙТЕКЕБИЙСКИЙ РАЙОН"	"0"	"сельская местность"	"0"	"Всего"	"0"	"157"
"Число умерших(Человек)"	"2014 год"	"201412"	"АЙТЕКЕБИЙСКИЙ РАЙОН"	"0"	"сельская местность"	"0"	"Всего"	"0"	"179"
"Число умерших(Человек)"	"2012 год"	"201212"	"АЙТЕКЕБИЙСКИЙ РАЙОН"	"0"	"сельская местность"	"0"	"Всего"	"0"	"218"
"Число умерших(Человек)"	"2021 год"	"202112"	"АЙТЕКЕБИЙСКИЙ РАЙОН"	"0"	"сельская местность"	"0"	"Всего"	"0"	"187"
"Число умерших(Человек)"	"2020 год"	"202012"	"АЙТЕКЕБИЙСКИЙ РАЙОН"	"0"	"сельская местность"	"0"	"Всего"	"0"	"154"
"Число умерших(Человек)"	"2019 год"	"201912"	"АЙТЕКЕБИЙСКИЙ РАЙОН"	"0"	"сельская местность"	"0"	"Всего"	"0"	"141"
"Число умерших(Человек)"	"2018 год"	"201812"	"АЙТЕКЕБИЙСКИЙ РАЙОН"	"0"	"сельская местность"	"0"	"Всего"	"0"	"143"
"Число умерших(Человек)"	"2022 год"	"202212"	"АЙТЕКЕБИЙСКИЙ РАЙОН"	"0"	"сельская местность"	"0"	"Всего"	"0"	"131"
"Число умерших(Человек)"	"2017 год"	"201712"	"АЙТЕКЕБИЙСКИЙ РАЙОН"	"0"	"сельская местность"	"0"	"Всего"	"0"	"170"
"Число умерших(Человек)"	"2023 год"	"202312"	"АЙТЕКЕБИЙСКИЙ РАЙОН"	"0"	"сельская местность"	"0"	"Всего"	"0"	"156"
"Число умерших(Человек)"	"2024 год"	"202412"	"АЙТЕКЕБИЙСКИЙ РАЙОН"	"0"	"сельская местность"	"0"	"Всего"	"0"	"159"
"Число умерших(Человек)"	"2009 год"	"200912"	"БАЙГАНИНСКИЙ РАЙОН"	"0"	"Всего"	"0"	"Всего"	"0"	"150"
"Число умерших(Человек)"	"2011 год"	"201112"	"БАЙГАНИНСКИЙ РАЙОН"	"0"	"Всего"	"0"	"Всего"	"0"	"146"
"Число умерших(Человек)"	"2016 год"	"201612"	"БАЙГАНИНСКИЙ РАЙОН"	"0"	"Всего"	"0"	"Всего"	"0"	"155"
"Число умерших(Человек)"	"2010 год"	"201012"	"БАЙГАНИНСКИЙ РАЙОН"	"0"	"Всего"	"0"	"Всего"	"0"	"159"
"Число умерших(Человек)"	"2015 год"	"201512"	"БАЙГАНИНСКИЙ РАЙОН"	"0"	"Всего"	"0"	"Всего"	"0"	"141"
"Число умерших(Человек)"	"2013 год"	"201312"	"БАЙГАНИНСКИЙ РАЙОН"	"0"	"Всего"	"0"	"Всего"	"0"	"130"
"Число умерших(Человек)"	"2014 год"	"201412"	"БАЙГАНИНСКИЙ РАЙОН"	"0"	"Всего"	"0"	"Всего"	"0"	"109"
"Число умерших(Человек)"	"2012 год"	"201212"	"БАЙГАНИНСКИЙ РАЙОН"	"0"	"Всего"	"0"	"Всего"	"0"	"151"
"Число умерших(Человек)"	"2021 год"	"202112"	"БАЙГАНИНСКИЙ РАЙОН"	"0"	"Всего"	"0"	"Всего"	"0"	"148"
"Число умерших(Человек)"	"2020 год"	"202012"	"БАЙГАНИНСКИЙ РАЙОН"	"0"	"Всего"	"0"	"Всего"	"0"	"150"
"Число умерших(Человек)"	"2019 год"	"201912"	"БАЙГАНИНСКИЙ РАЙОН"	"0"	"Всего"	"0"	"Всего"	"0"	"129"
"Число умерших(Человек)"	"2018 год"	"201812"	"БАЙГАНИНСКИЙ РАЙОН"	"0"	"Всего"	"0"	"Всего"	"0"	"126"
"Число умерших(Человек)"	"2022 год"	"202212"	"БАЙГАНИНСКИЙ РАЙОН"	"0"	"Всего"	"0"	"Всего"	"0"	"138"
"Число умерших(Человек)"	"2017 год"	"201712"	"БАЙГАНИНСКИЙ РАЙОН"	"0"	"Всего"	"0"	"Всего"	"0"	"129"
"Число умерших(Человек)"	"2023 год"	"202312"	"БАЙГАНИНСКИЙ РАЙОН"	"0"	"Всего"	"0"	"Всего"	"0"	"130"
"Число умерших(Человек)"	"2024 год"	"202412"	"БАЙГАНИНСКИЙ РАЙОН"	"0"	"Всего"	"0"	"Всего"	"0"	"137"
"Число умерших(Человек)"	"2009 год"	"200912"	"БАЙГАНИНСКИЙ РАЙОН"	"0"	"сельская местность"	"0"	"Всего"	"0"	"150"
"Число умерших(Человек)"	"2011 год"	"201112"	"БАЙГАНИНСКИЙ РАЙОН"	"0"	"сельская местность"	"0"	"Всего"	"0"	"146"
"Число умерших(Человек)"	"2016 год"	"201612"	"БАЙГАНИНСКИЙ РАЙОН"	"0"	"сельская местность"	"0"	"Всего"	"0"	"155"
"Число умерших(Человек)"	"2010 год"	"201012"	"БАЙГАНИНСКИЙ РАЙОН"	"0"	"сельская местность"	"0"	"Всего"	"0"	"159"
"Число умерших(Человек)"	"2015 год"	"201512"	"БАЙГАНИНСКИЙ РАЙОН"	"0"	"сельская местность"	"0"	"Всего"	"0"	"141"
"Число умерших(Человек)"	"2013 год"	"201312"	"БАЙГАНИНСКИЙ РАЙОН"	"0"	"сельская местность"	"0"	"Всего"	"0"	"130"
"Число умерших(Человек)"	"2014 год"	"201412"	"БАЙГАНИНСКИЙ РАЙОН"	"0"	"сельская местность"	"0"	"Всего"	"0"	"109"
"Число умерших(Человек)"	"2012 год"	"201212"	"БАЙГАНИНСКИЙ РАЙОН"	"0"	"сельская местность"	"0"	"Всего"	"0"	"151"
"Число умерших(Человек)"	"2021 год"	"202112"	"БАЙГАНИНСКИЙ РАЙОН"	"0"	"сельская местность"	"0"	"Всего"	"0"	"148"
"Число умерших(Человек)"	"2020 год"	"202012"	"БАЙГАНИНСКИЙ РАЙОН"	"0"	"сельская местность"	"0"	"Всего"	"0"	"150"
"Число умерших(Человек)"	"2019 год"	"201912"	"БАЙГАНИНСКИЙ РАЙОН"	"0"	"сельская местность"	"0"	"Всего"	"0"	"129"
"Число умерших(Человек)"	"2018 год"	"201812"	"БАЙГАНИНСКИЙ РАЙОН"	"0"	"сельская местность"	"0"	"Всего"	"0"	"126"
"Число умерших(Человек)"	"2022 год"	"202212"	"БАЙГАНИНСКИЙ РАЙОН"	"0"	"сельская местность"	"0"	"Всего"	"0"	"138"
"Число умерших(Человек)"	"2017 год"	"201712"	"БАЙГАНИНСКИЙ РАЙОН"	"0"	"сельская местность"	"0"	"Всего"	"0"	"129"
"Число умерших(Человек)"	"2023 год"	"202312"	"БАЙГАНИНСКИЙ РАЙОН"	"0"	"сельская местность"	"0"	"Всего"	"0"	"130"
"Число умерших(Человек)"	"2024 год"	"202412"	"БАЙГАНИНСКИЙ РАЙОН"	"0"	"сельская местность"	"0"	"Всего"	"0"	"137"
"Число умерших(Человек)"	"2009 год"	"200912"	"КАРГАЛИНСКИЙ РАЙОН"	"0"	"Всего"	"0"	"Всего"	"0"	"196"
"Число умерших(Человек)"	"2011 год"	"201112"	"КАРГАЛИНСКИЙ РАЙОН"	"0"	"Всего"	"0"	"Всего"	"0"	"183"
"Число умерших(Человек)"	"2016 год"	"201612"	"КАРГАЛИНСКИЙ РАЙОН"	"0"	"Всего"	"0"	"Всего"	"0"	"177"
"Число умерших(Человек)"	"2010 год"	"201012"	"КАРГАЛИНСКИЙ РАЙОН"	"0"	"Всего"	"0"	"Всего"	"0"	"201"
"Число умерших(Человек)"	"2015 год"	"201512"	"КАРГАЛИНСКИЙ РАЙОН"	"0"	"Всего"	"0"	"Всего"	"0"	"154"
"Число умерших(Человек)"	"2013 год"	"201312"	"КАРГАЛИНСКИЙ РАЙОН"	"0"	"Всего"	"0"	"Всего"	"0"	"177"
"Число умерших(Человек)"	"2014 год"	"201412"	"КАРГАЛИНСКИЙ РАЙОН"	"0"	"Всего"	"0"	"Всего"	"0"	"158"
"Число умерших(Человек)"	"2012 год"	"201212"	"КАРГАЛИНСКИЙ РАЙОН"	"0"	"Всего"	"0"	"Всего"	"0"	"175"
"Число умерших(Человек)"	"2021 год"	"202112"	"КАРГАЛИНСКИЙ РАЙОН"	"0"	"Всего"	"0"	"Всего"	"0"	"222"
"Число умерших(Человек)"	"2020 год"	"202012"	"КАРГАЛИНСКИЙ РАЙОН"	"0"	"Всего"	"0"	"Всего"	"0"	"167"
"Число умерших(Человек)"	"2019 год"	"201912"	"КАРГАЛИНСКИЙ РАЙОН"	"0"	"Всего"	"0"	"Всего"	"0"	"166"
"Число умерших(Человек)"	"2018 год"	"201812"	"КАРГАЛИНСКИЙ РАЙОН"	"0"	"Всего"	"0"	"Всего"	"0"	"134"
"Число умерших(Человек)"	"2022 год"	"202212"	"КАРГАЛИНСКИЙ РАЙОН"	"0"	"Всего"	"0"	"Всего"	"0"	"136"
"Число умерших(Человек)"	"2017 год"	"201712"	"КАРГАЛИНСКИЙ РАЙОН"	"0"	"Всего"	"0"	"Всего"	"0"	"152"
"Число умерших(Человек)"	"2023 год"	"202312"	"КАРГАЛИНСКИЙ РАЙОН"	"0"	"Всего"	"0"	"Всего"	"0"	"142"
"Число умерших(Человек)"	"2024 год"	"202412"	"КАРГАЛИНСКИЙ РАЙОН"	"0"	"Всего"	"0"	"Всего"	"0"	"148"
"Число умерших(Человек)"	"2009 год"	"200912"	"КАРГАЛИНСКИЙ РАЙОН"	"0"	"сельская местность"	"0"	"Всего"	"0"	"196"
"Число умерших(Человек)"	"2011 год"	"201112"	"КАРГАЛИНСКИЙ РАЙОН"	"0"	"сельская местность"	"0"	"Всего"	"0"	"183"
"Число умерших(Человек)"	"2016 год"	"201612"	"КАРГАЛИНСКИЙ РАЙОН"	"0"	"сельская местность"	"0"	"Всего"	"0"	"177"
"Число умерших(Человек)"	"2010 год"	"201012"	"КАРГАЛИНСКИЙ РАЙОН"	"0"	"сельская местность"	"0"	"Всего"	"0"	"201"
"Число умерших(Человек)"	"2015 год"	"201512"	"КАРГАЛИНСКИЙ РАЙОН"	"0"	"сельская местность"	"0"	"Всего"	"0"	"154"
"Число умерших(Человек)"	"2013 год"	"201312"	"КАРГАЛИНСКИЙ РАЙОН"	"0"	"сельская местность"	"0"	"Всего"	"0"	"177"
"Число умерших(Человек)"	"2014 год"	"201412"	"КАРГАЛИНСКИЙ РАЙОН"	"0"	"сельская местность"	"0"	"Всего"	"0"	"158"
"Число умерших(Человек)"	"2012 год"	"201212"	"КАРГАЛИНСКИЙ РАЙОН"	"0"	"сельская местность"	"0"	"Всего"	"0"	"175"
"Число умерших(Человек)"	"2021 год"	"202112"	"КАРГАЛИНСКИЙ РАЙОН"	"0"	"сельская местность"	"0"	"Всего"	"0"	"222"
"Число умерших(Человек)"	"2020 год"	"202012"	"КАРГАЛИНСКИЙ РАЙОН"	"0"	"сельская местность"	"0"	"Всего"	"0"	"167"
"Число умерших(Человек)"	"2019 год"	"201912"	"КАРГАЛИНСКИЙ РАЙОН"	"0"	"сельская местность"	"0"	"Всего"	"0"	"166"
"Число умерших(Человек)"	"2018 год"	"201812"	"КАРГАЛИНСКИЙ РАЙОН"	"0"	"сельская местность"	"0"	"Всего"	"0"	"134"
"Число умерших(Человек)"	"2022 год"	"202212"	"КАРГАЛИНСКИЙ РАЙОН"	"0"	"сельская местность"	"0"	"Всего"	"0"	"136"
"Число умерших(Человек)"	"2017 год"	"201712"	"КАРГАЛИНСКИЙ РАЙОН"	"0"	"сельская местность"	"0"	"Всего"	"0"	"152"
"Число умерших(Человек)"	"2023 год"	"202312"	"КАРГАЛИНСКИЙ РАЙОН"	"0"	"сельская местность"	"0"	"Всего"	"0"	"142"
"Число умерших(Человек)"	"2024 год"	"202412"	"КАРГАЛИНСКИЙ РАЙОН"	"0"	"сельская местность"	"0"	"Всего"	"0"	"148"
"Число умерших(Человек)"	"2009 год"	"200912"	"ХОБДИНСКИЙ РАЙОН"	"0"	"Всего"	"0"	"Всего"	"0"	"196"
"Число умерших(Человек)"	"2011 год"	"201112"	"ХОБДИНСКИЙ РАЙОН"	"0"	"Всего"	"0"	"Всего"	"0"	"147"
"Число умерших(Человек)"	"2016 год"	"201612"	"ХОБДИНСКИЙ РАЙОН"	"0"	"Всего"	"0"	"Всего"	"0"	"134"
"Число умерших(Человек)"	"2010 год"	"201012"	"ХОБДИНСКИЙ РАЙОН"	"0"	"Всего"	"0"	"Всего"	"0"	"171"
"Число умерших(Человек)"	"2015 год"	"201512"	"ХОБДИНСКИЙ РАЙОН"	"0"	"Всего"	"0"	"Всего"	"0"	"144"
"Число умерших(Человек)"	"2013 год"	"201312"	"ХОБДИНСКИЙ РАЙОН"	"0"	"Всего"	"0"	"Всего"	"0"	"164"
"Число умерших(Человек)"	"2014 год"	"201412"	"ХОБДИНСКИЙ РАЙОН"	"0"	"Всего"	"0"	"Всего"	"0"	"138"
"Число умерших(Человек)"	"2012 год"	"201212"	"ХОБДИНСКИЙ РАЙОН"	"0"	"Всего"	"0"	"Всего"	"0"	"166"
"Число умерших(Человек)"	"2021 год"	"202112"	"ХОБДИНСКИЙ РАЙОН"	"0"	"Всего"	"0"	"Всего"	"0"	"174"
"Число умерших(Человек)"	"2020 год"	"202012"	"ХОБДИНСКИЙ РАЙОН"	"0"	"Всего"	"0"	"Всего"	"0"	"167"
"Число умерших(Человек)"	"2019 год"	"201912"	"ХОБДИНСКИЙ РАЙОН"	"0"	"Всего"	"0"	"Всего"	"0"	"124"
"Число умерших(Человек)"	"2018 год"	"201812"	"ХОБДИНСКИЙ РАЙОН"	"0"	"Всего"	"0"	"Всего"	"0"	"121"
"Число умерших(Человек)"	"2022 год"	"202212"	"ХОБДИНСКИЙ РАЙОН"	"0"	"Всего"	"0"	"Всего"	"0"	"152"
"Число умерших(Человек)"	"2017 год"	"201712"	"ХОБДИНСКИЙ РАЙОН"	"0"	"Всего"	"0"	"Всего"	"0"	"130"
"Число умерших(Человек)"	"2023 год"	"202312"	"ХОБДИНСКИЙ РАЙОН"	"0"	"Всего"	"0"	"Всего"	"0"	"116"
"Число умерших(Человек)"	"2024 год"	"202412"	"ХОБДИНСКИЙ РАЙОН"	"0"	"Всего"	"0"	"Всего"	"0"	"119"
"Число умерших(Человек)"	"2009 год"	"200912"	"ХОБДИНСКИЙ РАЙОН"	"0"	"сельская местность"	"0"	"Всего"	"0"	"196"
"Число умерших(Человек)"	"2011 год"	"201112"	"ХОБДИНСКИЙ РАЙОН"	"0"	"сельская местность"	"0"	"Всего"	"0"	"147"
"Число умерших(Человек)"	"2016 год"	"201612"	"ХОБДИНСКИЙ РАЙОН"	"0"	"сельская местность"	"0"	"Всего"	"0"	"134"
"Число умерших(Человек)"	"2010 год"	"201012"	"ХОБДИНСКИЙ РАЙОН"	"0"	"сельская местность"	"0"	"Всего"	"0"	"171"
"Число умерших(Человек)"	"2015 год"	"201512"	"ХОБДИНСКИЙ РАЙОН"	"0"	"сельская местность"	"0"	"Всего"	"0"	"144"
"Число умерших(Человек)"	"2013 год"	"201312"	"ХОБДИНСКИЙ РАЙОН"	"0"	"сельская местность"	"0"	"Всего"	"0"	"164"
"Число умерших(Человек)"	"2014 год"	"201412"	"ХОБДИНСКИЙ РАЙОН"	"0"	"сельская местность"	"0"	"Всего"	"0"	"138"
"Число умерших(Человек)"	"2012 год"	"201212"	"ХОБДИНСКИЙ РАЙОН"	"0"	"сельская местность"	"0"	"Всего"	"0"	"166"
"Число умерших(Человек)"	"2021 год"	"202112"	"ХОБДИНСКИЙ РАЙОН"	"0"	"сельская местность"	"0"	"Всего"	"0"	"174"
"Число умерших(Человек)"	"2020 год"	"202012"	"ХОБДИНСКИЙ РАЙОН"	"0"	"сельская местность"	"0"	"Всего"	"0"	"167"
"Число умерших(Человек)"	"2019 год"	"201912"	"ХОБДИНСКИЙ РАЙОН"	"0"	"сельская местность"	"0"	"Всего"	"0"	"124"
"Число умерших(Человек)"	"2018 год"	"201812"	"ХОБДИНСКИЙ РАЙОН"	"0"	"сельская местность"	"0"	"Всего"	"0"	"121"
"Число умерших(Человек)"	"2022 год"	"202212"	"ХОБДИНСКИЙ РАЙОН"	"0"	"сельская местность"	"0"	"Всего"	"0"	"152"
"Число умерших(Человек)"	"2017 год"	"201712"	"ХОБДИНСКИЙ РАЙОН"	"0"	"сельская местность"	"0"	"Всего"	"0"	"130"
"Число умерших(Человек)"	"2023 год"	"202312"	"ХОБДИНСКИЙ РАЙОН"	"0"	"сельская местность"	"0"	"Всего"	"0"	"116"
"Число умерших(Человек)"	"2024 год"	"202412"	"ХОБДИНСКИЙ РАЙОН"	"0"	"сельская местность"	"0"	"Всего"	"0"	"119"
"Число умерших(Человек)"	"2009 год"	"200912"	"МАРТУКСКИЙ РАЙОН"	"0"	"Всего"	"0"	"Всего"	"0"	"302"
"Число умерших(Человек)"	"2011 год"	"201112"	"МАРТУКСКИЙ РАЙОН"	"0"	"Всего"	"0"	"Всего"	"0"	"257"
"Число умерших(Человек)"	"2016 год"	"201612"	"МАРТУКСКИЙ РАЙОН"	"0"	"Всего"	"0"	"Всего"	"0"	"267"
"Число умерших(Человек)"	"2010 год"	"201012"	"МАРТУКСКИЙ РАЙОН"	"0"	"Всего"	"0"	"Всего"	"0"	"290"
"Число умерших(Человек)"	"2015 год"	"201512"	"МАРТУКСКИЙ РАЙОН"	"0"	"Всего"	"0"	"Всего"	"0"	"241"
"Число умерших(Человек)"	"2013 год"	"201312"	"МАРТУКСКИЙ РАЙОН"	"0"	"Всего"	"0"	"Всего"	"0"	"241"
"Число умерших(Человек)"	"2014 год"	"201412"	"МАРТУКСКИЙ РАЙОН"	"0"	"Всего"	"0"	"Всего"	"0"	"280"
"Число умерших(Человек)"	"2012 год"	"201212"	"МАРТУКСКИЙ РАЙОН"	"0"	"Всего"	"0"	"Всего"	"0"	"266"
"Число умерших(Человек)"	"2021 год"	"202112"	"МАРТУКСКИЙ РАЙОН"	"0"	"Всего"	"0"	"Всего"	"0"	"339"
"Число умерших(Человек)"	"2020 год"	"202012"	"МАРТУКСКИЙ РАЙОН"	"0"	"Всего"	"0"	"Всего"	"0"	"344"
"Число умерших(Человек)"	"2019 год"	"201912"	"МАРТУКСКИЙ РАЙОН"	"0"	"Всего"	"0"	"Всего"	"0"	"288"
"Число умерших(Человек)"	"2018 год"	"201812"	"МАРТУКСКИЙ РАЙОН"	"0"	"Всего"	"0"	"Всего"	"0"	"260"
"Число умерших(Человек)"	"2022 год"	"202212"	"МАРТУКСКИЙ РАЙОН"	"0"	"Всего"	"0"	"Всего"	"0"	"253"
"Число умерших(Человек)"	"2017 год"	"201712"	"МАРТУКСКИЙ РАЙОН"	"0"	"Всего"	"0"	"Всего"	"0"	"253"
"Число умерших(Человек)"	"2023 год"	"202312"	"МАРТУКСКИЙ РАЙОН"	"0"	"Всего"	"0"	"Всего"	"0"	"273"
"Число умерших(Человек)"	"2024 год"	"202412"	"МАРТУКСКИЙ РАЙОН"	"0"	"Всего"	"0"	"Всего"	"0"	"268"
"Число умерших(Человек)"	"2009 год"	"200912"	"МАРТУКСКИЙ РАЙОН"	"0"	"сельская местность"	"0"	"Всего"	"0"	"302"
"Число умерших(Человек)"	"2011 год"	"201112"	"МАРТУКСКИЙ РАЙОН"	"0"	"сельская местность"	"0"	"Всего"	"0"	"257"
"Число умерших(Человек)"	"2016 год"	"201612"	"МАРТУКСКИЙ РАЙОН"	"0"	"сельская местность"	"0"	"Всего"	"0"	"267"
"Число умерших(Человек)"	"2010 год"	"201012"	"МАРТУКСКИЙ РАЙОН"	"0"	"сельская местность"	"0"	"Всего"	"0"	"290"
"Число умерших(Человек)"	"2015 год"	"201512"	"МАРТУКСКИЙ РАЙОН"	"0"	"сельская местность"	"0"	"Всего"	"0"	"241"
"Число умерших(Человек)"	"2013 год"	"201312"	"МАРТУКСКИЙ РАЙОН"	"0"	"сельская местность"	"0"	"Всего"	"0"	"241"
"Число умерших(Человек)"	"2014 год"	"201412"	"МАРТУКСКИЙ РАЙОН"	"0"	"сельская местность"	"0"	"Всего"	"0"	"280"
"Число умерших(Человек)"	"2012 год"	"201212"	"МАРТУКСКИЙ РАЙОН"	"0"	"сельская местность"	"0"	"Всего"	"0"	"266"
"Число умерших(Человек)"	"2021 год"	"202112"	"МАРТУКСКИЙ РАЙОН"	"0"	"сельская местность"	"0"	"Всего"	"0"	"339"
"Число умерших(Человек)"	"2020 год"	"202012"	"МАРТУКСКИЙ РАЙОН"	"0"	"сельская местность"	"0"	"Всего"	"0"	"344"
"Число умерших(Человек)"	"2019 год"	"201912"	"МАРТУКСКИЙ РАЙОН"	"0"	"сельская местность"	"0"	"Всего"	"0"	"288"
"Число умерших(Человек)"	"2018 год"	"201812"	"МАРТУКСКИЙ РАЙОН"	"0"	"сельская местность"	"0"	"Всего"	"0"	"260"
"Число умерших(Человек)"	"2022 год"	"202212"	"МАРТУКСКИЙ РАЙОН"	"0"	"сельская местность"	"0"	"Всего"	"0"	"253"
"Число умерших(Человек)"	"2017 год"	"201712"	"МАРТУКСКИЙ РАЙОН"	"0"	"сельская местность"	"0"	"Всего"	"0"	"253"
"Число умерших(Человек)"	"2023 год"	"202312"	"МАРТУКСКИЙ РАЙОН"	"0"	"сельская местность"	"0"	"Всего"	"0"	"273"
"Число умерших(Человек)"	"2024 год"	"202412"	"МАРТУКСКИЙ РАЙОН"	"0"	"сельская местность"	"0"	"Всего"	"0"	"268"
"Число умерших(Человек)"	"2009 год"	"200912"	"ТЕМИРСКИЙ РАЙОН"	"0"	"сельская местность"	"0"	"Всего"	"0"	"232"
"Число умерших(Человек)"	"2011 год"	"201112"	"ТЕМИРСКИЙ РАЙОН"	"0"	"сельская местность"	"0"	"Всего"	"0"	"232"
"Число умерших(Человек)"	"2016 год"	"201612"	"ТЕМИРСКИЙ РАЙОН"	"0"	"сельская местность"	"0"	"Всего"	"0"	"207"
"Число умерших(Человек)"	"2010 год"	"201012"	"ТЕМИРСКИЙ РАЙОН"	"0"	"сельская местность"	"0"	"Всего"	"0"	"197"
"Число умерших(Человек)"	"2015 год"	"201512"	"ТЕМИРСКИЙ РАЙОН"	"0"	"сельская местность"	"0"	"Всего"	"0"	"180"
"Число умерших(Человек)"	"2013 год"	"201312"	"ТЕМИРСКИЙ РАЙОН"	"0"	"сельская местность"	"0"	"Всего"	"0"	"197"
"Число умерших(Человек)"	"2014 год"	"201412"	"ТЕМИРСКИЙ РАЙОН"	"0"	"сельская местность"	"0"	"Всего"	"0"	"187"
"Число умерших(Человек)"	"2012 год"	"201212"	"ТЕМИРСКИЙ РАЙОН"	"0"	"сельская местность"	"0"	"Всего"	"0"	"223"
"Число умерших(Человек)"	"2021 год"	"202112"	"ТЕМИРСКИЙ РАЙОН"	"0"	"сельская местность"	"0"	"Всего"	"0"	"260"
"Число умерших(Человек)"	"2020 год"	"202012"	"ТЕМИРСКИЙ РАЙОН"	"0"	"сельская местность"	"0"	"Всего"	"0"	"261"
"Число умерших(Человек)"	"2019 год"	"201912"	"ТЕМИРСКИЙ РАЙОН"	"0"	"сельская местность"	"0"	"Всего"	"0"	"181"
"Число умерших(Человек)"	"2018 год"	"201812"	"ТЕМИРСКИЙ РАЙОН"	"0"	"сельская местность"	"0"	"Всего"	"0"	"188"
"Число умерших(Человек)"	"2022 год"	"202212"	"ТЕМИРСКИЙ РАЙОН"	"0"	"сельская местность"	"0"	"Всего"	"0"	"221"
"Число умерших(Человек)"	"2017 год"	"201712"	"ТЕМИРСКИЙ РАЙОН"	"0"	"сельская местность"	"0"	"Всего"	"0"	"205"
"Число умерших(Человек)"	"2023 год"	"202312"	"ТЕМИРСКИЙ РАЙОН"	"0"	"сельская местность"	"0"	"Всего"	"0"	"200"
"Число умерших(Человек)"	"2024 год"	"202412"	"ТЕМИРСКИЙ РАЙОН"	"0"	"сельская местность"	"0"	"Всего"	"0"	"183"
"Число умерших(Человек)"	"2009 год"	"200912"	"ТЕМИРСКИЙ РАЙОН"	"0"	"Всего"	"0"	"Всего"	"0"	"264"
"Число умерших(Человек)"	"2011 год"	"201112"	"ТЕМИРСКИЙ РАЙОН"	"0"	"Всего"	"0"	"Всего"	"0"	"250"
"Число умерших(Человек)"	"2016 год"	"201612"	"ТЕМИРСКИЙ РАЙОН"	"0"	"Всего"	"0"	"Всего"	"0"	"229"
"Число умерших(Человек)"	"2010 год"	"201012"	"ТЕМИРСКИЙ РАЙОН"	"0"	"Всего"	"0"	"Всего"	"0"	"226"
"Число умерших(Человек)"	"2015 год"	"201512"	"ТЕМИРСКИЙ РАЙОН"	"0"	"Всего"	"0"	"Всего"	"0"	"201"
"Число умерших(Человек)"	"2013 год"	"201312"	"ТЕМИРСКИЙ РАЙОН"	"0"	"Всего"	"0"	"Всего"	"0"	"217"
"Число умерших(Человек)"	"2014 год"	"201412"	"ТЕМИРСКИЙ РАЙОН"	"0"	"Всего"	"0"	"Всего"	"0"	"209"
"Число умерших(Человек)"	"2012 год"	"201212"	"ТЕМИРСКИЙ РАЙОН"	"0"	"Всего"	"0"	"Всего"	"0"	"244"
"Число умерших(Человек)"	"2021 год"	"202112"	"ТЕМИРСКИЙ РАЙОН"	"0"	"Всего"	"0"	"Всего"	"0"	"292"
"Число умерших(Человек)"	"2020 год"	"202012"	"ТЕМИРСКИЙ РАЙОН"	"0"	"Всего"	"0"	"Всего"	"0"	"274"
"Число умерших(Человек)"	"2019 год"	"201912"	"ТЕМИРСКИЙ РАЙОН"	"0"	"Всего"	"0"	"Всего"	"0"	"199"
"Число умерших(Человек)"	"2018 год"	"201812"	"ТЕМИРСКИЙ РАЙОН"	"0"	"Всего"	"0"	"Всего"	"0"	"211"
"Число умерших(Человек)"	"2022 год"	"202212"	"ТЕМИРСКИЙ РАЙОН"	"0"	"Всего"	"0"	"Всего"	"0"	"245"
"Число умерших(Человек)"	"2017 год"	"201712"	"ТЕМИРСКИЙ РАЙОН"	"0"	"Всего"	"0"	"Всего"	"0"	"225"
"Число умерших(Человек)"	"2023 год"	"202312"	"ТЕМИРСКИЙ РАЙОН"	"0"	"Всего"	"0"	"Всего"	"0"	"211"
"Число умерших(Человек)"	"2024 год"	"202412"	"ТЕМИРСКИЙ РАЙОН"	"0"	"Всего"	"0"	"Всего"	"0"	"202"
"Число умерших(Человек)"	"2009 год"	"200912"	"ТЕМИРСКИЙ РАЙОН"	"0"	"городская местность"	"0"	"Всего"	"0"	"32"
"Число умерших(Человек)"	"2011 год"	"201112"	"ТЕМИРСКИЙ РАЙОН"	"0"	"городская местность"	"0"	"Всего"	"0"	"18"
"Число умерших(Человек)"	"2016 год"	"201612"	"ТЕМИРСКИЙ РАЙОН"	"0"	"городская местность"	"0"	"Всего"	"0"	"22"
"Число умерших(Человек)"	"2010 год"	"201012"	"ТЕМИРСКИЙ РАЙОН"	"0"	"городская местность"	"0"	"Всего"	"0"	"29"
"Число умерших(Человек)"	"2015 год"	"201512"	"ТЕМИРСКИЙ РАЙОН"	"0"	"городская местность"	"0"	"Всего"	"0"	"21"
"Число умерших(Человек)"	"2013 год"	"201312"	"ТЕМИРСКИЙ РАЙОН"	"0"	"городская местность"	"0"	"Всего"	"0"	"20"
"Число умерших(Человек)"	"2014 год"	"201412"	"ТЕМИРСКИЙ РАЙОН"	"0"	"городская местность"	"0"	"Всего"	"0"	"22"
"Число умерших(Человек)"	"2012 год"	"201212"	"ТЕМИРСКИЙ РАЙОН"	"0"	"городская местность"	"0"	"Всего"	"0"	"21"
"Число умерших(Человек)"	"2021 год"	"202112"	"ТЕМИРСКИЙ РАЙОН"	"0"	"городская местность"	"0"	"Всего"	"0"	"32"
"Число умерших(Человек)"	"2020 год"	"202012"	"ТЕМИРСКИЙ РАЙОН"	"0"	"городская местность"	"0"	"Всего"	"0"	"13"
"Число умерших(Человек)"	"2019 год"	"201912"	"ТЕМИРСКИЙ РАЙОН"	"0"	"городская местность"	"0"	"Всего"	"0"	"18"
"Число умерших(Человек)"	"2018 год"	"201812"	"ТЕМИРСКИЙ РАЙОН"	"0"	"городская местность"	"0"	"Всего"	"0"	"23"
"Число умерших(Человек)"	"2022 год"	"202212"	"ТЕМИРСКИЙ РАЙОН"	"0"	"городская местность"	"0"	"Всего"	"0"	"24"
"Число умерших(Человек)"	"2017 год"	"201712"	"ТЕМИРСКИЙ РАЙОН"	"0"	"городская местность"	"0"	"Всего"	"0"	"20"
"Число умерших(Человек)"	"2023 год"	"202312"	"ТЕМИРСКИЙ РАЙОН"	"0"	"городская местность"	"0"	"Всего"	"0"	"11"
"Число умерших(Человек)"	"2024 год"	"202412"	"ТЕМИРСКИЙ РАЙОН"	"0"	"городская местность"	"0"	"Всего"	"0"	"19"
"Число умерших(Человек)"	"2009 год"	"200912"	"ХРОМТАУСКИЙ РАЙОН"	"0"	"Всего"	"0"	"Всего"	"0"	"400"
"Число умерших(Человек)"	"2011 год"	"201112"	"ХРОМТАУСКИЙ РАЙОН"	"0"	"Всего"	"0"	"Всего"	"0"	"383"
"Число умерших(Человек)"	"2016 год"	"201612"	"ХРОМТАУСКИЙ РАЙОН"	"0"	"Всего"	"0"	"Всего"	"0"	"338"
"Число умерших(Человек)"	"2010 год"	"201012"	"ХРОМТАУСКИЙ РАЙОН"	"0"	"Всего"	"0"	"Всего"	"0"	"421"
"Число умерших(Человек)"	"2015 год"	"201512"	"ХРОМТАУСКИЙ РАЙОН"	"0"	"Всего"	"0"	"Всего"	"0"	"342"
"Число умерших(Человек)"	"2013 год"	"201312"	"ХРОМТАУСКИЙ РАЙОН"	"0"	"Всего"	"0"	"Всего"	"0"	"385"
"Число умерших(Человек)"	"2014 год"	"201412"	"ХРОМТАУСКИЙ РАЙОН"	"0"	"Всего"	"0"	"Всего"	"0"	"364"
"Число умерших(Человек)"	"2012 год"	"201212"	"ХРОМТАУСКИЙ РАЙОН"	"0"	"Всего"	"0"	"Всего"	"0"	"404"
"Число умерших(Человек)"	"2021 год"	"202112"	"ХРОМТАУСКИЙ РАЙОН"	"0"	"Всего"	"0"	"Всего"	"0"	"438"
"Число умерших(Человек)"	"2020 год"	"202012"	"ХРОМТАУСКИЙ РАЙОН"	"0"	"Всего"	"0"	"Всего"	"0"	"387"
"Число умерших(Человек)"	"2019 год"	"201912"	"ХРОМТАУСКИЙ РАЙОН"	"0"	"Всего"	"0"	"Всего"	"0"	"319"
"Число умерших(Человек)"	"2018 год"	"201812"	"ХРОМТАУСКИЙ РАЙОН"	"0"	"Всего"	"0"	"Всего"	"0"	"345"
"Число умерших(Человек)"	"2022 год"	"202212"	"ХРОМТАУСКИЙ РАЙОН"	"0"	"Всего"	"0"	"Всего"	"0"	"296"
"Число умерших(Человек)"	"2017 год"	"201712"	"ХРОМТАУСКИЙ РАЙОН"	"0"	"Всего"	"0"	"Всего"	"0"	"322"
"Число умерших(Человек)"	"2023 год"	"202312"	"ХРОМТАУСКИЙ РАЙОН"	"0"	"Всего"	"0"	"Всего"	"0"	"335"
"Число умерших(Человек)"	"2024 год"	"202412"	"ХРОМТАУСКИЙ РАЙОН"	"0"	"Всего"	"0"	"Всего"	"0"	"346"
"Число умерших(Человек)"	"2009 год"	"200912"	"ХРОМТАУСКИЙ РАЙОН"	"0"	"городская местность"	"0"	"Всего"	"0"	"233"
"Число умерших(Человек)"	"2011 год"	"201112"	"ХРОМТАУСКИЙ РАЙОН"	"0"	"городская местность"	"0"	"Всего"	"0"	"226"
"Число умерших(Человек)"	"2016 год"	"201612"	"ХРОМТАУСКИЙ РАЙОН"	"0"	"городская местность"	"0"	"Всего"	"0"	"207"
"Число умерших(Человек)"	"2010 год"	"201012"	"ХРОМТАУСКИЙ РАЙОН"	"0"	"городская местность"	"0"	"Всего"	"0"	"224"
"Число умерших(Человек)"	"2015 год"	"201512"	"ХРОМТАУСКИЙ РАЙОН"	"0"	"городская местность"	"0"	"Всего"	"0"	"209"
"Число умерших(Человек)"	"2013 год"	"201312"	"ХРОМТАУСКИЙ РАЙОН"	"0"	"городская местность"	"0"	"Всего"	"0"	"227"
"Число умерших(Человек)"	"2014 год"	"201412"	"ХРОМТАУСКИЙ РАЙОН"	"0"	"городская местность"	"0"	"Всего"	"0"	"226"
"Число умерших(Человек)"	"2012 год"	"201212"	"ХРОМТАУСКИЙ РАЙОН"	"0"	"городская местность"	"0"	"Всего"	"0"	"245"
"Число умерших(Человек)"	"2021 год"	"202112"	"ХРОМТАУСКИЙ РАЙОН"	"0"	"городская местность"	"0"	"Всего"	"0"	"293"
"Число умерших(Человек)"	"2020 год"	"202012"	"ХРОМТАУСКИЙ РАЙОН"	"0"	"городская местность"	"0"	"Всего"	"0"	"275"
"Число умерших(Человек)"	"2019 год"	"201912"	"ХРОМТАУСКИЙ РАЙОН"	"0"	"городская местность"	"0"	"Всего"	"0"	"202"
"Число умерших(Человек)"	"2018 год"	"201812"	"ХРОМТАУСКИЙ РАЙОН"	"0"	"городская местность"	"0"	"Всего"	"0"	"222"
"Число умерших(Человек)"	"2022 год"	"202212"	"ХРОМТАУСКИЙ РАЙОН"	"0"	"городская местность"	"0"	"Всего"	"0"	"190"
"Число умерших(Человек)"	"2017 год"	"201712"	"ХРОМТАУСКИЙ РАЙОН"	"0"	"городская местность"	"0"	"Всего"	"0"	"214"
"Число умерших(Человек)"	"2023 год"	"202312"	"ХРОМТАУСКИЙ РАЙОН"	"0"	"городская местность"	"0"	"Всего"	"0"	"209"
"Число умерших(Человек)"	"2024 год"	"202412"	"ХРОМТАУСКИЙ РАЙОН"	"0"	"городская местность"	"0"	"Всего"	"0"	"215"
"Число умерших(Человек)"	"2009 год"	"200912"	"ХРОМТАУСКИЙ РАЙОН"	"0"	"сельская местность"	"0"	"Всего"	"0"	"167"
"Число умерших(Человек)"	"2011 год"	"201112"	"ХРОМТАУСКИЙ РАЙОН"	"0"	"сельская местность"	"0"	"Всего"	"0"	"157"
"Число умерших(Человек)"	"2016 год"	"201612"	"ХРОМТАУСКИЙ РАЙОН"	"0"	"сельская местность"	"0"	"Всего"	"0"	"131"
"Число умерших(Человек)"	"2010 год"	"201012"	"ХРОМТАУСКИЙ РАЙОН"	"0"	"сельская местность"	"0"	"Всего"	"0"	"197"
"Число умерших(Человек)"	"2015 год"	"201512"	"ХРОМТАУСКИЙ РАЙОН"	"0"	"сельская местность"	"0"	"Всего"	"0"	"133"
"Число умерших(Человек)"	"2013 год"	"201312"	"ХРОМТАУСКИЙ РАЙОН"	"0"	"сельская местность"	"0"	"Всего"	"0"	"158"
"Число умерших(Человек)"	"2014 год"	"201412"	"ХРОМТАУСКИЙ РАЙОН"	"0"	"сельская местность"	"0"	"Всего"	"0"	"138"
"Число умерших(Человек)"	"2012 год"	"201212"	"ХРОМТАУСКИЙ РАЙОН"	"0"	"сельская местность"	"0"	"Всего"	"0"	"159"
"Число умерших(Человек)"	"2021 год"	"202112"	"ХРОМТАУСКИЙ РАЙОН"	"0"	"сельская местность"	"0"	"Всего"	"0"	"145"
"Число умерших(Человек)"	"2020 год"	"202012"	"ХРОМТАУСКИЙ РАЙОН"	"0"	"сельская местность"	"0"	"Всего"	"0"	"112"
"Число умерших(Человек)"	"2019 год"	"201912"	"ХРОМТАУСКИЙ РАЙОН"	"0"	"сельская местность"	"0"	"Всего"	"0"	"117"
"Число умерших(Человек)"	"2018 год"	"201812"	"ХРОМТАУСКИЙ РАЙОН"	"0"	"сельская местность"	"0"	"Всего"	"0"	"123"
"Число умерших(Человек)"	"2022 год"	"202212"	"ХРОМТАУСКИЙ РАЙОН"	"0"	"сельская местность"	"0"	"Всего"	"0"	"106"
"Число умерших(Человек)"	"2017 год"	"201712"	"ХРОМТАУСКИЙ РАЙОН"	"0"	"сельская местность"	"0"	"Всего"	"0"	"108"
"Число умерших(Человек)"	"2023 год"	"202312"	"ХРОМТАУСКИЙ РАЙОН"	"0"	"сельская местность"	"0"	"Всего"	"0"	"126"
"Число умерших(Человек)"	"2024 год"	"202412"	"ХРОМТАУСКИЙ РАЙОН"	"0"	"сельская местность"	"0"	"Всего"	"0"	"131"
"Число умерших(Человек)"	"2009 год"	"200912"	"ШАЛКАРСКИЙ РАЙОН"	"0"	"Всего"	"0"	"Всего"	"0"	"300"
"Число умерших(Человек)"	"2011 год"	"201112"	"ШАЛКАРСКИЙ РАЙОН"	"0"	"Всего"	"0"	"Всего"	"0"	"322"
"Число умерших(Человек)"	"2016 год"	"201612"	"ШАЛКАРСКИЙ РАЙОН"	"0"	"Всего"	"0"	"Всего"	"0"	"305"
"Число умерших(Человек)"	"2010 год"	"201012"	"ШАЛКАРСКИЙ РАЙОН"	"0"	"Всего"	"0"	"Всего"	"0"	"351"
"Число умерших(Человек)"	"2015 год"	"201512"	"ШАЛКАРСКИЙ РАЙОН"	"0"	"Всего"	"0"	"Всего"	"0"	"326"
"Число умерших(Человек)"	"2013 год"	"201312"	"ШАЛКАРСКИЙ РАЙОН"	"0"	"Всего"	"0"	"Всего"	"0"	"300"
"Число умерших(Человек)"	"2014 год"	"201412"	"ШАЛКАРСКИЙ РАЙОН"	"0"	"Всего"	"0"	"Всего"	"0"	"292"
"Число умерших(Человек)"	"2012 год"	"201212"	"ШАЛКАРСКИЙ РАЙОН"	"0"	"Всего"	"0"	"Всего"	"0"	"331"
"Число умерших(Человек)"	"2021 год"	"202112"	"ШАЛКАРСКИЙ РАЙОН"	"0"	"Всего"	"0"	"Всего"	"0"	"363"
"Число умерших(Человек)"	"2020 год"	"202012"	"ШАЛКАРСКИЙ РАЙОН"	"0"	"Всего"	"0"	"Всего"	"0"	"373"
"Число умерших(Человек)"	"2019 год"	"201912"	"ШАЛКАРСКИЙ РАЙОН"	"0"	"Всего"	"0"	"Всего"	"0"	"276"
"Число умерших(Человек)"	"2018 год"	"201812"	"ШАЛКАРСКИЙ РАЙОН"	"0"	"Всего"	"0"	"Всего"	"0"	"280"
"Число умерших(Человек)"	"2022 год"	"202212"	"ШАЛКАРСКИЙ РАЙОН"	"0"	"Всего"	"0"	"Всего"	"0"	"256"
"Число умерших(Человек)"	"2017 год"	"201712"	"ШАЛКАРСКИЙ РАЙОН"	"0"	"Всего"	"0"	"Всего"	"0"	"279"
"Число умерших(Человек)"	"2023 год"	"202312"	"ШАЛКАРСКИЙ РАЙОН"	"0"	"Всего"	"0"	"Всего"	"0"	"290"
"Число умерших(Человек)"	"2024 год"	"202412"	"ШАЛКАРСКИЙ РАЙОН"	"0"	"Всего"	"0"	"Всего"	"0"	"264"
"Число умерших(Человек)"	"2009 год"	"200912"	"ШАЛКАРСКИЙ РАЙОН"	"0"	"городская местность"	"0"	"Всего"	"0"	"180"
"Число умерших(Человек)"	"2011 год"	"201112"	"ШАЛКАРСКИЙ РАЙОН"	"0"	"городская местность"	"0"	"Всего"	"0"	"184"
"Число умерших(Человек)"	"2016 год"	"201612"	"ШАЛКАРСКИЙ РАЙОН"	"0"	"городская местность"	"0"	"Всего"	"0"	"192"
"Число умерших(Человек)"	"2010 год"	"201012"	"ШАЛКАРСКИЙ РАЙОН"	"0"	"городская местность"	"0"	"Всего"	"0"	"226"
"Число умерших(Человек)"	"2015 год"	"201512"	"ШАЛКАРСКИЙ РАЙОН"	"0"	"городская местность"	"0"	"Всего"	"0"	"190"
"Число умерших(Человек)"	"2013 год"	"201312"	"ШАЛКАРСКИЙ РАЙОН"	"0"	"городская местность"	"0"	"Всего"	"0"	"189"
"Число умерших(Человек)"	"2014 год"	"201412"	"ШАЛКАРСКИЙ РАЙОН"	"0"	"городская местность"	"0"	"Всего"	"0"	"172"
"Число умерших(Человек)"	"2012 год"	"201212"	"ШАЛКАРСКИЙ РАЙОН"	"0"	"городская местность"	"0"	"Всего"	"0"	"203"
"Число умерших(Человек)"	"2021 год"	"202112"	"ШАЛКАРСКИЙ РАЙОН"	"0"	"городская местность"	"0"	"Всего"	"0"	"252"
"Число умерших(Человек)"	"2020 год"	"202012"	"ШАЛКАРСКИЙ РАЙОН"	"0"	"городская местность"	"0"	"Всего"	"0"	"267"
"Число умерших(Человек)"	"2019 год"	"201912"	"ШАЛКАРСКИЙ РАЙОН"	"0"	"городская местность"	"0"	"Всего"	"0"	"193"
"Число умерших(Человек)"	"2018 год"	"201812"	"ШАЛКАРСКИЙ РАЙОН"	"0"	"городская местность"	"0"	"Всего"	"0"	"177"
"Число умерших(Человек)"	"2022 год"	"202212"	"ШАЛКАРСКИЙ РАЙОН"	"0"	"городская местность"	"0"	"Всего"	"0"	"169"
"Число умерших(Человек)"	"2017 год"	"201712"	"ШАЛКАРСКИЙ РАЙОН"	"0"	"городская местность"	"0"	"Всего"	"0"	"170"
"Число умерших(Человек)"	"2023 год"	"202312"	"ШАЛКАРСКИЙ РАЙОН"	"0"	"городская местность"	"0"	"Всего"	"0"	"197"
"Число умерших(Человек)"	"2024 год"	"202412"	"ШАЛКАРСКИЙ РАЙОН"	"0"	"городская местность"	"0"	"Всего"	"0"	"174"
"Число умерших(Человек)"	"2009 год"	"200912"	"ШАЛКАРСКИЙ РАЙОН"	"0"	"сельская местность"	"0"	"Всего"	"0"	"120"
"Число умерших(Человек)"	"2011 год"	"201112"	"ШАЛКАРСКИЙ РАЙОН"	"0"	"сельская местность"	"0"	"Всего"	"0"	"138"
"Число умерших(Человек)"	"2016 год"	"201612"	"ШАЛКАРСКИЙ РАЙОН"	"0"	"сельская местность"	"0"	"Всего"	"0"	"113"
"Число умерших(Человек)"	"2010 год"	"201012"	"ШАЛКАРСКИЙ РАЙОН"	"0"	"сельская местность"	"0"	"Всего"	"0"	"125"
"Число умерших(Человек)"	"2015 год"	"201512"	"ШАЛКАРСКИЙ РАЙОН"	"0"	"сельская местность"	"0"	"Всего"	"0"	"136"
"Число умерших(Человек)"	"2013 год"	"201312"	"ШАЛКАРСКИЙ РАЙОН"	"0"	"сельская местность"	"0"	"Всего"	"0"	"111"
"Число умерших(Человек)"	"2014 год"	"201412"	"ШАЛКАРСКИЙ РАЙОН"	"0"	"сельская местность"	"0"	"Всего"	"0"	"120"
"Число умерших(Человек)"	"2012 год"	"201212"	"ШАЛКАРСКИЙ РАЙОН"	"0"	"сельская местность"	"0"	"Всего"	"0"	"128"
"Число умерших(Человек)"	"2021 год"	"202112"	"ШАЛКАРСКИЙ РАЙОН"	"0"	"сельская местность"	"0"	"Всего"	"0"	"111"
"Число умерших(Человек)"	"2020 год"	"202012"	"ШАЛКАРСКИЙ РАЙОН"	"0"	"сельская местность"	"0"	"Всего"	"0"	"106"
"Число умерших(Человек)"	"2019 год"	"201912"	"ШАЛКАРСКИЙ РАЙОН"	"0"	"сельская местность"	"0"	"Всего"	"0"	"83"
"Число умерших(Человек)"	"2018 год"	"201812"	"ШАЛКАРСКИЙ РАЙОН"	"0"	"сельская местность"	"0"	"Всего"	"0"	"103"
"Число умерших(Человек)"	"2022 год"	"202212"	"ШАЛКАРСКИЙ РАЙОН"	"0"	"сельская местность"	"0"	"Всего"	"0"	"87"
"Число умерших(Человек)"	"2017 год"	"201712"	"ШАЛКАРСКИЙ РАЙОН"	"0"	"сельская местность"	"0"	"Всего"	"0"	"109"
"Число умерших(Человек)"	"2023 год"	"202312"	"ШАЛКАРСКИЙ РАЙОН"	"0"	"сельская местность"	"0"	"Всего"	"0"	"93"
"Число умерших(Человек)"	"2024 год"	"202412"	"ШАЛКАРСКИЙ РАЙОН"	"0"	"сельская местность"	"0"	"Всего"	"0"	"90"
"Число умерших(Человек)"	"2009 год"	"200912"	"МУГАЛЖАРСКИЙ РАЙОН"	"0"	"Всего"	"0"	"Всего"	"0"	"534"
"Число умерших(Человек)"	"2011 год"	"201112"	"МУГАЛЖАРСКИЙ РАЙОН"	"0"	"Всего"	"0"	"Всего"	"0"	"490"
"Число умерших(Человек)"	"2016 год"	"201612"	"МУГАЛЖАРСКИЙ РАЙОН"	"0"	"Всего"	"0"	"Всего"	"0"	"432"
"Число умерших(Человек)"	"2010 год"	"201012"	"МУГАЛЖАРСКИЙ РАЙОН"	"0"	"Всего"	"0"	"Всего"	"0"	"511"
"Число умерших(Человек)"	"2015 год"	"201512"	"МУГАЛЖАРСКИЙ РАЙОН"	"0"	"Всего"	"0"	"Всего"	"0"	"424"
"Число умерших(Человек)"	"2013 год"	"201312"	"МУГАЛЖАРСКИЙ РАЙОН"	"0"	"Всего"	"0"	"Всего"	"0"	"458"
"Число умерших(Человек)"	"2014 год"	"201412"	"МУГАЛЖАРСКИЙ РАЙОН"	"0"	"Всего"	"0"	"Всего"	"0"	"428"
"Число умерших(Человек)"	"2012 год"	"201212"	"МУГАЛЖАРСКИЙ РАЙОН"	"0"	"Всего"	"0"	"Всего"	"0"	"441"
"Число умерших(Человек)"	"2021 год"	"202112"	"МУГАЛЖАРСКИЙ РАЙОН"	"0"	"Всего"	"0"	"Всего"	"0"	"489"
"Число умерших(Человек)"	"2020 год"	"202012"	"МУГАЛЖАРСКИЙ РАЙОН"	"0"	"Всего"	"0"	"Всего"	"0"	"499"
"Число умерших(Человек)"	"2019 год"	"201912"	"МУГАЛЖАРСКИЙ РАЙОН"	"0"	"Всего"	"0"	"Всего"	"0"	"417"
"Число умерших(Человек)"	"2018 год"	"201812"	"МУГАЛЖАРСКИЙ РАЙОН"	"0"	"Всего"	"0"	"Всего"	"0"	"423"
"Число умерших(Человек)"	"2022 год"	"202212"	"МУГАЛЖАРСКИЙ РАЙОН"	"0"	"Всего"	"0"	"Всего"	"0"	"395"
"Число умерших(Человек)"	"2017 год"	"201712"	"МУГАЛЖАРСКИЙ РАЙОН"	"0"	"Всего"	"0"	"Всего"	"0"	"378"
"Число умерших(Человек)"	"2023 год"	"202312"	"МУГАЛЖАРСКИЙ РАЙОН"	"0"	"Всего"	"0"	"Всего"	"0"	"415"
"Число умерших(Человек)"	"2024 год"	"202412"	"МУГАЛЖАРСКИЙ РАЙОН"	"0"	"Всего"	"0"	"Всего"	"0"	"413"
"Число умерших(Человек)"	"2009 год"	"200912"	"МУГАЛЖАРСКИЙ РАЙОН"	"0"	"городская местность"	"0"	"Всего"	"0"	"361"
"Число умерших(Человек)"	"2011 год"	"201112"	"МУГАЛЖАРСКИЙ РАЙОН"	"0"	"городская местность"	"0"	"Всего"	"0"	"325"
"Число умерших(Человек)"	"2016 год"	"201612"	"МУГАЛЖАРСКИЙ РАЙОН"	"0"	"городская местность"	"0"	"Всего"	"0"	"289"
"Число умерших(Человек)"	"2010 год"	"201012"	"МУГАЛЖАРСКИЙ РАЙОН"	"0"	"городская местность"	"0"	"Всего"	"0"	"343"
"Число умерших(Человек)"	"2015 год"	"201512"	"МУГАЛЖАРСКИЙ РАЙОН"	"0"	"городская местность"	"0"	"Всего"	"0"	"290"
"Число умерших(Человек)"	"2013 год"	"201312"	"МУГАЛЖАРСКИЙ РАЙОН"	"0"	"городская местность"	"0"	"Всего"	"0"	"315"
"Число умерших(Человек)"	"2014 год"	"201412"	"МУГАЛЖАРСКИЙ РАЙОН"	"0"	"городская местность"	"0"	"Всего"	"0"	"306"
"Число умерших(Человек)"	"2012 год"	"201212"	"МУГАЛЖАРСКИЙ РАЙОН"	"0"	"городская местность"	"0"	"Всего"	"0"	"312"
"Число умерших(Человек)"	"2021 год"	"202112"	"МУГАЛЖАРСКИЙ РАЙОН"	"0"	"городская местность"	"0"	"Всего"	"0"	"351"
"Число умерших(Человек)"	"2020 год"	"202012"	"МУГАЛЖАРСКИЙ РАЙОН"	"0"	"городская местность"	"0"	"Всего"	"0"	"351"
"Число умерших(Человек)"	"2019 год"	"201912"	"МУГАЛЖАРСКИЙ РАЙОН"	"0"	"городская местность"	"0"	"Всего"	"0"	"303"
"Число умерших(Человек)"	"2018 год"	"201812"	"МУГАЛЖАРСКИЙ РАЙОН"	"0"	"городская местность"	"0"	"Всего"	"0"	"318"
"Число умерших(Человек)"	"2022 год"	"202212"	"МУГАЛЖАРСКИЙ РАЙОН"	"0"	"городская местность"	"0"	"Всего"	"0"	"292"
"Число умерших(Человек)"	"2017 год"	"201712"	"МУГАЛЖАРСКИЙ РАЙОН"	"0"	"городская местность"	"0"	"Всего"	"0"	"263"
"Число умерших(Человек)"	"2023 год"	"202312"	"МУГАЛЖАРСКИЙ РАЙОН"	"0"	"городская местность"	"0"	"Всего"	"0"	"284"
"Число умерших(Человек)"	"2024 год"	"202412"	"МУГАЛЖАРСКИЙ РАЙОН"	"0"	"городская местность"	"0"	"Всего"	"0"	"295"
"Число умерших(Человек)"	"2009 год"	"200912"	"МУГАЛЖАРСКИЙ РАЙОН"	"0"	"сельская местность"	"0"	"Всего"	"0"	"173"
"Число умерших(Человек)"	"2011 год"	"201112"	"МУГАЛЖАРСКИЙ РАЙОН"	"0"	"сельская местность"	"0"	"Всего"	"0"	"165"
"Число умерших(Человек)"	"2016 год"	"201612"	"МУГАЛЖАРСКИЙ РАЙОН"	"0"	"сельская местность"	"0"	"Всего"	"0"	"143"
"Число умерших(Человек)"	"2010 год"	"201012"	"МУГАЛЖАРСКИЙ РАЙОН"	"0"	"сельская местность"	"0"	"Всего"	"0"	"168"
"Число умерших(Человек)"	"2015 год"	"201512"	"МУГАЛЖАРСКИЙ РАЙОН"	"0"	"сельская местность"	"0"	"Всего"	"0"	"134"
"Число умерших(Человек)"	"2013 год"	"201312"	"МУГАЛЖАРСКИЙ РАЙОН"	"0"	"сельская местность"	"0"	"Всего"	"0"	"143"
"Число умерших(Человек)"	"2014 год"	"201412"	"МУГАЛЖАРСКИЙ РАЙОН"	"0"	"сельская местность"	"0"	"Всего"	"0"	"122"
"Число умерших(Человек)"	"2012 год"	"201212"	"МУГАЛЖАРСКИЙ РАЙОН"	"0"	"сельская местность"	"0"	"Всего"	"0"	"129"
"Число умерших(Человек)"	"2021 год"	"202112"	"МУГАЛЖАРСКИЙ РАЙОН"	"0"	"сельская местность"	"0"	"Всего"	"0"	"138"
"Число умерших(Человек)"	"2020 год"	"202012"	"МУГАЛЖАРСКИЙ РАЙОН"	"0"	"сельская местность"	"0"	"Всего"	"0"	"148"
"Число умерших(Человек)"	"2019 год"	"201912"	"МУГАЛЖАРСКИЙ РАЙОН"	"0"	"сельская местность"	"0"	"Всего"	"0"	"114"
"Число умерших(Человек)"	"2018 год"	"201812"	"МУГАЛЖАРСКИЙ РАЙОН"	"0"	"сельская местность"	"0"	"Всего"	"0"	"105"
"Число умерших(Человек)"	"2022 год"	"202212"	"МУГАЛЖАРСКИЙ РАЙОН"	"0"	"сельская местность"	"0"	"Всего"	"0"	"103"
"Число умерших(Человек)"	"2017 год"	"201712"	"МУГАЛЖАРСКИЙ РАЙОН"	"0"	"сельская местность"	"0"	"Всего"	"0"	"115"
"Число умерших(Человек)"	"2023 год"	"202312"	"МУГАЛЖАРСКИЙ РАЙОН"	"0"	"сельская местность"	"0"	"Всего"	"0"	"131"
"Число умерших(Человек)"	"2024 год"	"202412"	"МУГАЛЖАРСКИЙ РАЙОН"	"0"	"сельская местность"	"0"	"Всего"	"0"	"118"
"Число умерших(Человек)"	"2009 год"	"200912"	"УИЛСКИЙ РАЙОН"	"0"	"Всего"	"0"	"Всего"	"0"	"107"
"Число умерших(Человек)"	"2011 год"	"201112"	"УИЛСКИЙ РАЙОН"	"0"	"Всего"	"0"	"Всего"	"0"	"120"
"Число умерших(Человек)"	"2016 год"	"201612"	"УИЛСКИЙ РАЙОН"	"0"	"Всего"	"0"	"Всего"	"0"	"98"
"Число умерших(Человек)"	"2010 год"	"201012"	"УИЛСКИЙ РАЙОН"	"0"	"Всего"	"0"	"Всего"	"0"	"107"
"Число умерших(Человек)"	"2015 год"	"201512"	"УИЛСКИЙ РАЙОН"	"0"	"Всего"	"0"	"Всего"	"0"	"116"
"Число умерших(Человек)"	"2013 год"	"201312"	"УИЛСКИЙ РАЙОН"	"0"	"Всего"	"0"	"Всего"	"0"	"84"
"Число умерших(Человек)"	"2014 год"	"201412"	"УИЛСКИЙ РАЙОН"	"0"	"Всего"	"0"	"Всего"	"0"	"94"
"Число умерших(Человек)"	"2012 год"	"201212"	"УИЛСКИЙ РАЙОН"	"0"	"Всего"	"0"	"Всего"	"0"	"101"
"Число умерших(Человек)"	"2021 год"	"202112"	"УИЛСКИЙ РАЙОН"	"0"	"Всего"	"0"	"Всего"	"0"	"110"
"Число умерших(Человек)"	"2020 год"	"202012"	"УИЛСКИЙ РАЙОН"	"0"	"Всего"	"0"	"Всего"	"0"	"123"
"Число умерших(Человек)"	"2019 год"	"201912"	"УИЛСКИЙ РАЙОН"	"0"	"Всего"	"0"	"Всего"	"0"	"68"
"Число умерших(Человек)"	"2018 год"	"201812"	"УИЛСКИЙ РАЙОН"	"0"	"Всего"	"0"	"Всего"	"0"	"105"
"Число умерших(Человек)"	"2022 год"	"202212"	"УИЛСКИЙ РАЙОН"	"0"	"Всего"	"0"	"Всего"	"0"	"88"
"Число умерших(Человек)"	"2017 год"	"201712"	"УИЛСКИЙ РАЙОН"	"0"	"Всего"	"0"	"Всего"	"0"	"89"
"Число умерших(Человек)"	"2023 год"	"202312"	"УИЛСКИЙ РАЙОН"	"0"	"Всего"	"0"	"Всего"	"0"	"90"
"Число умерших(Человек)"	"2024 год"	"202412"	"УИЛСКИЙ РАЙОН"	"0"	"Всего"	"0"	"Всего"	"0"	"99"
"Число умерших(Человек)"	"2009 год"	"200912"	"УИЛСКИЙ РАЙОН"	"0"	"сельская местность"	"0"	"Всего"	"0"	"107"
"Число умерших(Человек)"	"2011 год"	"201112"	"УИЛСКИЙ РАЙОН"	"0"	"сельская местность"	"0"	"Всего"	"0"	"120"
"Число умерших(Человек)"	"2016 год"	"201612"	"УИЛСКИЙ РАЙОН"	"0"	"сельская местность"	"0"	"Всего"	"0"	"98"
"Число умерших(Человек)"	"2010 год"	"201012"	"УИЛСКИЙ РАЙОН"	"0"	"сельская местность"	"0"	"Всего"	"0"	"107"
"Число умерших(Человек)"	"2015 год"	"201512"	"УИЛСКИЙ РАЙОН"	"0"	"сельская местность"	"0"	"Всего"	"0"	"116"
"Число умерших(Человек)"	"2013 год"	"201312"	"УИЛСКИЙ РАЙОН"	"0"	"сельская местность"	"0"	"Всего"	"0"	"84"
"Число умерших(Человек)"	"2014 год"	"201412"	"УИЛСКИЙ РАЙОН"	"0"	"сельская местность"	"0"	"Всего"	"0"	"94"
"Число умерших(Человек)"	"2012 год"	"201212"	"УИЛСКИЙ РАЙОН"	"0"	"сельская местность"	"0"	"Всего"	"0"	"101"
"Число умерших(Человек)"	"2021 год"	"202112"	"УИЛСКИЙ РАЙОН"	"0"	"сельская местность"	"0"	"Всего"	"0"	"110"
"Число умерших(Человек)"	"2020 год"	"202012"	"УИЛСКИЙ РАЙОН"	"0"	"сельская местность"	"0"	"Всего"	"0"	"123"
"Число умерших(Человек)"	"2019 год"	"201912"	"УИЛСКИЙ РАЙОН"	"0"	"сельская местность"	"0"	"Всего"	"0"	"68"
"Число умерших(Человек)"	"2018 год"	"201812"	"УИЛСКИЙ РАЙОН"	"0"	"сельская местность"	"0"	"Всего"	"0"	"105"
"Число умерших(Человек)"	"2022 год"	"202212"	"УИЛСКИЙ РАЙОН"	"0"	"сельская местность"	"0"	"Всего"	"0"	"88"
"Число умерших(Человек)"	"2017 год"	"201712"	"УИЛСКИЙ РАЙОН"	"0"	"сельская местность"	"0"	"Всего"	"0"	"89"
"Число умерших(Человек)"	"2023 год"	"202312"	"УИЛСКИЙ РАЙОН"	"0"	"сельская местность"	"0"	"Всего"	"0"	"90"
"Число умерших(Человек)"	"2024 год"	"202412"	"УИЛСКИЙ РАЙОН"	"0"	"сельская местность"	"0"	"Всего"	"0"	"99"
"Число умерших(Человек)"	"2009 год"	"200912"	"ЕСИЛЬСКИЙ РАЙОН"	"0"	"Всего"	"0"	"Всего"	"0"	"381"
"Число умерших(Человек)"	"2011 год"	"201112"	"ЕСИЛЬСКИЙ РАЙОН"	"0"	"Всего"	"0"	"Всего"	"0"	"395"
"Число умерших(Человек)"	"2016 год"	"201612"	"ЕСИЛЬСКИЙ РАЙОН"	"0"	"Всего"	"0"	"Всего"	"0"	"298"
"Число умерших(Человек)"	"2010 год"	"201012"	"ЕСИЛЬСКИЙ РАЙОН"	"0"	"Всего"	"0"	"Всего"	"0"	"421"
"Число умерших(Человек)"	"2015 год"	"201512"	"ЕСИЛЬСКИЙ РАЙОН"	"0"	"Всего"	"0"	"Всего"	"0"	"304"
"Число умерших(Человек)"	"2013 год"	"201312"	"ЕСИЛЬСКИЙ РАЙОН"	"0"	"Всего"	"0"	"Всего"	"0"	"301"
"Число умерших(Человек)"	"2014 год"	"201412"	"ЕСИЛЬСКИЙ РАЙОН"	"0"	"Всего"	"0"	"Всего"	"0"	"329"
"Число умерших(Человек)"	"2012 год"	"201212"	"ЕСИЛЬСКИЙ РАЙОН"	"0"	"Всего"	"0"	"Всего"	"0"	"375"
"Число умерших(Человек)"	"2021 год"	"202112"	"ЕСИЛЬСКИЙ РАЙОН"	"0"	"Всего"	"0"	"Всего"	"0"	"382"
"Число умерших(Человек)"	"2020 год"	"202012"	"ЕСИЛЬСКИЙ РАЙОН"	"0"	"Всего"	"0"	"Всего"	"0"	"331"
"Число умерших(Человек)"	"2019 год"	"201912"	"ЕСИЛЬСКИЙ РАЙОН"	"0"	"Всего"	"0"	"Всего"	"0"	"314"
"Число умерших(Человек)"	"2018 год"	"201812"	"ЕСИЛЬСКИЙ РАЙОН"	"0"	"Всего"	"0"	"Всего"	"0"	"302"
"Число умерших(Человек)"	"2022 год"	"202212"	"ЕСИЛЬСКИЙ РАЙОН"	"0"	"Всего"	"0"	"Всего"	"0"	"276"
"Число умерших(Человек)"	"2017 год"	"201712"	"ЕСИЛЬСКИЙ РАЙОН"	"0"	"Всего"	"0"	"Всего"	"0"	"292"
"Число умерших(Человек)"	"2023 год"	"202312"	"ЕСИЛЬСКИЙ РАЙОН"	"0"	"Всего"	"0"	"Всего"	"0"	"289"
"Число умерших(Человек)"	"2024 год"	"202412"	"ЕСИЛЬСКИЙ РАЙОН"	"0"	"Всего"	"0"	"Всего"	"0"	"268"
"Число умерших(Человек)"	"2009 год"	"200912"	"ЕСИЛЬСКИЙ РАЙОН"	"0"	"городская местность"	"0"	"Всего"	"0"	"145"
"Число умерших(Человек)"	"2011 год"	"201112"	"ЕСИЛЬСКИЙ РАЙОН"	"0"	"городская местность"	"0"	"Всего"	"0"	"161"
"Число умерших(Человек)"	"2016 год"	"201612"	"ЕСИЛЬСКИЙ РАЙОН"	"0"	"городская местность"	"0"	"Всего"	"0"	"127"
"Число умерших(Человек)"	"2010 год"	"201012"	"ЕСИЛЬСКИЙ РАЙОН"	"0"	"городская местность"	"0"	"Всего"	"0"	"167"
"Число умерших(Человек)"	"2015 год"	"201512"	"ЕСИЛЬСКИЙ РАЙОН"	"0"	"городская местность"	"0"	"Всего"	"0"	"139"
"Число умерших(Человек)"	"2013 год"	"201312"	"ЕСИЛЬСКИЙ РАЙОН"	"0"	"городская местность"	"0"	"Всего"	"0"	"107"
"Число умерших(Человек)"	"2014 год"	"201412"	"ЕСИЛЬСКИЙ РАЙОН"	"0"	"городская местность"	"0"	"Всего"	"0"	"143"
"Число умерших(Человек)"	"2012 год"	"201212"	"ЕСИЛЬСКИЙ РАЙОН"	"0"	"городская местность"	"0"	"Всего"	"0"	"154"
"Число умерших(Человек)"	"2021 год"	"202112"	"ЕСИЛЬСКИЙ РАЙОН"	"0"	"городская местность"	"0"	"Всего"	"0"	"174"
"Число умерших(Человек)"	"2020 год"	"202012"	"ЕСИЛЬСКИЙ РАЙОН"	"0"	"городская местность"	"0"	"Всего"	"0"	"157"
"Число умерших(Человек)"	"2019 год"	"201912"	"ЕСИЛЬСКИЙ РАЙОН"	"0"	"городская местность"	"0"	"Всего"	"0"	"151"
"Число умерших(Человек)"	"2018 год"	"201812"	"ЕСИЛЬСКИЙ РАЙОН"	"0"	"городская местность"	"0"	"Всего"	"0"	"146"
"Число умерших(Человек)"	"2022 год"	"202212"	"ЕСИЛЬСКИЙ РАЙОН"	"0"	"городская местность"	"0"	"Всего"	"0"	"130"
"Число умерших(Человек)"	"2017 год"	"201712"	"ЕСИЛЬСКИЙ РАЙОН"	"0"	"городская местность"	"0"	"Всего"	"0"	"131"
"Число умерших(Человек)"	"2023 год"	"202312"	"ЕСИЛЬСКИЙ РАЙОН"	"0"	"городская местность"	"0"	"Всего"	"0"	"142"
"Число умерших(Человек)"	"2024 год"	"202412"	"ЕСИЛЬСКИЙ РАЙОН"	"0"	"городская местность"	"0"	"Всего"	"0"	"137"
"Число умерших(Человек)"	"2009 год"	"200912"	"ЕСИЛЬСКИЙ РАЙОН"	"0"	"сельская местность"	"0"	"Всего"	"0"	"236"
"Число умерших(Человек)"	"2011 год"	"201112"	"ЕСИЛЬСКИЙ РАЙОН"	"0"	"сельская местность"	"0"	"Всего"	"0"	"234"
"Число умерших(Человек)"	"2016 год"	"201612"	"ЕСИЛЬСКИЙ РАЙОН"	"0"	"сельская местность"	"0"	"Всего"	"0"	"171"
"Число умерших(Человек)"	"2010 год"	"201012"	"ЕСИЛЬСКИЙ РАЙОН"	"0"	"сельская местность"	"0"	"Всего"	"0"	"254"
"Число умерших(Человек)"	"2015 год"	"201512"	"ЕСИЛЬСКИЙ РАЙОН"	"0"	"сельская местность"	"0"	"Всего"	"0"	"165"
"Число умерших(Человек)"	"2013 год"	"201312"	"ЕСИЛЬСКИЙ РАЙОН"	"0"	"сельская местность"	"0"	"Всего"	"0"	"194"
"Число умерших(Человек)"	"2014 год"	"201412"	"ЕСИЛЬСКИЙ РАЙОН"	"0"	"сельская местность"	"0"	"Всего"	"0"	"186"
"Число умерших(Человек)"	"2012 год"	"201212"	"ЕСИЛЬСКИЙ РАЙОН"	"0"	"сельская местность"	"0"	"Всего"	"0"	"221"
"Число умерших(Человек)"	"2021 год"	"202112"	"ЕСИЛЬСКИЙ РАЙОН"	"0"	"сельская местность"	"0"	"Всего"	"0"	"208"
"Число умерших(Человек)"	"2020 год"	"202012"	"ЕСИЛЬСКИЙ РАЙОН"	"0"	"сельская местность"	"0"	"Всего"	"0"	"174"
"Число умерших(Человек)"	"2019 год"	"201912"	"ЕСИЛЬСКИЙ РАЙОН"	"0"	"сельская местность"	"0"	"Всего"	"0"	"163"
"Число умерших(Человек)"	"2018 год"	"201812"	"ЕСИЛЬСКИЙ РАЙОН"	"0"	"сельская местность"	"0"	"Всего"	"0"	"156"
"Число умерших(Человек)"	"2022 год"	"202212"	"ЕСИЛЬСКИЙ РАЙОН"	"0"	"сельская местность"	"0"	"Всего"	"0"	"146"
"Число умерших(Человек)"	"2017 год"	"201712"	"ЕСИЛЬСКИЙ РАЙОН"	"0"	"сельская местность"	"0"	"Всего"	"0"	"161"
"Число умерших(Человек)"	"2023 год"	"202312"	"ЕСИЛЬСКИЙ РАЙОН"	"0"	"сельская местность"	"0"	"Всего"	"0"	"147"
"Число умерших(Человек)"	"2024 год"	"202412"	"ЕСИЛЬСКИЙ РАЙОН"	"0"	"сельская местность"	"0"	"Всего"	"0"	"131"
"Число умерших(Человек)"	"2009 год"	"200912"	"ЖАКСЫНСКИЙ РАЙОН"	"0"	"Всего"	"0"	"Всего"	"0"	"253"
"Число умерших(Человек)"	"2011 год"	"201112"	"ЖАКСЫНСКИЙ РАЙОН"	"0"	"Всего"	"0"	"Всего"	"0"	"221"
"Число умерших(Человек)"	"2016 год"	"201612"	"ЖАКСЫНСКИЙ РАЙОН"	"0"	"Всего"	"0"	"Всего"	"0"	"176"
"Число умерших(Человек)"	"2010 год"	"201012"	"ЖАКСЫНСКИЙ РАЙОН"	"0"	"Всего"	"0"	"Всего"	"0"	"240"
"Число умерших(Человек)"	"2015 год"	"201512"	"ЖАКСЫНСКИЙ РАЙОН"	"0"	"Всего"	"0"	"Всего"	"0"	"196"
"Число умерших(Человек)"	"2013 год"	"201312"	"ЖАКСЫНСКИЙ РАЙОН"	"0"	"Всего"	"0"	"Всего"	"0"	"204"
"Число умерших(Человек)"	"2014 год"	"201412"	"ЖАКСЫНСКИЙ РАЙОН"	"0"	"Всего"	"0"	"Всего"	"0"	"215"
"Число умерших(Человек)"	"2012 год"	"201212"	"ЖАКСЫНСКИЙ РАЙОН"	"0"	"Всего"	"0"	"Всего"	"0"	"284"
"Число умерших(Человек)"	"2021 год"	"202112"	"ЖАКСЫНСКИЙ РАЙОН"	"0"	"Всего"	"0"	"Всего"	"0"	"227"
"Число умерших(Человек)"	"2020 год"	"202012"	"ЖАКСЫНСКИЙ РАЙОН"	"0"	"Всего"	"0"	"Всего"	"0"	"171"
"Число умерших(Человек)"	"2019 год"	"201912"	"ЖАКСЫНСКИЙ РАЙОН"	"0"	"Всего"	"0"	"Всего"	"0"	"163"
"Число умерших(Человек)"	"2018 год"	"201812"	"ЖАКСЫНСКИЙ РАЙОН"	"0"	"Всего"	"0"	"Всего"	"0"	"161"
"Число умерших(Человек)"	"2022 год"	"202212"	"ЖАКСЫНСКИЙ РАЙОН"	"0"	"Всего"	"0"	"Всего"	"0"	"151"
"Число умерших(Человек)"	"2017 год"	"201712"	"ЖАКСЫНСКИЙ РАЙОН"	"0"	"Всего"	"0"	"Всего"	"0"	"195"
"Число умерших(Человек)"	"2023 год"	"202312"	"ЖАКСЫНСКИЙ РАЙОН"	"0"	"Всего"	"0"	"Всего"	"0"	"154"
"Число умерших(Человек)"	"2024 год"	"202412"	"ЖАКСЫНСКИЙ РАЙОН"	"0"	"Всего"	"0"	"Всего"	"0"	"153"
"Число умерших(Человек)"	"2009 год"	"200912"	"ЖАКСЫНСКИЙ РАЙОН"	"0"	"сельская местность"	"0"	"Всего"	"0"	"253"
"Число умерших(Человек)"	"2011 год"	"201112"	"ЖАКСЫНСКИЙ РАЙОН"	"0"	"сельская местность"	"0"	"Всего"	"0"	"221"
"Число умерших(Человек)"	"2016 год"	"201612"	"ЖАКСЫНСКИЙ РАЙОН"	"0"	"сельская местность"	"0"	"Всего"	"0"	"176"
"Число умерших(Человек)"	"2010 год"	"201012"	"ЖАКСЫНСКИЙ РАЙОН"	"0"	"сельская местность"	"0"	"Всего"	"0"	"240"
"Число умерших(Человек)"	"2015 год"	"201512"	"ЖАКСЫНСКИЙ РАЙОН"	"0"	"сельская местность"	"0"	"Всего"	"0"	"196"
"Число умерших(Человек)"	"2013 год"	"201312"	"ЖАКСЫНСКИЙ РАЙОН"	"0"	"сельская местность"	"0"	"Всего"	"0"	"204"
"Число умерших(Человек)"	"2014 год"	"201412"	"ЖАКСЫНСКИЙ РАЙОН"	"0"	"сельская местность"	"0"	"Всего"	"0"	"215"
"Число умерших(Человек)"	"2012 год"	"201212"	"ЖАКСЫНСКИЙ РАЙОН"	"0"	"сельская местность"	"0"	"Всего"	"0"	"284"
"Число умерших(Человек)"	"2021 год"	"202112"	"ЖАКСЫНСКИЙ РАЙОН"	"0"	"сельская местность"	"0"	"Всего"	"0"	"227"
"Число умерших(Человек)"	"2020 год"	"202012"	"ЖАКСЫНСКИЙ РАЙОН"	"0"	"сельская местность"	"0"	"Всего"	"0"	"171"
"Число умерших(Человек)"	"2019 год"	"201912"	"ЖАКСЫНСКИЙ РАЙОН"	"0"	"сельская местность"	"0"	"Всего"	"0"	"163"
"Число умерших(Человек)"	"2018 год"	"201812"	"ЖАКСЫНСКИЙ РАЙОН"	"0"	"сельская местность"	"0"	"Всего"	"0"	"161"
"Число умерших(Человек)"	"2022 год"	"202212"	"ЖАКСЫНСКИЙ РАЙОН"	"0"	"сельская местность"	"0"	"Всего"	"0"	"151"
"Число умерших(Человек)"	"2017 год"	"201712"	"ЖАКСЫНСКИЙ РАЙОН"	"0"	"сельская местность"	"0"	"Всего"	"0"	"195"
"Число умерших(Человек)"	"2023 год"	"202312"	"ЖАКСЫНСКИЙ РАЙОН"	"0"	"сельская местность"	"0"	"Всего"	"0"	"154"
"Число умерших(Человек)"	"2024 год"	"202412"	"ЖАКСЫНСКИЙ РАЙОН"	"0"	"сельская местность"	"0"	"Всего"	"0"	"153"
"Число умерших(Человек)"	"2009 год"	"200912"	"ЖАРКАИНСКИЙ РАЙОН"	"0"	"Всего"	"0"	"Всего"	"0"	"212"
"Число умерших(Человек)"	"2011 год"	"201112"	"ЖАРКАИНСКИЙ РАЙОН"	"0"	"Всего"	"0"	"Всего"	"0"	"214"
"Число умерших(Человек)"	"2016 год"	"201612"	"ЖАРКАИНСКИЙ РАЙОН"	"0"	"Всего"	"0"	"Всего"	"0"	"167"
"Число умерших(Человек)"	"2010 год"	"201012"	"ЖАРКАИНСКИЙ РАЙОН"	"0"	"Всего"	"0"	"Всего"	"0"	"212"
"Число умерших(Человек)"	"2015 год"	"201512"	"ЖАРКАИНСКИЙ РАЙОН"	"0"	"Всего"	"0"	"Всего"	"0"	"186"
"Число умерших(Человек)"	"2013 год"	"201312"	"ЖАРКАИНСКИЙ РАЙОН"	"0"	"Всего"	"0"	"Всего"	"0"	"173"
"Число умерших(Человек)"	"2014 год"	"201412"	"ЖАРКАИНСКИЙ РАЙОН"	"0"	"Всего"	"0"	"Всего"	"0"	"188"
"Число умерших(Человек)"	"2012 год"	"201212"	"ЖАРКАИНСКИЙ РАЙОН"	"0"	"Всего"	"0"	"Всего"	"0"	"189"
"Число умерших(Человек)"	"2021 год"	"202112"	"ЖАРКАИНСКИЙ РАЙОН"	"0"	"Всего"	"0"	"Всего"	"0"	"191"
"Число умерших(Человек)"	"2020 год"	"202012"	"ЖАРКАИНСКИЙ РАЙОН"	"0"	"Всего"	"0"	"Всего"	"0"	"176"
"Число умерших(Человек)"	"2019 год"	"201912"	"ЖАРКАИНСКИЙ РАЙОН"	"0"	"Всего"	"0"	"Всего"	"0"	"166"
"Число умерших(Человек)"	"2018 год"	"201812"	"ЖАРКАИНСКИЙ РАЙОН"	"0"	"Всего"	"0"	"Всего"	"0"	"184"
"Число умерших(Человек)"	"2022 год"	"202212"	"ЖАРКАИНСКИЙ РАЙОН"	"0"	"Всего"	"0"	"Всего"	"0"	"158"
"Число умерших(Человек)"	"2017 год"	"201712"	"ЖАРКАИНСКИЙ РАЙОН"	"0"	"Всего"	"0"	"Всего"	"0"	"167"
"Число умерших(Человек)"	"2023 год"	"202312"	"ЖАРКАИНСКИЙ РАЙОН"	"0"	"Всего"	"0"	"Всего"	"0"	"136"
"Число умерших(Человек)"	"2024 год"	"202412"	"ЖАРКАИНСКИЙ РАЙОН"	"0"	"Всего"	"0"	"Всего"	"0"	"139"
"Число умерших(Человек)"	"2009 год"	"200912"	"ЖАРКАИНСКИЙ РАЙОН"	"0"	"городская местность"	"0"	"Всего"	"0"	"89"
"Число умерших(Человек)"	"2011 год"	"201112"	"ЖАРКАИНСКИЙ РАЙОН"	"0"	"городская местность"	"0"	"Всего"	"0"	"104"
"Число умерших(Человек)"	"2016 год"	"201612"	"ЖАРКАИНСКИЙ РАЙОН"	"0"	"городская местность"	"0"	"Всего"	"0"	"84"
"Число умерших(Человек)"	"2010 год"	"201012"	"ЖАРКАИНСКИЙ РАЙОН"	"0"	"городская местность"	"0"	"Всего"	"0"	"103"
"Число умерших(Человек)"	"2015 год"	"201512"	"ЖАРКАИНСКИЙ РАЙОН"	"0"	"городская местность"	"0"	"Всего"	"0"	"82"
"Число умерших(Человек)"	"2013 год"	"201312"	"ЖАРКАИНСКИЙ РАЙОН"	"0"	"городская местность"	"0"	"Всего"	"0"	"87"
"Число умерших(Человек)"	"2014 год"	"201412"	"ЖАРКАИНСКИЙ РАЙОН"	"0"	"городская местность"	"0"	"Всего"	"0"	"90"
"Число умерших(Человек)"	"2012 год"	"201212"	"ЖАРКАИНСКИЙ РАЙОН"	"0"	"городская местность"	"0"	"Всего"	"0"	"80"
"Число умерших(Человек)"	"2021 год"	"202112"	"ЖАРКАИНСКИЙ РАЙОН"	"0"	"городская местность"	"0"	"Всего"	"0"	"89"
"Число умерших(Человек)"	"2020 год"	"202012"	"ЖАРКАИНСКИЙ РАЙОН"	"0"	"городская местность"	"0"	"Всего"	"0"	"93"
"Число умерших(Человек)"	"2019 год"	"201912"	"ЖАРКАИНСКИЙ РАЙОН"	"0"	"городская местность"	"0"	"Всего"	"0"	"76"
"Число умерших(Человек)"	"2018 год"	"201812"	"ЖАРКАИНСКИЙ РАЙОН"	"0"	"городская местность"	"0"	"Всего"	"0"	"89"
"Число умерших(Человек)"	"2022 год"	"202212"	"ЖАРКАИНСКИЙ РАЙОН"	"0"	"городская местность"	"0"	"Всего"	"0"	"91"
"Число умерших(Человек)"	"2017 год"	"201712"	"ЖАРКАИНСКИЙ РАЙОН"	"0"	"городская местность"	"0"	"Всего"	"0"	"81"
"Число умерших(Человек)"	"2023 год"	"202312"	"ЖАРКАИНСКИЙ РАЙОН"	"0"	"городская местность"	"0"	"Всего"	"0"	"68"
"Число умерших(Человек)"	"2024 год"	"202412"	"ЖАРКАИНСКИЙ РАЙОН"	"0"	"городская местность"	"0"	"Всего"	"0"	"78"
"Число умерших(Человек)"	"2009 год"	"200912"	"ЖАРКАИНСКИЙ РАЙОН"	"0"	"сельская местность"	"0"	"Всего"	"0"	"123"
"Число умерших(Человек)"	"2011 год"	"201112"	"ЖАРКАИНСКИЙ РАЙОН"	"0"	"сельская местность"	"0"	"Всего"	"0"	"110"
"Число умерших(Человек)"	"2016 год"	"201612"	"ЖАРКАИНСКИЙ РАЙОН"	"0"	"сельская местность"	"0"	"Всего"	"0"	"83"
"Число умерших(Человек)"	"2010 год"	"201012"	"ЖАРКАИНСКИЙ РАЙОН"	"0"	"сельская местность"	"0"	"Всего"	"0"	"109"
"Число умерших(Человек)"	"2015 год"	"201512"	"ЖАРКАИНСКИЙ РАЙОН"	"0"	"сельская местность"	"0"	"Всего"	"0"	"104"
"Число умерших(Человек)"	"2013 год"	"201312"	"ЖАРКАИНСКИЙ РАЙОН"	"0"	"сельская местность"	"0"	"Всего"	"0"	"86"
"Число умерших(Человек)"	"2014 год"	"201412"	"ЖАРКАИНСКИЙ РАЙОН"	"0"	"сельская местность"	"0"	"Всего"	"0"	"98"
"Число умерших(Человек)"	"2012 год"	"201212"	"ЖАРКАИНСКИЙ РАЙОН"	"0"	"сельская местность"	"0"	"Всего"	"0"	"109"
"Число умерших(Человек)"	"2021 год"	"202112"	"ЖАРКАИНСКИЙ РАЙОН"	"0"	"сельская местность"	"0"	"Всего"	"0"	"102"
"Число умерших(Человек)"	"2020 год"	"202012"	"ЖАРКАИНСКИЙ РАЙОН"	"0"	"сельская местность"	"0"	"Всего"	"0"	"83"
"Число умерших(Человек)"	"2019 год"	"201912"	"ЖАРКАИНСКИЙ РАЙОН"	"0"	"сельская местность"	"0"	"Всего"	"0"	"90"
"Число умерших(Человек)"	"2018 год"	"201812"	"ЖАРКАИНСКИЙ РАЙОН"	"0"	"сельская местность"	"0"	"Всего"	"0"	"95"
"Число умерших(Человек)"	"2022 год"	"202212"	"ЖАРКАИНСКИЙ РАЙОН"	"0"	"сельская местность"	"0"	"Всего"	"0"	"67"
"Число умерших(Человек)"	"2017 год"	"201712"	"ЖАРКАИНСКИЙ РАЙОН"	"0"	"сельская местность"	"0"	"Всего"	"0"	"86"
"Число умерших(Человек)"	"2023 год"	"202312"	"ЖАРКАИНСКИЙ РАЙОН"	"0"	"сельская местность"	"0"	"Всего"	"0"	"68"
"Число умерших(Человек)"	"2024 год"	"202412"	"ЖАРКАИНСКИЙ РАЙОН"	"0"	"сельская местность"	"0"	"Всего"	"0"	"61"
"Число умерших(Человек)"	"2009 год"	"200912"	"ЗЕРЕНДИНСКИЙ РАЙОН"	"0"	"Всего"	"0"	"Всего"	"0"	"465"
"Число умерших(Человек)"	"2011 год"	"201112"	"ЗЕРЕНДИНСКИЙ РАЙОН"	"0"	"Всего"	"0"	"Всего"	"0"	"446"
"Число умерших(Человек)"	"2016 год"	"201612"	"ЗЕРЕНДИНСКИЙ РАЙОН"	"0"	"Всего"	"0"	"Всего"	"0"	"344"
"Число умерших(Человек)"	"2010 год"	"201012"	"ЗЕРЕНДИНСКИЙ РАЙОН"	"0"	"Всего"	"0"	"Всего"	"0"	"405"
"Число умерших(Человек)"	"2015 год"	"201512"	"ЗЕРЕНДИНСКИЙ РАЙОН"	"0"	"Всего"	"0"	"Всего"	"0"	"379"
"Число умерших(Человек)"	"2013 год"	"201312"	"ЗЕРЕНДИНСКИЙ РАЙОН"	"0"	"Всего"	"0"	"Всего"	"0"	"443"
"Число умерших(Человек)"	"2014 год"	"201412"	"ЗЕРЕНДИНСКИЙ РАЙОН"	"0"	"Всего"	"0"	"Всего"	"0"	"370"
"Число умерших(Человек)"	"2012 год"	"201212"	"ЗЕРЕНДИНСКИЙ РАЙОН"	"0"	"Всего"	"0"	"Всего"	"0"	"446"
"Число умерших(Человек)"	"2021 год"	"202112"	"ЗЕРЕНДИНСКИЙ РАЙОН"	"0"	"Всего"	"0"	"Всего"	"0"	"398"
"Число умерших(Человек)"	"2020 год"	"202012"	"ЗЕРЕНДИНСКИЙ РАЙОН"	"0"	"Всего"	"0"	"Всего"	"0"	"416"
"Число умерших(Человек)"	"2019 год"	"201912"	"ЗЕРЕНДИНСКИЙ РАЙОН"	"0"	"Всего"	"0"	"Всего"	"0"	"359"
"Число умерших(Человек)"	"2018 год"	"201812"	"ЗЕРЕНДИНСКИЙ РАЙОН"	"0"	"Всего"	"0"	"Всего"	"0"	"389"
"Число умерших(Человек)"	"2022 год"	"202212"	"ЗЕРЕНДИНСКИЙ РАЙОН"	"0"	"Всего"	"0"	"Всего"	"0"	"322"
"Число умерших(Человек)"	"2017 год"	"201712"	"ЗЕРЕНДИНСКИЙ РАЙОН"	"0"	"Всего"	"0"	"Всего"	"0"	"332"
"Число умерших(Человек)"	"2023 год"	"202312"	"ЗЕРЕНДИНСКИЙ РАЙОН"	"0"	"Всего"	"0"	"Всего"	"0"	"275"
"Число умерших(Человек)"	"2024 год"	"202412"	"ЗЕРЕНДИНСКИЙ РАЙОН"	"0"	"Всего"	"0"	"Всего"	"0"	"323"
"Число умерших(Человек)"	"2009 год"	"200912"	"ЗЕРЕНДИНСКИЙ РАЙОН"	"0"	"сельская местность"	"0"	"Всего"	"0"	"465"
"Число умерших(Человек)"	"2011 год"	"201112"	"ЗЕРЕНДИНСКИЙ РАЙОН"	"0"	"сельская местность"	"0"	"Всего"	"0"	"446"
"Число умерших(Человек)"	"2016 год"	"201612"	"ЗЕРЕНДИНСКИЙ РАЙОН"	"0"	"сельская местность"	"0"	"Всего"	"0"	"344"
"Число умерших(Человек)"	"2010 год"	"201012"	"ЗЕРЕНДИНСКИЙ РАЙОН"	"0"	"сельская местность"	"0"	"Всего"	"0"	"405"
"Число умерших(Человек)"	"2015 год"	"201512"	"ЗЕРЕНДИНСКИЙ РАЙОН"	"0"	"сельская местность"	"0"	"Всего"	"0"	"379"
"Число умерших(Человек)"	"2013 год"	"201312"	"ЗЕРЕНДИНСКИЙ РАЙОН"	"0"	"сельская местность"	"0"	"Всего"	"0"	"443"
"Число умерших(Человек)"	"2014 год"	"201412"	"ЗЕРЕНДИНСКИЙ РАЙОН"	"0"	"сельская местность"	"0"	"Всего"	"0"	"370"
"Число умерших(Человек)"	"2012 год"	"201212"	"ЗЕРЕНДИНСКИЙ РАЙОН"	"0"	"сельская местность"	"0"	"Всего"	"0"	"446"
"Число умерших(Человек)"	"2021 год"	"202112"	"ЗЕРЕНДИНСКИЙ РАЙОН"	"0"	"сельская местность"	"0"	"Всего"	"0"	"398"
"Число умерших(Человек)"	"2020 год"	"202012"	"ЗЕРЕНДИНСКИЙ РАЙОН"	"0"	"сельская местность"	"0"	"Всего"	"0"	"416"
"Число умерших(Человек)"	"2019 год"	"201912"	"ЗЕРЕНДИНСКИЙ РАЙОН"	"0"	"сельская местность"	"0"	"Всего"	"0"	"359"
"Число умерших(Человек)"	"2018 год"	"201812"	"ЗЕРЕНДИНСКИЙ РАЙОН"	"0"	"сельская местность"	"0"	"Всего"	"0"	"389"
"Число умерших(Человек)"	"2022 год"	"202212"	"ЗЕРЕНДИНСКИЙ РАЙОН"	"0"	"сельская местность"	"0"	"Всего"	"0"	"322"
"Число умерших(Человек)"	"2017 год"	"201712"	"ЗЕРЕНДИНСКИЙ РАЙОН"	"0"	"сельская местность"	"0"	"Всего"	"0"	"332"
"Число умерших(Человек)"	"2023 год"	"202312"	"ЗЕРЕНДИНСКИЙ РАЙОН"	"0"	"сельская местность"	"0"	"Всего"	"0"	"275"
"Число умерших(Человек)"	"2024 год"	"202412"	"ЗЕРЕНДИНСКИЙ РАЙОН"	"0"	"сельская местность"	"0"	"Всего"	"0"	"323"
"Число умерших(Человек)"	"2009 год"	"200912"	"КОРГАЛЖЫНСКИЙ РАЙОН"	"0"	"Всего"	"0"	"Всего"	"0"	"83"
"Число умерших(Человек)"	"2011 год"	"201112"	"КОРГАЛЖЫНСКИЙ РАЙОН"	"0"	"Всего"	"0"	"Всего"	"0"	"78"
"Число умерших(Человек)"	"2016 год"	"201612"	"КОРГАЛЖЫНСКИЙ РАЙОН"	"0"	"Всего"	"0"	"Всего"	"0"	"87"
"Число умерших(Человек)"	"2010 год"	"201012"	"КОРГАЛЖЫНСКИЙ РАЙОН"	"0"	"Всего"	"0"	"Всего"	"0"	"90"
"Число умерших(Человек)"	"2015 год"	"201512"	"КОРГАЛЖЫНСКИЙ РАЙОН"	"0"	"Всего"	"0"	"Всего"	"0"	"92"
"Число умерших(Человек)"	"2013 год"	"201312"	"КОРГАЛЖЫНСКИЙ РАЙОН"	"0"	"Всего"	"0"	"Всего"	"0"	"103"
"Число умерших(Человек)"	"2014 год"	"201412"	"КОРГАЛЖЫНСКИЙ РАЙОН"	"0"	"Всего"	"0"	"Всего"	"0"	"84"
"Число умерших(Человек)"	"2012 год"	"201212"	"КОРГАЛЖЫНСКИЙ РАЙОН"	"0"	"Всего"	"0"	"Всего"	"0"	"103"
"Число умерших(Человек)"	"2021 год"	"202112"	"КОРГАЛЖЫНСКИЙ РАЙОН"	"0"	"Всего"	"0"	"Всего"	"0"	"98"
"Число умерших(Человек)"	"2020 год"	"202012"	"КОРГАЛЖЫНСКИЙ РАЙОН"	"0"	"Всего"	"0"	"Всего"	"0"	"79"
"Число умерших(Человек)"	"2019 год"	"201912"	"КОРГАЛЖЫНСКИЙ РАЙОН"	"0"	"Всего"	"0"	"Всего"	"0"	"56"
"Число умерших(Человек)"	"2018 год"	"201812"	"КОРГАЛЖЫНСКИЙ РАЙОН"	"0"	"Всего"	"0"	"Всего"	"0"	"71"
"Число умерших(Человек)"	"2022 год"	"202212"	"КОРГАЛЖЫНСКИЙ РАЙОН"	"0"	"Всего"	"0"	"Всего"	"0"	"52"
"Число умерших(Человек)"	"2017 год"	"201712"	"КОРГАЛЖЫНСКИЙ РАЙОН"	"0"	"Всего"	"0"	"Всего"	"0"	"79"
"Число умерших(Человек)"	"2023 год"	"202312"	"КОРГАЛЖЫНСКИЙ РАЙОН"	"0"	"Всего"	"0"	"Всего"	"0"	"58"
"Число умерших(Человек)"	"2024 год"	"202412"	"КОРГАЛЖЫНСКИЙ РАЙОН"	"0"	"Всего"	"0"	"Всего"	"0"	"63"
"Число умерших(Человек)"	"2009 год"	"200912"	"КОРГАЛЖЫНСКИЙ РАЙОН"	"0"	"сельская местность"	"0"	"Всего"	"0"	"83"
"Число умерших(Человек)"	"2011 год"	"201112"	"КОРГАЛЖЫНСКИЙ РАЙОН"	"0"	"сельская местность"	"0"	"Всего"	"0"	"78"
"Число умерших(Человек)"	"2016 год"	"201612"	"КОРГАЛЖЫНСКИЙ РАЙОН"	"0"	"сельская местность"	"0"	"Всего"	"0"	"87"
"Число умерших(Человек)"	"2010 год"	"201012"	"КОРГАЛЖЫНСКИЙ РАЙОН"	"0"	"сельская местность"	"0"	"Всего"	"0"	"90"
"Число умерших(Человек)"	"2015 год"	"201512"	"КОРГАЛЖЫНСКИЙ РАЙОН"	"0"	"сельская местность"	"0"	"Всего"	"0"	"92"
"Число умерших(Человек)"	"2013 год"	"201312"	"КОРГАЛЖЫНСКИЙ РАЙОН"	"0"	"сельская местность"	"0"	"Всего"	"0"	"103"
"Число умерших(Человек)"	"2014 год"	"201412"	"КОРГАЛЖЫНСКИЙ РАЙОН"	"0"	"сельская местность"	"0"	"Всего"	"0"	"84"
"Число умерших(Человек)"	"2012 год"	"201212"	"КОРГАЛЖЫНСКИЙ РАЙОН"	"0"	"сельская местность"	"0"	"Всего"	"0"	"103"
"Число умерших(Человек)"	"2021 год"	"202112"	"КОРГАЛЖЫНСКИЙ РАЙОН"	"0"	"сельская местность"	"0"	"Всего"	"0"	"98"
"Число умерших(Человек)"	"2020 год"	"202012"	"КОРГАЛЖЫНСКИЙ РАЙОН"	"0"	"сельская местность"	"0"	"Всего"	"0"	"79"
"Число умерших(Человек)"	"2019 год"	"201912"	"КОРГАЛЖЫНСКИЙ РАЙОН"	"0"	"сельская местность"	"0"	"Всего"	"0"	"56"
"Число умерших(Человек)"	"2018 год"	"201812"	"КОРГАЛЖЫНСКИЙ РАЙОН"	"0"	"сельская местность"	"0"	"Всего"	"0"	"71"
"Число умерших(Человек)"	"2022 год"	"202212"	"КОРГАЛЖЫНСКИЙ РАЙОН"	"0"	"сельская местность"	"0"	"Всего"	"0"	"52"
"Число умерших(Человек)"	"2017 год"	"201712"	"КОРГАЛЖЫНСКИЙ РАЙОН"	"0"	"сельская местность"	"0"	"Всего"	"0"	"79"
"Число умерших(Человек)"	"2023 год"	"202312"	"КОРГАЛЖЫНСКИЙ РАЙОН"	"0"	"сельская местность"	"0"	"Всего"	"0"	"58"
"Число умерших(Человек)"	"2024 год"	"202412"	"КОРГАЛЖЫНСКИЙ РАЙОН"	"0"	"сельская местность"	"0"	"Всего"	"0"	"63"
"Число умерших(Человек)"	"2009 год"	"200912"	"САНДЫКТАУСКИЙ РАЙОН"	"0"	"Всего"	"0"	"Всего"	"0"	"292"
"Число умерших(Человек)"	"2011 год"	"201112"	"САНДЫКТАУСКИЙ РАЙОН"	"0"	"Всего"	"0"	"Всего"	"0"	"309"
"Число умерших(Человек)"	"2016 год"	"201612"	"САНДЫКТАУСКИЙ РАЙОН"	"0"	"Всего"	"0"	"Всего"	"0"	"230"
"Число умерших(Человек)"	"2010 год"	"201012"	"САНДЫКТАУСКИЙ РАЙОН"	"0"	"Всего"	"0"	"Всего"	"0"	"287"
"Число умерших(Человек)"	"2015 год"	"201512"	"САНДЫКТАУСКИЙ РАЙОН"	"0"	"Всего"	"0"	"Всего"	"0"	"250"
"Число умерших(Человек)"	"2013 год"	"201312"	"САНДЫКТАУСКИЙ РАЙОН"	"0"	"Всего"	"0"	"Всего"	"0"	"297"
"Число умерших(Человек)"	"2014 год"	"201412"	"САНДЫКТАУСКИЙ РАЙОН"	"0"	"Всего"	"0"	"Всего"	"0"	"265"
"Число умерших(Человек)"	"2012 год"	"201212"	"САНДЫКТАУСКИЙ РАЙОН"	"0"	"Всего"	"0"	"Всего"	"0"	"325"
"Число умерших(Человек)"	"2021 год"	"202112"	"САНДЫКТАУСКИЙ РАЙОН"	"0"	"Всего"	"0"	"Всего"	"0"	"275"
"Число умерших(Человек)"	"2020 год"	"202012"	"САНДЫКТАУСКИЙ РАЙОН"	"0"	"Всего"	"0"	"Всего"	"0"	"253"
"Число умерших(Человек)"	"2019 год"	"201912"	"САНДЫКТАУСКИЙ РАЙОН"	"0"	"Всего"	"0"	"Всего"	"0"	"233"
"Число умерших(Человек)"	"2018 год"	"201812"	"САНДЫКТАУСКИЙ РАЙОН"	"0"	"Всего"	"0"	"Всего"	"0"	"235"
"Число умерших(Человек)"	"2022 год"	"202212"	"САНДЫКТАУСКИЙ РАЙОН"	"0"	"Всего"	"0"	"Всего"	"0"	"219"
"Число умерших(Человек)"	"2017 год"	"201712"	"САНДЫКТАУСКИЙ РАЙОН"	"0"	"Всего"	"0"	"Всего"	"0"	"242"
"Число умерших(Человек)"	"2023 год"	"202312"	"САНДЫКТАУСКИЙ РАЙОН"	"0"	"Всего"	"0"	"Всего"	"0"	"210"
"Число умерших(Человек)"	"2024 год"	"202412"	"САНДЫКТАУСКИЙ РАЙОН"	"0"	"Всего"	"0"	"Всего"	"0"	"229"
"Число умерших(Человек)"	"2009 год"	"200912"	"САНДЫКТАУСКИЙ РАЙОН"	"0"	"сельская местность"	"0"	"Всего"	"0"	"292"
"Число умерших(Человек)"	"2011 год"	"201112"	"САНДЫКТАУСКИЙ РАЙОН"	"0"	"сельская местность"	"0"	"Всего"	"0"	"309"
"Число умерших(Человек)"	"2016 год"	"201612"	"САНДЫКТАУСКИЙ РАЙОН"	"0"	"сельская местность"	"0"	"Всего"	"0"	"230"
"Число умерших(Человек)"	"2010 год"	"201012"	"САНДЫКТАУСКИЙ РАЙОН"	"0"	"сельская местность"	"0"	"Всего"	"0"	"287"
"Число умерших(Человек)"	"2015 год"	"201512"	"САНДЫКТАУСКИЙ РАЙОН"	"0"	"сельская местность"	"0"	"Всего"	"0"	"250"
"Число умерших(Человек)"	"2013 год"	"201312"	"САНДЫКТАУСКИЙ РАЙОН"	"0"	"сельская местность"	"0"	"Всего"	"0"	"297"
"Число умерших(Человек)"	"2014 год"	"201412"	"САНДЫКТАУСКИЙ РАЙОН"	"0"	"сельская местность"	"0"	"Всего"	"0"	"265"
"Число умерших(Человек)"	"2012 год"	"201212"	"САНДЫКТАУСКИЙ РАЙОН"	"0"	"сельская местность"	"0"	"Всего"	"0"	"325"
"Число умерших(Человек)"	"2021 год"	"202112"	"САНДЫКТАУСКИЙ РАЙОН"	"0"	"сельская местность"	"0"	"Всего"	"0"	"275"
"Число умерших(Человек)"	"2020 год"	"202012"	"САНДЫКТАУСКИЙ РАЙОН"	"0"	"сельская местность"	"0"	"Всего"	"0"	"253"
"Число умерших(Человек)"	"2019 год"	"201912"	"САНДЫКТАУСКИЙ РАЙОН"	"0"	"сельская местность"	"0"	"Всего"	"0"	"233"
"Число умерших(Человек)"	"2018 год"	"201812"	"САНДЫКТАУСКИЙ РАЙОН"	"0"	"сельская местность"	"0"	"Всего"	"0"	"235"
"Число умерших(Человек)"	"2022 год"	"202212"	"САНДЫКТАУСКИЙ РАЙОН"	"0"	"сельская местность"	"0"	"Всего"	"0"	"219"
"Число умерших(Человек)"	"2017 год"	"201712"	"САНДЫКТАУСКИЙ РАЙОН"	"0"	"сельская местность"	"0"	"Всего"	"0"	"242"
"Число умерших(Человек)"	"2023 год"	"202312"	"САНДЫКТАУСКИЙ РАЙОН"	"0"	"сельская местность"	"0"	"Всего"	"0"	"210"
"Число умерших(Человек)"	"2024 год"	"202412"	"САНДЫКТАУСКИЙ РАЙОН"	"0"	"сельская местность"	"0"	"Всего"	"0"	"229"
"Число умерших(Человек)"	"2009 год"	"200912"	"ЦЕЛИНОГРАДСКИЙ РАЙОН"	"0"	"Всего"	"0"	"Всего"	"0"	"425"
"Число умерших(Человек)"	"2011 год"	"201112"	"ЦЕЛИНОГРАДСКИЙ РАЙОН"	"0"	"Всего"	"0"	"Всего"	"0"	"426"
"Число умерших(Человек)"	"2016 год"	"201612"	"ЦЕЛИНОГРАДСКИЙ РАЙОН"	"0"	"Всего"	"0"	"Всего"	"0"	"389"
"Число умерших(Человек)"	"2010 год"	"201012"	"ЦЕЛИНОГРАДСКИЙ РАЙОН"	"0"	"Всего"	"0"	"Всего"	"0"	"410"
"Число умерших(Человек)"	"2015 год"	"201512"	"ЦЕЛИНОГРАДСКИЙ РАЙОН"	"0"	"Всего"	"0"	"Всего"	"0"	"390"
"Число умерших(Человек)"	"2013 год"	"201312"	"ЦЕЛИНОГРАДСКИЙ РАЙОН"	"0"	"Всего"	"0"	"Всего"	"0"	"427"
"Число умерших(Человек)"	"2014 год"	"201412"	"ЦЕЛИНОГРАДСКИЙ РАЙОН"	"0"	"Всего"	"0"	"Всего"	"0"	"374"
"Число умерших(Человек)"	"2012 год"	"201212"	"ЦЕЛИНОГРАДСКИЙ РАЙОН"	"0"	"Всего"	"0"	"Всего"	"0"	"434"
"Число умерших(Человек)"	"2021 год"	"202112"	"ЦЕЛИНОГРАДСКИЙ РАЙОН"	"0"	"Всего"	"0"	"Всего"	"0"	"502"
"Число умерших(Человек)"	"2020 год"	"202012"	"ЦЕЛИНОГРАДСКИЙ РАЙОН"	"0"	"Всего"	"0"	"Всего"	"0"	"476"
"Число умерших(Человек)"	"2019 год"	"201912"	"ЦЕЛИНОГРАДСКИЙ РАЙОН"	"0"	"Всего"	"0"	"Всего"	"0"	"382"
"Число умерших(Человек)"	"2018 год"	"201812"	"ЦЕЛИНОГРАДСКИЙ РАЙОН"	"0"	"Всего"	"0"	"Всего"	"0"	"378"
"Число умерших(Человек)"	"2022 год"	"202212"	"ЦЕЛИНОГРАДСКИЙ РАЙОН"	"0"	"Всего"	"0"	"Всего"	"0"	"321"
"Число умерших(Человек)"	"2017 год"	"201712"	"ЦЕЛИНОГРАДСКИЙ РАЙОН"	"0"	"Всего"	"0"	"Всего"	"0"	"375"
"Число умерших(Человек)"	"2023 год"	"202312"	"ЦЕЛИНОГРАДСКИЙ РАЙОН"	"0"	"Всего"	"0"	"Всего"	"0"	"408"
"Число умерших(Человек)"	"2024 год"	"202412"	"ЦЕЛИНОГРАДСКИЙ РАЙОН"	"0"	"Всего"	"0"	"Всего"	"0"	"360"
"Число умерших(Человек)"	"2009 год"	"200912"	"ЦЕЛИНОГРАДСКИЙ РАЙОН"	"0"	"сельская местность"	"0"	"Всего"	"0"	"425"
"Число умерших(Человек)"	"2011 год"	"201112"	"ЦЕЛИНОГРАДСКИЙ РАЙОН"	"0"	"сельская местность"	"0"	"Всего"	"0"	"426"
"Число умерших(Человек)"	"2016 год"	"201612"	"ЦЕЛИНОГРАДСКИЙ РАЙОН"	"0"	"сельская местность"	"0"	"Всего"	"0"	"389"
"Число умерших(Человек)"	"2010 год"	"201012"	"ЦЕЛИНОГРАДСКИЙ РАЙОН"	"0"	"сельская местность"	"0"	"Всего"	"0"	"410"
"Число умерших(Человек)"	"2015 год"	"201512"	"ЦЕЛИНОГРАДСКИЙ РАЙОН"	"0"	"сельская местность"	"0"	"Всего"	"0"	"390"
"Число умерших(Человек)"	"2013 год"	"201312"	"ЦЕЛИНОГРАДСКИЙ РАЙОН"	"0"	"сельская местность"	"0"	"Всего"	"0"	"427"
"Число умерших(Человек)"	"2014 год"	"201412"	"ЦЕЛИНОГРАДСКИЙ РАЙОН"	"0"	"сельская местность"	"0"	"Всего"	"0"	"374"
"Число умерших(Человек)"	"2012 год"	"201212"	"ЦЕЛИНОГРАДСКИЙ РАЙОН"	"0"	"сельская местность"	"0"	"Всего"	"0"	"434"
"Число умерших(Человек)"	"2021 год"	"202112"	"ЦЕЛИНОГРАДСКИЙ РАЙОН"	"0"	"сельская местность"	"0"	"Всего"	"0"	"502"
"Число умерших(Человек)"	"2020 год"	"202012"	"ЦЕЛИНОГРАДСКИЙ РАЙОН"	"0"	"сельская местность"	"0"	"Всего"	"0"	"476"
"Число умерших(Человек)"	"2019 год"	"201912"	"ЦЕЛИНОГРАДСКИЙ РАЙОН"	"0"	"сельская местность"	"0"	"Всего"	"0"	"382"
"Число умерших(Человек)"	"2018 год"	"201812"	"ЦЕЛИНОГРАДСКИЙ РАЙОН"	"0"	"сельская местность"	"0"	"Всего"	"0"	"378"
"Число умерших(Человек)"	"2022 год"	"202212"	"ЦЕЛИНОГРАДСКИЙ РАЙОН"	"0"	"сельская местность"	"0"	"Всего"	"0"	"321"
"Число умерших(Человек)"	"2017 год"	"201712"	"ЦЕЛИНОГРАДСКИЙ РАЙОН"	"0"	"сельская местность"	"0"	"Всего"	"0"	"375"
"Число умерших(Человек)"	"2023 год"	"202312"	"ЦЕЛИНОГРАДСКИЙ РАЙОН"	"0"	"сельская местность"	"0"	"Всего"	"0"	"408"
"Число умерших(Человек)"	"2024 год"	"202412"	"ЦЕЛИНОГРАДСКИЙ РАЙОН"	"0"	"сельская местность"	"0"	"Всего"	"0"	"360"
"Число умерших(Человек)"	"2009 год"	"200912"	"ШОРТАНДИНСКИЙ РАЙОН"	"0"	"Всего"	"0"	"Всего"	"0"	"391"
"Число умерших(Человек)"	"2011 год"	"201112"	"ШОРТАНДИНСКИЙ РАЙОН"	"0"	"Всего"	"0"	"Всего"	"0"	"340"
"Число умерших(Человек)"	"2016 год"	"201612"	"ШОРТАНДИНСКИЙ РАЙОН"	"0"	"Всего"	"0"	"Всего"	"0"	"310"
"Число умерших(Человек)"	"2010 год"	"201012"	"ШОРТАНДИНСКИЙ РАЙОН"	"0"	"Всего"	"0"	"Всего"	"0"	"323"
"Число умерших(Человек)"	"2015 год"	"201512"	"ШОРТАНДИНСКИЙ РАЙОН"	"0"	"Всего"	"0"	"Всего"	"0"	"322"
"Число умерших(Человек)"	"2013 год"	"201312"	"ШОРТАНДИНСКИЙ РАЙОН"	"0"	"Всего"	"0"	"Всего"	"0"	"304"
"Число умерших(Человек)"	"2014 год"	"201412"	"ШОРТАНДИНСКИЙ РАЙОН"	"0"	"Всего"	"0"	"Всего"	"0"	"265"
"Число умерших(Человек)"	"2012 год"	"201212"	"ШОРТАНДИНСКИЙ РАЙОН"	"0"	"Всего"	"0"	"Всего"	"0"	"321"
"Число умерших(Человек)"	"2021 год"	"202112"	"ШОРТАНДИНСКИЙ РАЙОН"	"0"	"Всего"	"0"	"Всего"	"0"	"426"
"Число умерших(Человек)"	"2020 год"	"202012"	"ШОРТАНДИНСКИЙ РАЙОН"	"0"	"Всего"	"0"	"Всего"	"0"	"362"
"Число умерших(Человек)"	"2019 год"	"201912"	"ШОРТАНДИНСКИЙ РАЙОН"	"0"	"Всего"	"0"	"Всего"	"0"	"284"
"Число умерших(Человек)"	"2018 год"	"201812"	"ШОРТАНДИНСКИЙ РАЙОН"	"0"	"Всего"	"0"	"Всего"	"0"	"303"
"Число умерших(Человек)"	"2022 год"	"202212"	"ШОРТАНДИНСКИЙ РАЙОН"	"0"	"Всего"	"0"	"Всего"	"0"	"318"
"Число умерших(Человек)"	"2017 год"	"201712"	"ШОРТАНДИНСКИЙ РАЙОН"	"0"	"Всего"	"0"	"Всего"	"0"	"286"
"Число умерших(Человек)"	"2023 год"	"202312"	"ШОРТАНДИНСКИЙ РАЙОН"	"0"	"Всего"	"0"	"Всего"	"0"	"289"
"Число умерших(Человек)"	"2024 год"	"202412"	"ШОРТАНДИНСКИЙ РАЙОН"	"0"	"Всего"	"0"	"Всего"	"0"	"277"
"Число умерших(Человек)"	"2009 год"	"200912"	"ШОРТАНДИНСКИЙ РАЙОН"	"0"	"сельская местность"	"0"	"Всего"	"0"	"391"
"Число умерших(Человек)"	"2011 год"	"201112"	"ШОРТАНДИНСКИЙ РАЙОН"	"0"	"сельская местность"	"0"	"Всего"	"0"	"340"
"Число умерших(Человек)"	"2016 год"	"201612"	"ШОРТАНДИНСКИЙ РАЙОН"	"0"	"сельская местность"	"0"	"Всего"	"0"	"310"
"Число умерших(Человек)"	"2010 год"	"201012"	"ШОРТАНДИНСКИЙ РАЙОН"	"0"	"сельская местность"	"0"	"Всего"	"0"	"323"
"Число умерших(Человек)"	"2015 год"	"201512"	"ШОРТАНДИНСКИЙ РАЙОН"	"0"	"сельская местность"	"0"	"Всего"	"0"	"322"
"Число умерших(Человек)"	"2013 год"	"201312"	"ШОРТАНДИНСКИЙ РАЙОН"	"0"	"сельская местность"	"0"	"Всего"	"0"	"304"
"Число умерших(Человек)"	"2014 год"	"201412"	"ШОРТАНДИНСКИЙ РАЙОН"	"0"	"сельская местность"	"0"	"Всего"	"0"	"265"
"Число умерших(Человек)"	"2012 год"	"201212"	"ШОРТАНДИНСКИЙ РАЙОН"	"0"	"сельская местность"	"0"	"Всего"	"0"	"321"
"Число умерших(Человек)"	"2021 год"	"202112"	"ШОРТАНДИНСКИЙ РАЙОН"	"0"	"сельская местность"	"0"	"Всего"	"0"	"426"
"Число умерших(Человек)"	"2020 год"	"202012"	"ШОРТАНДИНСКИЙ РАЙОН"	"0"	"сельская местность"	"0"	"Всего"	"0"	"362"
"Число умерших(Человек)"	"2019 год"	"201912"	"ШОРТАНДИНСКИЙ РАЙОН"	"0"	"сельская местность"	"0"	"Всего"	"0"	"284"
"Число умерших(Человек)"	"2018 год"	"201812"	"ШОРТАНДИНСКИЙ РАЙОН"	"0"	"сельская местность"	"0"	"Всего"	"0"	"303"
"Число умерших(Человек)"	"2022 год"	"202212"	"ШОРТАНДИНСКИЙ РАЙОН"	"0"	"сельская местность"	"0"	"Всего"	"0"	"318"
"Число умерших(Человек)"	"2017 год"	"201712"	"ШОРТАНДИНСКИЙ РАЙОН"	"0"	"сельская местность"	"0"	"Всего"	"0"	"286"
"Число умерших(Человек)"	"2023 год"	"202312"	"ШОРТАНДИНСКИЙ РАЙОН"	"0"	"сельская местность"	"0"	"Всего"	"0"	"289"
"Число умерших(Человек)"	"2024 год"	"202412"	"ШОРТАНДИНСКИЙ РАЙОН"	"0"	"сельская местность"	"0"	"Всего"	"0"	"277"
"Число умерших(Человек)"	"2009 год"	"200912"	"БУРАБАЙСКИЙ РАЙОН"	"0"	"Всего"	"0"	"Всего"	"0"	"975"
"Число умерших(Человек)"	"2011 год"	"201112"	"БУРАБАЙСКИЙ РАЙОН"	"0"	"Всего"	"0"	"Всего"	"0"	"962"
"Число умерших(Человек)"	"2016 год"	"201612"	"БУРАБАЙСКИЙ РАЙОН"	"0"	"Всего"	"0"	"Всего"	"0"	"854"
"Число умерших(Человек)"	"2010 год"	"201012"	"БУРАБАЙСКИЙ РАЙОН"	"0"	"Всего"	"0"	"Всего"	"0"	"1 039"
"Число умерших(Человек)"	"2015 год"	"201512"	"БУРАБАЙСКИЙ РАЙОН"	"0"	"Всего"	"0"	"Всего"	"0"	"822"
"Число умерших(Человек)"	"2013 год"	"201312"	"БУРАБАЙСКИЙ РАЙОН"	"0"	"Всего"	"0"	"Всего"	"0"	"906"
"Число умерших(Человек)"	"2014 год"	"201412"	"БУРАБАЙСКИЙ РАЙОН"	"0"	"Всего"	"0"	"Всего"	"0"	"817"
"Число умерших(Человек)"	"2012 год"	"201212"	"БУРАБАЙСКИЙ РАЙОН"	"0"	"Всего"	"0"	"Всего"	"0"	"894"
"Число умерших(Человек)"	"2021 год"	"202112"	"БУРАБАЙСКИЙ РАЙОН"	"0"	"Всего"	"0"	"Всего"	"0"	"1 005"
"Число умерших(Человек)"	"2020 год"	"202012"	"БУРАБАЙСКИЙ РАЙОН"	"0"	"Всего"	"0"	"Всего"	"0"	"944"
"Число умерших(Человек)"	"2019 год"	"201912"	"БУРАБАЙСКИЙ РАЙОН"	"0"	"Всего"	"0"	"Всего"	"0"	"821"
"Число умерших(Человек)"	"2018 год"	"201812"	"БУРАБАЙСКИЙ РАЙОН"	"0"	"Всего"	"0"	"Всего"	"0"	"828"
"Число умерших(Человек)"	"2022 год"	"202212"	"БУРАБАЙСКИЙ РАЙОН"	"0"	"Всего"	"0"	"Всего"	"0"	"782"
"Число умерших(Человек)"	"2017 год"	"201712"	"БУРАБАЙСКИЙ РАЙОН"	"0"	"Всего"	"0"	"Всего"	"0"	"783"
"Число умерших(Человек)"	"2023 год"	"202312"	"БУРАБАЙСКИЙ РАЙОН"	"0"	"Всего"	"0"	"Всего"	"0"	"752"
"Число умерших(Человек)"	"2024 год"	"202412"	"БУРАБАЙСКИЙ РАЙОН"	"0"	"Всего"	"0"	"Всего"	"0"	"753"
"Число умерших(Человек)"	"2009 год"	"200912"	"БУРАБАЙСКИЙ РАЙОН"	"0"	"городская местность"	"0"	"Всего"	"0"	"597"
"Число умерших(Человек)"	"2011 год"	"201112"	"БУРАБАЙСКИЙ РАЙОН"	"0"	"городская местность"	"0"	"Всего"	"0"	"578"
"Число умерших(Человек)"	"2016 год"	"201612"	"БУРАБАЙСКИЙ РАЙОН"	"0"	"городская местность"	"0"	"Всего"	"0"	"537"
"Число умерших(Человек)"	"2010 год"	"201012"	"БУРАБАЙСКИЙ РАЙОН"	"0"	"городская местность"	"0"	"Всего"	"0"	"618"
"Число умерших(Человек)"	"2015 год"	"201512"	"БУРАБАЙСКИЙ РАЙОН"	"0"	"городская местность"	"0"	"Всего"	"0"	"487"
"Число умерших(Человек)"	"2013 год"	"201312"	"БУРАБАЙСКИЙ РАЙОН"	"0"	"городская местность"	"0"	"Всего"	"0"	"559"
"Число умерших(Человек)"	"2014 год"	"201412"	"БУРАБАЙСКИЙ РАЙОН"	"0"	"городская местность"	"0"	"Всего"	"0"	"502"
"Число умерших(Человек)"	"2012 год"	"201212"	"БУРАБАЙСКИЙ РАЙОН"	"0"	"городская местность"	"0"	"Всего"	"0"	"574"
"Число умерших(Человек)"	"2021 год"	"202112"	"БУРАБАЙСКИЙ РАЙОН"	"0"	"городская местность"	"0"	"Всего"	"0"	"659"
"Число умерших(Человек)"	"2020 год"	"202012"	"БУРАБАЙСКИЙ РАЙОН"	"0"	"городская местность"	"0"	"Всего"	"0"	"614"
"Число умерших(Человек)"	"2019 год"	"201912"	"БУРАБАЙСКИЙ РАЙОН"	"0"	"городская местность"	"0"	"Всего"	"0"	"534"
"Число умерших(Человек)"	"2018 год"	"201812"	"БУРАБАЙСКИЙ РАЙОН"	"0"	"городская местность"	"0"	"Всего"	"0"	"539"
"Число умерших(Человек)"	"2022 год"	"202212"	"БУРАБАЙСКИЙ РАЙОН"	"0"	"городская местность"	"0"	"Всего"	"0"	"520"
"Число умерших(Человек)"	"2017 год"	"201712"	"БУРАБАЙСКИЙ РАЙОН"	"0"	"городская местность"	"0"	"Всего"	"0"	"487"
"Число умерших(Человек)"	"2023 год"	"202312"	"БУРАБАЙСКИЙ РАЙОН"	"0"	"городская местность"	"0"	"Всего"	"0"	"470"
"Число умерших(Человек)"	"2024 год"	"202412"	"БУРАБАЙСКИЙ РАЙОН"	"0"	"городская местность"	"0"	"Всего"	"0"	"456"
"Число умерших(Человек)"	"2009 год"	"200912"	"БУРАБАЙСКИЙ РАЙОН"	"0"	"сельская местность"	"0"	"Всего"	"0"	"378"
"Число умерших(Человек)"	"2011 год"	"201112"	"БУРАБАЙСКИЙ РАЙОН"	"0"	"сельская местность"	"0"	"Всего"	"0"	"384"
"Число умерших(Человек)"	"2016 год"	"201612"	"БУРАБАЙСКИЙ РАЙОН"	"0"	"сельская местность"	"0"	"Всего"	"0"	"317"
"Число умерших(Человек)"	"2010 год"	"201012"	"БУРАБАЙСКИЙ РАЙОН"	"0"	"сельская местность"	"0"	"Всего"	"0"	"421"
"Число умерших(Человек)"	"2015 год"	"201512"	"БУРАБАЙСКИЙ РАЙОН"	"0"	"сельская местность"	"0"	"Всего"	"0"	"335"
"Число умерших(Человек)"	"2013 год"	"201312"	"БУРАБАЙСКИЙ РАЙОН"	"0"	"сельская местность"	"0"	"Всего"	"0"	"347"
"Число умерших(Человек)"	"2014 год"	"201412"	"БУРАБАЙСКИЙ РАЙОН"	"0"	"сельская местность"	"0"	"Всего"	"0"	"315"
"Число умерших(Человек)"	"2012 год"	"201212"	"БУРАБАЙСКИЙ РАЙОН"	"0"	"сельская местность"	"0"	"Всего"	"0"	"320"
"Число умерших(Человек)"	"2021 год"	"202112"	"БУРАБАЙСКИЙ РАЙОН"	"0"	"сельская местность"	"0"	"Всего"	"0"	"346"
"Число умерших(Человек)"	"2020 год"	"202012"	"БУРАБАЙСКИЙ РАЙОН"	"0"	"сельская местность"	"0"	"Всего"	"0"	"330"
"Число умерших(Человек)"	"2019 год"	"201912"	"БУРАБАЙСКИЙ РАЙОН"	"0"	"сельская местность"	"0"	"Всего"	"0"	"287"
"Число умерших(Человек)"	"2018 год"	"201812"	"БУРАБАЙСКИЙ РАЙОН"	"0"	"сельская местность"	"0"	"Всего"	"0"	"289"
"Число умерших(Человек)"	"2022 год"	"202212"	"БУРАБАЙСКИЙ РАЙОН"	"0"	"сельская местность"	"0"	"Всего"	"0"	"262"
"Число умерших(Человек)"	"2017 год"	"201712"	"БУРАБАЙСКИЙ РАЙОН"	"0"	"сельская местность"	"0"	"Всего"	"0"	"296"
"Число умерших(Человек)"	"2023 год"	"202312"	"БУРАБАЙСКИЙ РАЙОН"	"0"	"сельская местность"	"0"	"Всего"	"0"	"282"
"Число умерших(Человек)"	"2024 год"	"202412"	"БУРАБАЙСКИЙ РАЙОН"	"0"	"сельская местность"	"0"	"Всего"	"0"	"297"
"Число умерших(Человек)"	"2009 год"	"200912"	"КАРАТАЛЬСКИЙ РАЙОН"	"0"	"Всего"	"0"	"Всего"	"0"	"485"
"Число умерших(Человек)"	"2011 год"	"201112"	"КАРАТАЛЬСКИЙ РАЙОН"	"0"	"Всего"	"0"	"Всего"	"0"	"500"
"Число умерших(Человек)"	"2016 год"	"201612"	"КАРАТАЛЬСКИЙ РАЙОН"	"0"	"Всего"	"0"	"Всего"	"0"	"389"
"Число умерших(Человек)"	"2010 год"	"201012"	"КАРАТАЛЬСКИЙ РАЙОН"	"0"	"Всего"	"0"	"Всего"	"0"	"453"
"Число умерших(Человек)"	"2015 год"	"201512"	"КАРАТАЛЬСКИЙ РАЙОН"	"0"	"Всего"	"0"	"Всего"	"0"	"443"
"Число умерших(Человек)"	"2013 год"	"201312"	"КАРАТАЛЬСКИЙ РАЙОН"	"0"	"Всего"	"0"	"Всего"	"0"	"383"
"Число умерших(Человек)"	"2014 год"	"201412"	"КАРАТАЛЬСКИЙ РАЙОН"	"0"	"Всего"	"0"	"Всего"	"0"	"432"
"Число умерших(Человек)"	"2012 год"	"201212"	"КАРАТАЛЬСКИЙ РАЙОН"	"0"	"Всего"	"0"	"Всего"	"0"	"464"
"Число умерших(Человек)"	"2021 год"	"202112"	"КАРАТАЛЬСКИЙ РАЙОН"	"0"	"Всего"	"0"	"Всего"	"0"	"578"
"Число умерших(Человек)"	"2020 год"	"202012"	"КАРАТАЛЬСКИЙ РАЙОН"	"0"	"Всего"	"0"	"Всего"	"0"	"421"
"Число умерших(Человек)"	"2019 год"	"201912"	"КАРАТАЛЬСКИЙ РАЙОН"	"0"	"Всего"	"0"	"Всего"	"0"	"401"
"Число умерших(Человек)"	"2018 год"	"201812"	"КАРАТАЛЬСКИЙ РАЙОН"	"0"	"Всего"	"0"	"Всего"	"0"	"456"
"Число умерших(Человек)"	"2022 год"	"202212"	"КАРАТАЛЬСКИЙ РАЙОН"	"0"	"Всего"	"0"	"Всего"	"0"	"381"
"Число умерших(Человек)"	"2017 год"	"201712"	"КАРАТАЛЬСКИЙ РАЙОН"	"0"	"Всего"	"0"	"Всего"	"0"	"398"
"Число умерших(Человек)"	"2023 год"	"202312"	"КАРАТАЛЬСКИЙ РАЙОН"	"0"	"Всего"	"0"	"Всего"	"0"	"373"
"Число умерших(Человек)"	"2024 год"	"202412"	"КАРАТАЛЬСКИЙ РАЙОН"	"0"	"Всего"	"0"	"Всего"	"0"	"393"
"Число умерших(Человек)"	"2009 год"	"200912"	"КАРАТАЛЬСКИЙ РАЙОН"	"0"	"городская местность"	"0"	"Всего"	"0"	"303"
"Число умерших(Человек)"	"2011 год"	"201112"	"КАРАТАЛЬСКИЙ РАЙОН"	"0"	"городская местность"	"0"	"Всего"	"0"	"294"
"Число умерших(Человек)"	"2016 год"	"201612"	"КАРАТАЛЬСКИЙ РАЙОН"	"0"	"городская местность"	"0"	"Всего"	"0"	"234"
"Число умерших(Человек)"	"2010 год"	"201012"	"КАРАТАЛЬСКИЙ РАЙОН"	"0"	"городская местность"	"0"	"Всего"	"0"	"261"
"Число умерших(Человек)"	"2015 год"	"201512"	"КАРАТАЛЬСКИЙ РАЙОН"	"0"	"городская местность"	"0"	"Всего"	"0"	"251"
"Число умерших(Человек)"	"2013 год"	"201312"	"КАРАТАЛЬСКИЙ РАЙОН"	"0"	"городская местность"	"0"	"Всего"	"0"	"235"
"Число умерших(Человек)"	"2014 год"	"201412"	"КАРАТАЛЬСКИЙ РАЙОН"	"0"	"городская местность"	"0"	"Всего"	"0"	"245"
"Число умерших(Человек)"	"2012 год"	"201212"	"КАРАТАЛЬСКИЙ РАЙОН"	"0"	"городская местность"	"0"	"Всего"	"0"	"265"
"Число умерших(Человек)"	"2021 год"	"202112"	"КАРАТАЛЬСКИЙ РАЙОН"	"0"	"городская местность"	"0"	"Всего"	"0"	"357"
"Число умерших(Человек)"	"2020 год"	"202012"	"КАРАТАЛЬСКИЙ РАЙОН"	"0"	"городская местность"	"0"	"Всего"	"0"	"233"
"Число умерших(Человек)"	"2019 год"	"201912"	"КАРАТАЛЬСКИЙ РАЙОН"	"0"	"городская местность"	"0"	"Всего"	"0"	"223"
"Число умерших(Человек)"	"2018 год"	"201812"	"КАРАТАЛЬСКИЙ РАЙОН"	"0"	"городская местность"	"0"	"Всего"	"0"	"269"
"Число умерших(Человек)"	"2022 год"	"202212"	"КАРАТАЛЬСКИЙ РАЙОН"	"0"	"городская местность"	"0"	"Всего"	"0"	"220"
"Число умерших(Человек)"	"2017 год"	"201712"	"КАРАТАЛЬСКИЙ РАЙОН"	"0"	"городская местность"	"0"	"Всего"	"0"	"218"
"Число умерших(Человек)"	"2023 год"	"202312"	"КАРАТАЛЬСКИЙ РАЙОН"	"0"	"городская местность"	"0"	"Всего"	"0"	"208"
"Число умерших(Человек)"	"2024 год"	"202412"	"КАРАТАЛЬСКИЙ РАЙОН"	"0"	"городская местность"	"0"	"Всего"	"0"	"243"
"Число умерших(Человек)"	"2009 год"	"200912"	"КАРАТАЛЬСКИЙ РАЙОН"	"0"	"сельская местность"	"0"	"Всего"	"0"	"182"
"Число умерших(Человек)"	"2011 год"	"201112"	"КАРАТАЛЬСКИЙ РАЙОН"	"0"	"сельская местность"	"0"	"Всего"	"0"	"206"
"Число умерших(Человек)"	"2016 год"	"201612"	"КАРАТАЛЬСКИЙ РАЙОН"	"0"	"сельская местность"	"0"	"Всего"	"0"	"155"
"Число умерших(Человек)"	"2010 год"	"201012"	"КАРАТАЛЬСКИЙ РАЙОН"	"0"	"сельская местность"	"0"	"Всего"	"0"	"192"
"Число умерших(Человек)"	"2015 год"	"201512"	"КАРАТАЛЬСКИЙ РАЙОН"	"0"	"сельская местность"	"0"	"Всего"	"0"	"192"
"Число умерших(Человек)"	"2013 год"	"201312"	"КАРАТАЛЬСКИЙ РАЙОН"	"0"	"сельская местность"	"0"	"Всего"	"0"	"148"
"Число умерших(Человек)"	"2014 год"	"201412"	"КАРАТАЛЬСКИЙ РАЙОН"	"0"	"сельская местность"	"0"	"Всего"	"0"	"187"
"Число умерших(Человек)"	"2012 год"	"201212"	"КАРАТАЛЬСКИЙ РАЙОН"	"0"	"сельская местность"	"0"	"Всего"	"0"	"199"
"Число умерших(Человек)"	"2021 год"	"202112"	"КАРАТАЛЬСКИЙ РАЙОН"	"0"	"сельская местность"	"0"	"Всего"	"0"	"221"
"Число умерших(Человек)"	"2020 год"	"202012"	"КАРАТАЛЬСКИЙ РАЙОН"	"0"	"сельская местность"	"0"	"Всего"	"0"	"188"
"Число умерших(Человек)"	"2019 год"	"201912"	"КАРАТАЛЬСКИЙ РАЙОН"	"0"	"сельская местность"	"0"	"Всего"	"0"	"178"
"Число умерших(Человек)"	"2018 год"	"201812"	"КАРАТАЛЬСКИЙ РАЙОН"	"0"	"сельская местность"	"0"	"Всего"	"0"	"187"
"Число умерших(Человек)"	"2022 год"	"202212"	"КАРАТАЛЬСКИЙ РАЙОН"	"0"	"сельская местность"	"0"	"Всего"	"0"	"161"
"Число умерших(Человек)"	"2017 год"	"201712"	"КАРАТАЛЬСКИЙ РАЙОН"	"0"	"сельская местность"	"0"	"Всего"	"0"	"180"
"Число умерших(Человек)"	"2023 год"	"202312"	"КАРАТАЛЬСКИЙ РАЙОН"	"0"	"сельская местность"	"0"	"Всего"	"0"	"165"
"Число умерших(Человек)"	"2024 год"	"202412"	"КАРАТАЛЬСКИЙ РАЙОН"	"0"	"сельская местность"	"0"	"Всего"	"0"	"150"
"Число умерших(Человек)"	"2009 год"	"200912"	"КАРАСАЙСКИЙ РАЙОН"	"0"	"Всего"	"0"	"Всего"	"0"	"1 636"
"Число умерших(Человек)"	"2011 год"	"201112"	"КАРАСАЙСКИЙ РАЙОН"	"0"	"Всего"	"0"	"Всего"	"0"	"1 624"
"Число умерших(Человек)"	"2016 год"	"201612"	"КАРАСАЙСКИЙ РАЙОН"	"0"	"Всего"	"0"	"Всего"	"0"	"1 311"
"Число умерших(Человек)"	"2010 год"	"201012"	"КАРАСАЙСКИЙ РАЙОН"	"0"	"Всего"	"0"	"Всего"	"0"	"1 685"
"Число умерших(Человек)"	"2015 год"	"201512"	"КАРАСАЙСКИЙ РАЙОН"	"0"	"Всего"	"0"	"Всего"	"0"	"1 269"
"Число умерших(Человек)"	"2013 год"	"201312"	"КАРАСАЙСКИЙ РАЙОН"	"0"	"Всего"	"0"	"Всего"	"0"	"1 657"
"Число умерших(Человек)"	"2014 год"	"201412"	"КАРАСАЙСКИЙ РАЙОН"	"0"	"Всего"	"0"	"Всего"	"0"	"1 306"
"Число умерших(Человек)"	"2012 год"	"201212"	"КАРАСАЙСКИЙ РАЙОН"	"0"	"Всего"	"0"	"Всего"	"0"	"1 649"
"Число умерших(Человек)"	"2021 год"	"202112"	"КАРАСАЙСКИЙ РАЙОН"	"0"	"Всего"	"0"	"Всего"	"0"	"1 672"
"Число умерших(Человек)"	"2020 год"	"202012"	"КАРАСАЙСКИЙ РАЙОН"	"0"	"Всего"	"0"	"Всего"	"0"	"1 795"
"Число умерших(Человек)"	"2019 год"	"201912"	"КАРАСАЙСКИЙ РАЙОН"	"0"	"Всего"	"0"	"Всего"	"0"	"1 367"
"Число умерших(Человек)"	"2018 год"	"201812"	"КАРАСАЙСКИЙ РАЙОН"	"0"	"Всего"	"0"	"Всего"	"0"	"1 358"
"Число умерших(Человек)"	"2022 год"	"202212"	"КАРАСАЙСКИЙ РАЙОН"	"0"	"Всего"	"0"	"Всего"	"0"	"1 676"
"Число умерших(Человек)"	"2017 год"	"201712"	"КАРАСАЙСКИЙ РАЙОН"	"0"	"Всего"	"0"	"Всего"	"0"	"1 314"
"Число умерших(Человек)"	"2023 год"	"202312"	"КАРАСАЙСКИЙ РАЙОН"	"0"	"Всего"	"0"	"Всего"	"0"	"1 699"
"Число умерших(Человек)"	"2024 год"	"202412"	"КАРАСАЙСКИЙ РАЙОН"	"0"	"Всего"	"0"	"Всего"	"0"	"1 753"
"Число умерших(Человек)"	"2009 год"	"200912"	"КАРАСАЙСКИЙ РАЙОН"	"0"	"городская местность"	"0"	"Всего"	"0"	"450"
"Число умерших(Человек)"	"2011 год"	"201112"	"КАРАСАЙСКИЙ РАЙОН"	"0"	"городская местность"	"0"	"Всего"	"0"	"425"
"Число умерших(Человек)"	"2016 год"	"201612"	"КАРАСАЙСКИЙ РАЙОН"	"0"	"городская местность"	"0"	"Всего"	"0"	"396"
"Число умерших(Человек)"	"2010 год"	"201012"	"КАРАСАЙСКИЙ РАЙОН"	"0"	"городская местность"	"0"	"Всего"	"0"	"499"
"Число умерших(Человек)"	"2015 год"	"201512"	"КАРАСАЙСКИЙ РАЙОН"	"0"	"городская местность"	"0"	"Всего"	"0"	"431"
"Число умерших(Человек)"	"2013 год"	"201312"	"КАРАСАЙСКИЙ РАЙОН"	"0"	"городская местность"	"0"	"Всего"	"0"	"417"
"Число умерших(Человек)"	"2014 год"	"201412"	"КАРАСАЙСКИЙ РАЙОН"	"0"	"городская местность"	"0"	"Всего"	"0"	"425"
"Число умерших(Человек)"	"2012 год"	"201212"	"КАРАСАЙСКИЙ РАЙОН"	"0"	"городская местность"	"0"	"Всего"	"0"	"424"
"Число умерших(Человек)"	"2021 год"	"202112"	"КАРАСАЙСКИЙ РАЙОН"	"0"	"городская местность"	"0"	"Всего"	"0"	"508"
"Число умерших(Человек)"	"2020 год"	"202012"	"КАРАСАЙСКИЙ РАЙОН"	"0"	"городская местность"	"0"	"Всего"	"0"	"524"
"Число умерших(Человек)"	"2019 год"	"201912"	"КАРАСАЙСКИЙ РАЙОН"	"0"	"городская местность"	"0"	"Всего"	"0"	"409"
"Число умерших(Человек)"	"2018 год"	"201812"	"КАРАСАЙСКИЙ РАЙОН"	"0"	"городская местность"	"0"	"Всего"	"0"	"442"
"Число умерших(Человек)"	"2022 год"	"202212"	"КАРАСАЙСКИЙ РАЙОН"	"0"	"городская местность"	"0"	"Всего"	"0"	"551"
"Число умерших(Человек)"	"2017 год"	"201712"	"КАРАСАЙСКИЙ РАЙОН"	"0"	"городская местность"	"0"	"Всего"	"0"	"398"
"Число умерших(Человек)"	"2023 год"	"202312"	"КАРАСАЙСКИЙ РАЙОН"	"0"	"городская местность"	"0"	"Всего"	"0"	"484"
"Число умерших(Человек)"	"2024 год"	"202412"	"КАРАСАЙСКИЙ РАЙОН"	"0"	"городская местность"	"0"	"Всего"	"0"	"444"
"Число умерших(Человек)"	"2009 год"	"200912"	"КАРАСАЙСКИЙ РАЙОН"	"0"	"сельская местность"	"0"	"Всего"	"0"	"1 186"
"Число умерших(Человек)"	"2011 год"	"201112"	"КАРАСАЙСКИЙ РАЙОН"	"0"	"сельская местность"	"0"	"Всего"	"0"	"1 199"
"Число умерших(Человек)"	"2016 год"	"201612"	"КАРАСАЙСКИЙ РАЙОН"	"0"	"сельская местность"	"0"	"Всего"	"0"	"915"
"Число умерших(Человек)"	"2010 год"	"201012"	"КАРАСАЙСКИЙ РАЙОН"	"0"	"сельская местность"	"0"	"Всего"	"0"	"1 186"
"Число умерших(Человек)"	"2015 год"	"201512"	"КАРАСАЙСКИЙ РАЙОН"	"0"	"сельская местность"	"0"	"Всего"	"0"	"838"
"Число умерших(Человек)"	"2013 год"	"201312"	"КАРАСАЙСКИЙ РАЙОН"	"0"	"сельская местность"	"0"	"Всего"	"0"	"1 240"
"Число умерших(Человек)"	"2014 год"	"201412"	"КАРАСАЙСКИЙ РАЙОН"	"0"	"сельская местность"	"0"	"Всего"	"0"	"881"
"Число умерших(Человек)"	"2012 год"	"201212"	"КАРАСАЙСКИЙ РАЙОН"	"0"	"сельская местность"	"0"	"Всего"	"0"	"1 225"
"Число умерших(Человек)"	"2021 год"	"202112"	"КАРАСАЙСКИЙ РАЙОН"	"0"	"сельская местность"	"0"	"Всего"	"0"	"1 164"
"Число умерших(Человек)"	"2020 год"	"202012"	"КАРАСАЙСКИЙ РАЙОН"	"0"	"сельская местность"	"0"	"Всего"	"0"	"1 271"
"Число умерших(Человек)"	"2019 год"	"201912"	"КАРАСАЙСКИЙ РАЙОН"	"0"	"сельская местность"	"0"	"Всего"	"0"	"958"
"Число умерших(Человек)"	"2018 год"	"201812"	"КАРАСАЙСКИЙ РАЙОН"	"0"	"сельская местность"	"0"	"Всего"	"0"	"916"
"Число умерших(Человек)"	"2022 год"	"202212"	"КАРАСАЙСКИЙ РАЙОН"	"0"	"сельская местность"	"0"	"Всего"	"0"	"1 125"
"Число умерших(Человек)"	"2017 год"	"201712"	"КАРАСАЙСКИЙ РАЙОН"	"0"	"сельская местность"	"0"	"Всего"	"0"	"916"
"Число умерших(Человек)"	"2023 год"	"202312"	"КАРАСАЙСКИЙ РАЙОН"	"0"	"сельская местность"	"0"	"Всего"	"0"	"1 215"
"Число умерших(Человек)"	"2024 год"	"202412"	"КАРАСАЙСКИЙ РАЙОН"	"0"	"сельская местность"	"0"	"Всего"	"0"	"1 309"
"Число умерших(Человек)"	"2009 год"	"200912"	"ПАНФИЛОВСКИЙ РАЙОН"	"0"	"Всего"	"0"	"Всего"	"0"	"759"
"Число умерших(Человек)"	"2011 год"	"201112"	"ПАНФИЛОВСКИЙ РАЙОН"	"0"	"Всего"	"0"	"Всего"	"0"	"791"
"Число умерших(Человек)"	"2016 год"	"201612"	"ПАНФИЛОВСКИЙ РАЙОН"	"0"	"Всего"	"0"	"Всего"	"0"	"766"
"Число умерших(Человек)"	"2010 год"	"201012"	"ПАНФИЛОВСКИЙ РАЙОН"	"0"	"Всего"	"0"	"Всего"	"0"	"761"
"Число умерших(Человек)"	"2015 год"	"201512"	"ПАНФИЛОВСКИЙ РАЙОН"	"0"	"Всего"	"0"	"Всего"	"0"	"810"
"Число умерших(Человек)"	"2013 год"	"201312"	"ПАНФИЛОВСКИЙ РАЙОН"	"0"	"Всего"	"0"	"Всего"	"0"	"739"
"Число умерших(Человек)"	"2014 год"	"201412"	"ПАНФИЛОВСКИЙ РАЙОН"	"0"	"Всего"	"0"	"Всего"	"0"	"742"
"Число умерших(Человек)"	"2012 год"	"201212"	"ПАНФИЛОВСКИЙ РАЙОН"	"0"	"Всего"	"0"	"Всего"	"0"	"819"
"Число умерших(Человек)"	"2021 год"	"202112"	"ПАНФИЛОВСКИЙ РАЙОН"	"0"	"Всего"	"0"	"Всего"	"0"	"1 071"
"Число умерших(Человек)"	"2020 год"	"202012"	"ПАНФИЛОВСКИЙ РАЙОН"	"0"	"Всего"	"0"	"Всего"	"0"	"901"
"Число умерших(Человек)"	"2019 год"	"201912"	"ПАНФИЛОВСКИЙ РАЙОН"	"0"	"Всего"	"0"	"Всего"	"0"	"776"
"Число умерших(Человек)"	"2018 год"	"201812"	"ПАНФИЛОВСКИЙ РАЙОН"	"0"	"Всего"	"0"	"Всего"	"0"	"794"
"Число умерших(Человек)"	"2022 год"	"202212"	"ПАНФИЛОВСКИЙ РАЙОН"	"0"	"Всего"	"0"	"Всего"	"0"	"738"
"Число умерших(Человек)"	"2017 год"	"201712"	"ПАНФИЛОВСКИЙ РАЙОН"	"0"	"Всего"	"0"	"Всего"	"0"	"781"
"Число умерших(Человек)"	"2023 год"	"202312"	"ПАНФИЛОВСКИЙ РАЙОН"	"0"	"Всего"	"0"	"Всего"	"0"	"759"
"Число умерших(Человек)"	"2024 год"	"202412"	"ПАНФИЛОВСКИЙ РАЙОН"	"0"	"Всего"	"0"	"Всего"	"0"	"752"
"Число умерших(Человек)"	"2009 год"	"200912"	"ПАНФИЛОВСКИЙ РАЙОН"	"0"	"городская местность"	"0"	"Всего"	"0"	"274"
"Число умерших(Человек)"	"2011 год"	"201112"	"ПАНФИЛОВСКИЙ РАЙОН"	"0"	"городская местность"	"0"	"Всего"	"0"	"308"
"Число умерших(Человек)"	"2016 год"	"201612"	"ПАНФИЛОВСКИЙ РАЙОН"	"0"	"городская местность"	"0"	"Всего"	"0"	"277"
"Число умерших(Человек)"	"2010 год"	"201012"	"ПАНФИЛОВСКИЙ РАЙОН"	"0"	"городская местность"	"0"	"Всего"	"0"	"274"
"Число умерших(Человек)"	"2015 год"	"201512"	"ПАНФИЛОВСКИЙ РАЙОН"	"0"	"городская местность"	"0"	"Всего"	"0"	"295"
"Число умерших(Человек)"	"2013 год"	"201312"	"ПАНФИЛОВСКИЙ РАЙОН"	"0"	"городская местность"	"0"	"Всего"	"0"	"259"
"Число умерших(Человек)"	"2014 год"	"201412"	"ПАНФИЛОВСКИЙ РАЙОН"	"0"	"городская местность"	"0"	"Всего"	"0"	"289"
"Число умерших(Человек)"	"2012 год"	"201212"	"ПАНФИЛОВСКИЙ РАЙОН"	"0"	"городская местность"	"0"	"Всего"	"0"	"305"
"Число умерших(Человек)"	"2021 год"	"202112"	"ПАНФИЛОВСКИЙ РАЙОН"	"0"	"городская местность"	"0"	"Всего"	"0"	"458"
"Число умерших(Человек)"	"2020 год"	"202012"	"ПАНФИЛОВСКИЙ РАЙОН"	"0"	"городская местность"	"0"	"Всего"	"0"	"368"
"Число умерших(Человек)"	"2019 год"	"201912"	"ПАНФИЛОВСКИЙ РАЙОН"	"0"	"городская местность"	"0"	"Всего"	"0"	"306"
"Число умерших(Человек)"	"2018 год"	"201812"	"ПАНФИЛОВСКИЙ РАЙОН"	"0"	"городская местность"	"0"	"Всего"	"0"	"307"
"Число умерших(Человек)"	"2022 год"	"202212"	"ПАНФИЛОВСКИЙ РАЙОН"	"0"	"городская местность"	"0"	"Всего"	"0"	"284"
"Число умерших(Человек)"	"2017 год"	"201712"	"ПАНФИЛОВСКИЙ РАЙОН"	"0"	"городская местность"	"0"	"Всего"	"0"	"296"
"Число умерших(Человек)"	"2023 год"	"202312"	"ПАНФИЛОВСКИЙ РАЙОН"	"0"	"городская местность"	"0"	"Всего"	"0"	"282"
"Число умерших(Человек)"	"2024 год"	"202412"	"ПАНФИЛОВСКИЙ РАЙОН"	"0"	"городская местность"	"0"	"Всего"	"0"	"308"
"Число умерших(Человек)"	"2009 год"	"200912"	"ПАНФИЛОВСКИЙ РАЙОН"	"0"	"сельская местность"	"0"	"Всего"	"0"	"485"
"Число умерших(Человек)"	"2011 год"	"201112"	"ПАНФИЛОВСКИЙ РАЙОН"	"0"	"сельская местность"	"0"	"Всего"	"0"	"483"
"Число умерших(Человек)"	"2016 год"	"201612"	"ПАНФИЛОВСКИЙ РАЙОН"	"0"	"сельская местность"	"0"	"Всего"	"0"	"489"
"Число умерших(Человек)"	"2010 год"	"201012"	"ПАНФИЛОВСКИЙ РАЙОН"	"0"	"сельская местность"	"0"	"Всего"	"0"	"487"
"Число умерших(Человек)"	"2015 год"	"201512"	"ПАНФИЛОВСКИЙ РАЙОН"	"0"	"сельская местность"	"0"	"Всего"	"0"	"515"
"Число умерших(Человек)"	"2013 год"	"201312"	"ПАНФИЛОВСКИЙ РАЙОН"	"0"	"сельская местность"	"0"	"Всего"	"0"	"480"
"Число умерших(Человек)"	"2014 год"	"201412"	"ПАНФИЛОВСКИЙ РАЙОН"	"0"	"сельская местность"	"0"	"Всего"	"0"	"453"
"Число умерших(Человек)"	"2012 год"	"201212"	"ПАНФИЛОВСКИЙ РАЙОН"	"0"	"сельская местность"	"0"	"Всего"	"0"	"514"
"Число умерших(Человек)"	"2021 год"	"202112"	"ПАНФИЛОВСКИЙ РАЙОН"	"0"	"сельская местность"	"0"	"Всего"	"0"	"613"
"Число умерших(Человек)"	"2020 год"	"202012"	"ПАНФИЛОВСКИЙ РАЙОН"	"0"	"сельская местность"	"0"	"Всего"	"0"	"533"
"Число умерших(Человек)"	"2019 год"	"201912"	"ПАНФИЛОВСКИЙ РАЙОН"	"0"	"сельская местность"	"0"	"Всего"	"0"	"470"
"Число умерших(Человек)"	"2018 год"	"201812"	"ПАНФИЛОВСКИЙ РАЙОН"	"0"	"сельская местность"	"0"	"Всего"	"0"	"487"
"Число умерших(Человек)"	"2022 год"	"202212"	"ПАНФИЛОВСКИЙ РАЙОН"	"0"	"сельская местность"	"0"	"Всего"	"0"	"454"
"Число умерших(Человек)"	"2017 год"	"201712"	"ПАНФИЛОВСКИЙ РАЙОН"	"0"	"сельская местность"	"0"	"Всего"	"0"	"485"
"Число умерших(Человек)"	"2023 год"	"202312"	"ПАНФИЛОВСКИЙ РАЙОН"	"0"	"сельская местность"	"0"	"Всего"	"0"	"477"
"Число умерших(Человек)"	"2024 год"	"202412"	"ПАНФИЛОВСКИЙ РАЙОН"	"0"	"сельская местность"	"0"	"Всего"	"0"	"444"
"Число умерших(Человек)"	"2009 год"	"200912"	"РАЙЫМБЕКСКИЙ РАЙОН"	"0"	"Всего"	"0"	"Всего"	"0"	"622"
"Число умерших(Человек)"	"2011 год"	"201112"	"РАЙЫМБЕКСКИЙ РАЙОН"	"0"	"Всего"	"0"	"Всего"	"0"	"607"
"Число умерших(Человек)"	"2016 год"	"201612"	"РАЙЫМБЕКСКИЙ РАЙОН"	"0"	"Всего"	"0"	"Всего"	"0"	"480"
"Число умерших(Человек)"	"2010 год"	"201012"	"РАЙЫМБЕКСКИЙ РАЙОН"	"0"	"Всего"	"0"	"Всего"	"0"	"603"
"Число умерших(Человек)"	"2015 год"	"201512"	"РАЙЫМБЕКСКИЙ РАЙОН"	"0"	"Всего"	"0"	"Всего"	"0"	"530"
"Число умерших(Человек)"	"2013 год"	"201312"	"РАЙЫМБЕКСКИЙ РАЙОН"	"0"	"Всего"	"0"	"Всего"	"0"	"601"
"Число умерших(Человек)"	"2014 год"	"201412"	"РАЙЫМБЕКСКИЙ РАЙОН"	"0"	"Всего"	"0"	"Всего"	"0"	"576"
"Число умерших(Человек)"	"2012 год"	"201212"	"РАЙЫМБЕКСКИЙ РАЙОН"	"0"	"Всего"	"0"	"Всего"	"0"	"637"
"Число умерших(Человек)"	"2021 год"	"202112"	"РАЙЫМБЕКСКИЙ РАЙОН"	"0"	"Всего"	"0"	"Всего"	"0"	"286"
"Число умерших(Человек)"	"2020 год"	"202012"	"РАЙЫМБЕКСКИЙ РАЙОН"	"0"	"Всего"	"0"	"Всего"	"0"	"269"
"Число умерших(Человек)"	"2019 год"	"201912"	"РАЙЫМБЕКСКИЙ РАЙОН"	"0"	"Всего"	"0"	"Всего"	"0"	"242"
"Число умерших(Человек)"	"2018 год"	"201812"	"РАЙЫМБЕКСКИЙ РАЙОН"	"0"	"Всего"	"0"	"Всего"	"0"	"228"
"Число умерших(Человек)"	"2022 год"	"202212"	"РАЙЫМБЕКСКИЙ РАЙОН"	"0"	"Всего"	"0"	"Всего"	"0"	"240"
"Число умерших(Человек)"	"2017 год"	"201712"	"РАЙЫМБЕКСКИЙ РАЙОН"	"0"	"Всего"	"0"	"Всего"	"0"	"276"
"Число умерших(Человек)"	"2023 год"	"202312"	"РАЙЫМБЕКСКИЙ РАЙОН"	"0"	"Всего"	"0"	"Всего"	"0"	"217"
"Число умерших(Человек)"	"2024 год"	"202412"	"РАЙЫМБЕКСКИЙ РАЙОН"	"0"	"Всего"	"0"	"Всего"	"0"	"198"
"Число умерших(Человек)"	"2009 год"	"200912"	"РАЙЫМБЕКСКИЙ РАЙОН"	"0"	"сельская местность"	"0"	"Всего"	"0"	"622"
"Число умерших(Человек)"	"2011 год"	"201112"	"РАЙЫМБЕКСКИЙ РАЙОН"	"0"	"сельская местность"	"0"	"Всего"	"0"	"607"
"Число умерших(Человек)"	"2016 год"	"201612"	"РАЙЫМБЕКСКИЙ РАЙОН"	"0"	"сельская местность"	"0"	"Всего"	"0"	"480"
"Число умерших(Человек)"	"2010 год"	"201012"	"РАЙЫМБЕКСКИЙ РАЙОН"	"0"	"сельская местность"	"0"	"Всего"	"0"	"603"
"Число умерших(Человек)"	"2015 год"	"201512"	"РАЙЫМБЕКСКИЙ РАЙОН"	"0"	"сельская местность"	"0"	"Всего"	"0"	"530"
"Число умерших(Человек)"	"2013 год"	"201312"	"РАЙЫМБЕКСКИЙ РАЙОН"	"0"	"сельская местность"	"0"	"Всего"	"0"	"601"
"Число умерших(Человек)"	"2014 год"	"201412"	"РАЙЫМБЕКСКИЙ РАЙОН"	"0"	"сельская местность"	"0"	"Всего"	"0"	"576"
"Число умерших(Человек)"	"2012 год"	"201212"	"РАЙЫМБЕКСКИЙ РАЙОН"	"0"	"сельская местность"	"0"	"Всего"	"0"	"637"
"Число умерших(Человек)"	"2021 год"	"202112"	"РАЙЫМБЕКСКИЙ РАЙОН"	"0"	"сельская местность"	"0"	"Всего"	"0"	"286"
"Число умерших(Человек)"	"2020 год"	"202012"	"РАЙЫМБЕКСКИЙ РАЙОН"	"0"	"сельская местность"	"0"	"Всего"	"0"	"269"
"Число умерших(Человек)"	"2019 год"	"201912"	"РАЙЫМБЕКСКИЙ РАЙОН"	"0"	"сельская местность"	"0"	"Всего"	"0"	"242"
"Число умерших(Человек)"	"2018 год"	"201812"	"РАЙЫМБЕКСКИЙ РАЙОН"	"0"	"сельская местность"	"0"	"Всего"	"0"	"228"
"Число умерших(Человек)"	"2022 год"	"202212"	"РАЙЫМБЕКСКИЙ РАЙОН"	"0"	"сельская местность"	"0"	"Всего"	"0"	"240"
"Число умерших(Человек)"	"2017 год"	"201712"	"РАЙЫМБЕКСКИЙ РАЙОН"	"0"	"сельская местность"	"0"	"Всего"	"0"	"276"
"Число умерших(Человек)"	"2023 год"	"202312"	"РАЙЫМБЕКСКИЙ РАЙОН"	"0"	"сельская местность"	"0"	"Всего"	"0"	"217"
"Число умерших(Человек)"	"2024 год"	"202412"	"РАЙЫМБЕКСКИЙ РАЙОН"	"0"	"сельская местность"	"0"	"Всего"	"0"	"198"
"Число умерших(Человек)"	"2009 год"	"200912"	"САРКАНСКИЙ РАЙОН"	"0"	"Всего"	"0"	"Всего"	"0"	"458"
"Число умерших(Человек)"	"2011 год"	"201112"	"САРКАНСКИЙ РАЙОН"	"0"	"Всего"	"0"	"Всего"	"0"	"486"
"Число умерших(Человек)"	"2016 год"	"201612"	"САРКАНСКИЙ РАЙОН"	"0"	"Всего"	"0"	"Всего"	"0"	"354"
"Число умерших(Человек)"	"2010 год"	"201012"	"САРКАНСКИЙ РАЙОН"	"0"	"Всего"	"0"	"Всего"	"0"	"541"
"Число умерших(Человек)"	"2015 год"	"201512"	"САРКАНСКИЙ РАЙОН"	"0"	"Всего"	"0"	"Всего"	"0"	"371"
"Число умерших(Человек)"	"2013 год"	"201312"	"САРКАНСКИЙ РАЙОН"	"0"	"Всего"	"0"	"Всего"	"0"	"421"
"Число умерших(Человек)"	"2014 год"	"201412"	"САРКАНСКИЙ РАЙОН"	"0"	"Всего"	"0"	"Всего"	"0"	"394"
"Число умерших(Человек)"	"2012 год"	"201212"	"САРКАНСКИЙ РАЙОН"	"0"	"Всего"	"0"	"Всего"	"0"	"397"
"Число умерших(Человек)"	"2021 год"	"202112"	"САРКАНСКИЙ РАЙОН"	"0"	"Всего"	"0"	"Всего"	"0"	"507"
"Число умерших(Человек)"	"2020 год"	"202012"	"САРКАНСКИЙ РАЙОН"	"0"	"Всего"	"0"	"Всего"	"0"	"389"
"Число умерших(Человек)"	"2019 год"	"201912"	"САРКАНСКИЙ РАЙОН"	"0"	"Всего"	"0"	"Всего"	"0"	"331"
"Число умерших(Человек)"	"2018 год"	"201812"	"САРКАНСКИЙ РАЙОН"	"0"	"Всего"	"0"	"Всего"	"0"	"394"
"Число умерших(Человек)"	"2022 год"	"202212"	"САРКАНСКИЙ РАЙОН"	"0"	"Всего"	"0"	"Всего"	"0"	"322"
"Число умерших(Человек)"	"2017 год"	"201712"	"САРКАНСКИЙ РАЙОН"	"0"	"Всего"	"0"	"Всего"	"0"	"355"
"Число умерших(Человек)"	"2023 год"	"202312"	"САРКАНСКИЙ РАЙОН"	"0"	"Всего"	"0"	"Всего"	"0"	"339"
"Число умерших(Человек)"	"2024 год"	"202412"	"САРКАНСКИЙ РАЙОН"	"0"	"Всего"	"0"	"Всего"	"0"	"319"
"Число умерших(Человек)"	"2009 год"	"200912"	"САРКАНСКИЙ РАЙОН"	"0"	"городская местность"	"0"	"Всего"	"0"	"213"
"Число умерших(Человек)"	"2011 год"	"201112"	"САРКАНСКИЙ РАЙОН"	"0"	"городская местность"	"0"	"Всего"	"0"	"201"
"Число умерших(Человек)"	"2016 год"	"201612"	"САРКАНСКИЙ РАЙОН"	"0"	"городская местность"	"0"	"Всего"	"0"	"162"
"Число умерших(Человек)"	"2010 год"	"201012"	"САРКАНСКИЙ РАЙОН"	"0"	"городская местность"	"0"	"Всего"	"0"	"247"
"Число умерших(Человек)"	"2015 год"	"201512"	"САРКАНСКИЙ РАЙОН"	"0"	"городская местность"	"0"	"Всего"	"0"	"181"
"Число умерших(Человек)"	"2013 год"	"201312"	"САРКАНСКИЙ РАЙОН"	"0"	"городская местность"	"0"	"Всего"	"0"	"164"
"Число умерших(Человек)"	"2014 год"	"201412"	"САРКАНСКИЙ РАЙОН"	"0"	"городская местность"	"0"	"Всего"	"0"	"182"
"Число умерших(Человек)"	"2012 год"	"201212"	"САРКАНСКИЙ РАЙОН"	"0"	"городская местность"	"0"	"Всего"	"0"	"182"
"Число умерших(Человек)"	"2021 год"	"202112"	"САРКАНСКИЙ РАЙОН"	"0"	"городская местность"	"0"	"Всего"	"0"	"244"
"Число умерших(Человек)"	"2020 год"	"202012"	"САРКАНСКИЙ РАЙОН"	"0"	"городская местность"	"0"	"Всего"	"0"	"175"
"Число умерших(Человек)"	"2019 год"	"201912"	"САРКАНСКИЙ РАЙОН"	"0"	"городская местность"	"0"	"Всего"	"0"	"152"
"Число умерших(Человек)"	"2018 год"	"201812"	"САРКАНСКИЙ РАЙОН"	"0"	"городская местность"	"0"	"Всего"	"0"	"168"
"Число умерших(Человек)"	"2022 год"	"202212"	"САРКАНСКИЙ РАЙОН"	"0"	"городская местность"	"0"	"Всего"	"0"	"134"
"Число умерших(Человек)"	"2017 год"	"201712"	"САРКАНСКИЙ РАЙОН"	"0"	"городская местность"	"0"	"Всего"	"0"	"157"
"Число умерших(Человек)"	"2023 год"	"202312"	"САРКАНСКИЙ РАЙОН"	"0"	"городская местность"	"0"	"Всего"	"0"	"177"
"Число умерших(Человек)"	"2024 год"	"202412"	"САРКАНСКИЙ РАЙОН"	"0"	"городская местность"	"0"	"Всего"	"0"	"144"
"Число умерших(Человек)"	"2009 год"	"200912"	"САРКАНСКИЙ РАЙОН"	"0"	"сельская местность"	"0"	"Всего"	"0"	"245"
"Число умерших(Человек)"	"2011 год"	"201112"	"САРКАНСКИЙ РАЙОН"	"0"	"сельская местность"	"0"	"Всего"	"0"	"285"
"Число умерших(Человек)"	"2016 год"	"201612"	"САРКАНСКИЙ РАЙОН"	"0"	"сельская местность"	"0"	"Всего"	"0"	"192"
"Число умерших(Человек)"	"2010 год"	"201012"	"САРКАНСКИЙ РАЙОН"	"0"	"сельская местность"	"0"	"Всего"	"0"	"294"
"Число умерших(Человек)"	"2015 год"	"201512"	"САРКАНСКИЙ РАЙОН"	"0"	"сельская местность"	"0"	"Всего"	"0"	"190"
"Число умерших(Человек)"	"2013 год"	"201312"	"САРКАНСКИЙ РАЙОН"	"0"	"сельская местность"	"0"	"Всего"	"0"	"257"
"Число умерших(Человек)"	"2014 год"	"201412"	"САРКАНСКИЙ РАЙОН"	"0"	"сельская местность"	"0"	"Всего"	"0"	"212"
"Число умерших(Человек)"	"2012 год"	"201212"	"САРКАНСКИЙ РАЙОН"	"0"	"сельская местность"	"0"	"Всего"	"0"	"215"
"Число умерших(Человек)"	"2021 год"	"202112"	"САРКАНСКИЙ РАЙОН"	"0"	"сельская местность"	"0"	"Всего"	"0"	"263"
"Число умерших(Человек)"	"2020 год"	"202012"	"САРКАНСКИЙ РАЙОН"	"0"	"сельская местность"	"0"	"Всего"	"0"	"214"
"Число умерших(Человек)"	"2019 год"	"201912"	"САРКАНСКИЙ РАЙОН"	"0"	"сельская местность"	"0"	"Всего"	"0"	"179"
"Число умерших(Человек)"	"2018 год"	"201812"	"САРКАНСКИЙ РАЙОН"	"0"	"сельская местность"	"0"	"Всего"	"0"	"226"
"Число умерших(Человек)"	"2022 год"	"202212"	"САРКАНСКИЙ РАЙОН"	"0"	"сельская местность"	"0"	"Всего"	"0"	"188"
"Число умерших(Человек)"	"2017 год"	"201712"	"САРКАНСКИЙ РАЙОН"	"0"	"сельская местность"	"0"	"Всего"	"0"	"198"
"Число умерших(Человек)"	"2023 год"	"202312"	"САРКАНСКИЙ РАЙОН"	"0"	"сельская местность"	"0"	"Всего"	"0"	"162"
"Число умерших(Человек)"	"2024 год"	"202412"	"САРКАНСКИЙ РАЙОН"	"0"	"сельская местность"	"0"	"Всего"	"0"	"175"
"Число умерших(Человек)"	"2009 год"	"200912"	"ТАЛГАРСКИЙ РАЙОН"	"0"	"Всего"	"0"	"Всего"	"0"	"1 427"
"Число умерших(Человек)"	"2011 год"	"201112"	"ТАЛГАРСКИЙ РАЙОН"	"0"	"Всего"	"0"	"Всего"	"0"	"1 463"
"Число умерших(Человек)"	"2016 год"	"201612"	"ТАЛГАРСКИЙ РАЙОН"	"0"	"Всего"	"0"	"Всего"	"0"	"1 373"
"Число умерших(Человек)"	"2010 год"	"201012"	"ТАЛГАРСКИЙ РАЙОН"	"0"	"Всего"	"0"	"Всего"	"0"	"1 439"
"Число умерших(Человек)"	"2015 год"	"201512"	"ТАЛГАРСКИЙ РАЙОН"	"0"	"Всего"	"0"	"Всего"	"0"	"1 227"
"Число умерших(Человек)"	"2013 год"	"201312"	"ТАЛГАРСКИЙ РАЙОН"	"0"	"Всего"	"0"	"Всего"	"0"	"1 337"
"Число умерших(Человек)"	"2014 год"	"201412"	"ТАЛГАРСКИЙ РАЙОН"	"0"	"Всего"	"0"	"Всего"	"0"	"1 298"
"Число умерших(Человек)"	"2012 год"	"201212"	"ТАЛГАРСКИЙ РАЙОН"	"0"	"Всего"	"0"	"Всего"	"0"	"1 477"
"Число умерших(Человек)"	"2021 год"	"202112"	"ТАЛГАРСКИЙ РАЙОН"	"0"	"Всего"	"0"	"Всего"	"0"	"2 026"
"Число умерших(Человек)"	"2020 год"	"202012"	"ТАЛГАРСКИЙ РАЙОН"	"0"	"Всего"	"0"	"Всего"	"0"	"1 638"
"Число умерших(Человек)"	"2019 год"	"201912"	"ТАЛГАРСКИЙ РАЙОН"	"0"	"Всего"	"0"	"Всего"	"0"	"1 349"
"Число умерших(Человек)"	"2018 год"	"201812"	"ТАЛГАРСКИЙ РАЙОН"	"0"	"Всего"	"0"	"Всего"	"0"	"1 342"
"Число умерших(Человек)"	"2022 год"	"202212"	"ТАЛГАРСКИЙ РАЙОН"	"0"	"Всего"	"0"	"Всего"	"0"	"1 488"
"Число умерших(Человек)"	"2017 год"	"201712"	"ТАЛГАРСКИЙ РАЙОН"	"0"	"Всего"	"0"	"Всего"	"0"	"1 388"
"Число умерших(Человек)"	"2023 год"	"202312"	"ТАЛГАРСКИЙ РАЙОН"	"0"	"Всего"	"0"	"Всего"	"0"	"1 537"
"Число умерших(Человек)"	"2024 год"	"202412"	"ТАЛГАРСКИЙ РАЙОН"	"0"	"Всего"	"0"	"Всего"	"0"	"1 563"
"Число умерших(Человек)"	"2009 год"	"200912"	"ИРГИЗСКИЙ РАЙОН"	"0"	"Всего"	"0"	"Всего"	"0"	"107"
"Число умерших(Человек)"	"2011 год"	"201112"	"ИРГИЗСКИЙ РАЙОН"	"0"	"Всего"	"0"	"Всего"	"0"	"87"
"Число умерших(Человек)"	"2016 год"	"201612"	"ИРГИЗСКИЙ РАЙОН"	"0"	"Всего"	"0"	"Всего"	"0"	"103"
"Число умерших(Человек)"	"2010 год"	"201012"	"ИРГИЗСКИЙ РАЙОН"	"0"	"Всего"	"0"	"Всего"	"0"	"109"
"Число умерших(Человек)"	"2015 год"	"201512"	"ИРГИЗСКИЙ РАЙОН"	"0"	"Всего"	"0"	"Всего"	"0"	"83"
"Число умерших(Человек)"	"2013 год"	"201312"	"ИРГИЗСКИЙ РАЙОН"	"0"	"Всего"	"0"	"Всего"	"0"	"94"
"Число умерших(Человек)"	"2014 год"	"201412"	"ИРГИЗСКИЙ РАЙОН"	"0"	"Всего"	"0"	"Всего"	"0"	"85"
"Число умерших(Человек)"	"2012 год"	"201212"	"ИРГИЗСКИЙ РАЙОН"	"0"	"Всего"	"0"	"Всего"	"0"	"83"
"Число умерших(Человек)"	"2021 год"	"202112"	"ИРГИЗСКИЙ РАЙОН"	"0"	"Всего"	"0"	"Всего"	"0"	"91"
"Число умерших(Человек)"	"2020 год"	"202012"	"ИРГИЗСКИЙ РАЙОН"	"0"	"Всего"	"0"	"Всего"	"0"	"95"
"Число умерших(Человек)"	"2019 год"	"201912"	"ИРГИЗСКИЙ РАЙОН"	"0"	"Всего"	"0"	"Всего"	"0"	"86"
"Число умерших(Человек)"	"2018 год"	"201812"	"ИРГИЗСКИЙ РАЙОН"	"0"	"Всего"	"0"	"Всего"	"0"	"97"
"Число умерших(Человек)"	"2022 год"	"202212"	"ИРГИЗСКИЙ РАЙОН"	"0"	"Всего"	"0"	"Всего"	"0"	"86"
"Число умерших(Человек)"	"2017 год"	"201712"	"ИРГИЗСКИЙ РАЙОН"	"0"	"Всего"	"0"	"Всего"	"0"	"88"
"Число умерших(Человек)"	"2023 год"	"202312"	"ИРГИЗСКИЙ РАЙОН"	"0"	"Всего"	"0"	"Всего"	"0"	"94"
"Число умерших(Человек)"	"2024 год"	"202412"	"ИРГИЗСКИЙ РАЙОН"	"0"	"Всего"	"0"	"Всего"	"0"	"91"
"Число умерших(Человек)"	"2009 год"	"200912"	"ИРГИЗСКИЙ РАЙОН"	"0"	"сельская местность"	"0"	"Всего"	"0"	"107"
"Число умерших(Человек)"	"2011 год"	"201112"	"ИРГИЗСКИЙ РАЙОН"	"0"	"сельская местность"	"0"	"Всего"	"0"	"87"
"Число умерших(Человек)"	"2016 год"	"201612"	"ИРГИЗСКИЙ РАЙОН"	"0"	"сельская местность"	"0"	"Всего"	"0"	"103"
"Число умерших(Человек)"	"2010 год"	"201012"	"ИРГИЗСКИЙ РАЙОН"	"0"	"сельская местность"	"0"	"Всего"	"0"	"109"
"Число умерших(Человек)"	"2015 год"	"201512"	"ИРГИЗСКИЙ РАЙОН"	"0"	"сельская местность"	"0"	"Всего"	"0"	"83"
"Число умерших(Человек)"	"2013 год"	"201312"	"ИРГИЗСКИЙ РАЙОН"	"0"	"сельская местность"	"0"	"Всего"	"0"	"94"
"Число умерших(Человек)"	"2014 год"	"201412"	"ИРГИЗСКИЙ РАЙОН"	"0"	"сельская местность"	"0"	"Всего"	"0"	"85"
"Число умерших(Человек)"	"2012 год"	"201212"	"ИРГИЗСКИЙ РАЙОН"	"0"	"сельская местность"	"0"	"Всего"	"0"	"83"
"Число умерших(Человек)"	"2021 год"	"202112"	"ИРГИЗСКИЙ РАЙОН"	"0"	"сельская местность"	"0"	"Всего"	"0"	"91"
"Число умерших(Человек)"	"2020 год"	"202012"	"ИРГИЗСКИЙ РАЙОН"	"0"	"сельская местность"	"0"	"Всего"	"0"	"95"
"Число умерших(Человек)"	"2019 год"	"201912"	"ИРГИЗСКИЙ РАЙОН"	"0"	"сельская местность"	"0"	"Всего"	"0"	"86"
"Число умерших(Человек)"	"2018 год"	"201812"	"ИРГИЗСКИЙ РАЙОН"	"0"	"сельская местность"	"0"	"Всего"	"0"	"97"
"Число умерших(Человек)"	"2022 год"	"202212"	"ИРГИЗСКИЙ РАЙОН"	"0"	"сельская местность"	"0"	"Всего"	"0"	"86"
"Число умерших(Человек)"	"2017 год"	"201712"	"ИРГИЗСКИЙ РАЙОН"	"0"	"сельская местность"	"0"	"Всего"	"0"	"88"
"Число умерших(Человек)"	"2023 год"	"202312"	"ИРГИЗСКИЙ РАЙОН"	"0"	"сельская местность"	"0"	"Всего"	"0"	"94"
"Число умерших(Человек)"	"2024 год"	"202412"	"ИРГИЗСКИЙ РАЙОН"	"0"	"сельская местность"	"0"	"Всего"	"0"	"91"
"Число умерших(Человек)"	"2009 год"	"200912"	"ТАЛДЫКОРГАН Г.А."	"0"	"Всего"	"0"	"Всего"	"0"	"1 377"
"Число умерших(Человек)"	"2011 год"	"201112"	"ТАЛДЫКОРГАН Г.А."	"0"	"Всего"	"0"	"Всего"	"0"	"1 341"
"Число умерших(Человек)"	"2016 год"	"201612"	"ТАЛДЫКОРГАН Г.А."	"0"	"Всего"	"0"	"Всего"	"0"	"1 397"
"Число умерших(Человек)"	"2010 год"	"201012"	"ТАЛДЫКОРГАН Г.А."	"0"	"Всего"	"0"	"Всего"	"0"	"1 399"
"Число умерших(Человек)"	"2015 год"	"201512"	"ТАЛДЫКОРГАН Г.А."	"0"	"Всего"	"0"	"Всего"	"0"	"1 406"
"Число умерших(Человек)"	"2013 год"	"201312"	"ТАЛДЫКОРГАН Г.А."	"0"	"Всего"	"0"	"Всего"	"0"	"1 338"
"Число умерших(Человек)"	"2014 год"	"201412"	"ТАЛДЫКОРГАН Г.А."	"0"	"Всего"	"0"	"Всего"	"0"	"1 299"
"Число умерших(Человек)"	"2012 год"	"201212"	"ТАЛДЫКОРГАН Г.А."	"0"	"Всего"	"0"	"Всего"	"0"	"1 466"
"Число умерших(Человек)"	"2021 год"	"202112"	"ТАЛДЫКОРГАН Г.А."	"0"	"Всего"	"0"	"Всего"	"0"	"1 788"
"Число умерших(Человек)"	"2020 год"	"202012"	"ТАЛДЫКОРГАН Г.А."	"0"	"Всего"	"0"	"Всего"	"0"	"1 617"
"Число умерших(Человек)"	"2019 год"	"201912"	"ТАЛДЫКОРГАН Г.А."	"0"	"Всего"	"0"	"Всего"	"0"	"1 280"
"Число умерших(Человек)"	"2018 год"	"201812"	"ТАЛДЫКОРГАН Г.А."	"0"	"Всего"	"0"	"Всего"	"0"	"1 223"
"Число умерших(Человек)"	"2022 год"	"202212"	"ТАЛДЫКОРГАН Г.А."	"0"	"Всего"	"0"	"Всего"	"0"	"1 392"
"Число умерших(Человек)"	"2017 год"	"201712"	"ТАЛДЫКОРГАН Г.А."	"0"	"Всего"	"0"	"Всего"	"0"	"1 306"
"Число умерших(Человек)"	"2023 год"	"202312"	"ТАЛДЫКОРГАН Г.А."	"0"	"Всего"	"0"	"Всего"	"0"	"1 412"
"Число умерших(Человек)"	"2024 год"	"202412"	"ТАЛДЫКОРГАН Г.А."	"0"	"Всего"	"0"	"Всего"	"0"	"1 355"
"Число умерших(Человек)"	"2009 год"	"200912"	"ТАЛДЫКОРГАН Г.А."	"0"	"городская местность"	"0"	"Всего"	"0"	"1 198"
"Число умерших(Человек)"	"2011 год"	"201112"	"ТАЛДЫКОРГАН Г.А."	"0"	"городская местность"	"0"	"Всего"	"0"	"1 165"
"Число умерших(Человек)"	"2016 год"	"201612"	"ТАЛДЫКОРГАН Г.А."	"0"	"городская местность"	"0"	"Всего"	"0"	"1 270"
"Число умерших(Человек)"	"2010 год"	"201012"	"ТАЛДЫКОРГАН Г.А."	"0"	"городская местность"	"0"	"Всего"	"0"	"1 202"
"Число умерших(Человек)"	"2015 год"	"201512"	"ТАЛДЫКОРГАН Г.А."	"0"	"городская местность"	"0"	"Всего"	"0"	"1 285"
"Число умерших(Человек)"	"2013 год"	"201312"	"ТАЛДЫКОРГАН Г.А."	"0"	"городская местность"	"0"	"Всего"	"0"	"1 169"
"Число умерших(Человек)"	"2014 год"	"201412"	"ТАЛДЫКОРГАН Г.А."	"0"	"городская местность"	"0"	"Всего"	"0"	"1 136"
"Число умерших(Человек)"	"2012 год"	"201212"	"ТАЛДЫКОРГАН Г.А."	"0"	"городская местность"	"0"	"Всего"	"0"	"1 295"
"Число умерших(Человек)"	"2021 год"	"202112"	"ТАЛДЫКОРГАН Г.А."	"0"	"городская местность"	"0"	"Всего"	"0"	"1 578"
"Число умерших(Человек)"	"2020 год"	"202012"	"ТАЛДЫКОРГАН Г.А."	"0"	"городская местность"	"0"	"Всего"	"0"	"1 434"
"Число умерших(Человек)"	"2019 год"	"201912"	"ТАЛДЫКОРГАН Г.А."	"0"	"городская местность"	"0"	"Всего"	"0"	"1 170"
"Число умерших(Человек)"	"2018 год"	"201812"	"ТАЛДЫКОРГАН Г.А."	"0"	"городская местность"	"0"	"Всего"	"0"	"1 128"
"Число умерших(Человек)"	"2022 год"	"202212"	"ТАЛДЫКОРГАН Г.А."	"0"	"городская местность"	"0"	"Всего"	"0"	"1 186"
"Число умерших(Человек)"	"2017 год"	"201712"	"ТАЛДЫКОРГАН Г.А."	"0"	"городская местность"	"0"	"Всего"	"0"	"1 182"
"Число умерших(Человек)"	"2023 год"	"202312"	"ТАЛДЫКОРГАН Г.А."	"0"	"городская местность"	"0"	"Всего"	"0"	"1 208"
"Число умерших(Человек)"	"2024 год"	"202412"	"ТАЛДЫКОРГАН Г.А."	"0"	"городская местность"	"0"	"Всего"	"0"	"1 153"
"Число умерших(Человек)"	"2009 год"	"200912"	"ТАЛДЫКОРГАН Г.А."	"0"	"сельская местность"	"0"	"Всего"	"0"	"179"
"Число умерших(Человек)"	"2011 год"	"201112"	"ТАЛДЫКОРГАН Г.А."	"0"	"сельская местность"	"0"	"Всего"	"0"	"176"
"Число умерших(Человек)"	"2016 год"	"201612"	"ТАЛДЫКОРГАН Г.А."	"0"	"сельская местность"	"0"	"Всего"	"0"	"127"
"Число умерших(Человек)"	"2010 год"	"201012"	"ТАЛДЫКОРГАН Г.А."	"0"	"сельская местность"	"0"	"Всего"	"0"	"197"
"Число умерших(Человек)"	"2015 год"	"201512"	"ТАЛДЫКОРГАН Г.А."	"0"	"сельская местность"	"0"	"Всего"	"0"	"121"
"Число умерших(Человек)"	"2013 год"	"201312"	"ТАЛДЫКОРГАН Г.А."	"0"	"сельская местность"	"0"	"Всего"	"0"	"169"
"Число умерших(Человек)"	"2014 год"	"201412"	"ТАЛДЫКОРГАН Г.А."	"0"	"сельская местность"	"0"	"Всего"	"0"	"163"
"Число умерших(Человек)"	"2012 год"	"201212"	"ТАЛДЫКОРГАН Г.А."	"0"	"сельская местность"	"0"	"Всего"	"0"	"171"
"Число умерших(Человек)"	"2021 год"	"202112"	"ТАЛДЫКОРГАН Г.А."	"0"	"сельская местность"	"0"	"Всего"	"0"	"210"
"Число умерших(Человек)"	"2020 год"	"202012"	"ТАЛДЫКОРГАН Г.А."	"0"	"сельская местность"	"0"	"Всего"	"0"	"183"
"Число умерших(Человек)"	"2019 год"	"201912"	"ТАЛДЫКОРГАН Г.А."	"0"	"сельская местность"	"0"	"Всего"	"0"	"110"
"Число умерших(Человек)"	"2018 год"	"201812"	"ТАЛДЫКОРГАН Г.А."	"0"	"сельская местность"	"0"	"Всего"	"0"	"95"
"Число умерших(Человек)"	"2022 год"	"202212"	"ТАЛДЫКОРГАН Г.А."	"0"	"сельская местность"	"0"	"Всего"	"0"	"206"
"Число умерших(Человек)"	"2017 год"	"201712"	"ТАЛДЫКОРГАН Г.А."	"0"	"сельская местность"	"0"	"Всего"	"0"	"124"
"Число умерших(Человек)"	"2023 год"	"202312"	"ТАЛДЫКОРГАН Г.А."	"0"	"сельская местность"	"0"	"Всего"	"0"	"204"
"Число умерших(Человек)"	"2024 год"	"202412"	"ТАЛДЫКОРГАН Г.А."	"0"	"сельская местность"	"0"	"Всего"	"0"	"202"
"Число умерших(Человек)"	"2009 год"	"200912"	"ҚОНАЕВ Г.А."	"0"	"Всего"	"0"	"Всего"	"0"	"539"
"Число умерших(Человек)"	"2011 год"	"201112"	"ҚОНАЕВ Г.А."	"0"	"Всего"	"0"	"Всего"	"0"	"546"
"Число умерших(Человек)"	"2016 год"	"201612"	"ҚОНАЕВ Г.А."	"0"	"Всего"	"0"	"Всего"	"0"	"480"
"Число умерших(Человек)"	"2010 год"	"201012"	"ҚОНАЕВ Г.А."	"0"	"Всего"	"0"	"Всего"	"0"	"539"
"Число умерших(Человек)"	"2015 год"	"201512"	"ҚОНАЕВ Г.А."	"0"	"Всего"	"0"	"Всего"	"0"	"541"
"Число умерших(Человек)"	"2013 год"	"201312"	"ҚОНАЕВ Г.А."	"0"	"Всего"	"0"	"Всего"	"0"	"561"
"Число умерших(Человек)"	"2014 год"	"201412"	"ҚОНАЕВ Г.А."	"0"	"Всего"	"0"	"Всего"	"0"	"522"
"Число умерших(Человек)"	"2012 год"	"201212"	"ҚОНАЕВ Г.А."	"0"	"Всего"	"0"	"Всего"	"0"	"598"
"Число умерших(Человек)"	"2021 год"	"202112"	"ҚОНАЕВ Г.А."	"0"	"Всего"	"0"	"Всего"	"0"	"775"
"Число умерших(Человек)"	"2020 год"	"202012"	"ҚОНАЕВ Г.А."	"0"	"Всего"	"0"	"Всего"	"0"	"642"
"Число умерших(Человек)"	"2019 год"	"201912"	"ҚОНАЕВ Г.А."	"0"	"Всего"	"0"	"Всего"	"0"	"477"
"Число умерших(Человек)"	"2018 год"	"201812"	"ҚОНАЕВ Г.А."	"0"	"Всего"	"0"	"Всего"	"0"	"510"
"Число умерших(Человек)"	"2022 год"	"202212"	"ҚОНАЕВ Г.А."	"0"	"Всего"	"0"	"Всего"	"0"	"603"
"Число умерших(Человек)"	"2017 год"	"201712"	"ҚОНАЕВ Г.А."	"0"	"Всего"	"0"	"Всего"	"0"	"520"
"Число умерших(Человек)"	"2023 год"	"202312"	"ҚОНАЕВ Г.А."	"0"	"Всего"	"0"	"Всего"	"0"	"549"
"Число умерших(Человек)"	"2024 год"	"202412"	"ҚОНАЕВ Г.А."	"0"	"Всего"	"0"	"Всего"	"0"	"499"
"Число умерших(Человек)"	"2009 год"	"200912"	"ҚОНАЕВ Г.А."	"0"	"городская местность"	"0"	"Всего"	"0"	"436"
"Число умерших(Человек)"	"2011 год"	"201112"	"ҚОНАЕВ Г.А."	"0"	"городская местность"	"0"	"Всего"	"0"	"444"
"Число умерших(Человек)"	"2016 год"	"201612"	"ҚОНАЕВ Г.А."	"0"	"городская местность"	"0"	"Всего"	"0"	"403"
"Число умерших(Человек)"	"2010 год"	"201012"	"ҚОНАЕВ Г.А."	"0"	"городская местность"	"0"	"Всего"	"0"	"453"
"Число умерших(Человек)"	"2015 год"	"201512"	"ҚОНАЕВ Г.А."	"0"	"городская местность"	"0"	"Всего"	"0"	"459"
"Число умерших(Человек)"	"2013 год"	"201312"	"ҚОНАЕВ Г.А."	"0"	"городская местность"	"0"	"Всего"	"0"	"475"
"Число умерших(Человек)"	"2014 год"	"201412"	"ҚОНАЕВ Г.А."	"0"	"городская местность"	"0"	"Всего"	"0"	"430"
"Число умерших(Человек)"	"2012 год"	"201212"	"ҚОНАЕВ Г.А."	"0"	"городская местность"	"0"	"Всего"	"0"	"492"
"Число умерших(Человек)"	"2021 год"	"202112"	"ҚОНАЕВ Г.А."	"0"	"городская местность"	"0"	"Всего"	"0"	"670"
"Число умерших(Человек)"	"2020 год"	"202012"	"ҚОНАЕВ Г.А."	"0"	"городская местность"	"0"	"Всего"	"0"	"551"
"Число умерших(Человек)"	"2019 год"	"201912"	"ҚОНАЕВ Г.А."	"0"	"городская местность"	"0"	"Всего"	"0"	"421"
"Число умерших(Человек)"	"2018 год"	"201812"	"ҚОНАЕВ Г.А."	"0"	"городская местность"	"0"	"Всего"	"0"	"430"
"Число умерших(Человек)"	"2022 год"	"202212"	"ҚОНАЕВ Г.А."	"0"	"городская местность"	"0"	"Всего"	"0"	"506"
"Число умерших(Человек)"	"2017 год"	"201712"	"ҚОНАЕВ Г.А."	"0"	"городская местность"	"0"	"Всего"	"0"	"428"
"Число умерших(Человек)"	"2023 год"	"202312"	"ҚОНАЕВ Г.А."	"0"	"городская местность"	"0"	"Всего"	"0"	"453"
"Число умерших(Человек)"	"2024 год"	"202412"	"ҚОНАЕВ Г.А."	"0"	"городская местность"	"0"	"Всего"	"0"	"456"
"Число умерших(Человек)"	"2009 год"	"200912"	"ҚОНАЕВ Г.А."	"0"	"сельская местность"	"0"	"Всего"	"0"	"103"
"Число умерших(Человек)"	"2011 год"	"201112"	"ҚОНАЕВ Г.А."	"0"	"сельская местность"	"0"	"Всего"	"0"	"102"
"Число умерших(Человек)"	"2016 год"	"201612"	"ҚОНАЕВ Г.А."	"0"	"сельская местность"	"0"	"Всего"	"0"	"77"
"Число умерших(Человек)"	"2010 год"	"201012"	"ҚОНАЕВ Г.А."	"0"	"сельская местность"	"0"	"Всего"	"0"	"86"
"Число умерших(Человек)"	"2015 год"	"201512"	"ҚОНАЕВ Г.А."	"0"	"сельская местность"	"0"	"Всего"	"0"	"82"
"Число умерших(Человек)"	"2013 год"	"201312"	"ҚОНАЕВ Г.А."	"0"	"сельская местность"	"0"	"Всего"	"0"	"86"
"Число умерших(Человек)"	"2014 год"	"201412"	"ҚОНАЕВ Г.А."	"0"	"сельская местность"	"0"	"Всего"	"0"	"92"
"Число умерших(Человек)"	"2012 год"	"201212"	"ҚОНАЕВ Г.А."	"0"	"сельская местность"	"0"	"Всего"	"0"	"106"
"Число умерших(Человек)"	"2021 год"	"202112"	"ҚОНАЕВ Г.А."	"0"	"сельская местность"	"0"	"Всего"	"0"	"105"
"Число умерших(Человек)"	"2020 год"	"202012"	"ҚОНАЕВ Г.А."	"0"	"сельская местность"	"0"	"Всего"	"0"	"91"
"Число умерших(Человек)"	"2019 год"	"201912"	"ҚОНАЕВ Г.А."	"0"	"сельская местность"	"0"	"Всего"	"0"	"56"
"Число умерших(Человек)"	"2018 год"	"201812"	"ҚОНАЕВ Г.А."	"0"	"сельская местность"	"0"	"Всего"	"0"	"80"
"Число умерших(Человек)"	"2022 год"	"202212"	"ҚОНАЕВ Г.А."	"0"	"сельская местность"	"0"	"Всего"	"0"	"97"
"Число умерших(Человек)"	"2017 год"	"201712"	"ҚОНАЕВ Г.А."	"0"	"сельская местность"	"0"	"Всего"	"0"	"92"
"Число умерших(Человек)"	"2023 год"	"202312"	"ҚОНАЕВ Г.А."	"0"	"сельская местность"	"0"	"Всего"	"0"	"96"
"Число умерших(Человек)"	"2024 год"	"202412"	"ҚОНАЕВ Г.А."	"0"	"сельская местность"	"0"	"Всего"	"0"	"43"
"Число умерших(Человек)"	"2009 год"	"200912"	"ТЕКЕЛИ Г.А."	"0"	"Всего"	"0"	"Всего"	"0"	"405"
"Число умерших(Человек)"	"2011 год"	"201112"	"ТЕКЕЛИ Г.А."	"0"	"Всего"	"0"	"Всего"	"0"	"432"
"Число умерших(Человек)"	"2016 год"	"201612"	"ТЕКЕЛИ Г.А."	"0"	"Всего"	"0"	"Всего"	"0"	"401"
"Число умерших(Человек)"	"2010 год"	"201012"	"ТЕКЕЛИ Г.А."	"0"	"Всего"	"0"	"Всего"	"0"	"431"
"Число умерших(Человек)"	"2015 год"	"201512"	"ТЕКЕЛИ Г.А."	"0"	"Всего"	"0"	"Всего"	"0"	"390"
"Число умерших(Человек)"	"2013 год"	"201312"	"ТЕКЕЛИ Г.А."	"0"	"Всего"	"0"	"Всего"	"0"	"404"
"Число умерших(Человек)"	"2014 год"	"201412"	"ТЕКЕЛИ Г.А."	"0"	"Всего"	"0"	"Всего"	"0"	"424"
"Число умерших(Человек)"	"2012 год"	"201212"	"ТЕКЕЛИ Г.А."	"0"	"Всего"	"0"	"Всего"	"0"	"403"
"Число умерших(Человек)"	"2021 год"	"202112"	"ТЕКЕЛИ Г.А."	"0"	"Всего"	"0"	"Всего"	"0"	"524"
"Число умерших(Человек)"	"2020 год"	"202012"	"ТЕКЕЛИ Г.А."	"0"	"Всего"	"0"	"Всего"	"0"	"420"
"Число умерших(Человек)"	"2019 год"	"201912"	"ТЕКЕЛИ Г.А."	"0"	"Всего"	"0"	"Всего"	"0"	"402"
"Число умерших(Человек)"	"2018 год"	"201812"	"ТЕКЕЛИ Г.А."	"0"	"Всего"	"0"	"Всего"	"0"	"321"
"Число умерших(Человек)"	"2022 год"	"202212"	"ТЕКЕЛИ Г.А."	"0"	"Всего"	"0"	"Всего"	"0"	"359"
"Число умерших(Человек)"	"2017 год"	"201712"	"ТЕКЕЛИ Г.А."	"0"	"Всего"	"0"	"Всего"	"0"	"385"
"Число умерших(Человек)"	"2023 год"	"202312"	"ТЕКЕЛИ Г.А."	"0"	"Всего"	"0"	"Всего"	"0"	"345"
"Число умерших(Человек)"	"2024 год"	"202412"	"ТЕКЕЛИ Г.А."	"0"	"Всего"	"0"	"Всего"	"0"	"351"
"Число умерших(Человек)"	"2009 год"	"200912"	"ТЕКЕЛИ Г.А."	"0"	"городская местность"	"0"	"Всего"	"0"	"405"
"Число умерших(Человек)"	"2011 год"	"201112"	"ТЕКЕЛИ Г.А."	"0"	"городская местность"	"0"	"Всего"	"0"	"432"
"Число умерших(Человек)"	"2016 год"	"201612"	"ТЕКЕЛИ Г.А."	"0"	"городская местность"	"0"	"Всего"	"0"	"387"
"Число умерших(Человек)"	"2010 год"	"201012"	"ТЕКЕЛИ Г.А."	"0"	"городская местность"	"0"	"Всего"	"0"	"431"
"Число умерших(Человек)"	"2015 год"	"201512"	"ТЕКЕЛИ Г.А."	"0"	"городская местность"	"0"	"Всего"	"0"	"373"
"Число умерших(Человек)"	"2013 год"	"201312"	"ТЕКЕЛИ Г.А."	"0"	"городская местность"	"0"	"Всего"	"0"	"402"
"Число умерших(Человек)"	"2014 год"	"201412"	"ТЕКЕЛИ Г.А."	"0"	"городская местность"	"0"	"Всего"	"0"	"413"
"Число умерших(Человек)"	"2012 год"	"201212"	"ТЕКЕЛИ Г.А."	"0"	"городская местность"	"0"	"Всего"	"0"	"403"
"Число умерших(Человек)"	"2021 год"	"202112"	"ТЕКЕЛИ Г.А."	"0"	"городская местность"	"0"	"Всего"	"0"	"510"
"Число умерших(Человек)"	"2020 год"	"202012"	"ТЕКЕЛИ Г.А."	"0"	"городская местность"	"0"	"Всего"	"0"	"406"
"Число умерших(Человек)"	"2019 год"	"201912"	"ТЕКЕЛИ Г.А."	"0"	"городская местность"	"0"	"Всего"	"0"	"387"
"Число умерших(Человек)"	"2018 год"	"201812"	"ТЕКЕЛИ Г.А."	"0"	"городская местность"	"0"	"Всего"	"0"	"310"
"Число умерших(Человек)"	"2022 год"	"202212"	"ТЕКЕЛИ Г.А."	"0"	"городская местность"	"0"	"Всего"	"0"	"339"
"Число умерших(Человек)"	"2017 год"	"201712"	"ТЕКЕЛИ Г.А."	"0"	"городская местность"	"0"	"Всего"	"0"	"371"
"Число умерших(Человек)"	"2023 год"	"202312"	"ТЕКЕЛИ Г.А."	"0"	"городская местность"	"0"	"Всего"	"0"	"329"
"Число умерших(Человек)"	"2024 год"	"202412"	"ТЕКЕЛИ Г.А."	"0"	"городская местность"	"0"	"Всего"	"0"	"339"
"Число умерших(Человек)"	"2009 год"	"200912"	"АКСУСКИЙ РАЙОН"	"0"	"Всего"	"0"	"Всего"	"0"	"321"
"Число умерших(Человек)"	"2011 год"	"201112"	"АКСУСКИЙ РАЙОН"	"0"	"Всего"	"0"	"Всего"	"0"	"302"
"Число умерших(Человек)"	"2016 год"	"201612"	"АКСУСКИЙ РАЙОН"	"0"	"Всего"	"0"	"Всего"	"0"	"303"
"Число умерших(Человек)"	"2010 год"	"201012"	"АКСУСКИЙ РАЙОН"	"0"	"Всего"	"0"	"Всего"	"0"	"363"
"Число умерших(Человек)"	"2015 год"	"201512"	"АКСУСКИЙ РАЙОН"	"0"	"Всего"	"0"	"Всего"	"0"	"298"
"Число умерших(Человек)"	"2013 год"	"201312"	"АКСУСКИЙ РАЙОН"	"0"	"Всего"	"0"	"Всего"	"0"	"302"
"Число умерших(Человек)"	"2014 год"	"201412"	"АКСУСКИЙ РАЙОН"	"0"	"Всего"	"0"	"Всего"	"0"	"310"
"Число умерших(Человек)"	"2012 год"	"201212"	"АКСУСКИЙ РАЙОН"	"0"	"Всего"	"0"	"Всего"	"0"	"328"
"Число умерших(Человек)"	"2021 год"	"202112"	"АКСУСКИЙ РАЙОН"	"0"	"Всего"	"0"	"Всего"	"0"	"344"
"Число умерших(Человек)"	"2020 год"	"202012"	"АКСУСКИЙ РАЙОН"	"0"	"Всего"	"0"	"Всего"	"0"	"328"
"Число умерших(Человек)"	"2019 год"	"201912"	"АКСУСКИЙ РАЙОН"	"0"	"Всего"	"0"	"Всего"	"0"	"262"
"Число умерших(Человек)"	"2018 год"	"201812"	"АКСУСКИЙ РАЙОН"	"0"	"Всего"	"0"	"Всего"	"0"	"281"
"Число умерших(Человек)"	"2022 год"	"202212"	"АКСУСКИЙ РАЙОН"	"0"	"Всего"	"0"	"Всего"	"0"	"253"
"Число умерших(Человек)"	"2017 год"	"201712"	"АКСУСКИЙ РАЙОН"	"0"	"Всего"	"0"	"Всего"	"0"	"262"
"Число умерших(Человек)"	"2023 год"	"202312"	"АКСУСКИЙ РАЙОН"	"0"	"Всего"	"0"	"Всего"	"0"	"263"
"Число умерших(Человек)"	"2024 год"	"202412"	"АКСУСКИЙ РАЙОН"	"0"	"Всего"	"0"	"Всего"	"0"	"258"
"Число умерших(Человек)"	"2009 год"	"200912"	"АКСУСКИЙ РАЙОН"	"0"	"сельская местность"	"0"	"Всего"	"0"	"321"
"Число умерших(Человек)"	"2011 год"	"201112"	"АКСУСКИЙ РАЙОН"	"0"	"сельская местность"	"0"	"Всего"	"0"	"302"
"Число умерших(Человек)"	"2016 год"	"201612"	"АКСУСКИЙ РАЙОН"	"0"	"сельская местность"	"0"	"Всего"	"0"	"303"
"Число умерших(Человек)"	"2010 год"	"201012"	"АКСУСКИЙ РАЙОН"	"0"	"сельская местность"	"0"	"Всего"	"0"	"363"
"Число умерших(Человек)"	"2015 год"	"201512"	"АКСУСКИЙ РАЙОН"	"0"	"сельская местность"	"0"	"Всего"	"0"	"298"
"Число умерших(Человек)"	"2013 год"	"201312"	"АКСУСКИЙ РАЙОН"	"0"	"сельская местность"	"0"	"Всего"	"0"	"302"
"Число умерших(Человек)"	"2014 год"	"201412"	"АКСУСКИЙ РАЙОН"	"0"	"сельская местность"	"0"	"Всего"	"0"	"310"
"Число умерших(Человек)"	"2012 год"	"201212"	"АКСУСКИЙ РАЙОН"	"0"	"сельская местность"	"0"	"Всего"	"0"	"328"
"Число умерших(Человек)"	"2021 год"	"202112"	"АКСУСКИЙ РАЙОН"	"0"	"сельская местность"	"0"	"Всего"	"0"	"344"
"Число умерших(Человек)"	"2020 год"	"202012"	"АКСУСКИЙ РАЙОН"	"0"	"сельская местность"	"0"	"Всего"	"0"	"328"
"Число умерших(Человек)"	"2019 год"	"201912"	"АКСУСКИЙ РАЙОН"	"0"	"сельская местность"	"0"	"Всего"	"0"	"262"
"Число умерших(Человек)"	"2018 год"	"201812"	"АКСУСКИЙ РАЙОН"	"0"	"сельская местность"	"0"	"Всего"	"0"	"281"
"Число умерших(Человек)"	"2022 год"	"202212"	"АКСУСКИЙ РАЙОН"	"0"	"сельская местность"	"0"	"Всего"	"0"	"253"
"Число умерших(Человек)"	"2017 год"	"201712"	"АКСУСКИЙ РАЙОН"	"0"	"сельская местность"	"0"	"Всего"	"0"	"262"
"Число умерших(Человек)"	"2023 год"	"202312"	"АКСУСКИЙ РАЙОН"	"0"	"сельская местность"	"0"	"Всего"	"0"	"263"
"Число умерших(Человек)"	"2024 год"	"202412"	"АКСУСКИЙ РАЙОН"	"0"	"сельская местность"	"0"	"Всего"	"0"	"258"
"Число умерших(Человек)"	"2009 год"	"200912"	"АЛАКОЛЬСКИЙ РАЙОН"	"0"	"Всего"	"0"	"Всего"	"0"	"623"
"Число умерших(Человек)"	"2011 год"	"201112"	"АЛАКОЛЬСКИЙ РАЙОН"	"0"	"Всего"	"0"	"Всего"	"0"	"653"
"Число умерших(Человек)"	"2016 год"	"201612"	"АЛАКОЛЬСКИЙ РАЙОН"	"0"	"Всего"	"0"	"Всего"	"0"	"537"
"Число умерших(Человек)"	"2010 год"	"201012"	"АЛАКОЛЬСКИЙ РАЙОН"	"0"	"Всего"	"0"	"Всего"	"0"	"643"
"Число умерших(Человек)"	"2015 год"	"201512"	"АЛАКОЛЬСКИЙ РАЙОН"	"0"	"Всего"	"0"	"Всего"	"0"	"520"
"Число умерших(Человек)"	"2013 год"	"201312"	"АЛАКОЛЬСКИЙ РАЙОН"	"0"	"Всего"	"0"	"Всего"	"0"	"601"
"Число умерших(Человек)"	"2014 год"	"201412"	"АЛАКОЛЬСКИЙ РАЙОН"	"0"	"Всего"	"0"	"Всего"	"0"	"545"
"Число умерших(Человек)"	"2012 год"	"201212"	"АЛАКОЛЬСКИЙ РАЙОН"	"0"	"Всего"	"0"	"Всего"	"0"	"590"
"Число умерших(Человек)"	"2021 год"	"202112"	"АЛАКОЛЬСКИЙ РАЙОН"	"0"	"Всего"	"0"	"Всего"	"0"	"747"
"Число умерших(Человек)"	"2020 год"	"202012"	"АЛАКОЛЬСКИЙ РАЙОН"	"0"	"Всего"	"0"	"Всего"	"0"	"635"
"Число умерших(Человек)"	"2019 год"	"201912"	"АЛАКОЛЬСКИЙ РАЙОН"	"0"	"Всего"	"0"	"Всего"	"0"	"549"
"Число умерших(Человек)"	"2018 год"	"201812"	"АЛАКОЛЬСКИЙ РАЙОН"	"0"	"Всего"	"0"	"Всего"	"0"	"514"
"Число умерших(Человек)"	"2022 год"	"202212"	"АЛАКОЛЬСКИЙ РАЙОН"	"0"	"Всего"	"0"	"Всего"	"0"	"494"
"Число умерших(Человек)"	"2017 год"	"201712"	"АЛАКОЛЬСКИЙ РАЙОН"	"0"	"Всего"	"0"	"Всего"	"0"	"585"
"Число умерших(Человек)"	"2023 год"	"202312"	"АЛАКОЛЬСКИЙ РАЙОН"	"0"	"Всего"	"0"	"Всего"	"0"	"450"
"Число умерших(Человек)"	"2024 год"	"202412"	"АЛАКОЛЬСКИЙ РАЙОН"	"0"	"Всего"	"0"	"Всего"	"0"	"524"
"Число умерших(Человек)"	"2009 год"	"200912"	"АЛАКОЛЬСКИЙ РАЙОН"	"0"	"городская местность"	"0"	"Всего"	"0"	"151"
"Число умерших(Человек)"	"2011 год"	"201112"	"АЛАКОЛЬСКИЙ РАЙОН"	"0"	"городская местность"	"0"	"Всего"	"0"	"179"
"Число умерших(Человек)"	"2016 год"	"201612"	"АЛАКОЛЬСКИЙ РАЙОН"	"0"	"городская местность"	"0"	"Всего"	"0"	"145"
"Число умерших(Человек)"	"2010 год"	"201012"	"АЛАКОЛЬСКИЙ РАЙОН"	"0"	"городская местность"	"0"	"Всего"	"0"	"142"
"Число умерших(Человек)"	"2015 год"	"201512"	"АЛАКОЛЬСКИЙ РАЙОН"	"0"	"городская местность"	"0"	"Всего"	"0"	"127"
"Число умерших(Человек)"	"2013 год"	"201312"	"АЛАКОЛЬСКИЙ РАЙОН"	"0"	"городская местность"	"0"	"Всего"	"0"	"152"
"Число умерших(Человек)"	"2014 год"	"201412"	"АЛАКОЛЬСКИЙ РАЙОН"	"0"	"городская местность"	"0"	"Всего"	"0"	"126"
"Число умерших(Человек)"	"2012 год"	"201212"	"АЛАКОЛЬСКИЙ РАЙОН"	"0"	"городская местность"	"0"	"Всего"	"0"	"147"
"Число умерших(Человек)"	"2021 год"	"202112"	"АЛАКОЛЬСКИЙ РАЙОН"	"0"	"городская местность"	"0"	"Всего"	"0"	"186"
"Число умерших(Человек)"	"2020 год"	"202012"	"АЛАКОЛЬСКИЙ РАЙОН"	"0"	"городская местность"	"0"	"Всего"	"0"	"177"
"Число умерших(Человек)"	"2019 год"	"201912"	"АЛАКОЛЬСКИЙ РАЙОН"	"0"	"городская местность"	"0"	"Всего"	"0"	"153"
"Число умерших(Человек)"	"2018 год"	"201812"	"АЛАКОЛЬСКИЙ РАЙОН"	"0"	"городская местность"	"0"	"Всего"	"0"	"137"
"Число умерших(Человек)"	"2022 год"	"202212"	"АЛАКОЛЬСКИЙ РАЙОН"	"0"	"городская местность"	"0"	"Всего"	"0"	"159"
"Число умерших(Человек)"	"2017 год"	"201712"	"АЛАКОЛЬСКИЙ РАЙОН"	"0"	"городская местность"	"0"	"Всего"	"0"	"133"
"Число умерших(Человек)"	"2023 год"	"202312"	"АЛАКОЛЬСКИЙ РАЙОН"	"0"	"городская местность"	"0"	"Всего"	"0"	"129"
"Число умерших(Человек)"	"2024 год"	"202412"	"АЛАКОЛЬСКИЙ РАЙОН"	"0"	"городская местность"	"0"	"Всего"	"0"	"148"
"Число умерших(Человек)"	"2009 год"	"200912"	"АЛАКОЛЬСКИЙ РАЙОН"	"0"	"сельская местность"	"0"	"Всего"	"0"	"472"
"Число умерших(Человек)"	"2011 год"	"201112"	"АЛАКОЛЬСКИЙ РАЙОН"	"0"	"сельская местность"	"0"	"Всего"	"0"	"474"
"Число умерших(Человек)"	"2016 год"	"201612"	"АЛАКОЛЬСКИЙ РАЙОН"	"0"	"сельская местность"	"0"	"Всего"	"0"	"392"
"Число умерших(Человек)"	"2010 год"	"201012"	"АЛАКОЛЬСКИЙ РАЙОН"	"0"	"сельская местность"	"0"	"Всего"	"0"	"501"
"Число умерших(Человек)"	"2015 год"	"201512"	"АЛАКОЛЬСКИЙ РАЙОН"	"0"	"сельская местность"	"0"	"Всего"	"0"	"393"
"Число умерших(Человек)"	"2013 год"	"201312"	"АЛАКОЛЬСКИЙ РАЙОН"	"0"	"сельская местность"	"0"	"Всего"	"0"	"449"
"Число умерших(Человек)"	"2014 год"	"201412"	"АЛАКОЛЬСКИЙ РАЙОН"	"0"	"сельская местность"	"0"	"Всего"	"0"	"419"
"Число умерших(Человек)"	"2012 год"	"201212"	"АЛАКОЛЬСКИЙ РАЙОН"	"0"	"сельская местность"	"0"	"Всего"	"0"	"443"
"Число умерших(Человек)"	"2021 год"	"202112"	"АЛАКОЛЬСКИЙ РАЙОН"	"0"	"сельская местность"	"0"	"Всего"	"0"	"561"
"Число умерших(Человек)"	"2020 год"	"202012"	"АЛАКОЛЬСКИЙ РАЙОН"	"0"	"сельская местность"	"0"	"Всего"	"0"	"458"
"Число умерших(Человек)"	"2019 год"	"201912"	"АЛАКОЛЬСКИЙ РАЙОН"	"0"	"сельская местность"	"0"	"Всего"	"0"	"396"
"Число умерших(Человек)"	"2018 год"	"201812"	"АЛАКОЛЬСКИЙ РАЙОН"	"0"	"сельская местность"	"0"	"Всего"	"0"	"377"
"Число умерших(Человек)"	"2022 год"	"202212"	"АЛАКОЛЬСКИЙ РАЙОН"	"0"	"сельская местность"	"0"	"Всего"	"0"	"335"
"Число умерших(Человек)"	"2017 год"	"201712"	"АЛАКОЛЬСКИЙ РАЙОН"	"0"	"сельская местность"	"0"	"Всего"	"0"	"452"
"Число умерших(Человек)"	"2023 год"	"202312"	"АЛАКОЛЬСКИЙ РАЙОН"	"0"	"сельская местность"	"0"	"Всего"	"0"	"321"
"Число умерших(Человек)"	"2024 год"	"202412"	"АЛАКОЛЬСКИЙ РАЙОН"	"0"	"сельская местность"	"0"	"Всего"	"0"	"376"
"Число умерших(Человек)"	"2009 год"	"200912"	"БАЛХАШСКИЙ РАЙОН"	"0"	"Всего"	"0"	"Всего"	"0"	"229"
"Число умерших(Человек)"	"2011 год"	"201112"	"БАЛХАШСКИЙ РАЙОН"	"0"	"Всего"	"0"	"Всего"	"0"	"259"
"Число умерших(Человек)"	"2016 год"	"201612"	"БАЛХАШСКИЙ РАЙОН"	"0"	"Всего"	"0"	"Всего"	"0"	"221"
"Число умерших(Человек)"	"2010 год"	"201012"	"БАЛХАШСКИЙ РАЙОН"	"0"	"Всего"	"0"	"Всего"	"0"	"233"
"Число умерших(Человек)"	"2015 год"	"201512"	"БАЛХАШСКИЙ РАЙОН"	"0"	"Всего"	"0"	"Всего"	"0"	"214"
"Число умерших(Человек)"	"2013 год"	"201312"	"БАЛХАШСКИЙ РАЙОН"	"0"	"Всего"	"0"	"Всего"	"0"	"247"
"Число умерших(Человек)"	"2014 год"	"201412"	"БАЛХАШСКИЙ РАЙОН"	"0"	"Всего"	"0"	"Всего"	"0"	"213"
"Число умерших(Человек)"	"2012 год"	"201212"	"БАЛХАШСКИЙ РАЙОН"	"0"	"Всего"	"0"	"Всего"	"0"	"234"
"Число умерших(Человек)"	"2021 год"	"202112"	"БАЛХАШСКИЙ РАЙОН"	"0"	"Всего"	"0"	"Всего"	"0"	"296"
"Число умерших(Человек)"	"2020 год"	"202012"	"БАЛХАШСКИЙ РАЙОН"	"0"	"Всего"	"0"	"Всего"	"0"	"230"
"Число умерших(Человек)"	"2019 год"	"201912"	"БАЛХАШСКИЙ РАЙОН"	"0"	"Всего"	"0"	"Всего"	"0"	"210"
"Число умерших(Человек)"	"2018 год"	"201812"	"БАЛХАШСКИЙ РАЙОН"	"0"	"Всего"	"0"	"Всего"	"0"	"201"
"Число умерших(Человек)"	"2022 год"	"202212"	"БАЛХАШСКИЙ РАЙОН"	"0"	"Всего"	"0"	"Всего"	"0"	"203"
"Число умерших(Человек)"	"2017 год"	"201712"	"БАЛХАШСКИЙ РАЙОН"	"0"	"Всего"	"0"	"Всего"	"0"	"212"
"Число умерших(Человек)"	"2023 год"	"202312"	"БАЛХАШСКИЙ РАЙОН"	"0"	"Всего"	"0"	"Всего"	"0"	"204"
"Число умерших(Человек)"	"2024 год"	"202412"	"БАЛХАШСКИЙ РАЙОН"	"0"	"Всего"	"0"	"Всего"	"0"	"203"
"Число умерших(Человек)"	"2009 год"	"200912"	"БАЛХАШСКИЙ РАЙОН"	"0"	"сельская местность"	"0"	"Всего"	"0"	"229"
"Число умерших(Человек)"	"2011 год"	"201112"	"БАЛХАШСКИЙ РАЙОН"	"0"	"сельская местность"	"0"	"Всего"	"0"	"259"
"Число умерших(Человек)"	"2016 год"	"201612"	"БАЛХАШСКИЙ РАЙОН"	"0"	"сельская местность"	"0"	"Всего"	"0"	"221"
"Число умерших(Человек)"	"2010 год"	"201012"	"БАЛХАШСКИЙ РАЙОН"	"0"	"сельская местность"	"0"	"Всего"	"0"	"233"
"Число умерших(Человек)"	"2015 год"	"201512"	"БАЛХАШСКИЙ РАЙОН"	"0"	"сельская местность"	"0"	"Всего"	"0"	"214"
"Число умерших(Человек)"	"2013 год"	"201312"	"БАЛХАШСКИЙ РАЙОН"	"0"	"сельская местность"	"0"	"Всего"	"0"	"247"
"Число умерших(Человек)"	"2014 год"	"201412"	"БАЛХАШСКИЙ РАЙОН"	"0"	"сельская местность"	"0"	"Всего"	"0"	"213"
"Число умерших(Человек)"	"2012 год"	"201212"	"БАЛХАШСКИЙ РАЙОН"	"0"	"сельская местность"	"0"	"Всего"	"0"	"234"
"Число умерших(Человек)"	"2021 год"	"202112"	"БАЛХАШСКИЙ РАЙОН"	"0"	"сельская местность"	"0"	"Всего"	"0"	"296"
"Число умерших(Человек)"	"2020 год"	"202012"	"БАЛХАШСКИЙ РАЙОН"	"0"	"сельская местность"	"0"	"Всего"	"0"	"230"
"Число умерших(Человек)"	"2019 год"	"201912"	"БАЛХАШСКИЙ РАЙОН"	"0"	"сельская местность"	"0"	"Всего"	"0"	"210"
"Число умерших(Человек)"	"2018 год"	"201812"	"БАЛХАШСКИЙ РАЙОН"	"0"	"сельская местность"	"0"	"Всего"	"0"	"201"
"Число умерших(Человек)"	"2022 год"	"202212"	"БАЛХАШСКИЙ РАЙОН"	"0"	"сельская местность"	"0"	"Всего"	"0"	"203"
"Число умерших(Человек)"	"2017 год"	"201712"	"БАЛХАШСКИЙ РАЙОН"	"0"	"сельская местность"	"0"	"Всего"	"0"	"212"
"Число умерших(Человек)"	"2023 год"	"202312"	"БАЛХАШСКИЙ РАЙОН"	"0"	"сельская местность"	"0"	"Всего"	"0"	"204"
"Число умерших(Человек)"	"2024 год"	"202412"	"БАЛХАШСКИЙ РАЙОН"	"0"	"сельская местность"	"0"	"Всего"	"0"	"203"
"Число умерших(Человек)"	"2009 год"	"200912"	"ЕНБЕКШИКАЗАХСКИЙ РАЙОН"	"0"	"Всего"	"0"	"Всего"	"0"	"1 847"
"Число умерших(Человек)"	"2011 год"	"201112"	"ЕНБЕКШИКАЗАХСКИЙ РАЙОН"	"0"	"Всего"	"0"	"Всего"	"0"	"1 885"
"Число умерших(Человек)"	"2016 год"	"201612"	"ЕНБЕКШИКАЗАХСКИЙ РАЙОН"	"0"	"Всего"	"0"	"Всего"	"0"	"1 732"
"Число умерших(Человек)"	"2010 год"	"201012"	"ЕНБЕКШИКАЗАХСКИЙ РАЙОН"	"0"	"Всего"	"0"	"Всего"	"0"	"1 906"
"Число умерших(Человек)"	"2015 год"	"201512"	"ЕНБЕКШИКАЗАХСКИЙ РАЙОН"	"0"	"Всего"	"0"	"Всего"	"0"	"1 794"
"Число умерших(Человек)"	"2013 год"	"201312"	"ЕНБЕКШИКАЗАХСКИЙ РАЙОН"	"0"	"Всего"	"0"	"Всего"	"0"	"1 882"
"Число умерших(Человек)"	"2014 год"	"201412"	"ЕНБЕКШИКАЗАХСКИЙ РАЙОН"	"0"	"Всего"	"0"	"Всего"	"0"	"1 782"
"Число умерших(Человек)"	"2012 год"	"201212"	"ЕНБЕКШИКАЗАХСКИЙ РАЙОН"	"0"	"Всего"	"0"	"Всего"	"0"	"1 938"
"Число умерших(Человек)"	"2021 год"	"202112"	"ЕНБЕКШИКАЗАХСКИЙ РАЙОН"	"0"	"Всего"	"0"	"Всего"	"0"	"2 529"
"Число умерших(Человек)"	"2020 год"	"202012"	"ЕНБЕКШИКАЗАХСКИЙ РАЙОН"	"0"	"Всего"	"0"	"Всего"	"0"	"2 226"
"Число умерших(Человек)"	"2019 год"	"201912"	"ЕНБЕКШИКАЗАХСКИЙ РАЙОН"	"0"	"Всего"	"0"	"Всего"	"0"	"1 865"
"Число умерших(Человек)"	"2018 год"	"201812"	"ЕНБЕКШИКАЗАХСКИЙ РАЙОН"	"0"	"Всего"	"0"	"Всего"	"0"	"1 835"
"Число умерших(Человек)"	"2022 год"	"202212"	"ЕНБЕКШИКАЗАХСКИЙ РАЙОН"	"0"	"Всего"	"0"	"Всего"	"0"	"1 963"
"Число умерших(Человек)"	"2017 год"	"201712"	"ЕНБЕКШИКАЗАХСКИЙ РАЙОН"	"0"	"Всего"	"0"	"Всего"	"0"	"1 765"
"Число умерших(Человек)"	"2023 год"	"202312"	"ЕНБЕКШИКАЗАХСКИЙ РАЙОН"	"0"	"Всего"	"0"	"Всего"	"0"	"1 934"
"Число умерших(Человек)"	"2024 год"	"202412"	"ЕНБЕКШИКАЗАХСКИЙ РАЙОН"	"0"	"Всего"	"0"	"Всего"	"0"	"1 903"
"Число умерших(Человек)"	"2009 год"	"200912"	"ЕНБЕКШИКАЗАХСКИЙ РАЙОН"	"0"	"городская местность"	"0"	"Всего"	"0"	"325"
"Число умерших(Человек)"	"2011 год"	"201112"	"ЕНБЕКШИКАЗАХСКИЙ РАЙОН"	"0"	"городская местность"	"0"	"Всего"	"0"	"328"
"Число умерших(Человек)"	"2016 год"	"201612"	"ЕНБЕКШИКАЗАХСКИЙ РАЙОН"	"0"	"городская местность"	"0"	"Всего"	"0"	"318"
"Число умерших(Человек)"	"2010 год"	"201012"	"ЕНБЕКШИКАЗАХСКИЙ РАЙОН"	"0"	"городская местность"	"0"	"Всего"	"0"	"303"
"Число умерших(Человек)"	"2015 год"	"201512"	"ЕНБЕКШИКАЗАХСКИЙ РАЙОН"	"0"	"городская местность"	"0"	"Всего"	"0"	"324"
"Число умерших(Человек)"	"2013 год"	"201312"	"ЕНБЕКШИКАЗАХСКИЙ РАЙОН"	"0"	"городская местность"	"0"	"Всего"	"0"	"309"
"Число умерших(Человек)"	"2014 год"	"201412"	"ЕНБЕКШИКАЗАХСКИЙ РАЙОН"	"0"	"городская местность"	"0"	"Всего"	"0"	"305"
"Число умерших(Человек)"	"2012 год"	"201212"	"ЕНБЕКШИКАЗАХСКИЙ РАЙОН"	"0"	"городская местность"	"0"	"Всего"	"0"	"313"
"Число умерших(Человек)"	"2021 год"	"202112"	"ЕНБЕКШИКАЗАХСКИЙ РАЙОН"	"0"	"городская местность"	"0"	"Всего"	"0"	"425"
"Число умерших(Человек)"	"2020 год"	"202012"	"ЕНБЕКШИКАЗАХСКИЙ РАЙОН"	"0"	"городская местность"	"0"	"Всего"	"0"	"391"
"Число умерших(Человек)"	"2019 год"	"201912"	"ЕНБЕКШИКАЗАХСКИЙ РАЙОН"	"0"	"городская местность"	"0"	"Всего"	"0"	"293"
"Число умерших(Человек)"	"2018 год"	"201812"	"ЕНБЕКШИКАЗАХСКИЙ РАЙОН"	"0"	"городская местность"	"0"	"Всего"	"0"	"314"
"Число умерших(Человек)"	"2022 год"	"202212"	"ЕНБЕКШИКАЗАХСКИЙ РАЙОН"	"0"	"городская местность"	"0"	"Всего"	"0"	"378"
"Число умерших(Человек)"	"2017 год"	"201712"	"ЕНБЕКШИКАЗАХСКИЙ РАЙОН"	"0"	"городская местность"	"0"	"Всего"	"0"	"293"
"Число умерших(Человек)"	"2023 год"	"202312"	"ЕНБЕКШИКАЗАХСКИЙ РАЙОН"	"0"	"городская местность"	"0"	"Всего"	"0"	"304"
"Число умерших(Человек)"	"2024 год"	"202412"	"ЕНБЕКШИКАЗАХСКИЙ РАЙОН"	"0"	"городская местность"	"0"	"Всего"	"0"	"297"
"Число умерших(Человек)"	"2009 год"	"200912"	"ЕНБЕКШИКАЗАХСКИЙ РАЙОН"	"0"	"сельская местность"	"0"	"Всего"	"0"	"1 522"
"Число умерших(Человек)"	"2011 год"	"201112"	"ЕНБЕКШИКАЗАХСКИЙ РАЙОН"	"0"	"сельская местность"	"0"	"Всего"	"0"	"1 557"
"Число умерших(Человек)"	"2016 год"	"201612"	"ЕНБЕКШИКАЗАХСКИЙ РАЙОН"	"0"	"сельская местность"	"0"	"Всего"	"0"	"1 414"
"Число умерших(Человек)"	"2010 год"	"201012"	"ЕНБЕКШИКАЗАХСКИЙ РАЙОН"	"0"	"сельская местность"	"0"	"Всего"	"0"	"1 603"
"Число умерших(Человек)"	"2015 год"	"201512"	"ЕНБЕКШИКАЗАХСКИЙ РАЙОН"	"0"	"сельская местность"	"0"	"Всего"	"0"	"1 470"
"Число умерших(Человек)"	"2013 год"	"201312"	"ЕНБЕКШИКАЗАХСКИЙ РАЙОН"	"0"	"сельская местность"	"0"	"Всего"	"0"	"1 573"
"Число умерших(Человек)"	"2014 год"	"201412"	"ЕНБЕКШИКАЗАХСКИЙ РАЙОН"	"0"	"сельская местность"	"0"	"Всего"	"0"	"1 477"
"Число умерших(Человек)"	"2012 год"	"201212"	"ЕНБЕКШИКАЗАХСКИЙ РАЙОН"	"0"	"сельская местность"	"0"	"Всего"	"0"	"1 625"
"Число умерших(Человек)"	"2021 год"	"202112"	"ЕНБЕКШИКАЗАХСКИЙ РАЙОН"	"0"	"сельская местность"	"0"	"Всего"	"0"	"2 104"
"Число умерших(Человек)"	"2020 год"	"202012"	"ЕНБЕКШИКАЗАХСКИЙ РАЙОН"	"0"	"сельская местность"	"0"	"Всего"	"0"	"1 835"
"Число умерших(Человек)"	"2019 год"	"201912"	"ЕНБЕКШИКАЗАХСКИЙ РАЙОН"	"0"	"сельская местность"	"0"	"Всего"	"0"	"1 572"
"Число умерших(Человек)"	"2018 год"	"201812"	"ЕНБЕКШИКАЗАХСКИЙ РАЙОН"	"0"	"сельская местность"	"0"	"Всего"	"0"	"1 521"
"Число умерших(Человек)"	"2022 год"	"202212"	"ЕНБЕКШИКАЗАХСКИЙ РАЙОН"	"0"	"сельская местность"	"0"	"Всего"	"0"	"1 585"
"Число умерших(Человек)"	"2017 год"	"201712"	"ЕНБЕКШИКАЗАХСКИЙ РАЙОН"	"0"	"сельская местность"	"0"	"Всего"	"0"	"1 472"
"Число умерших(Человек)"	"2023 год"	"202312"	"ЕНБЕКШИКАЗАХСКИЙ РАЙОН"	"0"	"сельская местность"	"0"	"Всего"	"0"	"1 630"
"Число умерших(Человек)"	"2024 год"	"202412"	"ЕНБЕКШИКАЗАХСКИЙ РАЙОН"	"0"	"сельская местность"	"0"	"Всего"	"0"	"1 606"
"Число умерших(Человек)"	"2009 год"	"200912"	"ЖАМБЫЛСКИЙ РАЙОН"	"0"	"Всего"	"0"	"Всего"	"0"	"910"
"Число умерших(Человек)"	"2011 год"	"201112"	"ЖАМБЫЛСКИЙ РАЙОН"	"0"	"Всего"	"0"	"Всего"	"0"	"912"
"Число умерших(Человек)"	"2016 год"	"201612"	"ЖАМБЫЛСКИЙ РАЙОН"	"0"	"Всего"	"0"	"Всего"	"0"	"945"
"Число умерших(Человек)"	"2010 год"	"201012"	"ЖАМБЫЛСКИЙ РАЙОН"	"0"	"Всего"	"0"	"Всего"	"0"	"936"
"Число умерших(Человек)"	"2015 год"	"201512"	"ЖАМБЫЛСКИЙ РАЙОН"	"0"	"Всего"	"0"	"Всего"	"0"	"945"
"Число умерших(Человек)"	"2013 год"	"201312"	"ЖАМБЫЛСКИЙ РАЙОН"	"0"	"Всего"	"0"	"Всего"	"0"	"937"
"Число умерших(Человек)"	"2014 год"	"201412"	"ЖАМБЫЛСКИЙ РАЙОН"	"0"	"Всего"	"0"	"Всего"	"0"	"935"
"Число умерших(Человек)"	"2012 год"	"201212"	"ЖАМБЫЛСКИЙ РАЙОН"	"0"	"Всего"	"0"	"Всего"	"0"	"949"
"Число умерших(Человек)"	"2021 год"	"202112"	"ЖАМБЫЛСКИЙ РАЙОН"	"0"	"Всего"	"0"	"Всего"	"0"	"1 277"
"Число умерших(Человек)"	"2020 год"	"202012"	"ЖАМБЫЛСКИЙ РАЙОН"	"0"	"Всего"	"0"	"Всего"	"0"	"1 099"
"Число умерших(Человек)"	"2019 год"	"201912"	"ЖАМБЫЛСКИЙ РАЙОН"	"0"	"Всего"	"0"	"Всего"	"0"	"984"
"Число умерших(Человек)"	"2018 год"	"201812"	"ЖАМБЫЛСКИЙ РАЙОН"	"0"	"Всего"	"0"	"Всего"	"0"	"889"
"Число умерших(Человек)"	"2022 год"	"202212"	"ЖАМБЫЛСКИЙ РАЙОН"	"0"	"Всего"	"0"	"Всего"	"0"	"992"
"Число умерших(Человек)"	"2017 год"	"201712"	"ЖАМБЫЛСКИЙ РАЙОН"	"0"	"Всего"	"0"	"Всего"	"0"	"894"
"Число умерших(Человек)"	"2023 год"	"202312"	"ЖАМБЫЛСКИЙ РАЙОН"	"0"	"Всего"	"0"	"Всего"	"0"	"1 035"
"Число умерших(Человек)"	"2024 год"	"202412"	"ЖАМБЫЛСКИЙ РАЙОН"	"0"	"Всего"	"0"	"Всего"	"0"	"1 032"
"Число умерших(Человек)"	"2009 год"	"200912"	"ЖАМБЫЛСКИЙ РАЙОН"	"0"	"сельская местность"	"0"	"Всего"	"0"	"910"
"Число умерших(Человек)"	"2011 год"	"201112"	"ЖАМБЫЛСКИЙ РАЙОН"	"0"	"сельская местность"	"0"	"Всего"	"0"	"912"
"Число умерших(Человек)"	"2016 год"	"201612"	"ЖАМБЫЛСКИЙ РАЙОН"	"0"	"сельская местность"	"0"	"Всего"	"0"	"945"
"Число умерших(Человек)"	"2010 год"	"201012"	"ЖАМБЫЛСКИЙ РАЙОН"	"0"	"сельская местность"	"0"	"Всего"	"0"	"936"
"Число умерших(Человек)"	"2015 год"	"201512"	"ЖАМБЫЛСКИЙ РАЙОН"	"0"	"сельская местность"	"0"	"Всего"	"0"	"945"
"Число умерших(Человек)"	"2013 год"	"201312"	"ЖАМБЫЛСКИЙ РАЙОН"	"0"	"сельская местность"	"0"	"Всего"	"0"	"937"
"Число умерших(Человек)"	"2014 год"	"201412"	"ЖАМБЫЛСКИЙ РАЙОН"	"0"	"сельская местность"	"0"	"Всего"	"0"	"935"
"Число умерших(Человек)"	"2012 год"	"201212"	"ЖАМБЫЛСКИЙ РАЙОН"	"0"	"сельская местность"	"0"	"Всего"	"0"	"949"
"Число умерших(Человек)"	"2021 год"	"202112"	"ЖАМБЫЛСКИЙ РАЙОН"	"0"	"сельская местность"	"0"	"Всего"	"0"	"1 277"
"Число умерших(Человек)"	"2020 год"	"202012"	"ЖАМБЫЛСКИЙ РАЙОН"	"0"	"сельская местность"	"0"	"Всего"	"0"	"1 099"
"Число умерших(Человек)"	"2019 год"	"201912"	"ЖАМБЫЛСКИЙ РАЙОН"	"0"	"сельская местность"	"0"	"Всего"	"0"	"984"
"Число умерших(Человек)"	"2018 год"	"201812"	"ЖАМБЫЛСКИЙ РАЙОН"	"0"	"сельская местность"	"0"	"Всего"	"0"	"889"
"Число умерших(Человек)"	"2022 год"	"202212"	"ЖАМБЫЛСКИЙ РАЙОН"	"0"	"сельская местность"	"0"	"Всего"	"0"	"992"
"Число умерших(Человек)"	"2017 год"	"201712"	"ЖАМБЫЛСКИЙ РАЙОН"	"0"	"сельская местность"	"0"	"Всего"	"0"	"894"
"Число умерших(Человек)"	"2023 год"	"202312"	"ЖАМБЫЛСКИЙ РАЙОН"	"0"	"сельская местность"	"0"	"Всего"	"0"	"1 035"
"Число умерших(Человек)"	"2024 год"	"202412"	"ЖАМБЫЛСКИЙ РАЙОН"	"0"	"сельская местность"	"0"	"Всего"	"0"	"1 032"
"Число умерших(Человек)"	"2009 год"	"200912"	"КЕРБУЛАКСКИЙ РАЙОН"	"0"	"Всего"	"0"	"Всего"	"0"	"399"
"Число умерших(Человек)"	"2011 год"	"201112"	"КЕРБУЛАКСКИЙ РАЙОН"	"0"	"Всего"	"0"	"Всего"	"0"	"418"
"Число умерших(Человек)"	"2016 год"	"201612"	"КЕРБУЛАКСКИЙ РАЙОН"	"0"	"Всего"	"0"	"Всего"	"0"	"316"
"Число умерших(Человек)"	"2010 год"	"201012"	"КЕРБУЛАКСКИЙ РАЙОН"	"0"	"Всего"	"0"	"Всего"	"0"	"403"
"Число умерших(Человек)"	"2015 год"	"201512"	"КЕРБУЛАКСКИЙ РАЙОН"	"0"	"Всего"	"0"	"Всего"	"0"	"364"
"Число умерших(Человек)"	"2013 год"	"201312"	"КЕРБУЛАКСКИЙ РАЙОН"	"0"	"Всего"	"0"	"Всего"	"0"	"395"
"Число умерших(Человек)"	"2014 год"	"201412"	"КЕРБУЛАКСКИЙ РАЙОН"	"0"	"Всего"	"0"	"Всего"	"0"	"348"
"Число умерших(Человек)"	"2012 год"	"201212"	"КЕРБУЛАКСКИЙ РАЙОН"	"0"	"Всего"	"0"	"Всего"	"0"	"391"
"Число умерших(Человек)"	"2021 год"	"202112"	"КЕРБУЛАКСКИЙ РАЙОН"	"0"	"Всего"	"0"	"Всего"	"0"	"456"
"Число умерших(Человек)"	"2020 год"	"202012"	"КЕРБУЛАКСКИЙ РАЙОН"	"0"	"Всего"	"0"	"Всего"	"0"	"398"
"Число умерших(Человек)"	"2019 год"	"201912"	"КЕРБУЛАКСКИЙ РАЙОН"	"0"	"Всего"	"0"	"Всего"	"0"	"342"
"Число умерших(Человек)"	"2018 год"	"201812"	"КЕРБУЛАКСКИЙ РАЙОН"	"0"	"Всего"	"0"	"Всего"	"0"	"357"
"Число умерших(Человек)"	"2022 год"	"202212"	"КЕРБУЛАКСКИЙ РАЙОН"	"0"	"Всего"	"0"	"Всего"	"0"	"301"
"Число умерших(Человек)"	"2017 год"	"201712"	"КЕРБУЛАКСКИЙ РАЙОН"	"0"	"Всего"	"0"	"Всего"	"0"	"373"
"Число умерших(Человек)"	"2023 год"	"202312"	"КЕРБУЛАКСКИЙ РАЙОН"	"0"	"Всего"	"0"	"Всего"	"0"	"314"
"Число умерших(Человек)"	"2024 год"	"202412"	"КЕРБУЛАКСКИЙ РАЙОН"	"0"	"Всего"	"0"	"Всего"	"0"	"330"
"Число умерших(Человек)"	"2009 год"	"200912"	"КЕРБУЛАКСКИЙ РАЙОН"	"0"	"сельская местность"	"0"	"Всего"	"0"	"399"
"Число умерших(Человек)"	"2011 год"	"201112"	"КЕРБУЛАКСКИЙ РАЙОН"	"0"	"сельская местность"	"0"	"Всего"	"0"	"418"
"Число умерших(Человек)"	"2016 год"	"201612"	"КЕРБУЛАКСКИЙ РАЙОН"	"0"	"сельская местность"	"0"	"Всего"	"0"	"316"
"Число умерших(Человек)"	"2010 год"	"201012"	"КЕРБУЛАКСКИЙ РАЙОН"	"0"	"сельская местность"	"0"	"Всего"	"0"	"403"
"Число умерших(Человек)"	"2015 год"	"201512"	"КЕРБУЛАКСКИЙ РАЙОН"	"0"	"сельская местность"	"0"	"Всего"	"0"	"364"
"Число умерших(Человек)"	"2013 год"	"201312"	"КЕРБУЛАКСКИЙ РАЙОН"	"0"	"сельская местность"	"0"	"Всего"	"0"	"395"
"Число умерших(Человек)"	"2014 год"	"201412"	"КЕРБУЛАКСКИЙ РАЙОН"	"0"	"сельская местность"	"0"	"Всего"	"0"	"348"
"Число умерших(Человек)"	"2012 год"	"201212"	"КЕРБУЛАКСКИЙ РАЙОН"	"0"	"сельская местность"	"0"	"Всего"	"0"	"391"
"Число умерших(Человек)"	"2021 год"	"202112"	"КЕРБУЛАКСКИЙ РАЙОН"	"0"	"сельская местность"	"0"	"Всего"	"0"	"456"
"Число умерших(Человек)"	"2020 год"	"202012"	"КЕРБУЛАКСКИЙ РАЙОН"	"0"	"сельская местность"	"0"	"Всего"	"0"	"398"
"Число умерших(Человек)"	"2019 год"	"201912"	"КЕРБУЛАКСКИЙ РАЙОН"	"0"	"сельская местность"	"0"	"Всего"	"0"	"342"
"Число умерших(Человек)"	"2018 год"	"201812"	"КЕРБУЛАКСКИЙ РАЙОН"	"0"	"сельская местность"	"0"	"Всего"	"0"	"357"
"Число умерших(Человек)"	"2022 год"	"202212"	"КЕРБУЛАКСКИЙ РАЙОН"	"0"	"сельская местность"	"0"	"Всего"	"0"	"301"
"Число умерших(Человек)"	"2017 год"	"201712"	"КЕРБУЛАКСКИЙ РАЙОН"	"0"	"сельская местность"	"0"	"Всего"	"0"	"373"
"Число умерших(Человек)"	"2023 год"	"202312"	"КЕРБУЛАКСКИЙ РАЙОН"	"0"	"сельская местность"	"0"	"Всего"	"0"	"314"
"Число умерших(Человек)"	"2024 год"	"202412"	"КЕРБУЛАКСКИЙ РАЙОН"	"0"	"сельская местность"	"0"	"Всего"	"0"	"330"
"Число умерших(Человек)"	"2009 год"	"200912"	"КОКСУСКИЙ РАЙОН"	"0"	"Всего"	"0"	"Всего"	"0"	"319"
"Число умерших(Человек)"	"2011 год"	"201112"	"КОКСУСКИЙ РАЙОН"	"0"	"Всего"	"0"	"Всего"	"0"	"326"
"Число умерших(Человек)"	"2016 год"	"201612"	"КОКСУСКИЙ РАЙОН"	"0"	"Всего"	"0"	"Всего"	"0"	"283"
"Число умерших(Человек)"	"2010 год"	"201012"	"КОКСУСКИЙ РАЙОН"	"0"	"Всего"	"0"	"Всего"	"0"	"353"
"Число умерших(Человек)"	"2015 год"	"201512"	"КОКСУСКИЙ РАЙОН"	"0"	"Всего"	"0"	"Всего"	"0"	"308"
"Число умерших(Человек)"	"2013 год"	"201312"	"КОКСУСКИЙ РАЙОН"	"0"	"Всего"	"0"	"Всего"	"0"	"312"
"Число умерших(Человек)"	"2014 год"	"201412"	"КОКСУСКИЙ РАЙОН"	"0"	"Всего"	"0"	"Всего"	"0"	"303"
"Число умерших(Человек)"	"2012 год"	"201212"	"КОКСУСКИЙ РАЙОН"	"0"	"Всего"	"0"	"Всего"	"0"	"363"
"Число умерших(Человек)"	"2021 год"	"202112"	"КОКСУСКИЙ РАЙОН"	"0"	"Всего"	"0"	"Всего"	"0"	"374"
"Число умерших(Человек)"	"2020 год"	"202012"	"КОКСУСКИЙ РАЙОН"	"0"	"Всего"	"0"	"Всего"	"0"	"352"
"Число умерших(Человек)"	"2019 год"	"201912"	"КОКСУСКИЙ РАЙОН"	"0"	"Всего"	"0"	"Всего"	"0"	"282"
"Число умерших(Человек)"	"2018 год"	"201812"	"КОКСУСКИЙ РАЙОН"	"0"	"Всего"	"0"	"Всего"	"0"	"271"
"Число умерших(Человек)"	"2022 год"	"202212"	"КОКСУСКИЙ РАЙОН"	"0"	"Всего"	"0"	"Всего"	"0"	"309"
"Число умерших(Человек)"	"2017 год"	"201712"	"КОКСУСКИЙ РАЙОН"	"0"	"Всего"	"0"	"Всего"	"0"	"300"
"Число умерших(Человек)"	"2023 год"	"202312"	"КОКСУСКИЙ РАЙОН"	"0"	"Всего"	"0"	"Всего"	"0"	"295"
"Число умерших(Человек)"	"2024 год"	"202412"	"КОКСУСКИЙ РАЙОН"	"0"	"Всего"	"0"	"Всего"	"0"	"295"
"Число умерших(Человек)"	"2009 год"	"200912"	"КОКСУСКИЙ РАЙОН"	"0"	"сельская местность"	"0"	"Всего"	"0"	"319"
"Число умерших(Человек)"	"2011 год"	"201112"	"КОКСУСКИЙ РАЙОН"	"0"	"сельская местность"	"0"	"Всего"	"0"	"326"
"Число умерших(Человек)"	"2016 год"	"201612"	"КОКСУСКИЙ РАЙОН"	"0"	"сельская местность"	"0"	"Всего"	"0"	"283"
"Число умерших(Человек)"	"2010 год"	"201012"	"КОКСУСКИЙ РАЙОН"	"0"	"сельская местность"	"0"	"Всего"	"0"	"353"
"Число умерших(Человек)"	"2015 год"	"201512"	"КОКСУСКИЙ РАЙОН"	"0"	"сельская местность"	"0"	"Всего"	"0"	"308"
"Число умерших(Человек)"	"2013 год"	"201312"	"КОКСУСКИЙ РАЙОН"	"0"	"сельская местность"	"0"	"Всего"	"0"	"312"
"Число умерших(Человек)"	"2014 год"	"201412"	"КОКСУСКИЙ РАЙОН"	"0"	"сельская местность"	"0"	"Всего"	"0"	"303"
"Число умерших(Человек)"	"2012 год"	"201212"	"КОКСУСКИЙ РАЙОН"	"0"	"сельская местность"	"0"	"Всего"	"0"	"363"
"Число умерших(Человек)"	"2021 год"	"202112"	"КОКСУСКИЙ РАЙОН"	"0"	"сельская местность"	"0"	"Всего"	"0"	"374"
"Число умерших(Человек)"	"2020 год"	"202012"	"КОКСУСКИЙ РАЙОН"	"0"	"сельская местность"	"0"	"Всего"	"0"	"352"
"Число умерших(Человек)"	"2019 год"	"201912"	"КОКСУСКИЙ РАЙОН"	"0"	"сельская местность"	"0"	"Всего"	"0"	"282"
"Число умерших(Человек)"	"2018 год"	"201812"	"КОКСУСКИЙ РАЙОН"	"0"	"сельская местность"	"0"	"Всего"	"0"	"271"
"Число умерших(Человек)"	"2022 год"	"202212"	"КОКСУСКИЙ РАЙОН"	"0"	"сельская местность"	"0"	"Всего"	"0"	"309"
"Число умерших(Человек)"	"2017 год"	"201712"	"КОКСУСКИЙ РАЙОН"	"0"	"сельская местность"	"0"	"Всего"	"0"	"300"
"Число умерших(Человек)"	"2023 год"	"202312"	"КОКСУСКИЙ РАЙОН"	"0"	"сельская местность"	"0"	"Всего"	"0"	"295"
"Число умерших(Человек)"	"2024 год"	"202412"	"КОКСУСКИЙ РАЙОН"	"0"	"сельская местность"	"0"	"Всего"	"0"	"295"
"Число умерших(Человек)"	"2009 год"	"200912"	"КЗЫЛКОГИНСКИЙ РАЙОН"	"0"	"сельская местность"	"0"	"Всего"	"0"	"210"
"Число умерших(Человек)"	"2011 год"	"201112"	"КЗЫЛКОГИНСКИЙ РАЙОН"	"0"	"сельская местность"	"0"	"Всего"	"0"	"202"
"Число умерших(Человек)"	"2016 год"	"201612"	"КЗЫЛКОГИНСКИЙ РАЙОН"	"0"	"сельская местность"	"0"	"Всего"	"0"	"191"
"Число умерших(Человек)"	"2010 год"	"201012"	"КЗЫЛКОГИНСКИЙ РАЙОН"	"0"	"сельская местность"	"0"	"Всего"	"0"	"216"
"Число умерших(Человек)"	"2015 год"	"201512"	"КЗЫЛКОГИНСКИЙ РАЙОН"	"0"	"сельская местность"	"0"	"Всего"	"0"	"213"
"Число умерших(Человек)"	"2013 год"	"201312"	"КЗЫЛКОГИНСКИЙ РАЙОН"	"0"	"сельская местность"	"0"	"Всего"	"0"	"201"
"Число умерших(Человек)"	"2014 год"	"201412"	"КЗЫЛКОГИНСКИЙ РАЙОН"	"0"	"сельская местность"	"0"	"Всего"	"0"	"184"
"Число умерших(Человек)"	"2012 год"	"201212"	"КЗЫЛКОГИНСКИЙ РАЙОН"	"0"	"сельская местность"	"0"	"Всего"	"0"	"190"
"Число умерших(Человек)"	"2021 год"	"202112"	"КЗЫЛКОГИНСКИЙ РАЙОН"	"0"	"сельская местность"	"0"	"Всего"	"0"	"214"
"Число умерших(Человек)"	"2020 год"	"202012"	"КЗЫЛКОГИНСКИЙ РАЙОН"	"0"	"сельская местность"	"0"	"Всего"	"0"	"214"
"Число умерших(Человек)"	"2019 год"	"201912"	"КЗЫЛКОГИНСКИЙ РАЙОН"	"0"	"сельская местность"	"0"	"Всего"	"0"	"188"
"Число умерших(Человек)"	"2018 год"	"201812"	"КЗЫЛКОГИНСКИЙ РАЙОН"	"0"	"сельская местность"	"0"	"Всего"	"0"	"177"
"Число умерших(Человек)"	"2022 год"	"202212"	"КЗЫЛКОГИНСКИЙ РАЙОН"	"0"	"сельская местность"	"0"	"Всего"	"0"	"182"
"Число умерших(Человек)"	"2017 год"	"201712"	"КЗЫЛКОГИНСКИЙ РАЙОН"	"0"	"сельская местность"	"0"	"Всего"	"0"	"159"
"Число умерших(Человек)"	"2023 год"	"202312"	"КЗЫЛКОГИНСКИЙ РАЙОН"	"0"	"сельская местность"	"0"	"Всего"	"0"	"194"
"Число умерших(Человек)"	"2024 год"	"202412"	"КЗЫЛКОГИНСКИЙ РАЙОН"	"0"	"сельская местность"	"0"	"Всего"	"0"	"176"
"Число умерших(Человек)"	"2009 год"	"200912"	"КЗЫЛКОГИНСКИЙ РАЙОН"	"0"	"Всего"	"0"	"Всего"	"0"	"210"
"Число умерших(Человек)"	"2011 год"	"201112"	"КЗЫЛКОГИНСКИЙ РАЙОН"	"0"	"Всего"	"0"	"Всего"	"0"	"202"
"Число умерших(Человек)"	"2016 год"	"201612"	"КЗЫЛКОГИНСКИЙ РАЙОН"	"0"	"Всего"	"0"	"Всего"	"0"	"191"
"Число умерших(Человек)"	"2010 год"	"201012"	"КЗЫЛКОГИНСКИЙ РАЙОН"	"0"	"Всего"	"0"	"Всего"	"0"	"216"
"Число умерших(Человек)"	"2015 год"	"201512"	"КЗЫЛКОГИНСКИЙ РАЙОН"	"0"	"Всего"	"0"	"Всего"	"0"	"213"
"Число умерших(Человек)"	"2013 год"	"201312"	"КЗЫЛКОГИНСКИЙ РАЙОН"	"0"	"Всего"	"0"	"Всего"	"0"	"201"
"Число умерших(Человек)"	"2014 год"	"201412"	"КЗЫЛКОГИНСКИЙ РАЙОН"	"0"	"Всего"	"0"	"Всего"	"0"	"184"
"Число умерших(Человек)"	"2012 год"	"201212"	"КЗЫЛКОГИНСКИЙ РАЙОН"	"0"	"Всего"	"0"	"Всего"	"0"	"190"
"Число умерших(Человек)"	"2021 год"	"202112"	"КЗЫЛКОГИНСКИЙ РАЙОН"	"0"	"Всего"	"0"	"Всего"	"0"	"214"
"Число умерших(Человек)"	"2020 год"	"202012"	"КЗЫЛКОГИНСКИЙ РАЙОН"	"0"	"Всего"	"0"	"Всего"	"0"	"214"
"Число умерших(Человек)"	"2019 год"	"201912"	"КЗЫЛКОГИНСКИЙ РАЙОН"	"0"	"Всего"	"0"	"Всего"	"0"	"188"
"Число умерших(Человек)"	"2018 год"	"201812"	"КЗЫЛКОГИНСКИЙ РАЙОН"	"0"	"Всего"	"0"	"Всего"	"0"	"177"
"Число умерших(Человек)"	"2022 год"	"202212"	"КЗЫЛКОГИНСКИЙ РАЙОН"	"0"	"Всего"	"0"	"Всего"	"0"	"182"
"Число умерших(Человек)"	"2017 год"	"201712"	"КЗЫЛКОГИНСКИЙ РАЙОН"	"0"	"Всего"	"0"	"Всего"	"0"	"159"
"Число умерших(Человек)"	"2023 год"	"202312"	"КЗЫЛКОГИНСКИЙ РАЙОН"	"0"	"Всего"	"0"	"Всего"	"0"	"194"
"Число умерших(Человек)"	"2024 год"	"202412"	"КЗЫЛКОГИНСКИЙ РАЙОН"	"0"	"Всего"	"0"	"Всего"	"0"	"176"
"Число умерших(Человек)"	"2009 год"	"200912"	"МАКАТСКИЙ РАЙОН"	"0"	"Всего"	"0"	"Всего"	"0"	"186"
"Число умерших(Человек)"	"2011 год"	"201112"	"МАКАТСКИЙ РАЙОН"	"0"	"Всего"	"0"	"Всего"	"0"	"203"
"Число умерших(Человек)"	"2016 год"	"201612"	"МАКАТСКИЙ РАЙОН"	"0"	"Всего"	"0"	"Всего"	"0"	"154"
"Число умерших(Человек)"	"2010 год"	"201012"	"МАКАТСКИЙ РАЙОН"	"0"	"Всего"	"0"	"Всего"	"0"	"211"
"Число умерших(Человек)"	"2015 год"	"201512"	"МАКАТСКИЙ РАЙОН"	"0"	"Всего"	"0"	"Всего"	"0"	"161"
"Число умерших(Человек)"	"2013 год"	"201312"	"МАКАТСКИЙ РАЙОН"	"0"	"Всего"	"0"	"Всего"	"0"	"165"
"Число умерших(Человек)"	"2014 год"	"201412"	"МАКАТСКИЙ РАЙОН"	"0"	"Всего"	"0"	"Всего"	"0"	"177"
"Число умерших(Человек)"	"2012 год"	"201212"	"МАКАТСКИЙ РАЙОН"	"0"	"Всего"	"0"	"Всего"	"0"	"198"
"Число умерших(Человек)"	"2021 год"	"202112"	"МАКАТСКИЙ РАЙОН"	"0"	"Всего"	"0"	"Всего"	"0"	"209"
"Число умерших(Человек)"	"2020 год"	"202012"	"МАКАТСКИЙ РАЙОН"	"0"	"Всего"	"0"	"Всего"	"0"	"216"
"Число умерших(Человек)"	"2019 год"	"201912"	"МАКАТСКИЙ РАЙОН"	"0"	"Всего"	"0"	"Всего"	"0"	"160"
"Число умерших(Человек)"	"2018 год"	"201812"	"МАКАТСКИЙ РАЙОН"	"0"	"Всего"	"0"	"Всего"	"0"	"159"
"Число умерших(Человек)"	"2022 год"	"202212"	"МАКАТСКИЙ РАЙОН"	"0"	"Всего"	"0"	"Всего"	"0"	"164"
"Число умерших(Человек)"	"2017 год"	"201712"	"МАКАТСКИЙ РАЙОН"	"0"	"Всего"	"0"	"Всего"	"0"	"140"
"Число умерших(Человек)"	"2023 год"	"202312"	"МАКАТСКИЙ РАЙОН"	"0"	"Всего"	"0"	"Всего"	"0"	"137"
"Число умерших(Человек)"	"2024 год"	"202412"	"МАКАТСКИЙ РАЙОН"	"0"	"Всего"	"0"	"Всего"	"0"	"156"
"Число умерших(Человек)"	"2009 год"	"200912"	"МАКАТСКИЙ РАЙОН"	"0"	"сельская местность"	"0"	"Всего"	"0"	"186"
"Число умерших(Человек)"	"2011 год"	"201112"	"МАКАТСКИЙ РАЙОН"	"0"	"сельская местность"	"0"	"Всего"	"0"	"203"
"Число умерших(Человек)"	"2016 год"	"201612"	"МАКАТСКИЙ РАЙОН"	"0"	"сельская местность"	"0"	"Всего"	"0"	"154"
"Число умерших(Человек)"	"2010 год"	"201012"	"МАКАТСКИЙ РАЙОН"	"0"	"сельская местность"	"0"	"Всего"	"0"	"211"
"Число умерших(Человек)"	"2015 год"	"201512"	"МАКАТСКИЙ РАЙОН"	"0"	"сельская местность"	"0"	"Всего"	"0"	"161"
"Число умерших(Человек)"	"2013 год"	"201312"	"МАКАТСКИЙ РАЙОН"	"0"	"сельская местность"	"0"	"Всего"	"0"	"165"
"Число умерших(Человек)"	"2014 год"	"201412"	"МАКАТСКИЙ РАЙОН"	"0"	"сельская местность"	"0"	"Всего"	"0"	"177"
"Число умерших(Человек)"	"2012 год"	"201212"	"МАКАТСКИЙ РАЙОН"	"0"	"сельская местность"	"0"	"Всего"	"0"	"198"
"Число умерших(Человек)"	"2021 год"	"202112"	"МАКАТСКИЙ РАЙОН"	"0"	"сельская местность"	"0"	"Всего"	"0"	"209"
"Число умерших(Человек)"	"2020 год"	"202012"	"МАКАТСКИЙ РАЙОН"	"0"	"сельская местность"	"0"	"Всего"	"0"	"216"
"Число умерших(Человек)"	"2019 год"	"201912"	"МАКАТСКИЙ РАЙОН"	"0"	"сельская местность"	"0"	"Всего"	"0"	"160"
"Число умерших(Человек)"	"2018 год"	"201812"	"МАКАТСКИЙ РАЙОН"	"0"	"сельская местность"	"0"	"Всего"	"0"	"159"
"Число умерших(Человек)"	"2022 год"	"202212"	"МАКАТСКИЙ РАЙОН"	"0"	"сельская местность"	"0"	"Всего"	"0"	"164"
"Число умерших(Человек)"	"2017 год"	"201712"	"МАКАТСКИЙ РАЙОН"	"0"	"сельская местность"	"0"	"Всего"	"0"	"140"
"Число умерших(Человек)"	"2023 год"	"202312"	"МАКАТСКИЙ РАЙОН"	"0"	"сельская местность"	"0"	"Всего"	"0"	"137"
"Число умерших(Человек)"	"2024 год"	"202412"	"МАКАТСКИЙ РАЙОН"	"0"	"сельская местность"	"0"	"Всего"	"0"	"156"
"Число умерших(Человек)"	"2009 год"	"200912"	"МАХАМБЕТСКИЙ РАЙОН"	"0"	"Всего"	"0"	"Всего"	"0"	"250"
"Число умерших(Человек)"	"2011 год"	"201112"	"МАХАМБЕТСКИЙ РАЙОН"	"0"	"Всего"	"0"	"Всего"	"0"	"247"
"Число умерших(Человек)"	"2016 год"	"201612"	"МАХАМБЕТСКИЙ РАЙОН"	"0"	"Всего"	"0"	"Всего"	"0"	"236"
"Число умерших(Человек)"	"2010 год"	"201012"	"МАХАМБЕТСКИЙ РАЙОН"	"0"	"Всего"	"0"	"Всего"	"0"	"224"
"Число умерших(Человек)"	"2015 год"	"201512"	"МАХАМБЕТСКИЙ РАЙОН"	"0"	"Всего"	"0"	"Всего"	"0"	"201"
"Число умерших(Человек)"	"2013 год"	"201312"	"МАХАМБЕТСКИЙ РАЙОН"	"0"	"Всего"	"0"	"Всего"	"0"	"193"
"Число умерших(Человек)"	"2014 год"	"201412"	"МАХАМБЕТСКИЙ РАЙОН"	"0"	"Всего"	"0"	"Всего"	"0"	"203"
"Число умерших(Человек)"	"2012 год"	"201212"	"МАХАМБЕТСКИЙ РАЙОН"	"0"	"Всего"	"0"	"Всего"	"0"	"238"
"Число умерших(Человек)"	"2021 год"	"202112"	"МАХАМБЕТСКИЙ РАЙОН"	"0"	"Всего"	"0"	"Всего"	"0"	"233"
"Число умерших(Человек)"	"2020 год"	"202012"	"МАХАМБЕТСКИЙ РАЙОН"	"0"	"Всего"	"0"	"Всего"	"0"	"235"
"Число умерших(Человек)"	"2019 год"	"201912"	"МАХАМБЕТСКИЙ РАЙОН"	"0"	"Всего"	"0"	"Всего"	"0"	"189"
"Число умерших(Человек)"	"2018 год"	"201812"	"МАХАМБЕТСКИЙ РАЙОН"	"0"	"Всего"	"0"	"Всего"	"0"	"218"
"Число умерших(Человек)"	"2022 год"	"202212"	"МАХАМБЕТСКИЙ РАЙОН"	"0"	"Всего"	"0"	"Всего"	"0"	"199"
"Число умерших(Человек)"	"2017 год"	"201712"	"МАХАМБЕТСКИЙ РАЙОН"	"0"	"Всего"	"0"	"Всего"	"0"	"202"
"Число умерших(Человек)"	"2023 год"	"202312"	"МАХАМБЕТСКИЙ РАЙОН"	"0"	"Всего"	"0"	"Всего"	"0"	"155"
"Число умерших(Человек)"	"2024 год"	"202412"	"МАХАМБЕТСКИЙ РАЙОН"	"0"	"Всего"	"0"	"Всего"	"0"	"167"
"Число умерших(Человек)"	"2009 год"	"200912"	"МАХАМБЕТСКИЙ РАЙОН"	"0"	"сельская местность"	"0"	"Всего"	"0"	"250"
"Число умерших(Человек)"	"2011 год"	"201112"	"МАХАМБЕТСКИЙ РАЙОН"	"0"	"сельская местность"	"0"	"Всего"	"0"	"247"
"Число умерших(Человек)"	"2016 год"	"201612"	"МАХАМБЕТСКИЙ РАЙОН"	"0"	"сельская местность"	"0"	"Всего"	"0"	"236"
"Число умерших(Человек)"	"2010 год"	"201012"	"МАХАМБЕТСКИЙ РАЙОН"	"0"	"сельская местность"	"0"	"Всего"	"0"	"224"
"Число умерших(Человек)"	"2015 год"	"201512"	"МАХАМБЕТСКИЙ РАЙОН"	"0"	"сельская местность"	"0"	"Всего"	"0"	"201"
"Число умерших(Человек)"	"2013 год"	"201312"	"МАХАМБЕТСКИЙ РАЙОН"	"0"	"сельская местность"	"0"	"Всего"	"0"	"193"
"Число умерших(Человек)"	"2014 год"	"201412"	"МАХАМБЕТСКИЙ РАЙОН"	"0"	"сельская местность"	"0"	"Всего"	"0"	"203"
"Число умерших(Человек)"	"2012 год"	"201212"	"МАХАМБЕТСКИЙ РАЙОН"	"0"	"сельская местность"	"0"	"Всего"	"0"	"238"
"Число умерших(Человек)"	"2021 год"	"202112"	"МАХАМБЕТСКИЙ РАЙОН"	"0"	"сельская местность"	"0"	"Всего"	"0"	"233"
"Число умерших(Человек)"	"2020 год"	"202012"	"МАХАМБЕТСКИЙ РАЙОН"	"0"	"сельская местность"	"0"	"Всего"	"0"	"235"
"Число умерших(Человек)"	"2019 год"	"201912"	"МАХАМБЕТСКИЙ РАЙОН"	"0"	"сельская местность"	"0"	"Всего"	"0"	"189"
"Число умерших(Человек)"	"2018 год"	"201812"	"МАХАМБЕТСКИЙ РАЙОН"	"0"	"сельская местность"	"0"	"Всего"	"0"	"218"
"Число умерших(Человек)"	"2022 год"	"202212"	"МАХАМБЕТСКИЙ РАЙОН"	"0"	"сельская местность"	"0"	"Всего"	"0"	"199"
"Число умерших(Человек)"	"2017 год"	"201712"	"МАХАМБЕТСКИЙ РАЙОН"	"0"	"сельская местность"	"0"	"Всего"	"0"	"202"
"Число умерших(Человек)"	"2023 год"	"202312"	"МАХАМБЕТСКИЙ РАЙОН"	"0"	"сельская местность"	"0"	"Всего"	"0"	"155"
"Число умерших(Человек)"	"2024 год"	"202412"	"МАХАМБЕТСКИЙ РАЙОН"	"0"	"сельская местность"	"0"	"Всего"	"0"	"167"
"Число умерших(Человек)"	"2009 год"	"200912"	"УРАЛЬСК Г.А."	"0"	"Всего"	"0"	"Всего"	"0"	"2 800"
"Число умерших(Человек)"	"2011 год"	"201112"	"УРАЛЬСК Г.А."	"0"	"Всего"	"0"	"Всего"	"0"	"2 751"
"Число умерших(Человек)"	"2016 год"	"201612"	"УРАЛЬСК Г.А."	"0"	"Всего"	"0"	"Всего"	"0"	"2 782"
"Число умерших(Человек)"	"2010 год"	"201012"	"УРАЛЬСК Г.А."	"0"	"Всего"	"0"	"Всего"	"0"	"2 796"
"Число умерших(Человек)"	"2015 год"	"201512"	"УРАЛЬСК Г.А."	"0"	"Всего"	"0"	"Всего"	"0"	"2 734"
"Число умерших(Человек)"	"2013 год"	"201312"	"УРАЛЬСК Г.А."	"0"	"Всего"	"0"	"Всего"	"0"	"2 787"
"Число умерших(Человек)"	"2014 год"	"201412"	"УРАЛЬСК Г.А."	"0"	"Всего"	"0"	"Всего"	"0"	"2 828"
"Число умерших(Человек)"	"2012 год"	"201212"	"УРАЛЬСК Г.А."	"0"	"Всего"	"0"	"Всего"	"0"	"2 859"
"Число умерших(Человек)"	"2021 год"	"202112"	"УРАЛЬСК Г.А."	"0"	"Всего"	"0"	"Всего"	"0"	"4 028"
"Число умерших(Человек)"	"2020 год"	"202012"	"УРАЛЬСК Г.А."	"0"	"Всего"	"0"	"Всего"	"0"	"3 469"
"Число умерших(Человек)"	"2019 год"	"201912"	"УРАЛЬСК Г.А."	"0"	"Всего"	"0"	"Всего"	"0"	"2 835"
"Число умерших(Человек)"	"2018 год"	"201812"	"УРАЛЬСК Г.А."	"0"	"Всего"	"0"	"Всего"	"0"	"2 756"
"Число умерших(Человек)"	"2022 год"	"202212"	"УРАЛЬСК Г.А."	"0"	"Всего"	"0"	"Всего"	"0"	"2 809"
"Число умерших(Человек)"	"2017 год"	"201712"	"УРАЛЬСК Г.А."	"0"	"Всего"	"0"	"Всего"	"0"	"2 533"
"Число умерших(Человек)"	"2023 год"	"202312"	"УРАЛЬСК Г.А."	"0"	"Всего"	"0"	"Всего"	"0"	"2 782"
"Число умерших(Человек)"	"2024 год"	"202412"	"УРАЛЬСК Г.А."	"0"	"Всего"	"0"	"Всего"	"0"	"2 799"
"Число умерших(Человек)"	"2009 год"	"200912"	"УРАЛЬСК Г.А."	"0"	"городская местность"	"0"	"Всего"	"0"	"2 781"
"Число умерших(Человек)"	"2011 год"	"201112"	"УРАЛЬСК Г.А."	"0"	"городская местность"	"0"	"Всего"	"0"	"2 731"
"Число умерших(Человек)"	"2016 год"	"201612"	"УРАЛЬСК Г.А."	"0"	"городская местность"	"0"	"Всего"	"0"	"2 743"
"Число умерших(Человек)"	"2010 год"	"201012"	"УРАЛЬСК Г.А."	"0"	"городская местность"	"0"	"Всего"	"0"	"2 777"
"Число умерших(Человек)"	"2015 год"	"201512"	"УРАЛЬСК Г.А."	"0"	"городская местность"	"0"	"Всего"	"0"	"2 676"
"Число умерших(Человек)"	"2013 год"	"201312"	"УРАЛЬСК Г.А."	"0"	"городская местность"	"0"	"Всего"	"0"	"2 765"
"Число умерших(Человек)"	"2014 год"	"201412"	"УРАЛЬСК Г.А."	"0"	"городская местность"	"0"	"Всего"	"0"	"2 759"
"Число умерших(Человек)"	"2012 год"	"201212"	"УРАЛЬСК Г.А."	"0"	"городская местность"	"0"	"Всего"	"0"	"2 839"
"Число умерших(Человек)"	"2021 год"	"202112"	"УРАЛЬСК Г.А."	"0"	"городская местность"	"0"	"Всего"	"0"	"3 974"
"Число умерших(Человек)"	"2020 год"	"202012"	"УРАЛЬСК Г.А."	"0"	"городская местность"	"0"	"Всего"	"0"	"3 428"
"Число умерших(Человек)"	"2019 год"	"201912"	"УРАЛЬСК Г.А."	"0"	"городская местность"	"0"	"Всего"	"0"	"2 795"
"Число умерших(Человек)"	"2018 год"	"201812"	"УРАЛЬСК Г.А."	"0"	"городская местность"	"0"	"Всего"	"0"	"2 732"
"Число умерших(Человек)"	"2022 год"	"202212"	"УРАЛЬСК Г.А."	"0"	"городская местность"	"0"	"Всего"	"0"	"2 765"
"Число умерших(Человек)"	"2017 год"	"201712"	"УРАЛЬСК Г.А."	"0"	"городская местность"	"0"	"Всего"	"0"	"2 505"
"Число умерших(Человек)"	"2023 год"	"202312"	"УРАЛЬСК Г.А."	"0"	"городская местность"	"0"	"Всего"	"0"	"2 749"
"Число умерших(Человек)"	"2024 год"	"202412"	"УРАЛЬСК Г.А."	"0"	"городская местность"	"0"	"Всего"	"0"	"2 760"
"Число умерших(Человек)"	"2009 год"	"200912"	"УРАЛЬСК Г.А."	"0"	"сельская местность"	"0"	"Всего"	"0"	"19"
"Число умерших(Человек)"	"2011 год"	"201112"	"УРАЛЬСК Г.А."	"0"	"сельская местность"	"0"	"Всего"	"0"	"20"
"Число умерших(Человек)"	"2016 год"	"201612"	"УРАЛЬСК Г.А."	"0"	"сельская местность"	"0"	"Всего"	"0"	"39"
"Число умерших(Человек)"	"2010 год"	"201012"	"УРАЛЬСК Г.А."	"0"	"сельская местность"	"0"	"Всего"	"0"	"19"
"Число умерших(Человек)"	"2015 год"	"201512"	"УРАЛЬСК Г.А."	"0"	"сельская местность"	"0"	"Всего"	"0"	"58"
"Число умерших(Человек)"	"2013 год"	"201312"	"УРАЛЬСК Г.А."	"0"	"сельская местность"	"0"	"Всего"	"0"	"22"
"Число умерших(Человек)"	"2014 год"	"201412"	"УРАЛЬСК Г.А."	"0"	"сельская местность"	"0"	"Всего"	"0"	"69"
"Число умерших(Человек)"	"2012 год"	"201212"	"УРАЛЬСК Г.А."	"0"	"сельская местность"	"0"	"Всего"	"0"	"20"
"Число умерших(Человек)"	"2021 год"	"202112"	"УРАЛЬСК Г.А."	"0"	"сельская местность"	"0"	"Всего"	"0"	"54"
"Число умерших(Человек)"	"2020 год"	"202012"	"УРАЛЬСК Г.А."	"0"	"сельская местность"	"0"	"Всего"	"0"	"41"
"Число умерших(Человек)"	"2019 год"	"201912"	"УРАЛЬСК Г.А."	"0"	"сельская местность"	"0"	"Всего"	"0"	"40"
"Число умерших(Человек)"	"2018 год"	"201812"	"УРАЛЬСК Г.А."	"0"	"сельская местность"	"0"	"Всего"	"0"	"24"
"Число умерших(Человек)"	"2022 год"	"202212"	"УРАЛЬСК Г.А."	"0"	"сельская местность"	"0"	"Всего"	"0"	"44"
"Число умерших(Человек)"	"2017 год"	"201712"	"УРАЛЬСК Г.А."	"0"	"сельская местность"	"0"	"Всего"	"0"	"28"
"Число умерших(Человек)"	"2023 год"	"202312"	"УРАЛЬСК Г.А."	"0"	"сельская местность"	"0"	"Всего"	"0"	"33"
"Число умерших(Человек)"	"2024 год"	"202412"	"УРАЛЬСК Г.А."	"0"	"сельская местность"	"0"	"Всего"	"0"	"39"
"Число умерших(Человек)"	"2009 год"	"200912"	"АКЖАИКСКИЙ РАЙОН"	"0"	"Всего"	"0"	"Всего"	"0"	"333"
"Число умерших(Человек)"	"2011 год"	"201112"	"АКЖАИКСКИЙ РАЙОН"	"0"	"Всего"	"0"	"Всего"	"0"	"365"
"Число умерших(Человек)"	"2016 год"	"201612"	"АКЖАИКСКИЙ РАЙОН"	"0"	"Всего"	"0"	"Всего"	"0"	"333"
"Число умерших(Человек)"	"2010 год"	"201012"	"АКЖАИКСКИЙ РАЙОН"	"0"	"Всего"	"0"	"Всего"	"0"	"353"
"Число умерших(Человек)"	"2015 год"	"201512"	"АКЖАИКСКИЙ РАЙОН"	"0"	"Всего"	"0"	"Всего"	"0"	"320"
"Число умерших(Человек)"	"2013 год"	"201312"	"АКЖАИКСКИЙ РАЙОН"	"0"	"Всего"	"0"	"Всего"	"0"	"338"
"Число умерших(Человек)"	"2014 год"	"201412"	"АКЖАИКСКИЙ РАЙОН"	"0"	"Всего"	"0"	"Всего"	"0"	"265"
"Число умерших(Человек)"	"2012 год"	"201212"	"АКЖАИКСКИЙ РАЙОН"	"0"	"Всего"	"0"	"Всего"	"0"	"363"
"Число умерших(Человек)"	"2021 год"	"202112"	"АКЖАИКСКИЙ РАЙОН"	"0"	"Всего"	"0"	"Всего"	"0"	"345"
"Число умерших(Человек)"	"2020 год"	"202012"	"АКЖАИКСКИЙ РАЙОН"	"0"	"Всего"	"0"	"Всего"	"0"	"348"
"Число умерших(Человек)"	"2019 год"	"201912"	"АКЖАИКСКИЙ РАЙОН"	"0"	"Всего"	"0"	"Всего"	"0"	"231"
"Число умерших(Человек)"	"2018 год"	"201812"	"АКЖАИКСКИЙ РАЙОН"	"0"	"Всего"	"0"	"Всего"	"0"	"306"
"Число умерших(Человек)"	"2022 год"	"202212"	"АКЖАИКСКИЙ РАЙОН"	"0"	"Всего"	"0"	"Всего"	"0"	"289"
"Число умерших(Человек)"	"2017 год"	"201712"	"АКЖАИКСКИЙ РАЙОН"	"0"	"Всего"	"0"	"Всего"	"0"	"292"
"Число умерших(Человек)"	"2023 год"	"202312"	"АКЖАИКСКИЙ РАЙОН"	"0"	"Всего"	"0"	"Всего"	"0"	"259"
"Число умерших(Человек)"	"2024 год"	"202412"	"АКЖАИКСКИЙ РАЙОН"	"0"	"Всего"	"0"	"Всего"	"0"	"286"
"Число умерших(Человек)"	"2009 год"	"200912"	"АКЖАИКСКИЙ РАЙОН"	"0"	"сельская местность"	"0"	"Всего"	"0"	"333"
"Число умерших(Человек)"	"2011 год"	"201112"	"АКЖАИКСКИЙ РАЙОН"	"0"	"сельская местность"	"0"	"Всего"	"0"	"365"
"Число умерших(Человек)"	"2016 год"	"201612"	"АКЖАИКСКИЙ РАЙОН"	"0"	"сельская местность"	"0"	"Всего"	"0"	"333"
"Число умерших(Человек)"	"2010 год"	"201012"	"АКЖАИКСКИЙ РАЙОН"	"0"	"сельская местность"	"0"	"Всего"	"0"	"353"
"Число умерших(Человек)"	"2015 год"	"201512"	"АКЖАИКСКИЙ РАЙОН"	"0"	"сельская местность"	"0"	"Всего"	"0"	"320"
"Число умерших(Человек)"	"2013 год"	"201312"	"АКЖАИКСКИЙ РАЙОН"	"0"	"сельская местность"	"0"	"Всего"	"0"	"338"
"Число умерших(Человек)"	"2014 год"	"201412"	"АКЖАИКСКИЙ РАЙОН"	"0"	"сельская местность"	"0"	"Всего"	"0"	"265"
"Число умерших(Человек)"	"2012 год"	"201212"	"АКЖАИКСКИЙ РАЙОН"	"0"	"сельская местность"	"0"	"Всего"	"0"	"363"
"Число умерших(Человек)"	"2021 год"	"202112"	"АКЖАИКСКИЙ РАЙОН"	"0"	"сельская местность"	"0"	"Всего"	"0"	"345"
"Число умерших(Человек)"	"2020 год"	"202012"	"АКЖАИКСКИЙ РАЙОН"	"0"	"сельская местность"	"0"	"Всего"	"0"	"348"
"Число умерших(Человек)"	"2019 год"	"201912"	"АКЖАИКСКИЙ РАЙОН"	"0"	"сельская местность"	"0"	"Всего"	"0"	"231"
"Число умерших(Человек)"	"2018 год"	"201812"	"АКЖАИКСКИЙ РАЙОН"	"0"	"сельская местность"	"0"	"Всего"	"0"	"306"
"Число умерших(Человек)"	"2022 год"	"202212"	"АКЖАИКСКИЙ РАЙОН"	"0"	"сельская местность"	"0"	"Всего"	"0"	"289"
"Число умерших(Человек)"	"2017 год"	"201712"	"АКЖАИКСКИЙ РАЙОН"	"0"	"сельская местность"	"0"	"Всего"	"0"	"292"
"Число умерших(Человек)"	"2023 год"	"202312"	"АКЖАИКСКИЙ РАЙОН"	"0"	"сельская местность"	"0"	"Всего"	"0"	"259"
"Число умерших(Человек)"	"2024 год"	"202412"	"АКЖАИКСКИЙ РАЙОН"	"0"	"сельская местность"	"0"	"Всего"	"0"	"286"
"Число умерших(Человек)"	"2009 год"	"200912"	"БУРЛИНСКИЙ РАЙОН"	"0"	"Всего"	"0"	"Всего"	"0"	"473"
"Число умерших(Человек)"	"2011 год"	"201112"	"БУРЛИНСКИЙ РАЙОН"	"0"	"Всего"	"0"	"Всего"	"0"	"435"
"Число умерших(Человек)"	"2016 год"	"201612"	"БУРЛИНСКИЙ РАЙОН"	"0"	"Всего"	"0"	"Всего"	"0"	"447"
"Число умерших(Человек)"	"2010 год"	"201012"	"БУРЛИНСКИЙ РАЙОН"	"0"	"Всего"	"0"	"Всего"	"0"	"460"
"Число умерших(Человек)"	"2015 год"	"201512"	"БУРЛИНСКИЙ РАЙОН"	"0"	"Всего"	"0"	"Всего"	"0"	"432"
"Число умерших(Человек)"	"2013 год"	"201312"	"БУРЛИНСКИЙ РАЙОН"	"0"	"Всего"	"0"	"Всего"	"0"	"446"
"Число умерших(Человек)"	"2014 год"	"201412"	"БУРЛИНСКИЙ РАЙОН"	"0"	"Всего"	"0"	"Всего"	"0"	"400"
"Число умерших(Человек)"	"2012 год"	"201212"	"БУРЛИНСКИЙ РАЙОН"	"0"	"Всего"	"0"	"Всего"	"0"	"462"
"Число умерших(Человек)"	"2021 год"	"202112"	"БУРЛИНСКИЙ РАЙОН"	"0"	"Всего"	"0"	"Всего"	"0"	"597"
"Число умерших(Человек)"	"2020 год"	"202012"	"БУРЛИНСКИЙ РАЙОН"	"0"	"Всего"	"0"	"Всего"	"0"	"525"
"Число умерших(Человек)"	"2019 год"	"201912"	"БУРЛИНСКИЙ РАЙОН"	"0"	"Всего"	"0"	"Всего"	"0"	"429"
"Число умерших(Человек)"	"2018 год"	"201812"	"БУРЛИНСКИЙ РАЙОН"	"0"	"Всего"	"0"	"Всего"	"0"	"455"
"Число умерших(Человек)"	"2022 год"	"202212"	"БУРЛИНСКИЙ РАЙОН"	"0"	"Всего"	"0"	"Всего"	"0"	"485"
"Число умерших(Человек)"	"2017 год"	"201712"	"БУРЛИНСКИЙ РАЙОН"	"0"	"Всего"	"0"	"Всего"	"0"	"451"
"Число умерших(Человек)"	"2023 год"	"202312"	"БУРЛИНСКИЙ РАЙОН"	"0"	"Всего"	"0"	"Всего"	"0"	"452"
"Число умерших(Человек)"	"2024 год"	"202412"	"БУРЛИНСКИЙ РАЙОН"	"0"	"Всего"	"0"	"Всего"	"0"	"456"
"Число умерших(Человек)"	"2009 год"	"200912"	"ЖАНИБЕКСКИЙ РАЙОН"	"0"	"Всего"	"0"	"Всего"	"0"	"125"
"Число умерших(Человек)"	"2011 год"	"201112"	"ЖАНИБЕКСКИЙ РАЙОН"	"0"	"Всего"	"0"	"Всего"	"0"	"144"
"Число умерших(Человек)"	"2016 год"	"201612"	"ЖАНИБЕКСКИЙ РАЙОН"	"0"	"Всего"	"0"	"Всего"	"0"	"111"
"Число умерших(Человек)"	"2010 год"	"201012"	"ЖАНИБЕКСКИЙ РАЙОН"	"0"	"Всего"	"0"	"Всего"	"0"	"147"
"Число умерших(Человек)"	"2015 год"	"201512"	"ЖАНИБЕКСКИЙ РАЙОН"	"0"	"Всего"	"0"	"Всего"	"0"	"117"
"Число умерших(Человек)"	"2013 год"	"201312"	"ЖАНИБЕКСКИЙ РАЙОН"	"0"	"Всего"	"0"	"Всего"	"0"	"133"
"Число умерших(Человек)"	"2014 год"	"201412"	"ЖАНИБЕКСКИЙ РАЙОН"	"0"	"Всего"	"0"	"Всего"	"0"	"112"
"Число умерших(Человек)"	"2012 год"	"201212"	"ЖАНИБЕКСКИЙ РАЙОН"	"0"	"Всего"	"0"	"Всего"	"0"	"116"
"Число умерших(Человек)"	"2021 год"	"202112"	"ЖАНИБЕКСКИЙ РАЙОН"	"0"	"Всего"	"0"	"Всего"	"0"	"126"
"Число умерших(Человек)"	"2020 год"	"202012"	"ЖАНИБЕКСКИЙ РАЙОН"	"0"	"Всего"	"0"	"Всего"	"0"	"121"
"Число умерших(Человек)"	"2019 год"	"201912"	"ЖАНИБЕКСКИЙ РАЙОН"	"0"	"Всего"	"0"	"Всего"	"0"	"112"
"Число умерших(Человек)"	"2018 год"	"201812"	"ЖАНИБЕКСКИЙ РАЙОН"	"0"	"Всего"	"0"	"Всего"	"0"	"114"
"Число умерших(Человек)"	"2022 год"	"202212"	"ЖАНИБЕКСКИЙ РАЙОН"	"0"	"Всего"	"0"	"Всего"	"0"	"103"
"Число умерших(Человек)"	"2017 год"	"201712"	"ЖАНИБЕКСКИЙ РАЙОН"	"0"	"Всего"	"0"	"Всего"	"0"	"115"
"Число умерших(Человек)"	"2023 год"	"202312"	"ЖАНИБЕКСКИЙ РАЙОН"	"0"	"Всего"	"0"	"Всего"	"0"	"116"
"Число умерших(Человек)"	"2024 год"	"202412"	"ЖАНИБЕКСКИЙ РАЙОН"	"0"	"Всего"	"0"	"Всего"	"0"	"126"
"Число умерших(Человек)"	"2009 год"	"200912"	"ЖАНИБЕКСКИЙ РАЙОН"	"0"	"сельская местность"	"0"	"Всего"	"0"	"125"
"Число умерших(Человек)"	"2011 год"	"201112"	"ЖАНИБЕКСКИЙ РАЙОН"	"0"	"сельская местность"	"0"	"Всего"	"0"	"144"
"Число умерших(Человек)"	"2016 год"	"201612"	"ЖАНИБЕКСКИЙ РАЙОН"	"0"	"сельская местность"	"0"	"Всего"	"0"	"111"
"Число умерших(Человек)"	"2010 год"	"201012"	"ЖАНИБЕКСКИЙ РАЙОН"	"0"	"сельская местность"	"0"	"Всего"	"0"	"147"
"Число умерших(Человек)"	"2015 год"	"201512"	"ЖАНИБЕКСКИЙ РАЙОН"	"0"	"сельская местность"	"0"	"Всего"	"0"	"117"
"Число умерших(Человек)"	"2013 год"	"201312"	"ЖАНИБЕКСКИЙ РАЙОН"	"0"	"сельская местность"	"0"	"Всего"	"0"	"133"
"Число умерших(Человек)"	"2014 год"	"201412"	"ЖАНИБЕКСКИЙ РАЙОН"	"0"	"сельская местность"	"0"	"Всего"	"0"	"112"
"Число умерших(Человек)"	"2012 год"	"201212"	"ЖАНИБЕКСКИЙ РАЙОН"	"0"	"сельская местность"	"0"	"Всего"	"0"	"116"
"Число умерших(Человек)"	"2021 год"	"202112"	"ЖАНИБЕКСКИЙ РАЙОН"	"0"	"сельская местность"	"0"	"Всего"	"0"	"126"
"Число умерших(Человек)"	"2020 год"	"202012"	"ЖАНИБЕКСКИЙ РАЙОН"	"0"	"сельская местность"	"0"	"Всего"	"0"	"121"
"Число умерших(Человек)"	"2019 год"	"201912"	"ЖАНИБЕКСКИЙ РАЙОН"	"0"	"сельская местность"	"0"	"Всего"	"0"	"112"
"Число умерших(Человек)"	"2018 год"	"201812"	"ЖАНИБЕКСКИЙ РАЙОН"	"0"	"сельская местность"	"0"	"Всего"	"0"	"114"
"Число умерших(Человек)"	"2022 год"	"202212"	"ЖАНИБЕКСКИЙ РАЙОН"	"0"	"сельская местность"	"0"	"Всего"	"0"	"103"
"Число умерших(Человек)"	"2017 год"	"201712"	"ЖАНИБЕКСКИЙ РАЙОН"	"0"	"сельская местность"	"0"	"Всего"	"0"	"115"
"Число умерших(Человек)"	"2023 год"	"202312"	"ЖАНИБЕКСКИЙ РАЙОН"	"0"	"сельская местность"	"0"	"Всего"	"0"	"116"
"Число умерших(Человек)"	"2024 год"	"202412"	"ЖАНИБЕКСКИЙ РАЙОН"	"0"	"сельская местность"	"0"	"Всего"	"0"	"126"
"Число умерших(Человек)"	"2009 год"	"200912"	"РАЙОН БӘЙТЕРЕК"	"0"	"Всего"	"0"	"Всего"	"0"	"641"
"Число умерших(Человек)"	"2011 год"	"201112"	"РАЙОН БӘЙТЕРЕК"	"0"	"Всего"	"0"	"Всего"	"0"	"660"
"Число умерших(Человек)"	"2016 год"	"201612"	"РАЙОН БӘЙТЕРЕК"	"0"	"Всего"	"0"	"Всего"	"0"	"618"
"Число умерших(Человек)"	"2010 год"	"201012"	"РАЙОН БӘЙТЕРЕК"	"0"	"Всего"	"0"	"Всего"	"0"	"659"
"Число умерших(Человек)"	"2015 год"	"201512"	"РАЙОН БӘЙТЕРЕК"	"0"	"Всего"	"0"	"Всего"	"0"	"567"
"Число умерших(Человек)"	"2013 год"	"201312"	"РАЙОН БӘЙТЕРЕК"	"0"	"Всего"	"0"	"Всего"	"0"	"616"
"Число умерших(Человек)"	"2014 год"	"201412"	"РАЙОН БӘЙТЕРЕК"	"0"	"Всего"	"0"	"Всего"	"0"	"539"
"Число умерших(Человек)"	"2012 год"	"201212"	"РАЙОН БӘЙТЕРЕК"	"0"	"Всего"	"0"	"Всего"	"0"	"587"
"Число умерших(Человек)"	"2021 год"	"202112"	"РАЙОН БӘЙТЕРЕК"	"0"	"Всего"	"0"	"Всего"	"0"	"829"
"Число умерших(Человек)"	"2020 год"	"202012"	"РАЙОН БӘЙТЕРЕК"	"0"	"Всего"	"0"	"Всего"	"0"	"657"
"Число умерших(Человек)"	"2019 год"	"201912"	"РАЙОН БӘЙТЕРЕК"	"0"	"Всего"	"0"	"Всего"	"0"	"602"
"Число умерших(Человек)"	"2018 год"	"201812"	"РАЙОН БӘЙТЕРЕК"	"0"	"Всего"	"0"	"Всего"	"0"	"603"
"Число умерших(Человек)"	"2022 год"	"202212"	"РАЙОН БӘЙТЕРЕК"	"0"	"Всего"	"0"	"Всего"	"0"	"550"
"Число умерших(Человек)"	"2017 год"	"201712"	"РАЙОН БӘЙТЕРЕК"	"0"	"Всего"	"0"	"Всего"	"0"	"575"
"Число умерших(Человек)"	"2023 год"	"202312"	"РАЙОН БӘЙТЕРЕК"	"0"	"Всего"	"0"	"Всего"	"0"	"590"
"Число умерших(Человек)"	"2024 год"	"202412"	"РАЙОН БӘЙТЕРЕК"	"0"	"Всего"	"0"	"Всего"	"0"	"661"
"Число умерших(Человек)"	"2009 год"	"200912"	"РАЙОН БӘЙТЕРЕК"	"0"	"сельская местность"	"0"	"Всего"	"0"	"641"
"Число умерших(Человек)"	"2011 год"	"201112"	"РАЙОН БӘЙТЕРЕК"	"0"	"сельская местность"	"0"	"Всего"	"0"	"660"
"Число умерших(Человек)"	"2016 год"	"201612"	"РАЙОН БӘЙТЕРЕК"	"0"	"сельская местность"	"0"	"Всего"	"0"	"618"
"Число умерших(Человек)"	"2010 год"	"201012"	"РАЙОН БӘЙТЕРЕК"	"0"	"сельская местность"	"0"	"Всего"	"0"	"659"
"Число умерших(Человек)"	"2015 год"	"201512"	"РАЙОН БӘЙТЕРЕК"	"0"	"сельская местность"	"0"	"Всего"	"0"	"567"
"Число умерших(Человек)"	"2013 год"	"201312"	"РАЙОН БӘЙТЕРЕК"	"0"	"сельская местность"	"0"	"Всего"	"0"	"616"
"Число умерших(Человек)"	"2014 год"	"201412"	"РАЙОН БӘЙТЕРЕК"	"0"	"сельская местность"	"0"	"Всего"	"0"	"539"
"Число умерших(Человек)"	"2012 год"	"201212"	"РАЙОН БӘЙТЕРЕК"	"0"	"сельская местность"	"0"	"Всего"	"0"	"587"
"Число умерших(Человек)"	"2021 год"	"202112"	"РАЙОН БӘЙТЕРЕК"	"0"	"сельская местность"	"0"	"Всего"	"0"	"829"
"Число умерших(Человек)"	"2020 год"	"202012"	"РАЙОН БӘЙТЕРЕК"	"0"	"сельская местность"	"0"	"Всего"	"0"	"657"
"Число умерших(Человек)"	"2019 год"	"201912"	"РАЙОН БӘЙТЕРЕК"	"0"	"сельская местность"	"0"	"Всего"	"0"	"602"
"Число умерших(Человек)"	"2018 год"	"201812"	"РАЙОН БӘЙТЕРЕК"	"0"	"сельская местность"	"0"	"Всего"	"0"	"603"
"Число умерших(Человек)"	"2022 год"	"202212"	"РАЙОН БӘЙТЕРЕК"	"0"	"сельская местность"	"0"	"Всего"	"0"	"550"
"Число умерших(Человек)"	"2017 год"	"201712"	"РАЙОН БӘЙТЕРЕК"	"0"	"сельская местность"	"0"	"Всего"	"0"	"575"
"Число умерших(Человек)"	"2023 год"	"202312"	"РАЙОН БӘЙТЕРЕК"	"0"	"сельская местность"	"0"	"Всего"	"0"	"590"
"Число умерших(Человек)"	"2024 год"	"202412"	"РАЙОН БӘЙТЕРЕК"	"0"	"сельская местность"	"0"	"Всего"	"0"	"661"
"Число умерших(Человек)"	"2009 год"	"200912"	"КАЗТАЛОВСКИЙ РАЙОН"	"0"	"Всего"	"0"	"Всего"	"0"	"292"
"Число умерших(Человек)"	"2011 год"	"201112"	"КАЗТАЛОВСКИЙ РАЙОН"	"0"	"Всего"	"0"	"Всего"	"0"	"252"
"Число умерших(Человек)"	"2016 год"	"201612"	"КАЗТАЛОВСКИЙ РАЙОН"	"0"	"Всего"	"0"	"Всего"	"0"	"260"
"Число умерших(Человек)"	"2010 год"	"201012"	"КАЗТАЛОВСКИЙ РАЙОН"	"0"	"Всего"	"0"	"Всего"	"0"	"250"
"Число умерших(Человек)"	"2015 год"	"201512"	"КАЗТАЛОВСКИЙ РАЙОН"	"0"	"Всего"	"0"	"Всего"	"0"	"243"
"Число умерших(Человек)"	"2013 год"	"201312"	"КАЗТАЛОВСКИЙ РАЙОН"	"0"	"Всего"	"0"	"Всего"	"0"	"251"
"Число умерших(Человек)"	"2014 год"	"201412"	"КАЗТАЛОВСКИЙ РАЙОН"	"0"	"Всего"	"0"	"Всего"	"0"	"233"
"Число умерших(Человек)"	"2012 год"	"201212"	"КАЗТАЛОВСКИЙ РАЙОН"	"0"	"Всего"	"0"	"Всего"	"0"	"241"
"Число умерших(Человек)"	"2021 год"	"202112"	"КАЗТАЛОВСКИЙ РАЙОН"	"0"	"Всего"	"0"	"Всего"	"0"	"274"
"Число умерших(Человек)"	"2020 год"	"202012"	"КАЗТАЛОВСКИЙ РАЙОН"	"0"	"Всего"	"0"	"Всего"	"0"	"240"
"Число умерших(Человек)"	"2019 год"	"201912"	"КАЗТАЛОВСКИЙ РАЙОН"	"0"	"Всего"	"0"	"Всего"	"0"	"230"
"Число умерших(Человек)"	"2018 год"	"201812"	"КАЗТАЛОВСКИЙ РАЙОН"	"0"	"Всего"	"0"	"Всего"	"0"	"224"
"Число умерших(Человек)"	"2022 год"	"202212"	"КАЗТАЛОВСКИЙ РАЙОН"	"0"	"Всего"	"0"	"Всего"	"0"	"218"
"Число умерших(Человек)"	"2017 год"	"201712"	"КАЗТАЛОВСКИЙ РАЙОН"	"0"	"Всего"	"0"	"Всего"	"0"	"259"
"Число умерших(Человек)"	"2023 год"	"202312"	"КАЗТАЛОВСКИЙ РАЙОН"	"0"	"Всего"	"0"	"Всего"	"0"	"204"
"Число умерших(Человек)"	"2024 год"	"202412"	"КАЗТАЛОВСКИЙ РАЙОН"	"0"	"Всего"	"0"	"Всего"	"0"	"207"
"Число умерших(Человек)"	"2009 год"	"200912"	"КАЗТАЛОВСКИЙ РАЙОН"	"0"	"сельская местность"	"0"	"Всего"	"0"	"292"
"Число умерших(Человек)"	"2011 год"	"201112"	"КАЗТАЛОВСКИЙ РАЙОН"	"0"	"сельская местность"	"0"	"Всего"	"0"	"252"
"Число умерших(Человек)"	"2016 год"	"201612"	"КАЗТАЛОВСКИЙ РАЙОН"	"0"	"сельская местность"	"0"	"Всего"	"0"	"260"
"Число умерших(Человек)"	"2010 год"	"201012"	"КАЗТАЛОВСКИЙ РАЙОН"	"0"	"сельская местность"	"0"	"Всего"	"0"	"250"
"Число умерших(Человек)"	"2015 год"	"201512"	"КАЗТАЛОВСКИЙ РАЙОН"	"0"	"сельская местность"	"0"	"Всего"	"0"	"243"
"Число умерших(Человек)"	"2013 год"	"201312"	"КАЗТАЛОВСКИЙ РАЙОН"	"0"	"сельская местность"	"0"	"Всего"	"0"	"251"
"Число умерших(Человек)"	"2014 год"	"201412"	"КАЗТАЛОВСКИЙ РАЙОН"	"0"	"сельская местность"	"0"	"Всего"	"0"	"233"
"Число умерших(Человек)"	"2012 год"	"201212"	"КАЗТАЛОВСКИЙ РАЙОН"	"0"	"сельская местность"	"0"	"Всего"	"0"	"241"
"Число умерших(Человек)"	"2021 год"	"202112"	"КАЗТАЛОВСКИЙ РАЙОН"	"0"	"сельская местность"	"0"	"Всего"	"0"	"274"
"Число умерших(Человек)"	"2020 год"	"202012"	"КАЗТАЛОВСКИЙ РАЙОН"	"0"	"сельская местность"	"0"	"Всего"	"0"	"240"
"Число умерших(Человек)"	"2019 год"	"201912"	"КАЗТАЛОВСКИЙ РАЙОН"	"0"	"сельская местность"	"0"	"Всего"	"0"	"230"
"Число умерших(Человек)"	"2018 год"	"201812"	"КАЗТАЛОВСКИЙ РАЙОН"	"0"	"сельская местность"	"0"	"Всего"	"0"	"224"
"Число умерших(Человек)"	"2022 год"	"202212"	"КАЗТАЛОВСКИЙ РАЙОН"	"0"	"сельская местность"	"0"	"Всего"	"0"	"218"
"Число умерших(Человек)"	"2017 год"	"201712"	"КАЗТАЛОВСКИЙ РАЙОН"	"0"	"сельская местность"	"0"	"Всего"	"0"	"259"
"Число умерших(Человек)"	"2023 год"	"202312"	"КАЗТАЛОВСКИЙ РАЙОН"	"0"	"сельская местность"	"0"	"Всего"	"0"	"204"
"Число умерших(Человек)"	"2024 год"	"202412"	"КАЗТАЛОВСКИЙ РАЙОН"	"0"	"сельская местность"	"0"	"Всего"	"0"	"207"
"Число умерших(Человек)"	"2009 год"	"200912"	"КАРАТОБИНСКИЙ РАЙОН"	"0"	"Всего"	"0"	"Всего"	"0"	"125"
"Число умерших(Человек)"	"2011 год"	"201112"	"КАРАТОБИНСКИЙ РАЙОН"	"0"	"Всего"	"0"	"Всего"	"0"	"141"
"Число умерших(Человек)"	"2016 год"	"201612"	"КАРАТОБИНСКИЙ РАЙОН"	"0"	"Всего"	"0"	"Всего"	"0"	"97"
"Число умерших(Человек)"	"2010 год"	"201012"	"КАРАТОБИНСКИЙ РАЙОН"	"0"	"Всего"	"0"	"Всего"	"0"	"128"
"Число умерших(Человек)"	"2015 год"	"201512"	"КАРАТОБИНСКИЙ РАЙОН"	"0"	"Всего"	"0"	"Всего"	"0"	"94"
"Число умерших(Человек)"	"2013 год"	"201312"	"КАРАТОБИНСКИЙ РАЙОН"	"0"	"Всего"	"0"	"Всего"	"0"	"107"
"Число умерших(Человек)"	"2014 год"	"201412"	"КАРАТОБИНСКИЙ РАЙОН"	"0"	"Всего"	"0"	"Всего"	"0"	"98"
"Число умерших(Человек)"	"2012 год"	"201212"	"КАРАТОБИНСКИЙ РАЙОН"	"0"	"Всего"	"0"	"Всего"	"0"	"120"
"Число умерших(Человек)"	"2021 год"	"202112"	"КАРАТОБИНСКИЙ РАЙОН"	"0"	"Всего"	"0"	"Всего"	"0"	"107"
"Число умерших(Человек)"	"2020 год"	"202012"	"КАРАТОБИНСКИЙ РАЙОН"	"0"	"Всего"	"0"	"Всего"	"0"	"101"
"Число умерших(Человек)"	"2019 год"	"201912"	"КАРАТОБИНСКИЙ РАЙОН"	"0"	"Всего"	"0"	"Всего"	"0"	"96"
"Число умерших(Человек)"	"2018 год"	"201812"	"КАРАТОБИНСКИЙ РАЙОН"	"0"	"Всего"	"0"	"Всего"	"0"	"96"
"Число умерших(Человек)"	"2022 год"	"202212"	"КАРАТОБИНСКИЙ РАЙОН"	"0"	"Всего"	"0"	"Всего"	"0"	"117"
"Число умерших(Человек)"	"2017 год"	"201712"	"КАРАТОБИНСКИЙ РАЙОН"	"0"	"Всего"	"0"	"Всего"	"0"	"109"
"Число умерших(Человек)"	"2023 год"	"202312"	"КАРАТОБИНСКИЙ РАЙОН"	"0"	"Всего"	"0"	"Всего"	"0"	"82"
"Число умерших(Человек)"	"2024 год"	"202412"	"КАРАТОБИНСКИЙ РАЙОН"	"0"	"Всего"	"0"	"Всего"	"0"	"86"
"Число умерших(Человек)"	"2009 год"	"200912"	"КАРАТОБИНСКИЙ РАЙОН"	"0"	"сельская местность"	"0"	"Всего"	"0"	"125"
"Число умерших(Человек)"	"2011 год"	"201112"	"КАРАТОБИНСКИЙ РАЙОН"	"0"	"сельская местность"	"0"	"Всего"	"0"	"141"
"Число умерших(Человек)"	"2016 год"	"201612"	"КАРАТОБИНСКИЙ РАЙОН"	"0"	"сельская местность"	"0"	"Всего"	"0"	"97"
"Число умерших(Человек)"	"2010 год"	"201012"	"КАРАТОБИНСКИЙ РАЙОН"	"0"	"сельская местность"	"0"	"Всего"	"0"	"128"
"Число умерших(Человек)"	"2015 год"	"201512"	"КАРАТОБИНСКИЙ РАЙОН"	"0"	"сельская местность"	"0"	"Всего"	"0"	"94"
"Число умерших(Человек)"	"2013 год"	"201312"	"КАРАТОБИНСКИЙ РАЙОН"	"0"	"сельская местность"	"0"	"Всего"	"0"	"107"
"Число умерших(Человек)"	"2014 год"	"201412"	"КАРАТОБИНСКИЙ РАЙОН"	"0"	"сельская местность"	"0"	"Всего"	"0"	"98"
"Число умерших(Человек)"	"2012 год"	"201212"	"КАРАТОБИНСКИЙ РАЙОН"	"0"	"сельская местность"	"0"	"Всего"	"0"	"120"
"Число умерших(Человек)"	"2021 год"	"202112"	"КАРАТОБИНСКИЙ РАЙОН"	"0"	"сельская местность"	"0"	"Всего"	"0"	"107"
"Число умерших(Человек)"	"2020 год"	"202012"	"КАРАТОБИНСКИЙ РАЙОН"	"0"	"сельская местность"	"0"	"Всего"	"0"	"101"
"Число умерших(Человек)"	"2019 год"	"201912"	"КАРАТОБИНСКИЙ РАЙОН"	"0"	"сельская местность"	"0"	"Всего"	"0"	"96"
"Число умерших(Человек)"	"2018 год"	"201812"	"КАРАТОБИНСКИЙ РАЙОН"	"0"	"сельская местность"	"0"	"Всего"	"0"	"96"
"Число умерших(Человек)"	"2022 год"	"202212"	"КАРАТОБИНСКИЙ РАЙОН"	"0"	"сельская местность"	"0"	"Всего"	"0"	"117"
"Число умерших(Человек)"	"2017 год"	"201712"	"КАРАТОБИНСКИЙ РАЙОН"	"0"	"сельская местность"	"0"	"Всего"	"0"	"109"
"Число умерших(Человек)"	"2023 год"	"202312"	"КАРАТОБИНСКИЙ РАЙОН"	"0"	"сельская местность"	"0"	"Всего"	"0"	"82"
"Число умерших(Человек)"	"2024 год"	"202412"	"КАРАТОБИНСКИЙ РАЙОН"	"0"	"сельская местность"	"0"	"Всего"	"0"	"86"
"Число умерших(Человек)"	"2009 год"	"200912"	"БОКЕЙОРДИНСКИЙ РАЙОН"	"0"	"Всего"	"0"	"Всего"	"0"	"139"
"Число умерших(Человек)"	"2011 год"	"201112"	"БОКЕЙОРДИНСКИЙ РАЙОН"	"0"	"Всего"	"0"	"Всего"	"0"	"140"
"Число умерших(Человек)"	"2016 год"	"201612"	"БОКЕЙОРДИНСКИЙ РАЙОН"	"0"	"Всего"	"0"	"Всего"	"0"	"125"
"Число умерших(Человек)"	"2010 год"	"201012"	"БОКЕЙОРДИНСКИЙ РАЙОН"	"0"	"Всего"	"0"	"Всего"	"0"	"147"
"Число умерших(Человек)"	"2015 год"	"201512"	"БОКЕЙОРДИНСКИЙ РАЙОН"	"0"	"Всего"	"0"	"Всего"	"0"	"96"
"Число умерших(Человек)"	"2013 год"	"201312"	"БОКЕЙОРДИНСКИЙ РАЙОН"	"0"	"Всего"	"0"	"Всего"	"0"	"111"
"Число умерших(Человек)"	"2014 год"	"201412"	"БОКЕЙОРДИНСКИЙ РАЙОН"	"0"	"Всего"	"0"	"Всего"	"0"	"139"
"Число умерших(Человек)"	"2012 год"	"201212"	"БОКЕЙОРДИНСКИЙ РАЙОН"	"0"	"Всего"	"0"	"Всего"	"0"	"124"
"Число умерших(Человек)"	"2021 год"	"202112"	"БОКЕЙОРДИНСКИЙ РАЙОН"	"0"	"Всего"	"0"	"Всего"	"0"	"155"
"Число умерших(Человек)"	"2020 год"	"202012"	"БОКЕЙОРДИНСКИЙ РАЙОН"	"0"	"Всего"	"0"	"Всего"	"0"	"139"
"Число умерших(Человек)"	"2019 год"	"201912"	"БОКЕЙОРДИНСКИЙ РАЙОН"	"0"	"Всего"	"0"	"Всего"	"0"	"106"
"Число умерших(Человек)"	"2018 год"	"201812"	"БОКЕЙОРДИНСКИЙ РАЙОН"	"0"	"Всего"	"0"	"Всего"	"0"	"111"
"Число умерших(Человек)"	"2022 год"	"202212"	"БОКЕЙОРДИНСКИЙ РАЙОН"	"0"	"Всего"	"0"	"Всего"	"0"	"101"
"Число умерших(Человек)"	"2017 год"	"201712"	"БОКЕЙОРДИНСКИЙ РАЙОН"	"0"	"Всего"	"0"	"Всего"	"0"	"128"
"Число умерших(Человек)"	"2023 год"	"202312"	"БОКЕЙОРДИНСКИЙ РАЙОН"	"0"	"Всего"	"0"	"Всего"	"0"	"115"
"Число умерших(Человек)"	"2024 год"	"202412"	"БОКЕЙОРДИНСКИЙ РАЙОН"	"0"	"Всего"	"0"	"Всего"	"0"	"90"
"Число умерших(Человек)"	"2009 год"	"200912"	"БУРЛИНСКИЙ РАЙОН"	"0"	"городская местность"	"0"	"Всего"	"0"	"249"
"Число умерших(Человек)"	"2011 год"	"201112"	"БУРЛИНСКИЙ РАЙОН"	"0"	"городская местность"	"0"	"Всего"	"0"	"233"
"Число умерших(Человек)"	"2016 год"	"201612"	"БУРЛИНСКИЙ РАЙОН"	"0"	"городская местность"	"0"	"Всего"	"0"	"228"
"Число умерших(Человек)"	"2010 год"	"201012"	"БУРЛИНСКИЙ РАЙОН"	"0"	"городская местность"	"0"	"Всего"	"0"	"261"
"Число умерших(Человек)"	"2015 год"	"201512"	"БУРЛИНСКИЙ РАЙОН"	"0"	"городская местность"	"0"	"Всего"	"0"	"217"
"Число умерших(Человек)"	"2013 год"	"201312"	"БУРЛИНСКИЙ РАЙОН"	"0"	"городская местность"	"0"	"Всего"	"0"	"234"
"Число умерших(Человек)"	"2014 год"	"201412"	"БУРЛИНСКИЙ РАЙОН"	"0"	"городская местность"	"0"	"Всего"	"0"	"217"
"Число умерших(Человек)"	"2012 год"	"201212"	"БУРЛИНСКИЙ РАЙОН"	"0"	"городская местность"	"0"	"Всего"	"0"	"249"
"Число умерших(Человек)"	"2021 год"	"202112"	"БУРЛИНСКИЙ РАЙОН"	"0"	"городская местность"	"0"	"Всего"	"0"	"321"
"Число умерших(Человек)"	"2020 год"	"202012"	"БУРЛИНСКИЙ РАЙОН"	"0"	"городская местность"	"0"	"Всего"	"0"	"303"
"Число умерших(Человек)"	"2019 год"	"201912"	"БУРЛИНСКИЙ РАЙОН"	"0"	"городская местность"	"0"	"Всего"	"0"	"215"
"Число умерших(Человек)"	"2018 год"	"201812"	"БУРЛИНСКИЙ РАЙОН"	"0"	"городская местность"	"0"	"Всего"	"0"	"238"
"Число умерших(Человек)"	"2022 год"	"202212"	"БУРЛИНСКИЙ РАЙОН"	"0"	"городская местность"	"0"	"Всего"	"0"	"268"
"Число умерших(Человек)"	"2017 год"	"201712"	"БУРЛИНСКИЙ РАЙОН"	"0"	"городская местность"	"0"	"Всего"	"0"	"247"
"Число умерших(Человек)"	"2023 год"	"202312"	"БУРЛИНСКИЙ РАЙОН"	"0"	"городская местность"	"0"	"Всего"	"0"	"238"
"Число умерших(Человек)"	"2024 год"	"202412"	"БУРЛИНСКИЙ РАЙОН"	"0"	"городская местность"	"0"	"Всего"	"0"	"262"
"Число умерших(Человек)"	"2009 год"	"200912"	"БУРЛИНСКИЙ РАЙОН"	"0"	"сельская местность"	"0"	"Всего"	"0"	"224"
"Число умерших(Человек)"	"2011 год"	"201112"	"БУРЛИНСКИЙ РАЙОН"	"0"	"сельская местность"	"0"	"Всего"	"0"	"202"
"Число умерших(Человек)"	"2016 год"	"201612"	"БУРЛИНСКИЙ РАЙОН"	"0"	"сельская местность"	"0"	"Всего"	"0"	"219"
"Число умерших(Человек)"	"2010 год"	"201012"	"БУРЛИНСКИЙ РАЙОН"	"0"	"сельская местность"	"0"	"Всего"	"0"	"199"
"Число умерших(Человек)"	"2015 год"	"201512"	"БУРЛИНСКИЙ РАЙОН"	"0"	"сельская местность"	"0"	"Всего"	"0"	"215"
"Число умерших(Человек)"	"2013 год"	"201312"	"БУРЛИНСКИЙ РАЙОН"	"0"	"сельская местность"	"0"	"Всего"	"0"	"212"
"Число умерших(Человек)"	"2014 год"	"201412"	"БУРЛИНСКИЙ РАЙОН"	"0"	"сельская местность"	"0"	"Всего"	"0"	"183"
"Число умерших(Человек)"	"2012 год"	"201212"	"БУРЛИНСКИЙ РАЙОН"	"0"	"сельская местность"	"0"	"Всего"	"0"	"213"
"Число умерших(Человек)"	"2021 год"	"202112"	"БУРЛИНСКИЙ РАЙОН"	"0"	"сельская местность"	"0"	"Всего"	"0"	"276"
"Число умерших(Человек)"	"2020 год"	"202012"	"БУРЛИНСКИЙ РАЙОН"	"0"	"сельская местность"	"0"	"Всего"	"0"	"222"
"Число умерших(Человек)"	"2019 год"	"201912"	"БУРЛИНСКИЙ РАЙОН"	"0"	"сельская местность"	"0"	"Всего"	"0"	"214"
"Число умерших(Человек)"	"2018 год"	"201812"	"БУРЛИНСКИЙ РАЙОН"	"0"	"сельская местность"	"0"	"Всего"	"0"	"217"
"Число умерших(Человек)"	"2022 год"	"202212"	"БУРЛИНСКИЙ РАЙОН"	"0"	"сельская местность"	"0"	"Всего"	"0"	"217"
"Число умерших(Человек)"	"2017 год"	"201712"	"БУРЛИНСКИЙ РАЙОН"	"0"	"сельская местность"	"0"	"Всего"	"0"	"204"
"Число умерших(Человек)"	"2023 год"	"202312"	"БУРЛИНСКИЙ РАЙОН"	"0"	"сельская местность"	"0"	"Всего"	"0"	"214"
"Число умерших(Человек)"	"2024 год"	"202412"	"БУРЛИНСКИЙ РАЙОН"	"0"	"сельская местность"	"0"	"Всего"	"0"	"194"
"Число умерших(Человек)"	"2009 год"	"200912"	"ЖАНГАЛИНСКИЙ РАЙОН"	"0"	"Всего"	"0"	"Всего"	"0"	"189"
"Число умерших(Человек)"	"2011 год"	"201112"	"ЖАНГАЛИНСКИЙ РАЙОН"	"0"	"Всего"	"0"	"Всего"	"0"	"141"
"Число умерших(Человек)"	"2016 год"	"201612"	"ЖАНГАЛИНСКИЙ РАЙОН"	"0"	"Всего"	"0"	"Всего"	"0"	"165"
"Число умерших(Человек)"	"2010 год"	"201012"	"ЖАНГАЛИНСКИЙ РАЙОН"	"0"	"Всего"	"0"	"Всего"	"0"	"165"
"Число умерших(Человек)"	"2015 год"	"201512"	"ЖАНГАЛИНСКИЙ РАЙОН"	"0"	"Всего"	"0"	"Всего"	"0"	"142"
"Число умерших(Человек)"	"2013 год"	"201312"	"ЖАНГАЛИНСКИЙ РАЙОН"	"0"	"Всего"	"0"	"Всего"	"0"	"179"
"Число умерших(Человек)"	"2014 год"	"201412"	"ЖАНГАЛИНСКИЙ РАЙОН"	"0"	"Всего"	"0"	"Всего"	"0"	"154"
"Число умерших(Человек)"	"2012 год"	"201212"	"ЖАНГАЛИНСКИЙ РАЙОН"	"0"	"Всего"	"0"	"Всего"	"0"	"186"
"Число умерших(Человек)"	"2021 год"	"202112"	"ЖАНГАЛИНСКИЙ РАЙОН"	"0"	"Всего"	"0"	"Всего"	"0"	"195"
"Число умерших(Человек)"	"2020 год"	"202012"	"ЖАНГАЛИНСКИЙ РАЙОН"	"0"	"Всего"	"0"	"Всего"	"0"	"183"
"Число умерших(Человек)"	"2019 год"	"201912"	"ЖАНГАЛИНСКИЙ РАЙОН"	"0"	"Всего"	"0"	"Всего"	"0"	"167"
"Число умерших(Человек)"	"2018 год"	"201812"	"ЖАНГАЛИНСКИЙ РАЙОН"	"0"	"Всего"	"0"	"Всего"	"0"	"130"
"Число умерших(Человек)"	"2022 год"	"202212"	"ЖАНГАЛИНСКИЙ РАЙОН"	"0"	"Всего"	"0"	"Всего"	"0"	"136"
"Число умерших(Человек)"	"2017 год"	"201712"	"ЖАНГАЛИНСКИЙ РАЙОН"	"0"	"Всего"	"0"	"Всего"	"0"	"158"
"Число умерших(Человек)"	"2023 год"	"202312"	"ЖАНГАЛИНСКИЙ РАЙОН"	"0"	"Всего"	"0"	"Всего"	"0"	"134"
"Число умерших(Человек)"	"2024 год"	"202412"	"ЖАНГАЛИНСКИЙ РАЙОН"	"0"	"Всего"	"0"	"Всего"	"0"	"170"
"Число умерших(Человек)"	"2009 год"	"200912"	"ЖАНГАЛИНСКИЙ РАЙОН"	"0"	"сельская местность"	"0"	"Всего"	"0"	"189"
"Число умерших(Человек)"	"2011 год"	"201112"	"ЖАНГАЛИНСКИЙ РАЙОН"	"0"	"сельская местность"	"0"	"Всего"	"0"	"141"
"Число умерших(Человек)"	"2016 год"	"201612"	"ЖАНГАЛИНСКИЙ РАЙОН"	"0"	"сельская местность"	"0"	"Всего"	"0"	"165"
"Число умерших(Человек)"	"2010 год"	"201012"	"ЖАНГАЛИНСКИЙ РАЙОН"	"0"	"сельская местность"	"0"	"Всего"	"0"	"165"
"Число умерших(Человек)"	"2015 год"	"201512"	"ЖАНГАЛИНСКИЙ РАЙОН"	"0"	"сельская местность"	"0"	"Всего"	"0"	"142"
"Число умерших(Человек)"	"2013 год"	"201312"	"ЖАНГАЛИНСКИЙ РАЙОН"	"0"	"сельская местность"	"0"	"Всего"	"0"	"179"
"Число умерших(Человек)"	"2014 год"	"201412"	"ЖАНГАЛИНСКИЙ РАЙОН"	"0"	"сельская местность"	"0"	"Всего"	"0"	"154"
"Число умерших(Человек)"	"2012 год"	"201212"	"ЖАНГАЛИНСКИЙ РАЙОН"	"0"	"сельская местность"	"0"	"Всего"	"0"	"186"
"Число умерших(Человек)"	"2021 год"	"202112"	"ЖАНГАЛИНСКИЙ РАЙОН"	"0"	"сельская местность"	"0"	"Всего"	"0"	"195"
"Число умерших(Человек)"	"2020 год"	"202012"	"ЖАНГАЛИНСКИЙ РАЙОН"	"0"	"сельская местность"	"0"	"Всего"	"0"	"183"
"Число умерших(Человек)"	"2019 год"	"201912"	"ЖАНГАЛИНСКИЙ РАЙОН"	"0"	"сельская местность"	"0"	"Всего"	"0"	"167"
"Число умерших(Человек)"	"2018 год"	"201812"	"ЖАНГАЛИНСКИЙ РАЙОН"	"0"	"сельская местность"	"0"	"Всего"	"0"	"130"
"Число умерших(Человек)"	"2022 год"	"202212"	"ЖАНГАЛИНСКИЙ РАЙОН"	"0"	"сельская местность"	"0"	"Всего"	"0"	"136"
"Число умерших(Человек)"	"2017 год"	"201712"	"ЖАНГАЛИНСКИЙ РАЙОН"	"0"	"сельская местность"	"0"	"Всего"	"0"	"158"
"Число умерших(Человек)"	"2023 год"	"202312"	"ЖАНГАЛИНСКИЙ РАЙОН"	"0"	"сельская местность"	"0"	"Всего"	"0"	"134"
"Число умерших(Человек)"	"2024 год"	"202412"	"ЖАНГАЛИНСКИЙ РАЙОН"	"0"	"сельская местность"	"0"	"Всего"	"0"	"170"
"Число умерших(Человек)"	"2009 год"	"200912"	"ТАЛГАРСКИЙ РАЙОН"	"0"	"городская местность"	"0"	"Всего"	"0"	"570"
"Число умерших(Человек)"	"2011 год"	"201112"	"ТАЛГАРСКИЙ РАЙОН"	"0"	"городская местность"	"0"	"Всего"	"0"	"572"
"Число умерших(Человек)"	"2016 год"	"201612"	"ТАЛГАРСКИЙ РАЙОН"	"0"	"городская местность"	"0"	"Всего"	"0"	"491"
"Число умерших(Человек)"	"2010 год"	"201012"	"ТАЛГАРСКИЙ РАЙОН"	"0"	"городская местность"	"0"	"Всего"	"0"	"544"
"Число умерших(Человек)"	"2015 год"	"201512"	"ТАЛГАРСКИЙ РАЙОН"	"0"	"городская местность"	"0"	"Всего"	"0"	"454"
"Число умерших(Человек)"	"2013 год"	"201312"	"ТАЛГАРСКИЙ РАЙОН"	"0"	"городская местность"	"0"	"Всего"	"0"	"514"
"Число умерших(Человек)"	"2014 год"	"201412"	"ТАЛГАРСКИЙ РАЙОН"	"0"	"городская местность"	"0"	"Всего"	"0"	"484"
"Число умерших(Человек)"	"2012 год"	"201212"	"ТАЛГАРСКИЙ РАЙОН"	"0"	"городская местность"	"0"	"Всего"	"0"	"534"
"Число умерших(Человек)"	"2021 год"	"202112"	"ТАЛГАРСКИЙ РАЙОН"	"0"	"городская местность"	"0"	"Всего"	"0"	"729"
"Число умерших(Человек)"	"2020 год"	"202012"	"ТАЛГАРСКИЙ РАЙОН"	"0"	"городская местность"	"0"	"Всего"	"0"	"559"
"Число умерших(Человек)"	"2019 год"	"201912"	"ТАЛГАРСКИЙ РАЙОН"	"0"	"городская местность"	"0"	"Всего"	"0"	"500"
"Число умерших(Человек)"	"2018 год"	"201812"	"ТАЛГАРСКИЙ РАЙОН"	"0"	"городская местность"	"0"	"Всего"	"0"	"497"
"Число умерших(Человек)"	"2022 год"	"202212"	"ТАЛГАРСКИЙ РАЙОН"	"0"	"городская местность"	"0"	"Всего"	"0"	"560"
"Число умерших(Человек)"	"2017 год"	"201712"	"ТАЛГАРСКИЙ РАЙОН"	"0"	"городская местность"	"0"	"Всего"	"0"	"492"
"Число умерших(Человек)"	"2023 год"	"202312"	"ТАЛГАРСКИЙ РАЙОН"	"0"	"городская местность"	"0"	"Всего"	"0"	"485"
"Число умерших(Человек)"	"2024 год"	"202412"	"ТАЛГАРСКИЙ РАЙОН"	"0"	"городская местность"	"0"	"Всего"	"0"	"457"
"Число умерших(Человек)"	"2009 год"	"200912"	"ТАЛГАРСКИЙ РАЙОН"	"0"	"сельская местность"	"0"	"Всего"	"0"	"857"
"Число умерших(Человек)"	"2011 год"	"201112"	"ТАЛГАРСКИЙ РАЙОН"	"0"	"сельская местность"	"0"	"Всего"	"0"	"891"
"Число умерших(Человек)"	"2016 год"	"201612"	"ТАЛГАРСКИЙ РАЙОН"	"0"	"сельская местность"	"0"	"Всего"	"0"	"882"
"Число умерших(Человек)"	"2010 год"	"201012"	"ТАЛГАРСКИЙ РАЙОН"	"0"	"сельская местность"	"0"	"Всего"	"0"	"895"
"Число умерших(Человек)"	"2015 год"	"201512"	"ТАЛГАРСКИЙ РАЙОН"	"0"	"сельская местность"	"0"	"Всего"	"0"	"773"
"Число умерших(Человек)"	"2013 год"	"201312"	"ТАЛГАРСКИЙ РАЙОН"	"0"	"сельская местность"	"0"	"Всего"	"0"	"823"
"Число умерших(Человек)"	"2014 год"	"201412"	"ТАЛГАРСКИЙ РАЙОН"	"0"	"сельская местность"	"0"	"Всего"	"0"	"814"
"Число умерших(Человек)"	"2012 год"	"201212"	"ТАЛГАРСКИЙ РАЙОН"	"0"	"сельская местность"	"0"	"Всего"	"0"	"943"
"Число умерших(Человек)"	"2021 год"	"202112"	"ТАЛГАРСКИЙ РАЙОН"	"0"	"сельская местность"	"0"	"Всего"	"0"	"1 297"
"Число умерших(Человек)"	"2020 год"	"202012"	"ТАЛГАРСКИЙ РАЙОН"	"0"	"сельская местность"	"0"	"Всего"	"0"	"1 079"
"Число умерших(Человек)"	"2019 год"	"201912"	"ТАЛГАРСКИЙ РАЙОН"	"0"	"сельская местность"	"0"	"Всего"	"0"	"849"
"Число умерших(Человек)"	"2018 год"	"201812"	"ТАЛГАРСКИЙ РАЙОН"	"0"	"сельская местность"	"0"	"Всего"	"0"	"845"
"Число умерших(Человек)"	"2022 год"	"202212"	"ТАЛГАРСКИЙ РАЙОН"	"0"	"сельская местность"	"0"	"Всего"	"0"	"928"
"Число умерших(Человек)"	"2017 год"	"201712"	"ТАЛГАРСКИЙ РАЙОН"	"0"	"сельская местность"	"0"	"Всего"	"0"	"896"
"Число умерших(Человек)"	"2023 год"	"202312"	"ТАЛГАРСКИЙ РАЙОН"	"0"	"сельская местность"	"0"	"Всего"	"0"	"1 052"
"Число умерших(Человек)"	"2024 год"	"202412"	"ТАЛГАРСКИЙ РАЙОН"	"0"	"сельская местность"	"0"	"Всего"	"0"	"1 106"
"Число умерших(Человек)"	"2009 год"	"200912"	"ЕСКЕЛЬДИНСКИЙ РАЙОН"	"0"	"Всего"	"0"	"Всего"	"0"	"515"
"Число умерших(Человек)"	"2011 год"	"201112"	"ЕСКЕЛЬДИНСКИЙ РАЙОН"	"0"	"Всего"	"0"	"Всего"	"0"	"493"
"Число умерших(Человек)"	"2016 год"	"201612"	"ЕСКЕЛЬДИНСКИЙ РАЙОН"	"0"	"Всего"	"0"	"Всего"	"0"	"398"
"Число умерших(Человек)"	"2010 год"	"201012"	"ЕСКЕЛЬДИНСКИЙ РАЙОН"	"0"	"Всего"	"0"	"Всего"	"0"	"484"
"Число умерших(Человек)"	"2015 год"	"201512"	"ЕСКЕЛЬДИНСКИЙ РАЙОН"	"0"	"Всего"	"0"	"Всего"	"0"	"447"
"Число умерших(Человек)"	"2013 год"	"201312"	"ЕСКЕЛЬДИНСКИЙ РАЙОН"	"0"	"Всего"	"0"	"Всего"	"0"	"471"
"Число умерших(Человек)"	"2014 год"	"201412"	"ЕСКЕЛЬДИНСКИЙ РАЙОН"	"0"	"Всего"	"0"	"Всего"	"0"	"468"
"Число умерших(Человек)"	"2012 год"	"201212"	"ЕСКЕЛЬДИНСКИЙ РАЙОН"	"0"	"Всего"	"0"	"Всего"	"0"	"497"
"Число умерших(Человек)"	"2021 год"	"202112"	"ЕСКЕЛЬДИНСКИЙ РАЙОН"	"0"	"Всего"	"0"	"Всего"	"0"	"563"
"Число умерших(Человек)"	"2020 год"	"202012"	"ЕСКЕЛЬДИНСКИЙ РАЙОН"	"0"	"Всего"	"0"	"Всего"	"0"	"499"
"Число умерших(Человек)"	"2019 год"	"201912"	"ЕСКЕЛЬДИНСКИЙ РАЙОН"	"0"	"Всего"	"0"	"Всего"	"0"	"464"
"Число умерших(Человек)"	"2018 год"	"201812"	"ЕСКЕЛЬДИНСКИЙ РАЙОН"	"0"	"Всего"	"0"	"Всего"	"0"	"395"
"Число умерших(Человек)"	"2022 год"	"202212"	"ЕСКЕЛЬДИНСКИЙ РАЙОН"	"0"	"Всего"	"0"	"Всего"	"0"	"404"
"Число умерших(Человек)"	"2017 год"	"201712"	"ЕСКЕЛЬДИНСКИЙ РАЙОН"	"0"	"Всего"	"0"	"Всего"	"0"	"396"
"Число умерших(Человек)"	"2023 год"	"202312"	"ЕСКЕЛЬДИНСКИЙ РАЙОН"	"0"	"Всего"	"0"	"Всего"	"0"	"415"
"Число умерших(Человек)"	"2024 год"	"202412"	"ЕСКЕЛЬДИНСКИЙ РАЙОН"	"0"	"Всего"	"0"	"Всего"	"0"	"448"
"Число умерших(Человек)"	"2009 год"	"200912"	"ЕСКЕЛЬДИНСКИЙ РАЙОН"	"0"	"сельская местность"	"0"	"Всего"	"0"	"515"
"Число умерших(Человек)"	"2011 год"	"201112"	"ЕСКЕЛЬДИНСКИЙ РАЙОН"	"0"	"сельская местность"	"0"	"Всего"	"0"	"493"
"Число умерших(Человек)"	"2016 год"	"201612"	"ЕСКЕЛЬДИНСКИЙ РАЙОН"	"0"	"сельская местность"	"0"	"Всего"	"0"	"398"
"Число умерших(Человек)"	"2010 год"	"201012"	"ЕСКЕЛЬДИНСКИЙ РАЙОН"	"0"	"сельская местность"	"0"	"Всего"	"0"	"484"
"Число умерших(Человек)"	"2015 год"	"201512"	"ЕСКЕЛЬДИНСКИЙ РАЙОН"	"0"	"сельская местность"	"0"	"Всего"	"0"	"447"
"Число умерших(Человек)"	"2013 год"	"201312"	"ЕСКЕЛЬДИНСКИЙ РАЙОН"	"0"	"сельская местность"	"0"	"Всего"	"0"	"471"
"Число умерших(Человек)"	"2014 год"	"201412"	"ЕСКЕЛЬДИНСКИЙ РАЙОН"	"0"	"сельская местность"	"0"	"Всего"	"0"	"468"
"Число умерших(Человек)"	"2012 год"	"201212"	"ЕСКЕЛЬДИНСКИЙ РАЙОН"	"0"	"сельская местность"	"0"	"Всего"	"0"	"497"
"Число умерших(Человек)"	"2021 год"	"202112"	"ЕСКЕЛЬДИНСКИЙ РАЙОН"	"0"	"сельская местность"	"0"	"Всего"	"0"	"563"
"Число умерших(Человек)"	"2020 год"	"202012"	"ЕСКЕЛЬДИНСКИЙ РАЙОН"	"0"	"сельская местность"	"0"	"Всего"	"0"	"499"
"Число умерших(Человек)"	"2019 год"	"201912"	"ЕСКЕЛЬДИНСКИЙ РАЙОН"	"0"	"сельская местность"	"0"	"Всего"	"0"	"464"
"Число умерших(Человек)"	"2018 год"	"201812"	"ЕСКЕЛЬДИНСКИЙ РАЙОН"	"0"	"сельская местность"	"0"	"Всего"	"0"	"395"
"Число умерших(Человек)"	"2022 год"	"202212"	"ЕСКЕЛЬДИНСКИЙ РАЙОН"	"0"	"сельская местность"	"0"	"Всего"	"0"	"404"
"Число умерших(Человек)"	"2017 год"	"201712"	"ЕСКЕЛЬДИНСКИЙ РАЙОН"	"0"	"сельская местность"	"0"	"Всего"	"0"	"396"
"Число умерших(Человек)"	"2023 год"	"202312"	"ЕСКЕЛЬДИНСКИЙ РАЙОН"	"0"	"сельская местность"	"0"	"Всего"	"0"	"415"
"Число умерших(Человек)"	"2024 год"	"202412"	"ЕСКЕЛЬДИНСКИЙ РАЙОН"	"0"	"сельская местность"	"0"	"Всего"	"0"	"448"
"Число умерших(Человек)"	"2009 год"	"200912"	"УЙГУРСКИЙ РАЙОН"	"0"	"Всего"	"0"	"Всего"	"0"	"415"
"Число умерших(Человек)"	"2011 год"	"201112"	"УЙГУРСКИЙ РАЙОН"	"0"	"Всего"	"0"	"Всего"	"0"	"462"
"Число умерших(Человек)"	"2016 год"	"201612"	"УЙГУРСКИЙ РАЙОН"	"0"	"Всего"	"0"	"Всего"	"0"	"407"
"Число умерших(Человек)"	"2010 год"	"201012"	"УЙГУРСКИЙ РАЙОН"	"0"	"Всего"	"0"	"Всего"	"0"	"448"
"Число умерших(Человек)"	"2015 год"	"201512"	"УЙГУРСКИЙ РАЙОН"	"0"	"Всего"	"0"	"Всего"	"0"	"440"
"Число умерших(Человек)"	"2013 год"	"201312"	"УЙГУРСКИЙ РАЙОН"	"0"	"Всего"	"0"	"Всего"	"0"	"478"
"Число умерших(Человек)"	"2014 год"	"201412"	"УЙГУРСКИЙ РАЙОН"	"0"	"Всего"	"0"	"Всего"	"0"	"447"
"Число умерших(Человек)"	"2012 год"	"201212"	"УЙГУРСКИЙ РАЙОН"	"0"	"Всего"	"0"	"Всего"	"0"	"469"
"Число умерших(Человек)"	"2021 год"	"202112"	"УЙГУРСКИЙ РАЙОН"	"0"	"Всего"	"0"	"Всего"	"0"	"566"
"Число умерших(Человек)"	"2020 год"	"202012"	"УЙГУРСКИЙ РАЙОН"	"0"	"Всего"	"0"	"Всего"	"0"	"480"
"Число умерших(Человек)"	"2019 год"	"201912"	"УЙГУРСКИЙ РАЙОН"	"0"	"Всего"	"0"	"Всего"	"0"	"436"
"Число умерших(Человек)"	"2018 год"	"201812"	"УЙГУРСКИЙ РАЙОН"	"0"	"Всего"	"0"	"Всего"	"0"	"409"
"Число умерших(Человек)"	"2022 год"	"202212"	"УЙГУРСКИЙ РАЙОН"	"0"	"Всего"	"0"	"Всего"	"0"	"414"
"Число умерших(Человек)"	"2017 год"	"201712"	"УЙГУРСКИЙ РАЙОН"	"0"	"Всего"	"0"	"Всего"	"0"	"418"
"Число умерших(Человек)"	"2023 год"	"202312"	"УЙГУРСКИЙ РАЙОН"	"0"	"Всего"	"0"	"Всего"	"0"	"416"
"Число умерших(Человек)"	"2024 год"	"202412"	"УЙГУРСКИЙ РАЙОН"	"0"	"Всего"	"0"	"Всего"	"0"	"401"
"Число умерших(Человек)"	"2009 год"	"200912"	"УЙГУРСКИЙ РАЙОН"	"0"	"сельская местность"	"0"	"Всего"	"0"	"415"
"Число умерших(Человек)"	"2011 год"	"201112"	"УЙГУРСКИЙ РАЙОН"	"0"	"сельская местность"	"0"	"Всего"	"0"	"462"
"Число умерших(Человек)"	"2016 год"	"201612"	"УЙГУРСКИЙ РАЙОН"	"0"	"сельская местность"	"0"	"Всего"	"0"	"407"
"Число умерших(Человек)"	"2010 год"	"201012"	"УЙГУРСКИЙ РАЙОН"	"0"	"сельская местность"	"0"	"Всего"	"0"	"448"
"Число умерших(Человек)"	"2015 год"	"201512"	"УЙГУРСКИЙ РАЙОН"	"0"	"сельская местность"	"0"	"Всего"	"0"	"440"
"Число умерших(Человек)"	"2013 год"	"201312"	"УЙГУРСКИЙ РАЙОН"	"0"	"сельская местность"	"0"	"Всего"	"0"	"478"
"Число умерших(Человек)"	"2014 год"	"201412"	"УЙГУРСКИЙ РАЙОН"	"0"	"сельская местность"	"0"	"Всего"	"0"	"447"
"Число умерших(Человек)"	"2012 год"	"201212"	"УЙГУРСКИЙ РАЙОН"	"0"	"сельская местность"	"0"	"Всего"	"0"	"469"
"Число умерших(Человек)"	"2021 год"	"202112"	"УЙГУРСКИЙ РАЙОН"	"0"	"сельская местность"	"0"	"Всего"	"0"	"566"
"Число умерших(Человек)"	"2020 год"	"202012"	"УЙГУРСКИЙ РАЙОН"	"0"	"сельская местность"	"0"	"Всего"	"0"	"480"
"Число умерших(Человек)"	"2019 год"	"201912"	"УЙГУРСКИЙ РАЙОН"	"0"	"сельская местность"	"0"	"Всего"	"0"	"436"
"Число умерших(Человек)"	"2018 год"	"201812"	"УЙГУРСКИЙ РАЙОН"	"0"	"сельская местность"	"0"	"Всего"	"0"	"409"
"Число умерших(Человек)"	"2022 год"	"202212"	"УЙГУРСКИЙ РАЙОН"	"0"	"сельская местность"	"0"	"Всего"	"0"	"414"
"Число умерших(Человек)"	"2017 год"	"201712"	"УЙГУРСКИЙ РАЙОН"	"0"	"сельская местность"	"0"	"Всего"	"0"	"418"
"Число умерших(Человек)"	"2023 год"	"202312"	"УЙГУРСКИЙ РАЙОН"	"0"	"сельская местность"	"0"	"Всего"	"0"	"416"
"Число умерших(Человек)"	"2024 год"	"202412"	"УЙГУРСКИЙ РАЙОН"	"0"	"сельская местность"	"0"	"Всего"	"0"	"401"
"Число умерших(Человек)"	"2009 год"	"200912"	"ИЛИЙСКИЙ РАЙОН"	"0"	"Всего"	"0"	"Всего"	"0"	"1 375"
"Число умерших(Человек)"	"2011 год"	"201112"	"ИЛИЙСКИЙ РАЙОН"	"0"	"Всего"	"0"	"Всего"	"0"	"1 431"
"Число умерших(Человек)"	"2016 год"	"201612"	"ИЛИЙСКИЙ РАЙОН"	"0"	"Всего"	"0"	"Всего"	"0"	"1 364"
"Число умерших(Человек)"	"2010 год"	"201012"	"ИЛИЙСКИЙ РАЙОН"	"0"	"Всего"	"0"	"Всего"	"0"	"1 436"
"Число умерших(Человек)"	"2015 год"	"201512"	"ИЛИЙСКИЙ РАЙОН"	"0"	"Всего"	"0"	"Всего"	"0"	"1 337"
"Число умерших(Человек)"	"2013 год"	"201312"	"ИЛИЙСКИЙ РАЙОН"	"0"	"Всего"	"0"	"Всего"	"0"	"1 393"
"Число умерших(Человек)"	"2014 год"	"201412"	"ИЛИЙСКИЙ РАЙОН"	"0"	"Всего"	"0"	"Всего"	"0"	"1 317"
"Число умерших(Человек)"	"2012 год"	"201212"	"ИЛИЙСКИЙ РАЙОН"	"0"	"Всего"	"0"	"Всего"	"0"	"1 550"
"Число умерших(Человек)"	"2021 год"	"202112"	"ИЛИЙСКИЙ РАЙОН"	"0"	"Всего"	"0"	"Всего"	"0"	"1 818"
"Число умерших(Человек)"	"2020 год"	"202012"	"ИЛИЙСКИЙ РАЙОН"	"0"	"Всего"	"0"	"Всего"	"0"	"1 564"
"Число умерших(Человек)"	"2019 год"	"201912"	"ИЛИЙСКИЙ РАЙОН"	"0"	"Всего"	"0"	"Всего"	"0"	"1 340"
"Число умерших(Человек)"	"2018 год"	"201812"	"ИЛИЙСКИЙ РАЙОН"	"0"	"Всего"	"0"	"Всего"	"0"	"1 297"
"Число умерших(Человек)"	"2022 год"	"202212"	"ИЛИЙСКИЙ РАЙОН"	"0"	"Всего"	"0"	"Всего"	"0"	"1 634"
"Число умерших(Человек)"	"2017 год"	"201712"	"ИЛИЙСКИЙ РАЙОН"	"0"	"Всего"	"0"	"Всего"	"0"	"1 332"
"Число умерших(Человек)"	"2023 год"	"202312"	"ИЛИЙСКИЙ РАЙОН"	"0"	"Всего"	"0"	"Всего"	"0"	"1 549"
"Число умерших(Человек)"	"2024 год"	"202412"	"ИЛИЙСКИЙ РАЙОН"	"0"	"Всего"	"0"	"Всего"	"0"	"1 438"
"Число умерших(Человек)"	"2009 год"	"200912"	"ИЛИЙСКИЙ РАЙОН"	"0"	"сельская местность"	"0"	"Всего"	"0"	"1 375"
"Число умерших(Человек)"	"2011 год"	"201112"	"ИЛИЙСКИЙ РАЙОН"	"0"	"сельская местность"	"0"	"Всего"	"0"	"1 431"
"Число умерших(Человек)"	"2016 год"	"201612"	"ИЛИЙСКИЙ РАЙОН"	"0"	"сельская местность"	"0"	"Всего"	"0"	"1 364"
"Число умерших(Человек)"	"2010 год"	"201012"	"ИЛИЙСКИЙ РАЙОН"	"0"	"сельская местность"	"0"	"Всего"	"0"	"1 436"
"Число умерших(Человек)"	"2015 год"	"201512"	"ИЛИЙСКИЙ РАЙОН"	"0"	"сельская местность"	"0"	"Всего"	"0"	"1 337"
"Число умерших(Человек)"	"2013 год"	"201312"	"ИЛИЙСКИЙ РАЙОН"	"0"	"сельская местность"	"0"	"Всего"	"0"	"1 393"
"Число умерших(Человек)"	"2014 год"	"201412"	"ИЛИЙСКИЙ РАЙОН"	"0"	"сельская местность"	"0"	"Всего"	"0"	"1 317"
"Число умерших(Человек)"	"2012 год"	"201212"	"ИЛИЙСКИЙ РАЙОН"	"0"	"сельская местность"	"0"	"Всего"	"0"	"1 550"
"Число умерших(Человек)"	"2021 год"	"202112"	"ИЛИЙСКИЙ РАЙОН"	"0"	"сельская местность"	"0"	"Всего"	"0"	"1 818"
"Число умерших(Человек)"	"2020 год"	"202012"	"ИЛИЙСКИЙ РАЙОН"	"0"	"сельская местность"	"0"	"Всего"	"0"	"1 564"
"Число умерших(Человек)"	"2019 год"	"201912"	"ИЛИЙСКИЙ РАЙОН"	"0"	"сельская местность"	"0"	"Всего"	"0"	"1 340"
"Число умерших(Человек)"	"2018 год"	"201812"	"ИЛИЙСКИЙ РАЙОН"	"0"	"сельская местность"	"0"	"Всего"	"0"	"1 297"
"Число умерших(Человек)"	"2022 год"	"202212"	"ИЛИЙСКИЙ РАЙОН"	"0"	"сельская местность"	"0"	"Всего"	"0"	"1 634"
"Число умерших(Человек)"	"2017 год"	"201712"	"ИЛИЙСКИЙ РАЙОН"	"0"	"сельская местность"	"0"	"Всего"	"0"	"1 332"
"Число умерших(Человек)"	"2023 год"	"202312"	"ИЛИЙСКИЙ РАЙОН"	"0"	"сельская местность"	"0"	"Всего"	"0"	"1 549"
"Число умерших(Человек)"	"2024 год"	"202412"	"ИЛИЙСКИЙ РАЙОН"	"0"	"сельская местность"	"0"	"Всего"	"0"	"1 438"
"Число умерших(Человек)"	"2009 год"	"200912"	"АТЫРАУ Г.А."	"0"	"Всего"	"0"	"Всего"	"0"	"1 886"
"Число умерших(Человек)"	"2011 год"	"201112"	"АТЫРАУ Г.А."	"0"	"Всего"	"0"	"Всего"	"0"	"1 872"
"Число умерших(Человек)"	"2016 год"	"201612"	"АТЫРАУ Г.А."	"0"	"Всего"	"0"	"Всего"	"0"	"1 883"
"Число умерших(Человек)"	"2010 год"	"201012"	"АТЫРАУ Г.А."	"0"	"Всего"	"0"	"Всего"	"0"	"1 947"
"Число умерших(Человек)"	"2015 год"	"201512"	"АТЫРАУ Г.А."	"0"	"Всего"	"0"	"Всего"	"0"	"1 740"
"Число умерших(Человек)"	"2013 год"	"201312"	"АТЫРАУ Г.А."	"0"	"Всего"	"0"	"Всего"	"0"	"1 812"
"Число умерших(Человек)"	"2014 год"	"201412"	"АТЫРАУ Г.А."	"0"	"Всего"	"0"	"Всего"	"0"	"1 733"
"Число умерших(Человек)"	"2012 год"	"201212"	"АТЫРАУ Г.А."	"0"	"Всего"	"0"	"Всего"	"0"	"1 929"
"Число умерших(Человек)"	"2021 год"	"202112"	"АТЫРАУ Г.А."	"0"	"Всего"	"0"	"Всего"	"0"	"2 771"
"Число умерших(Человек)"	"2020 год"	"202012"	"АТЫРАУ Г.А."	"0"	"Всего"	"0"	"Всего"	"0"	"2 615"
"Число умерших(Человек)"	"2019 год"	"201912"	"АТЫРАУ Г.А."	"0"	"Всего"	"0"	"Всего"	"0"	"1 920"
"Число умерших(Человек)"	"2018 год"	"201812"	"АТЫРАУ Г.А."	"0"	"Всего"	"0"	"Всего"	"0"	"1 828"
"Число умерших(Человек)"	"2022 год"	"202212"	"АТЫРАУ Г.А."	"0"	"Всего"	"0"	"Всего"	"0"	"1 888"
"Число умерших(Человек)"	"2017 год"	"201712"	"АТЫРАУ Г.А."	"0"	"Всего"	"0"	"Всего"	"0"	"1 778"
"Число умерших(Человек)"	"2023 год"	"202312"	"АТЫРАУ Г.А."	"0"	"Всего"	"0"	"Всего"	"0"	"1 860"
"Число умерших(Человек)"	"2024 год"	"202412"	"АТЫРАУ Г.А."	"0"	"Всего"	"0"	"Всего"	"0"	"1 992"
"Число умерших(Человек)"	"2009 год"	"200912"	"АТЫРАУ Г.А."	"0"	"городская местность"	"0"	"Всего"	"0"	"1 572"
"Число умерших(Человек)"	"2011 год"	"201112"	"АТЫРАУ Г.А."	"0"	"городская местность"	"0"	"Всего"	"0"	"1 581"
"Число умерших(Человек)"	"2016 год"	"201612"	"АТЫРАУ Г.А."	"0"	"городская местность"	"0"	"Всего"	"0"	"1 516"
"Число умерших(Человек)"	"2010 год"	"201012"	"АТЫРАУ Г.А."	"0"	"городская местность"	"0"	"Всего"	"0"	"1 619"
"Число умерших(Человек)"	"2015 год"	"201512"	"АТЫРАУ Г.А."	"0"	"городская местность"	"0"	"Всего"	"0"	"1 459"
"Число умерших(Человек)"	"2013 год"	"201312"	"АТЫРАУ Г.А."	"0"	"городская местность"	"0"	"Всего"	"0"	"1 504"
"Число умерших(Человек)"	"2014 год"	"201412"	"АТЫРАУ Г.А."	"0"	"городская местность"	"0"	"Всего"	"0"	"1 385"
"Число умерших(Человек)"	"2012 год"	"201212"	"АТЫРАУ Г.А."	"0"	"городская местность"	"0"	"Всего"	"0"	"1 632"
"Число умерших(Человек)"	"2021 год"	"202112"	"АТЫРАУ Г.А."	"0"	"городская местность"	"0"	"Всего"	"0"	"2 338"
"Число умерших(Человек)"	"2020 год"	"202012"	"АТЫРАУ Г.А."	"0"	"городская местность"	"0"	"Всего"	"0"	"2 266"
"Число умерших(Человек)"	"2019 год"	"201912"	"АТЫРАУ Г.А."	"0"	"городская местность"	"0"	"Всего"	"0"	"1 668"
"Число умерших(Человек)"	"2018 год"	"201812"	"АТЫРАУ Г.А."	"0"	"городская местность"	"0"	"Всего"	"0"	"1 549"
"Число умерших(Человек)"	"2022 год"	"202212"	"АТЫРАУ Г.А."	"0"	"городская местность"	"0"	"Всего"	"0"	"1 629"
"Число умерших(Человек)"	"2017 год"	"201712"	"АТЫРАУ Г.А."	"0"	"городская местность"	"0"	"Всего"	"0"	"1 498"
"Число умерших(Человек)"	"2023 год"	"202312"	"АТЫРАУ Г.А."	"0"	"городская местность"	"0"	"Всего"	"0"	"1 501"
"Число умерших(Человек)"	"2024 год"	"202412"	"АТЫРАУ Г.А."	"0"	"городская местность"	"0"	"Всего"	"0"	"1 676"
"Число умерших(Человек)"	"2009 год"	"200912"	"АТЫРАУ Г.А."	"0"	"сельская местность"	"0"	"Всего"	"0"	"314"
"Число умерших(Человек)"	"2011 год"	"201112"	"АТЫРАУ Г.А."	"0"	"сельская местность"	"0"	"Всего"	"0"	"291"
"Число умерших(Человек)"	"2016 год"	"201612"	"АТЫРАУ Г.А."	"0"	"сельская местность"	"0"	"Всего"	"0"	"367"
"Число умерших(Человек)"	"2010 год"	"201012"	"АТЫРАУ Г.А."	"0"	"сельская местность"	"0"	"Всего"	"0"	"328"
"Число умерших(Человек)"	"2015 год"	"201512"	"АТЫРАУ Г.А."	"0"	"сельская местность"	"0"	"Всего"	"0"	"281"
"Число умерших(Человек)"	"2013 год"	"201312"	"АТЫРАУ Г.А."	"0"	"сельская местность"	"0"	"Всего"	"0"	"308"
"Число умерших(Человек)"	"2014 год"	"201412"	"АТЫРАУ Г.А."	"0"	"сельская местность"	"0"	"Всего"	"0"	"348"
"Число умерших(Человек)"	"2012 год"	"201212"	"АТЫРАУ Г.А."	"0"	"сельская местность"	"0"	"Всего"	"0"	"297"
"Число умерших(Человек)"	"2021 год"	"202112"	"АТЫРАУ Г.А."	"0"	"сельская местность"	"0"	"Всего"	"0"	"433"
"Число умерших(Человек)"	"2020 год"	"202012"	"АТЫРАУ Г.А."	"0"	"сельская местность"	"0"	"Всего"	"0"	"349"
"Число умерших(Человек)"	"2019 год"	"201912"	"АТЫРАУ Г.А."	"0"	"сельская местность"	"0"	"Всего"	"0"	"252"
"Число умерших(Человек)"	"2018 год"	"201812"	"АТЫРАУ Г.А."	"0"	"сельская местность"	"0"	"Всего"	"0"	"279"
"Число умерших(Человек)"	"2022 год"	"202212"	"АТЫРАУ Г.А."	"0"	"сельская местность"	"0"	"Всего"	"0"	"259"
"Число умерших(Человек)"	"2017 год"	"201712"	"АТЫРАУ Г.А."	"0"	"сельская местность"	"0"	"Всего"	"0"	"280"
"Число умерших(Человек)"	"2023 год"	"202312"	"АТЫРАУ Г.А."	"0"	"сельская местность"	"0"	"Всего"	"0"	"359"
"Число умерших(Человек)"	"2024 год"	"202412"	"АТЫРАУ Г.А."	"0"	"сельская местность"	"0"	"Всего"	"0"	"316"
"Число умерших(Человек)"	"2009 год"	"200912"	"ЖЫЛЫОЙСКИЙ РАЙОН"	"0"	"Всего"	"0"	"Всего"	"0"	"478"
"Число умерших(Человек)"	"2011 год"	"201112"	"ЖЫЛЫОЙСКИЙ РАЙОН"	"0"	"Всего"	"0"	"Всего"	"0"	"451"
"Число умерших(Человек)"	"2016 год"	"201612"	"ЖЫЛЫОЙСКИЙ РАЙОН"	"0"	"Всего"	"0"	"Всего"	"0"	"421"
"Число умерших(Человек)"	"2010 год"	"201012"	"ЖЫЛЫОЙСКИЙ РАЙОН"	"0"	"Всего"	"0"	"Всего"	"0"	"432"
"Число умерших(Человек)"	"2015 год"	"201512"	"ЖЫЛЫОЙСКИЙ РАЙОН"	"0"	"Всего"	"0"	"Всего"	"0"	"402"
"Число умерших(Человек)"	"2013 год"	"201312"	"ЖЫЛЫОЙСКИЙ РАЙОН"	"0"	"Всего"	"0"	"Всего"	"0"	"412"
"Число умерших(Человек)"	"2014 год"	"201412"	"ЖЫЛЫОЙСКИЙ РАЙОН"	"0"	"Всего"	"0"	"Всего"	"0"	"419"
"Число умерших(Человек)"	"2012 год"	"201212"	"ЖЫЛЫОЙСКИЙ РАЙОН"	"0"	"Всего"	"0"	"Всего"	"0"	"430"
"Число умерших(Человек)"	"2021 год"	"202112"	"ЖЫЛЫОЙСКИЙ РАЙОН"	"0"	"Всего"	"0"	"Всего"	"0"	"572"
"Число умерших(Человек)"	"2020 год"	"202012"	"ЖЫЛЫОЙСКИЙ РАЙОН"	"0"	"Всего"	"0"	"Всего"	"0"	"525"
"Число умерших(Человек)"	"2019 год"	"201912"	"ЖЫЛЫОЙСКИЙ РАЙОН"	"0"	"Всего"	"0"	"Всего"	"0"	"379"
"Число умерших(Человек)"	"2018 год"	"201812"	"ЖЫЛЫОЙСКИЙ РАЙОН"	"0"	"Всего"	"0"	"Всего"	"0"	"416"
"Число умерших(Человек)"	"2022 год"	"202212"	"ЖЫЛЫОЙСКИЙ РАЙОН"	"0"	"Всего"	"0"	"Всего"	"0"	"370"
"Число умерших(Человек)"	"2017 год"	"201712"	"ЖЫЛЫОЙСКИЙ РАЙОН"	"0"	"Всего"	"0"	"Всего"	"0"	"372"
"Число умерших(Человек)"	"2023 год"	"202312"	"ЖЫЛЫОЙСКИЙ РАЙОН"	"0"	"Всего"	"0"	"Всего"	"0"	"440"
"Число умерших(Человек)"	"2024 год"	"202412"	"ЖЫЛЫОЙСКИЙ РАЙОН"	"0"	"Всего"	"0"	"Всего"	"0"	"411"
"Число умерших(Человек)"	"2009 год"	"200912"	"ЖЫЛЫОЙСКИЙ РАЙОН"	"0"	"городская местность"	"0"	"Всего"	"0"	"338"
"Число умерших(Человек)"	"2011 год"	"201112"	"ЖЫЛЫОЙСКИЙ РАЙОН"	"0"	"городская местность"	"0"	"Всего"	"0"	"322"
"Число умерших(Человек)"	"2016 год"	"201612"	"ЖЫЛЫОЙСКИЙ РАЙОН"	"0"	"городская местность"	"0"	"Всего"	"0"	"296"
"Число умерших(Человек)"	"2010 год"	"201012"	"ЖЫЛЫОЙСКИЙ РАЙОН"	"0"	"городская местность"	"0"	"Всего"	"0"	"322"
"Число умерших(Человек)"	"2015 год"	"201512"	"ЖЫЛЫОЙСКИЙ РАЙОН"	"0"	"городская местность"	"0"	"Всего"	"0"	"299"
"Число умерших(Человек)"	"2013 год"	"201312"	"ЖЫЛЫОЙСКИЙ РАЙОН"	"0"	"городская местность"	"0"	"Всего"	"0"	"293"
"Число умерших(Человек)"	"2014 год"	"201412"	"ЖЫЛЫОЙСКИЙ РАЙОН"	"0"	"городская местность"	"0"	"Всего"	"0"	"297"
"Число умерших(Человек)"	"2012 год"	"201212"	"ЖЫЛЫОЙСКИЙ РАЙОН"	"0"	"городская местность"	"0"	"Всего"	"0"	"318"
"Число умерших(Человек)"	"2021 год"	"202112"	"ЖЫЛЫОЙСКИЙ РАЙОН"	"0"	"городская местность"	"0"	"Всего"	"0"	"423"
"Число умерших(Человек)"	"2020 год"	"202012"	"ЖЫЛЫОЙСКИЙ РАЙОН"	"0"	"городская местность"	"0"	"Всего"	"0"	"395"
"Число умерших(Человек)"	"2019 год"	"201912"	"ЖЫЛЫОЙСКИЙ РАЙОН"	"0"	"городская местность"	"0"	"Всего"	"0"	"265"
"Число умерших(Человек)"	"2018 год"	"201812"	"ЖЫЛЫОЙСКИЙ РАЙОН"	"0"	"городская местность"	"0"	"Всего"	"0"	"304"
"Число умерших(Человек)"	"2022 год"	"202212"	"ЖЫЛЫОЙСКИЙ РАЙОН"	"0"	"городская местность"	"0"	"Всего"	"0"	"273"
"Число умерших(Человек)"	"2017 год"	"201712"	"ЖЫЛЫОЙСКИЙ РАЙОН"	"0"	"городская местность"	"0"	"Всего"	"0"	"264"
"Число умерших(Человек)"	"2023 год"	"202312"	"ЖЫЛЫОЙСКИЙ РАЙОН"	"0"	"городская местность"	"0"	"Всего"	"0"	"321"
"Число умерших(Человек)"	"2024 год"	"202412"	"ЖЫЛЫОЙСКИЙ РАЙОН"	"0"	"городская местность"	"0"	"Всего"	"0"	"306"
"Число умерших(Человек)"	"2009 год"	"200912"	"ЖЫЛЫОЙСКИЙ РАЙОН"	"0"	"сельская местность"	"0"	"Всего"	"0"	"140"
"Число умерших(Человек)"	"2011 год"	"201112"	"ЖЫЛЫОЙСКИЙ РАЙОН"	"0"	"сельская местность"	"0"	"Всего"	"0"	"129"
"Число умерших(Человек)"	"2016 год"	"201612"	"ЖЫЛЫОЙСКИЙ РАЙОН"	"0"	"сельская местность"	"0"	"Всего"	"0"	"125"
"Число умерших(Человек)"	"2010 год"	"201012"	"ЖЫЛЫОЙСКИЙ РАЙОН"	"0"	"сельская местность"	"0"	"Всего"	"0"	"110"
"Число умерших(Человек)"	"2015 год"	"201512"	"ЖЫЛЫОЙСКИЙ РАЙОН"	"0"	"сельская местность"	"0"	"Всего"	"0"	"103"
"Число умерших(Человек)"	"2013 год"	"201312"	"ЖЫЛЫОЙСКИЙ РАЙОН"	"0"	"сельская местность"	"0"	"Всего"	"0"	"119"
"Число умерших(Человек)"	"2014 год"	"201412"	"ЖЫЛЫОЙСКИЙ РАЙОН"	"0"	"сельская местность"	"0"	"Всего"	"0"	"122"
"Число умерших(Человек)"	"2012 год"	"201212"	"ЖЫЛЫОЙСКИЙ РАЙОН"	"0"	"сельская местность"	"0"	"Всего"	"0"	"112"
"Число умерших(Человек)"	"2021 год"	"202112"	"ЖЫЛЫОЙСКИЙ РАЙОН"	"0"	"сельская местность"	"0"	"Всего"	"0"	"149"
"Число умерших(Человек)"	"2020 год"	"202012"	"ЖЫЛЫОЙСКИЙ РАЙОН"	"0"	"сельская местность"	"0"	"Всего"	"0"	"130"
"Число умерших(Человек)"	"2019 год"	"201912"	"ЖЫЛЫОЙСКИЙ РАЙОН"	"0"	"сельская местность"	"0"	"Всего"	"0"	"114"
"Число умерших(Человек)"	"2018 год"	"201812"	"ЖЫЛЫОЙСКИЙ РАЙОН"	"0"	"сельская местность"	"0"	"Всего"	"0"	"112"
"Число умерших(Человек)"	"2022 год"	"202212"	"ЖЫЛЫОЙСКИЙ РАЙОН"	"0"	"сельская местность"	"0"	"Всего"	"0"	"97"
"Число умерших(Человек)"	"2017 год"	"201712"	"ЖЫЛЫОЙСКИЙ РАЙОН"	"0"	"сельская местность"	"0"	"Всего"	"0"	"108"
"Число умерших(Человек)"	"2023 год"	"202312"	"ЖЫЛЫОЙСКИЙ РАЙОН"	"0"	"сельская местность"	"0"	"Всего"	"0"	"119"
"Число умерших(Человек)"	"2024 год"	"202412"	"ЖЫЛЫОЙСКИЙ РАЙОН"	"0"	"сельская местность"	"0"	"Всего"	"0"	"105"
"Число умерших(Человек)"	"2009 год"	"200912"	"ИНДЕРСКИЙ РАЙОН"	"0"	"Всего"	"0"	"Всего"	"0"	"256"
"Число умерших(Человек)"	"2011 год"	"201112"	"ИНДЕРСКИЙ РАЙОН"	"0"	"Всего"	"0"	"Всего"	"0"	"249"
"Число умерших(Человек)"	"2016 год"	"201612"	"ИНДЕРСКИЙ РАЙОН"	"0"	"Всего"	"0"	"Всего"	"0"	"223"
"Число умерших(Человек)"	"2010 год"	"201012"	"ИНДЕРСКИЙ РАЙОН"	"0"	"Всего"	"0"	"Всего"	"0"	"270"
"Число умерших(Человек)"	"2015 год"	"201512"	"ИНДЕРСКИЙ РАЙОН"	"0"	"Всего"	"0"	"Всего"	"0"	"220"
"Число умерших(Человек)"	"2013 год"	"201312"	"ИНДЕРСКИЙ РАЙОН"	"0"	"Всего"	"0"	"Всего"	"0"	"241"
"Число умерших(Человек)"	"2014 год"	"201412"	"ИНДЕРСКИЙ РАЙОН"	"0"	"Всего"	"0"	"Всего"	"0"	"229"
"Число умерших(Человек)"	"2012 год"	"201212"	"ИНДЕРСКИЙ РАЙОН"	"0"	"Всего"	"0"	"Всего"	"0"	"248"
"Число умерших(Человек)"	"2021 год"	"202112"	"ИНДЕРСКИЙ РАЙОН"	"0"	"Всего"	"0"	"Всего"	"0"	"300"
"Число умерших(Человек)"	"2020 год"	"202012"	"ИНДЕРСКИЙ РАЙОН"	"0"	"Всего"	"0"	"Всего"	"0"	"283"
"Число умерших(Человек)"	"2019 год"	"201912"	"ИНДЕРСКИЙ РАЙОН"	"0"	"Всего"	"0"	"Всего"	"0"	"238"
"Число умерших(Человек)"	"2018 год"	"201812"	"ИНДЕРСКИЙ РАЙОН"	"0"	"Всего"	"0"	"Всего"	"0"	"217"
"Число умерших(Человек)"	"2022 год"	"202212"	"ИНДЕРСКИЙ РАЙОН"	"0"	"Всего"	"0"	"Всего"	"0"	"193"
"Число умерших(Человек)"	"2017 год"	"201712"	"ИНДЕРСКИЙ РАЙОН"	"0"	"Всего"	"0"	"Всего"	"0"	"220"
"Число умерших(Человек)"	"2023 год"	"202312"	"ИНДЕРСКИЙ РАЙОН"	"0"	"Всего"	"0"	"Всего"	"0"	"223"
"Число умерших(Человек)"	"2024 год"	"202412"	"ИНДЕРСКИЙ РАЙОН"	"0"	"Всего"	"0"	"Всего"	"0"	"211"
"Число умерших(Человек)"	"2009 год"	"200912"	"ИНДЕРСКИЙ РАЙОН"	"0"	"сельская местность"	"0"	"Всего"	"0"	"256"
"Число умерших(Человек)"	"2011 год"	"201112"	"ИНДЕРСКИЙ РАЙОН"	"0"	"сельская местность"	"0"	"Всего"	"0"	"249"
"Число умерших(Человек)"	"2016 год"	"201612"	"ИНДЕРСКИЙ РАЙОН"	"0"	"сельская местность"	"0"	"Всего"	"0"	"223"
"Число умерших(Человек)"	"2010 год"	"201012"	"ИНДЕРСКИЙ РАЙОН"	"0"	"сельская местность"	"0"	"Всего"	"0"	"270"
"Число умерших(Человек)"	"2015 год"	"201512"	"ИНДЕРСКИЙ РАЙОН"	"0"	"сельская местность"	"0"	"Всего"	"0"	"220"
"Число умерших(Человек)"	"2013 год"	"201312"	"ИНДЕРСКИЙ РАЙОН"	"0"	"сельская местность"	"0"	"Всего"	"0"	"241"
"Число умерших(Человек)"	"2014 год"	"201412"	"ИНДЕРСКИЙ РАЙОН"	"0"	"сельская местность"	"0"	"Всего"	"0"	"229"
"Число умерших(Человек)"	"2012 год"	"201212"	"ИНДЕРСКИЙ РАЙОН"	"0"	"сельская местность"	"0"	"Всего"	"0"	"248"
"Число умерших(Человек)"	"2021 год"	"202112"	"ИНДЕРСКИЙ РАЙОН"	"0"	"сельская местность"	"0"	"Всего"	"0"	"300"
"Число умерших(Человек)"	"2020 год"	"202012"	"ИНДЕРСКИЙ РАЙОН"	"0"	"сельская местность"	"0"	"Всего"	"0"	"283"
"Число умерших(Человек)"	"2019 год"	"201912"	"ИНДЕРСКИЙ РАЙОН"	"0"	"сельская местность"	"0"	"Всего"	"0"	"238"
"Число умерших(Человек)"	"2018 год"	"201812"	"ИНДЕРСКИЙ РАЙОН"	"0"	"сельская местность"	"0"	"Всего"	"0"	"217"
"Число умерших(Человек)"	"2022 год"	"202212"	"ИНДЕРСКИЙ РАЙОН"	"0"	"сельская местность"	"0"	"Всего"	"0"	"193"
"Число умерших(Человек)"	"2017 год"	"201712"	"ИНДЕРСКИЙ РАЙОН"	"0"	"сельская местность"	"0"	"Всего"	"0"	"220"
"Число умерших(Человек)"	"2023 год"	"202312"	"ИНДЕРСКИЙ РАЙОН"	"0"	"сельская местность"	"0"	"Всего"	"0"	"223"
"Число умерших(Человек)"	"2024 год"	"202412"	"ИНДЕРСКИЙ РАЙОН"	"0"	"сельская местность"	"0"	"Всего"	"0"	"211"
"Число умерших(Человек)"	"2009 год"	"200912"	"ИСАТАЙСКИЙ РАЙОН"	"0"	"Всего"	"0"	"Всего"	"0"	"159"
"Число умерших(Человек)"	"2011 год"	"201112"	"ИСАТАЙСКИЙ РАЙОН"	"0"	"Всего"	"0"	"Всего"	"0"	"203"
"Число умерших(Человек)"	"2016 год"	"201612"	"ИСАТАЙСКИЙ РАЙОН"	"0"	"Всего"	"0"	"Всего"	"0"	"167"
"Число умерших(Человек)"	"2010 год"	"201012"	"ИСАТАЙСКИЙ РАЙОН"	"0"	"Всего"	"0"	"Всего"	"0"	"180"
"Число умерших(Человек)"	"2015 год"	"201512"	"ИСАТАЙСКИЙ РАЙОН"	"0"	"Всего"	"0"	"Всего"	"0"	"140"
"Число умерших(Человек)"	"2013 год"	"201312"	"ИСАТАЙСКИЙ РАЙОН"	"0"	"Всего"	"0"	"Всего"	"0"	"138"
"Число умерших(Человек)"	"2014 год"	"201412"	"ИСАТАЙСКИЙ РАЙОН"	"0"	"Всего"	"0"	"Всего"	"0"	"163"
"Число умерших(Человек)"	"2012 год"	"201212"	"ИСАТАЙСКИЙ РАЙОН"	"0"	"Всего"	"0"	"Всего"	"0"	"172"
"Число умерших(Человек)"	"2021 год"	"202112"	"ИСАТАЙСКИЙ РАЙОН"	"0"	"Всего"	"0"	"Всего"	"0"	"184"
"Число умерших(Человек)"	"2020 год"	"202012"	"ИСАТАЙСКИЙ РАЙОН"	"0"	"Всего"	"0"	"Всего"	"0"	"183"
"Число умерших(Человек)"	"2019 год"	"201912"	"ИСАТАЙСКИЙ РАЙОН"	"0"	"Всего"	"0"	"Всего"	"0"	"144"
"Число умерших(Человек)"	"2018 год"	"201812"	"ИСАТАЙСКИЙ РАЙОН"	"0"	"Всего"	"0"	"Всего"	"0"	"160"
"Число умерших(Человек)"	"2022 год"	"202212"	"ИСАТАЙСКИЙ РАЙОН"	"0"	"Всего"	"0"	"Всего"	"0"	"138"
"Число умерших(Человек)"	"2017 год"	"201712"	"ИСАТАЙСКИЙ РАЙОН"	"0"	"Всего"	"0"	"Всего"	"0"	"152"
"Число умерших(Человек)"	"2023 год"	"202312"	"ИСАТАЙСКИЙ РАЙОН"	"0"	"Всего"	"0"	"Всего"	"0"	"129"
"Число умерших(Человек)"	"2024 год"	"202412"	"ИСАТАЙСКИЙ РАЙОН"	"0"	"Всего"	"0"	"Всего"	"0"	"147"
"Число умерших(Человек)"	"2009 год"	"200912"	"ИСАТАЙСКИЙ РАЙОН"	"0"	"сельская местность"	"0"	"Всего"	"0"	"159"
"Число умерших(Человек)"	"2011 год"	"201112"	"ИСАТАЙСКИЙ РАЙОН"	"0"	"сельская местность"	"0"	"Всего"	"0"	"203"
"Число умерших(Человек)"	"2016 год"	"201612"	"ИСАТАЙСКИЙ РАЙОН"	"0"	"сельская местность"	"0"	"Всего"	"0"	"167"
"Число умерших(Человек)"	"2010 год"	"201012"	"ИСАТАЙСКИЙ РАЙОН"	"0"	"сельская местность"	"0"	"Всего"	"0"	"180"
"Число умерших(Человек)"	"2015 год"	"201512"	"ИСАТАЙСКИЙ РАЙОН"	"0"	"сельская местность"	"0"	"Всего"	"0"	"140"
"Число умерших(Человек)"	"2013 год"	"201312"	"ИСАТАЙСКИЙ РАЙОН"	"0"	"сельская местность"	"0"	"Всего"	"0"	"138"
"Число умерших(Человек)"	"2014 год"	"201412"	"ИСАТАЙСКИЙ РАЙОН"	"0"	"сельская местность"	"0"	"Всего"	"0"	"163"
"Число умерших(Человек)"	"2012 год"	"201212"	"ИСАТАЙСКИЙ РАЙОН"	"0"	"сельская местность"	"0"	"Всего"	"0"	"172"
"Число умерших(Человек)"	"2021 год"	"202112"	"ИСАТАЙСКИЙ РАЙОН"	"0"	"сельская местность"	"0"	"Всего"	"0"	"184"
"Число умерших(Человек)"	"2020 год"	"202012"	"ИСАТАЙСКИЙ РАЙОН"	"0"	"сельская местность"	"0"	"Всего"	"0"	"183"
"Число умерших(Человек)"	"2019 год"	"201912"	"ИСАТАЙСКИЙ РАЙОН"	"0"	"сельская местность"	"0"	"Всего"	"0"	"144"
"Число умерших(Человек)"	"2018 год"	"201812"	"ИСАТАЙСКИЙ РАЙОН"	"0"	"сельская местность"	"0"	"Всего"	"0"	"160"
"Число умерших(Человек)"	"2022 год"	"202212"	"ИСАТАЙСКИЙ РАЙОН"	"0"	"сельская местность"	"0"	"Всего"	"0"	"138"
"Число умерших(Человек)"	"2017 год"	"201712"	"ИСАТАЙСКИЙ РАЙОН"	"0"	"сельская местность"	"0"	"Всего"	"0"	"152"
"Число умерших(Человек)"	"2023 год"	"202312"	"ИСАТАЙСКИЙ РАЙОН"	"0"	"сельская местность"	"0"	"Всего"	"0"	"129"
"Число умерших(Человек)"	"2024 год"	"202412"	"ИСАТАЙСКИЙ РАЙОН"	"0"	"сельская местность"	"0"	"Всего"	"0"	"147"
"Число умерших(Человек)"	"2009 год"	"200912"	"КУРМАНГАЗИНСКИЙ РАЙОН"	"0"	"Всего"	"0"	"Всего"	"0"	"503"
"Число умерших(Человек)"	"2011 год"	"201112"	"КУРМАНГАЗИНСКИЙ РАЙОН"	"0"	"Всего"	"0"	"Всего"	"0"	"461"
"Число умерших(Человек)"	"2016 год"	"201612"	"КУРМАНГАЗИНСКИЙ РАЙОН"	"0"	"Всего"	"0"	"Всего"	"0"	"476"
"Число умерших(Человек)"	"2010 год"	"201012"	"КУРМАНГАЗИНСКИЙ РАЙОН"	"0"	"Всего"	"0"	"Всего"	"0"	"534"
"Число умерших(Человек)"	"2015 год"	"201512"	"КУРМАНГАЗИНСКИЙ РАЙОН"	"0"	"Всего"	"0"	"Всего"	"0"	"413"
"Число умерших(Человек)"	"2013 год"	"201312"	"КУРМАНГАЗИНСКИЙ РАЙОН"	"0"	"Всего"	"0"	"Всего"	"0"	"457"
"Число умерших(Человек)"	"2014 год"	"201412"	"КУРМАНГАЗИНСКИЙ РАЙОН"	"0"	"Всего"	"0"	"Всего"	"0"	"449"
"Число умерших(Человек)"	"2012 год"	"201212"	"КУРМАНГАЗИНСКИЙ РАЙОН"	"0"	"Всего"	"0"	"Всего"	"0"	"466"
"Число умерших(Человек)"	"2021 год"	"202112"	"КУРМАНГАЗИНСКИЙ РАЙОН"	"0"	"Всего"	"0"	"Всего"	"0"	"529"
"Число умерших(Человек)"	"2020 год"	"202012"	"КУРМАНГАЗИНСКИЙ РАЙОН"	"0"	"Всего"	"0"	"Всего"	"0"	"457"
"Число умерших(Человек)"	"2019 год"	"201912"	"КУРМАНГАЗИНСКИЙ РАЙОН"	"0"	"Всего"	"0"	"Всего"	"0"	"383"
"Число умерших(Человек)"	"2018 год"	"201812"	"КУРМАНГАЗИНСКИЙ РАЙОН"	"0"	"Всего"	"0"	"Всего"	"0"	"372"
"Число умерших(Человек)"	"2022 год"	"202212"	"КУРМАНГАЗИНСКИЙ РАЙОН"	"0"	"Всего"	"0"	"Всего"	"0"	"429"
"Число умерших(Человек)"	"2017 год"	"201712"	"КУРМАНГАЗИНСКИЙ РАЙОН"	"0"	"Всего"	"0"	"Всего"	"0"	"433"
"Число умерших(Человек)"	"2023 год"	"202312"	"КУРМАНГАЗИНСКИЙ РАЙОН"	"0"	"Всего"	"0"	"Всего"	"0"	"359"
"Число умерших(Человек)"	"2024 год"	"202412"	"КУРМАНГАЗИНСКИЙ РАЙОН"	"0"	"Всего"	"0"	"Всего"	"0"	"377"
"Число умерших(Человек)"	"2009 год"	"200912"	"КУРМАНГАЗИНСКИЙ РАЙОН"	"0"	"сельская местность"	"0"	"Всего"	"0"	"503"
"Число умерших(Человек)"	"2011 год"	"201112"	"КУРМАНГАЗИНСКИЙ РАЙОН"	"0"	"сельская местность"	"0"	"Всего"	"0"	"461"
"Число умерших(Человек)"	"2016 год"	"201612"	"КУРМАНГАЗИНСКИЙ РАЙОН"	"0"	"сельская местность"	"0"	"Всего"	"0"	"476"
"Число умерших(Человек)"	"2010 год"	"201012"	"КУРМАНГАЗИНСКИЙ РАЙОН"	"0"	"сельская местность"	"0"	"Всего"	"0"	"534"
"Число умерших(Человек)"	"2015 год"	"201512"	"КУРМАНГАЗИНСКИЙ РАЙОН"	"0"	"сельская местность"	"0"	"Всего"	"0"	"413"
"Число умерших(Человек)"	"2013 год"	"201312"	"КУРМАНГАЗИНСКИЙ РАЙОН"	"0"	"сельская местность"	"0"	"Всего"	"0"	"457"
"Число умерших(Человек)"	"2014 год"	"201412"	"КУРМАНГАЗИНСКИЙ РАЙОН"	"0"	"сельская местность"	"0"	"Всего"	"0"	"449"
"Число умерших(Человек)"	"2012 год"	"201212"	"КУРМАНГАЗИНСКИЙ РАЙОН"	"0"	"сельская местность"	"0"	"Всего"	"0"	"466"
"Число умерших(Человек)"	"2021 год"	"202112"	"КУРМАНГАЗИНСКИЙ РАЙОН"	"0"	"сельская местность"	"0"	"Всего"	"0"	"529"
"Число умерших(Человек)"	"2020 год"	"202012"	"КУРМАНГАЗИНСКИЙ РАЙОН"	"0"	"сельская местность"	"0"	"Всего"	"0"	"457"
"Число умерших(Человек)"	"2019 год"	"201912"	"КУРМАНГАЗИНСКИЙ РАЙОН"	"0"	"сельская местность"	"0"	"Всего"	"0"	"383"
"Число умерших(Человек)"	"2018 год"	"201812"	"КУРМАНГАЗИНСКИЙ РАЙОН"	"0"	"сельская местность"	"0"	"Всего"	"0"	"372"
"Число умерших(Человек)"	"2022 год"	"202212"	"КУРМАНГАЗИНСКИЙ РАЙОН"	"0"	"сельская местность"	"0"	"Всего"	"0"	"429"
"Число умерших(Человек)"	"2017 год"	"201712"	"КУРМАНГАЗИНСКИЙ РАЙОН"	"0"	"сельская местность"	"0"	"Всего"	"0"	"433"
"Число умерших(Человек)"	"2023 год"	"202312"	"КУРМАНГАЗИНСКИЙ РАЙОН"	"0"	"сельская местность"	"0"	"Всего"	"0"	"359"
"Число умерших(Человек)"	"2024 год"	"202412"	"КУРМАНГАЗИНСКИЙ РАЙОН"	"0"	"сельская местность"	"0"	"Всего"	"0"	"377"
"Число умерших(Человек)"	"2009 год"	"200912"	"ТАЛАССКИЙ РАЙОН"	"0"	"Всего"	"0"	"Всего"	"0"	"416"
"Число умерших(Человек)"	"2011 год"	"201112"	"ТАЛАССКИЙ РАЙОН"	"0"	"Всего"	"0"	"Всего"	"0"	"393"
"Число умерших(Человек)"	"2016 год"	"201612"	"ТАЛАССКИЙ РАЙОН"	"0"	"Всего"	"0"	"Всего"	"0"	"365"
"Число умерших(Человек)"	"2010 год"	"201012"	"ТАЛАССКИЙ РАЙОН"	"0"	"Всего"	"0"	"Всего"	"0"	"421"
"Число умерших(Человек)"	"2015 год"	"201512"	"ТАЛАССКИЙ РАЙОН"	"0"	"Всего"	"0"	"Всего"	"0"	"368"
"Число умерших(Человек)"	"2013 год"	"201312"	"ТАЛАССКИЙ РАЙОН"	"0"	"Всего"	"0"	"Всего"	"0"	"372"
"Число умерших(Человек)"	"2014 год"	"201412"	"ТАЛАССКИЙ РАЙОН"	"0"	"Всего"	"0"	"Всего"	"0"	"324"
"Число умерших(Человек)"	"2012 год"	"201212"	"ТАЛАССКИЙ РАЙОН"	"0"	"Всего"	"0"	"Всего"	"0"	"376"
"Число умерших(Человек)"	"2021 год"	"202112"	"ТАЛАССКИЙ РАЙОН"	"0"	"Всего"	"0"	"Всего"	"0"	"457"
"Число умерших(Человек)"	"2020 год"	"202012"	"ТАЛАССКИЙ РАЙОН"	"0"	"Всего"	"0"	"Всего"	"0"	"411"
"Число умерших(Человек)"	"2019 год"	"201912"	"ТАЛАССКИЙ РАЙОН"	"0"	"Всего"	"0"	"Всего"	"0"	"336"
"Число умерших(Человек)"	"2018 год"	"201812"	"ТАЛАССКИЙ РАЙОН"	"0"	"Всего"	"0"	"Всего"	"0"	"297"
"Число умерших(Человек)"	"2022 год"	"202212"	"ТАЛАССКИЙ РАЙОН"	"0"	"Всего"	"0"	"Всего"	"0"	"306"
"Число умерших(Человек)"	"2017 год"	"201712"	"ТАЛАССКИЙ РАЙОН"	"0"	"Всего"	"0"	"Всего"	"0"	"348"
"Число умерших(Человек)"	"2023 год"	"202312"	"ТАЛАССКИЙ РАЙОН"	"0"	"Всего"	"0"	"Всего"	"0"	"331"
"Число умерших(Человек)"	"2024 год"	"202412"	"ТАЛАССКИЙ РАЙОН"	"0"	"Всего"	"0"	"Всего"	"0"	"361"
"Число умерших(Человек)"	"2009 год"	"200912"	"ТАЛАССКИЙ РАЙОН"	"0"	"городская местность"	"0"	"Всего"	"0"	"227"
"Число умерших(Человек)"	"2011 год"	"201112"	"ТАЛАССКИЙ РАЙОН"	"0"	"городская местность"	"0"	"Всего"	"0"	"227"
"Число умерших(Человек)"	"2016 год"	"201612"	"ТАЛАССКИЙ РАЙОН"	"0"	"городская местность"	"0"	"Всего"	"0"	"223"
"Число умерших(Человек)"	"2010 год"	"201012"	"ТАЛАССКИЙ РАЙОН"	"0"	"городская местность"	"0"	"Всего"	"0"	"251"
"Число умерших(Человек)"	"2015 год"	"201512"	"ТАЛАССКИЙ РАЙОН"	"0"	"городская местность"	"0"	"Всего"	"0"	"208"
"Число умерших(Человек)"	"2013 год"	"201312"	"ТАЛАССКИЙ РАЙОН"	"0"	"городская местность"	"0"	"Всего"	"0"	"226"
"Число умерших(Человек)"	"2014 год"	"201412"	"ТАЛАССКИЙ РАЙОН"	"0"	"городская местность"	"0"	"Всего"	"0"	"210"
"Число умерших(Человек)"	"2012 год"	"201212"	"ТАЛАССКИЙ РАЙОН"	"0"	"городская местность"	"0"	"Всего"	"0"	"254"
"Число умерших(Человек)"	"2021 год"	"202112"	"ТАЛАССКИЙ РАЙОН"	"0"	"городская местность"	"0"	"Всего"	"0"	"290"
"Число умерших(Человек)"	"2020 год"	"202012"	"ТАЛАССКИЙ РАЙОН"	"0"	"городская местность"	"0"	"Всего"	"0"	"267"
"Число умерших(Человек)"	"2019 год"	"201912"	"ТАЛАССКИЙ РАЙОН"	"0"	"городская местность"	"0"	"Всего"	"0"	"219"
"Число умерших(Человек)"	"2018 год"	"201812"	"ТАЛАССКИЙ РАЙОН"	"0"	"городская местность"	"0"	"Всего"	"0"	"189"
"Число умерших(Человек)"	"2022 год"	"202212"	"ТАЛАССКИЙ РАЙОН"	"0"	"городская местность"	"0"	"Всего"	"0"	"194"
"Число умерших(Человек)"	"2017 год"	"201712"	"ТАЛАССКИЙ РАЙОН"	"0"	"городская местность"	"0"	"Всего"	"0"	"203"
"Число умерших(Человек)"	"2023 год"	"202312"	"ТАЛАССКИЙ РАЙОН"	"0"	"городская местность"	"0"	"Всего"	"0"	"193"
"Число умерших(Человек)"	"2024 год"	"202412"	"ТАЛАССКИЙ РАЙОН"	"0"	"городская местность"	"0"	"Всего"	"0"	"226"
"Число умерших(Человек)"	"2009 год"	"200912"	"ТАЛАССКИЙ РАЙОН"	"0"	"сельская местность"	"0"	"Всего"	"0"	"189"
"Число умерших(Человек)"	"2011 год"	"201112"	"ТАЛАССКИЙ РАЙОН"	"0"	"сельская местность"	"0"	"Всего"	"0"	"166"
"Число умерших(Человек)"	"2016 год"	"201612"	"ТАЛАССКИЙ РАЙОН"	"0"	"сельская местность"	"0"	"Всего"	"0"	"142"
"Число умерших(Человек)"	"2010 год"	"201012"	"ТАЛАССКИЙ РАЙОН"	"0"	"сельская местность"	"0"	"Всего"	"0"	"170"
"Число умерших(Человек)"	"2015 год"	"201512"	"ТАЛАССКИЙ РАЙОН"	"0"	"сельская местность"	"0"	"Всего"	"0"	"160"
"Число умерших(Человек)"	"2013 год"	"201312"	"ТАЛАССКИЙ РАЙОН"	"0"	"сельская местность"	"0"	"Всего"	"0"	"146"
"Число умерших(Человек)"	"2014 год"	"201412"	"ТАЛАССКИЙ РАЙОН"	"0"	"сельская местность"	"0"	"Всего"	"0"	"114"
"Число умерших(Человек)"	"2012 год"	"201212"	"ТАЛАССКИЙ РАЙОН"	"0"	"сельская местность"	"0"	"Всего"	"0"	"122"
"Число умерших(Человек)"	"2021 год"	"202112"	"ТАЛАССКИЙ РАЙОН"	"0"	"сельская местность"	"0"	"Всего"	"0"	"167"
"Число умерших(Человек)"	"2020 год"	"202012"	"ТАЛАССКИЙ РАЙОН"	"0"	"сельская местность"	"0"	"Всего"	"0"	"144"
"Число умерших(Человек)"	"2019 год"	"201912"	"ТАЛАССКИЙ РАЙОН"	"0"	"сельская местность"	"0"	"Всего"	"0"	"117"
"Число умерших(Человек)"	"2018 год"	"201812"	"ТАЛАССКИЙ РАЙОН"	"0"	"сельская местность"	"0"	"Всего"	"0"	"108"
"Число умерших(Человек)"	"2022 год"	"202212"	"ТАЛАССКИЙ РАЙОН"	"0"	"сельская местность"	"0"	"Всего"	"0"	"112"
"Число умерших(Человек)"	"2017 год"	"201712"	"ТАЛАССКИЙ РАЙОН"	"0"	"сельская местность"	"0"	"Всего"	"0"	"145"
"Число умерших(Человек)"	"2023 год"	"202312"	"ТАЛАССКИЙ РАЙОН"	"0"	"сельская местность"	"0"	"Всего"	"0"	"138"
"Число умерших(Человек)"	"2024 год"	"202412"	"ТАЛАССКИЙ РАЙОН"	"0"	"сельская местность"	"0"	"Всего"	"0"	"135"
"Число умерших(Человек)"	"2009 год"	"200912"	"ШУСКИЙ РАЙОН"	"0"	"Всего"	"0"	"Всего"	"0"	"793"
"Число умерших(Человек)"	"2011 год"	"201112"	"ШУСКИЙ РАЙОН"	"0"	"Всего"	"0"	"Всего"	"0"	"793"
"Число умерших(Человек)"	"2016 год"	"201612"	"ШУСКИЙ РАЙОН"	"0"	"Всего"	"0"	"Всего"	"0"	"743"
"Число умерших(Человек)"	"2010 год"	"201012"	"ШУСКИЙ РАЙОН"	"0"	"Всего"	"0"	"Всего"	"0"	"819"
"Число умерших(Человек)"	"2015 год"	"201512"	"ШУСКИЙ РАЙОН"	"0"	"Всего"	"0"	"Всего"	"0"	"709"
"Число умерших(Человек)"	"2013 год"	"201312"	"ШУСКИЙ РАЙОН"	"0"	"Всего"	"0"	"Всего"	"0"	"806"
"Число умерших(Человек)"	"2014 год"	"201412"	"ШУСКИЙ РАЙОН"	"0"	"Всего"	"0"	"Всего"	"0"	"764"
"Число умерших(Человек)"	"2012 год"	"201212"	"ШУСКИЙ РАЙОН"	"0"	"Всего"	"0"	"Всего"	"0"	"882"
"Число умерших(Человек)"	"2021 год"	"202112"	"ШУСКИЙ РАЙОН"	"0"	"Всего"	"0"	"Всего"	"0"	"1 049"
"Число умерших(Человек)"	"2020 год"	"202012"	"ШУСКИЙ РАЙОН"	"0"	"Всего"	"0"	"Всего"	"0"	"898"
"Число умерших(Человек)"	"2019 год"	"201912"	"ШУСКИЙ РАЙОН"	"0"	"Всего"	"0"	"Всего"	"0"	"724"
"Число умерших(Человек)"	"2018 год"	"201812"	"ШУСКИЙ РАЙОН"	"0"	"Всего"	"0"	"Всего"	"0"	"742"
"Число умерших(Человек)"	"2022 год"	"202212"	"ШУСКИЙ РАЙОН"	"0"	"Всего"	"0"	"Всего"	"0"	"635"
"Число умерших(Человек)"	"2017 год"	"201712"	"ШУСКИЙ РАЙОН"	"0"	"Всего"	"0"	"Всего"	"0"	"707"
"Число умерших(Человек)"	"2023 год"	"202312"	"ШУСКИЙ РАЙОН"	"0"	"Всего"	"0"	"Всего"	"0"	"723"
"Число умерших(Человек)"	"2024 год"	"202412"	"ШУСКИЙ РАЙОН"	"0"	"Всего"	"0"	"Всего"	"0"	"722"
"Число умерших(Человек)"	"2009 год"	"200912"	"ШУСКИЙ РАЙОН"	"0"	"городская местность"	"0"	"Всего"	"0"	"361"
"Число умерших(Человек)"	"2011 год"	"201112"	"ШУСКИЙ РАЙОН"	"0"	"городская местность"	"0"	"Всего"	"0"	"362"
"Число умерших(Человек)"	"2016 год"	"201612"	"ШУСКИЙ РАЙОН"	"0"	"городская местность"	"0"	"Всего"	"0"	"345"
"Число умерших(Человек)"	"2010 год"	"201012"	"ШУСКИЙ РАЙОН"	"0"	"городская местность"	"0"	"Всего"	"0"	"370"
"Число умерших(Человек)"	"2015 год"	"201512"	"ШУСКИЙ РАЙОН"	"0"	"городская местность"	"0"	"Всего"	"0"	"338"
"Число умерших(Человек)"	"2013 год"	"201312"	"ШУСКИЙ РАЙОН"	"0"	"городская местность"	"0"	"Всего"	"0"	"366"
"Число умерших(Человек)"	"2014 год"	"201412"	"ШУСКИЙ РАЙОН"	"0"	"городская местность"	"0"	"Всего"	"0"	"388"
"Число умерших(Человек)"	"2012 год"	"201212"	"ШУСКИЙ РАЙОН"	"0"	"городская местность"	"0"	"Всего"	"0"	"390"
"Число умерших(Человек)"	"2021 год"	"202112"	"ШУСКИЙ РАЙОН"	"0"	"городская местность"	"0"	"Всего"	"0"	"486"
"Число умерших(Человек)"	"2020 год"	"202012"	"ШУСКИЙ РАЙОН"	"0"	"городская местность"	"0"	"Всего"	"0"	"417"
"Число умерших(Человек)"	"2019 год"	"201912"	"ШУСКИЙ РАЙОН"	"0"	"городская местность"	"0"	"Всего"	"0"	"322"
"Число умерших(Человек)"	"2018 год"	"201812"	"ШУСКИЙ РАЙОН"	"0"	"городская местность"	"0"	"Всего"	"0"	"330"
"Число умерших(Человек)"	"2022 год"	"202212"	"ШУСКИЙ РАЙОН"	"0"	"городская местность"	"0"	"Всего"	"0"	"279"
"Число умерших(Человек)"	"2017 год"	"201712"	"ШУСКИЙ РАЙОН"	"0"	"городская местность"	"0"	"Всего"	"0"	"342"
"Число умерших(Человек)"	"2023 год"	"202312"	"ШУСКИЙ РАЙОН"	"0"	"городская местность"	"0"	"Всего"	"0"	"337"
"Число умерших(Человек)"	"2024 год"	"202412"	"ШУСКИЙ РАЙОН"	"0"	"городская местность"	"0"	"Всего"	"0"	"321"
"Число умерших(Человек)"	"2009 год"	"200912"	"ШУСКИЙ РАЙОН"	"0"	"сельская местность"	"0"	"Всего"	"0"	"432"
"Число умерших(Человек)"	"2011 год"	"201112"	"ШУСКИЙ РАЙОН"	"0"	"сельская местность"	"0"	"Всего"	"0"	"431"
"Число умерших(Человек)"	"2016 год"	"201612"	"ШУСКИЙ РАЙОН"	"0"	"сельская местность"	"0"	"Всего"	"0"	"398"
"Число умерших(Человек)"	"2010 год"	"201012"	"ШУСКИЙ РАЙОН"	"0"	"сельская местность"	"0"	"Всего"	"0"	"449"
"Число умерших(Человек)"	"2015 год"	"201512"	"ШУСКИЙ РАЙОН"	"0"	"сельская местность"	"0"	"Всего"	"0"	"371"
"Число умерших(Человек)"	"2013 год"	"201312"	"ШУСКИЙ РАЙОН"	"0"	"сельская местность"	"0"	"Всего"	"0"	"440"
"Число умерших(Человек)"	"2014 год"	"201412"	"ШУСКИЙ РАЙОН"	"0"	"сельская местность"	"0"	"Всего"	"0"	"376"
"Число умерших(Человек)"	"2012 год"	"201212"	"ШУСКИЙ РАЙОН"	"0"	"сельская местность"	"0"	"Всего"	"0"	"492"
"Число умерших(Человек)"	"2021 год"	"202112"	"ШУСКИЙ РАЙОН"	"0"	"сельская местность"	"0"	"Всего"	"0"	"563"
"Число умерших(Человек)"	"2020 год"	"202012"	"ШУСКИЙ РАЙОН"	"0"	"сельская местность"	"0"	"Всего"	"0"	"481"
"Число умерших(Человек)"	"2019 год"	"201912"	"ШУСКИЙ РАЙОН"	"0"	"сельская местность"	"0"	"Всего"	"0"	"402"
"Число умерших(Человек)"	"2018 год"	"201812"	"ШУСКИЙ РАЙОН"	"0"	"сельская местность"	"0"	"Всего"	"0"	"412"
"Число умерших(Человек)"	"2022 год"	"202212"	"ШУСКИЙ РАЙОН"	"0"	"сельская местность"	"0"	"Всего"	"0"	"356"
"Число умерших(Человек)"	"2017 год"	"201712"	"ШУСКИЙ РАЙОН"	"0"	"сельская местность"	"0"	"Всего"	"0"	"365"
"Число умерших(Человек)"	"2023 год"	"202312"	"ШУСКИЙ РАЙОН"	"0"	"сельская местность"	"0"	"Всего"	"0"	"386"
"Число умерших(Человек)"	"2024 год"	"202412"	"ШУСКИЙ РАЙОН"	"0"	"сельская местность"	"0"	"Всего"	"0"	"401"
"Число умерших(Человек)"	"2009 год"	"200912"	"КАРАГАНДА Г.А."	"0"	"Всего"	"0"	"Всего"	"0"	"5 342"
"Число умерших(Человек)"	"2011 год"	"201112"	"КАРАГАНДА Г.А."	"0"	"Всего"	"0"	"Всего"	"0"	"5 237"
"Число умерших(Человек)"	"2016 год"	"201612"	"КАРАГАНДА Г.А."	"0"	"Всего"	"0"	"Всего"	"0"	"4 901"
"Число умерших(Человек)"	"2010 год"	"201012"	"КАРАГАНДА Г.А."	"0"	"Всего"	"0"	"Всего"	"0"	"5 463"
"Число умерших(Человек)"	"2015 год"	"201512"	"КАРАГАНДА Г.А."	"0"	"Всего"	"0"	"Всего"	"0"	"4 864"
"Число умерших(Человек)"	"2013 год"	"201312"	"КАРАГАНДА Г.А."	"0"	"Всего"	"0"	"Всего"	"0"	"5 065"
"Число умерших(Человек)"	"2014 год"	"201412"	"КАРАГАНДА Г.А."	"0"	"Всего"	"0"	"Всего"	"0"	"4 857"
"Число умерших(Человек)"	"2012 год"	"201212"	"КАРАГАНДА Г.А."	"0"	"Всего"	"0"	"Всего"	"0"	"5 550"
"Число умерших(Человек)"	"2021 год"	"202112"	"КАРАГАНДА Г.А."	"0"	"Всего"	"0"	"Всего"	"0"	"6 688"
"Число умерших(Человек)"	"2020 год"	"202012"	"КАРАГАНДА Г.А."	"0"	"Всего"	"0"	"Всего"	"0"	"5 622"
"Число умерших(Человек)"	"2019 год"	"201912"	"КАРАГАНДА Г.А."	"0"	"Всего"	"0"	"Всего"	"0"	"4 874"
"Число умерших(Человек)"	"2018 год"	"201812"	"КАРАГАНДА Г.А."	"0"	"Всего"	"0"	"Всего"	"0"	"4 869"
"Число умерших(Человек)"	"2022 год"	"202212"	"КАРАГАНДА Г.А."	"0"	"Всего"	"0"	"Всего"	"0"	"4 839"
"Число умерших(Человек)"	"2017 год"	"201712"	"КАРАГАНДА Г.А."	"0"	"Всего"	"0"	"Всего"	"0"	"4 733"
"Число умерших(Человек)"	"2023 год"	"202312"	"КАРАГАНДА Г.А."	"0"	"Всего"	"0"	"Всего"	"0"	"4 665"
"Число умерших(Человек)"	"2024 год"	"202412"	"КАРАГАНДА Г.А."	"0"	"Всего"	"0"	"Всего"	"0"	"4 592"
"Число умерших(Человек)"	"2009 год"	"200912"	"КАРАГАНДА Г.А."	"0"	"городская местность"	"0"	"Всего"	"0"	"5 342"
"Число умерших(Человек)"	"2011 год"	"201112"	"КАРАГАНДА Г.А."	"0"	"городская местность"	"0"	"Всего"	"0"	"5 237"
"Число умерших(Человек)"	"2016 год"	"201612"	"КАРАГАНДА Г.А."	"0"	"городская местность"	"0"	"Всего"	"0"	"4 901"
"Число умерших(Человек)"	"2010 год"	"201012"	"КАРАГАНДА Г.А."	"0"	"городская местность"	"0"	"Всего"	"0"	"5 463"
"Число умерших(Человек)"	"2015 год"	"201512"	"КАРАГАНДА Г.А."	"0"	"городская местность"	"0"	"Всего"	"0"	"4 864"
"Число умерших(Человек)"	"2013 год"	"201312"	"КАРАГАНДА Г.А."	"0"	"городская местность"	"0"	"Всего"	"0"	"5 065"
"Число умерших(Человек)"	"2014 год"	"201412"	"КАРАГАНДА Г.А."	"0"	"городская местность"	"0"	"Всего"	"0"	"4 855"
"Число умерших(Человек)"	"2012 год"	"201212"	"КАРАГАНДА Г.А."	"0"	"городская местность"	"0"	"Всего"	"0"	"5 550"
"Число умерших(Человек)"	"2021 год"	"202112"	"КАРАГАНДА Г.А."	"0"	"городская местность"	"0"	"Всего"	"0"	"6 688"
"Число умерших(Человек)"	"2020 год"	"202012"	"КАРАГАНДА Г.А."	"0"	"городская местность"	"0"	"Всего"	"0"	"5 622"
"Число умерших(Человек)"	"2019 год"	"201912"	"КАРАГАНДА Г.А."	"0"	"городская местность"	"0"	"Всего"	"0"	"4 874"
"Число умерших(Человек)"	"2018 год"	"201812"	"КАРАГАНДА Г.А."	"0"	"городская местность"	"0"	"Всего"	"0"	"4 869"
"Число умерших(Человек)"	"2022 год"	"202212"	"КАРАГАНДА Г.А."	"0"	"городская местность"	"0"	"Всего"	"0"	"4 839"
"Число умерших(Человек)"	"2017 год"	"201712"	"КАРАГАНДА Г.А."	"0"	"городская местность"	"0"	"Всего"	"0"	"4 733"
"Число умерших(Человек)"	"2023 год"	"202312"	"КАРАГАНДА Г.А."	"0"	"городская местность"	"0"	"Всего"	"0"	"4 665"
"Число умерших(Человек)"	"2024 год"	"202412"	"КАРАГАНДА Г.А."	"0"	"городская местность"	"0"	"Всего"	"0"	"4 592"
"Число умерших(Человек)"	"2014 год"	"201412"	"КАРАГАНДА Г.А."	"0"	"сельская местность"	"0"	"Всего"	"0"	"2"
"Число умерших(Человек)"	"2009 год"	"200912"	"БАЛХАШ Г.А."	"0"	"Всего"	"0"	"Всего"	"0"	"921"
"Число умерших(Человек)"	"2011 год"	"201112"	"БАЛХАШ Г.А."	"0"	"Всего"	"0"	"Всего"	"0"	"890"
"Число умерших(Человек)"	"2016 год"	"201612"	"БАЛХАШ Г.А."	"0"	"Всего"	"0"	"Всего"	"0"	"751"
"Число умерших(Человек)"	"2010 год"	"201012"	"БАЛХАШ Г.А."	"0"	"Всего"	"0"	"Всего"	"0"	"896"
"Число умерших(Человек)"	"2015 год"	"201512"	"БАЛХАШ Г.А."	"0"	"Всего"	"0"	"Всего"	"0"	"812"
"Число умерших(Человек)"	"2013 год"	"201312"	"БАЛХАШ Г.А."	"0"	"Всего"	"0"	"Всего"	"0"	"767"
"Число умерших(Человек)"	"2014 год"	"201412"	"БАЛХАШ Г.А."	"0"	"Всего"	"0"	"Всего"	"0"	"765"
"Число умерших(Человек)"	"2012 год"	"201212"	"БАЛХАШ Г.А."	"0"	"Всего"	"0"	"Всего"	"0"	"832"
"Число умерших(Человек)"	"2021 год"	"202112"	"БАЛХАШ Г.А."	"0"	"Всего"	"0"	"Всего"	"0"	"1 050"
"Число умерших(Человек)"	"2020 год"	"202012"	"БАЛХАШ Г.А."	"0"	"Всего"	"0"	"Всего"	"0"	"890"
"Число умерших(Человек)"	"2019 год"	"201912"	"БАЛХАШ Г.А."	"0"	"Всего"	"0"	"Всего"	"0"	"784"
"Число умерших(Человек)"	"2018 год"	"201812"	"БАЛХАШ Г.А."	"0"	"Всего"	"0"	"Всего"	"0"	"754"
"Число умерших(Человек)"	"2022 год"	"202212"	"БАЛХАШ Г.А."	"0"	"Всего"	"0"	"Всего"	"0"	"761"
"Число умерших(Человек)"	"2017 год"	"201712"	"БАЛХАШ Г.А."	"0"	"Всего"	"0"	"Всего"	"0"	"797"
"Число умерших(Человек)"	"2023 год"	"202312"	"БАЛХАШ Г.А."	"0"	"Всего"	"0"	"Всего"	"0"	"733"
"Число умерших(Человек)"	"2024 год"	"202412"	"БАЛХАШ Г.А."	"0"	"Всего"	"0"	"Всего"	"0"	"773"
"Число умерших(Человек)"	"2009 год"	"200912"	"БАЛХАШ Г.А."	"0"	"городская местность"	"0"	"Всего"	"0"	"921"
"Число умерших(Человек)"	"2011 год"	"201112"	"БАЛХАШ Г.А."	"0"	"городская местность"	"0"	"Всего"	"0"	"890"
"Число умерших(Человек)"	"2016 год"	"201612"	"БАЛХАШ Г.А."	"0"	"городская местность"	"0"	"Всего"	"0"	"751"
"Число умерших(Человек)"	"2010 год"	"201012"	"БАЛХАШ Г.А."	"0"	"городская местность"	"0"	"Всего"	"0"	"896"
"Число умерших(Человек)"	"2015 год"	"201512"	"БАЛХАШ Г.А."	"0"	"городская местность"	"0"	"Всего"	"0"	"812"
"Число умерших(Человек)"	"2013 год"	"201312"	"БАЛХАШ Г.А."	"0"	"городская местность"	"0"	"Всего"	"0"	"767"
"Число умерших(Человек)"	"2014 год"	"201412"	"БАЛХАШ Г.А."	"0"	"городская местность"	"0"	"Всего"	"0"	"765"
"Число умерших(Человек)"	"2012 год"	"201212"	"БАЛХАШ Г.А."	"0"	"городская местность"	"0"	"Всего"	"0"	"832"
"Число умерших(Человек)"	"2021 год"	"202112"	"БАЛХАШ Г.А."	"0"	"городская местность"	"0"	"Всего"	"0"	"1 050"
"Число умерших(Человек)"	"2020 год"	"202012"	"БАЛХАШ Г.А."	"0"	"городская местность"	"0"	"Всего"	"0"	"890"
"Число умерших(Человек)"	"2019 год"	"201912"	"БАЛХАШ Г.А."	"0"	"городская местность"	"0"	"Всего"	"0"	"784"
"Число умерших(Человек)"	"2018 год"	"201812"	"БАЛХАШ Г.А."	"0"	"городская местность"	"0"	"Всего"	"0"	"754"
"Число умерших(Человек)"	"2022 год"	"202212"	"БАЛХАШ Г.А."	"0"	"городская местность"	"0"	"Всего"	"0"	"761"
"Число умерших(Человек)"	"2017 год"	"201712"	"БАЛХАШ Г.А."	"0"	"городская местность"	"0"	"Всего"	"0"	"797"
"Число умерших(Человек)"	"2023 год"	"202312"	"БАЛХАШ Г.А."	"0"	"городская местность"	"0"	"Всего"	"0"	"733"
"Число умерших(Человек)"	"2024 год"	"202412"	"БАЛХАШ Г.А."	"0"	"городская местность"	"0"	"Всего"	"0"	"773"
"Число умерших(Человек)"	"2009 год"	"200912"	"БОКЕЙОРДИНСКИЙ РАЙОН"	"0"	"сельская местность"	"0"	"Всего"	"0"	"139"
"Число умерших(Человек)"	"2011 год"	"201112"	"БОКЕЙОРДИНСКИЙ РАЙОН"	"0"	"сельская местность"	"0"	"Всего"	"0"	"140"
"Число умерших(Человек)"	"2016 год"	"201612"	"БОКЕЙОРДИНСКИЙ РАЙОН"	"0"	"сельская местность"	"0"	"Всего"	"0"	"125"
"Число умерших(Человек)"	"2010 год"	"201012"	"БОКЕЙОРДИНСКИЙ РАЙОН"	"0"	"сельская местность"	"0"	"Всего"	"0"	"147"
"Число умерших(Человек)"	"2015 год"	"201512"	"БОКЕЙОРДИНСКИЙ РАЙОН"	"0"	"сельская местность"	"0"	"Всего"	"0"	"96"
"Число умерших(Человек)"	"2013 год"	"201312"	"БОКЕЙОРДИНСКИЙ РАЙОН"	"0"	"сельская местность"	"0"	"Всего"	"0"	"111"
"Число умерших(Человек)"	"2014 год"	"201412"	"БОКЕЙОРДИНСКИЙ РАЙОН"	"0"	"сельская местность"	"0"	"Всего"	"0"	"139"
"Число умерших(Человек)"	"2012 год"	"201212"	"БОКЕЙОРДИНСКИЙ РАЙОН"	"0"	"сельская местность"	"0"	"Всего"	"0"	"124"
"Число умерших(Человек)"	"2021 год"	"202112"	"БОКЕЙОРДИНСКИЙ РАЙОН"	"0"	"сельская местность"	"0"	"Всего"	"0"	"155"
"Число умерших(Человек)"	"2020 год"	"202012"	"БОКЕЙОРДИНСКИЙ РАЙОН"	"0"	"сельская местность"	"0"	"Всего"	"0"	"139"
"Число умерших(Человек)"	"2019 год"	"201912"	"БОКЕЙОРДИНСКИЙ РАЙОН"	"0"	"сельская местность"	"0"	"Всего"	"0"	"106"
"Число умерших(Человек)"	"2018 год"	"201812"	"БОКЕЙОРДИНСКИЙ РАЙОН"	"0"	"сельская местность"	"0"	"Всего"	"0"	"111"
"Число умерших(Человек)"	"2022 год"	"202212"	"БОКЕЙОРДИНСКИЙ РАЙОН"	"0"	"сельская местность"	"0"	"Всего"	"0"	"101"
"Число умерших(Человек)"	"2017 год"	"201712"	"БОКЕЙОРДИНСКИЙ РАЙОН"	"0"	"сельская местность"	"0"	"Всего"	"0"	"128"
"Число умерших(Человек)"	"2023 год"	"202312"	"БОКЕЙОРДИНСКИЙ РАЙОН"	"0"	"сельская местность"	"0"	"Всего"	"0"	"115"
"Число умерших(Человек)"	"2024 год"	"202412"	"БОКЕЙОРДИНСКИЙ РАЙОН"	"0"	"сельская местность"	"0"	"Всего"	"0"	"90"
"Число умерших(Человек)"	"2009 год"	"200912"	"СЫРЫМСКИЙ РАЙОН"	"0"	"Всего"	"0"	"Всего"	"0"	"161"
"Число умерших(Человек)"	"2011 год"	"201112"	"СЫРЫМСКИЙ РАЙОН"	"0"	"Всего"	"0"	"Всего"	"0"	"173"
"Число умерших(Человек)"	"2016 год"	"201612"	"СЫРЫМСКИЙ РАЙОН"	"0"	"Всего"	"0"	"Всего"	"0"	"138"
"Число умерших(Человек)"	"2010 год"	"201012"	"СЫРЫМСКИЙ РАЙОН"	"0"	"Всего"	"0"	"Всего"	"0"	"183"
"Число умерших(Человек)"	"2015 год"	"201512"	"СЫРЫМСКИЙ РАЙОН"	"0"	"Всего"	"0"	"Всего"	"0"	"146"
"Число умерших(Человек)"	"2013 год"	"201312"	"СЫРЫМСКИЙ РАЙОН"	"0"	"Всего"	"0"	"Всего"	"0"	"158"
"Число умерших(Человек)"	"2014 год"	"201412"	"СЫРЫМСКИЙ РАЙОН"	"0"	"Всего"	"0"	"Всего"	"0"	"156"
"Число умерших(Человек)"	"2012 год"	"201212"	"СЫРЫМСКИЙ РАЙОН"	"0"	"Всего"	"0"	"Всего"	"0"	"148"
"Число умерших(Человек)"	"2021 год"	"202112"	"СЫРЫМСКИЙ РАЙОН"	"0"	"Всего"	"0"	"Всего"	"0"	"175"
"Число умерших(Человек)"	"2020 год"	"202012"	"СЫРЫМСКИЙ РАЙОН"	"0"	"Всего"	"0"	"Всего"	"0"	"152"
"Число умерших(Человек)"	"2019 год"	"201912"	"СЫРЫМСКИЙ РАЙОН"	"0"	"Всего"	"0"	"Всего"	"0"	"132"
"Число умерших(Человек)"	"2018 год"	"201812"	"СЫРЫМСКИЙ РАЙОН"	"0"	"Всего"	"0"	"Всего"	"0"	"126"
"Число умерших(Человек)"	"2022 год"	"202212"	"СЫРЫМСКИЙ РАЙОН"	"0"	"Всего"	"0"	"Всего"	"0"	"159"
"Число умерших(Человек)"	"2017 год"	"201712"	"СЫРЫМСКИЙ РАЙОН"	"0"	"Всего"	"0"	"Всего"	"0"	"154"
"Число умерших(Человек)"	"2023 год"	"202312"	"СЫРЫМСКИЙ РАЙОН"	"0"	"Всего"	"0"	"Всего"	"0"	"141"
"Число умерших(Человек)"	"2024 год"	"202412"	"СЫРЫМСКИЙ РАЙОН"	"0"	"Всего"	"0"	"Всего"	"0"	"139"
"Число умерших(Человек)"	"2009 год"	"200912"	"СЫРЫМСКИЙ РАЙОН"	"0"	"сельская местность"	"0"	"Всего"	"0"	"161"
"Число умерших(Человек)"	"2011 год"	"201112"	"СЫРЫМСКИЙ РАЙОН"	"0"	"сельская местность"	"0"	"Всего"	"0"	"173"
"Число умерших(Человек)"	"2016 год"	"201612"	"СЫРЫМСКИЙ РАЙОН"	"0"	"сельская местность"	"0"	"Всего"	"0"	"138"
"Число умерших(Человек)"	"2010 год"	"201012"	"СЫРЫМСКИЙ РАЙОН"	"0"	"сельская местность"	"0"	"Всего"	"0"	"183"
"Число умерших(Человек)"	"2015 год"	"201512"	"СЫРЫМСКИЙ РАЙОН"	"0"	"сельская местность"	"0"	"Всего"	"0"	"146"
"Число умерших(Человек)"	"2013 год"	"201312"	"СЫРЫМСКИЙ РАЙОН"	"0"	"сельская местность"	"0"	"Всего"	"0"	"158"
"Число умерших(Человек)"	"2014 год"	"201412"	"СЫРЫМСКИЙ РАЙОН"	"0"	"сельская местность"	"0"	"Всего"	"0"	"156"
"Число умерших(Человек)"	"2012 год"	"201212"	"СЫРЫМСКИЙ РАЙОН"	"0"	"сельская местность"	"0"	"Всего"	"0"	"148"
"Число умерших(Человек)"	"2021 год"	"202112"	"СЫРЫМСКИЙ РАЙОН"	"0"	"сельская местность"	"0"	"Всего"	"0"	"175"
"Число умерших(Человек)"	"2020 год"	"202012"	"СЫРЫМСКИЙ РАЙОН"	"0"	"сельская местность"	"0"	"Всего"	"0"	"152"
"Число умерших(Человек)"	"2019 год"	"201912"	"СЫРЫМСКИЙ РАЙОН"	"0"	"сельская местность"	"0"	"Всего"	"0"	"132"
"Число умерших(Человек)"	"2018 год"	"201812"	"СЫРЫМСКИЙ РАЙОН"	"0"	"сельская местность"	"0"	"Всего"	"0"	"126"
"Число умерших(Человек)"	"2022 год"	"202212"	"СЫРЫМСКИЙ РАЙОН"	"0"	"сельская местность"	"0"	"Всего"	"0"	"159"
"Число умерших(Человек)"	"2017 год"	"201712"	"СЫРЫМСКИЙ РАЙОН"	"0"	"сельская местность"	"0"	"Всего"	"0"	"154"
"Число умерших(Человек)"	"2023 год"	"202312"	"СЫРЫМСКИЙ РАЙОН"	"0"	"сельская местность"	"0"	"Всего"	"0"	"141"
"Число умерших(Человек)"	"2024 год"	"202412"	"СЫРЫМСКИЙ РАЙОН"	"0"	"сельская местность"	"0"	"Всего"	"0"	"139"
"Число умерших(Человек)"	"2009 год"	"200912"	"ТАСКАЛИНСКИЙ РАЙОН"	"0"	"Всего"	"0"	"Всего"	"0"	"202"
"Число умерших(Человек)"	"2011 год"	"201112"	"ТАСКАЛИНСКИЙ РАЙОН"	"0"	"Всего"	"0"	"Всего"	"0"	"175"
"Число умерших(Человек)"	"2016 год"	"201612"	"ТАСКАЛИНСКИЙ РАЙОН"	"0"	"Всего"	"0"	"Всего"	"0"	"148"
"Число умерших(Человек)"	"2010 год"	"201012"	"ТАСКАЛИНСКИЙ РАЙОН"	"0"	"Всего"	"0"	"Всего"	"0"	"160"
"Число умерших(Человек)"	"2015 год"	"201512"	"ТАСКАЛИНСКИЙ РАЙОН"	"0"	"Всего"	"0"	"Всего"	"0"	"161"
"Число умерших(Человек)"	"2013 год"	"201312"	"ТАСКАЛИНСКИЙ РАЙОН"	"0"	"Всего"	"0"	"Всего"	"0"	"173"
"Число умерших(Человек)"	"2014 год"	"201412"	"ТАСКАЛИНСКИЙ РАЙОН"	"0"	"Всего"	"0"	"Всего"	"0"	"129"
"Число умерших(Человек)"	"2012 год"	"201212"	"ТАСКАЛИНСКИЙ РАЙОН"	"0"	"Всего"	"0"	"Всего"	"0"	"170"
"Число умерших(Человек)"	"2021 год"	"202112"	"ТАСКАЛИНСКИЙ РАЙОН"	"0"	"Всего"	"0"	"Всего"	"0"	"165"
"Число умерших(Человек)"	"2020 год"	"202012"	"ТАСКАЛИНСКИЙ РАЙОН"	"0"	"Всего"	"0"	"Всего"	"0"	"182"
"Число умерших(Человек)"	"2019 год"	"201912"	"ТАСКАЛИНСКИЙ РАЙОН"	"0"	"Всего"	"0"	"Всего"	"0"	"135"
"Число умерших(Человек)"	"2018 год"	"201812"	"ТАСКАЛИНСКИЙ РАЙОН"	"0"	"Всего"	"0"	"Всего"	"0"	"157"
"Число умерших(Человек)"	"2022 год"	"202212"	"ТАСКАЛИНСКИЙ РАЙОН"	"0"	"Всего"	"0"	"Всего"	"0"	"140"
"Число умерших(Человек)"	"2017 год"	"201712"	"ТАСКАЛИНСКИЙ РАЙОН"	"0"	"Всего"	"0"	"Всего"	"0"	"133"
"Число умерших(Человек)"	"2023 год"	"202312"	"ТАСКАЛИНСКИЙ РАЙОН"	"0"	"Всего"	"0"	"Всего"	"0"	"129"
"Число умерших(Человек)"	"2024 год"	"202412"	"ТАСКАЛИНСКИЙ РАЙОН"	"0"	"Всего"	"0"	"Всего"	"0"	"151"
"Число умерших(Человек)"	"2009 год"	"200912"	"ТАСКАЛИНСКИЙ РАЙОН"	"0"	"сельская местность"	"0"	"Всего"	"0"	"202"
"Число умерших(Человек)"	"2011 год"	"201112"	"ТАСКАЛИНСКИЙ РАЙОН"	"0"	"сельская местность"	"0"	"Всего"	"0"	"175"
"Число умерших(Человек)"	"2016 год"	"201612"	"ТАСКАЛИНСКИЙ РАЙОН"	"0"	"сельская местность"	"0"	"Всего"	"0"	"148"
"Число умерших(Человек)"	"2010 год"	"201012"	"ТАСКАЛИНСКИЙ РАЙОН"	"0"	"сельская местность"	"0"	"Всего"	"0"	"160"
"Число умерших(Человек)"	"2015 год"	"201512"	"ТАСКАЛИНСКИЙ РАЙОН"	"0"	"сельская местность"	"0"	"Всего"	"0"	"161"
"Число умерших(Человек)"	"2013 год"	"201312"	"ТАСКАЛИНСКИЙ РАЙОН"	"0"	"сельская местность"	"0"	"Всего"	"0"	"173"
"Число умерших(Человек)"	"2014 год"	"201412"	"ТАСКАЛИНСКИЙ РАЙОН"	"0"	"сельская местность"	"0"	"Всего"	"0"	"129"
"Число умерших(Человек)"	"2012 год"	"201212"	"ТАСКАЛИНСКИЙ РАЙОН"	"0"	"сельская местность"	"0"	"Всего"	"0"	"170"
"Число умерших(Человек)"	"2021 год"	"202112"	"ТАСКАЛИНСКИЙ РАЙОН"	"0"	"сельская местность"	"0"	"Всего"	"0"	"165"
"Число умерших(Человек)"	"2020 год"	"202012"	"ТАСКАЛИНСКИЙ РАЙОН"	"0"	"сельская местность"	"0"	"Всего"	"0"	"182"
"Число умерших(Человек)"	"2019 год"	"201912"	"ТАСКАЛИНСКИЙ РАЙОН"	"0"	"сельская местность"	"0"	"Всего"	"0"	"135"
"Число умерших(Человек)"	"2018 год"	"201812"	"ТАСКАЛИНСКИЙ РАЙОН"	"0"	"сельская местность"	"0"	"Всего"	"0"	"157"
"Число умерших(Человек)"	"2022 год"	"202212"	"ТАСКАЛИНСКИЙ РАЙОН"	"0"	"сельская местность"	"0"	"Всего"	"0"	"140"
"Число умерших(Человек)"	"2017 год"	"201712"	"ТАСКАЛИНСКИЙ РАЙОН"	"0"	"сельская местность"	"0"	"Всего"	"0"	"133"
"Число умерших(Человек)"	"2023 год"	"202312"	"ТАСКАЛИНСКИЙ РАЙОН"	"0"	"сельская местность"	"0"	"Всего"	"0"	"129"
"Число умерших(Человек)"	"2024 год"	"202412"	"ТАСКАЛИНСКИЙ РАЙОН"	"0"	"сельская местность"	"0"	"Всего"	"0"	"151"
"Число умерших(Человек)"	"2009 год"	"200912"	"ТЕРЕКТИНСКИЙ РАЙОН"	"0"	"Всего"	"0"	"Всего"	"0"	"385"
"Число умерших(Человек)"	"2011 год"	"201112"	"ТЕРЕКТИНСКИЙ РАЙОН"	"0"	"Всего"	"0"	"Всего"	"0"	"389"
"Число умерших(Человек)"	"2016 год"	"201612"	"ТЕРЕКТИНСКИЙ РАЙОН"	"0"	"Всего"	"0"	"Всего"	"0"	"320"
"Число умерших(Человек)"	"2010 год"	"201012"	"ТЕРЕКТИНСКИЙ РАЙОН"	"0"	"Всего"	"0"	"Всего"	"0"	"392"
"Число умерших(Человек)"	"2015 год"	"201512"	"ТЕРЕКТИНСКИЙ РАЙОН"	"0"	"Всего"	"0"	"Всего"	"0"	"318"
"Число умерших(Человек)"	"2013 год"	"201312"	"ТЕРЕКТИНСКИЙ РАЙОН"	"0"	"Всего"	"0"	"Всего"	"0"	"339"
"Число умерших(Человек)"	"2014 год"	"201412"	"ТЕРЕКТИНСКИЙ РАЙОН"	"0"	"Всего"	"0"	"Всего"	"0"	"364"
"Число умерших(Человек)"	"2012 год"	"201212"	"ТЕРЕКТИНСКИЙ РАЙОН"	"0"	"Всего"	"0"	"Всего"	"0"	"389"
"Число умерших(Человек)"	"2021 год"	"202112"	"ТЕРЕКТИНСКИЙ РАЙОН"	"0"	"Всего"	"0"	"Всего"	"0"	"407"
"Число умерших(Человек)"	"2020 год"	"202012"	"ТЕРЕКТИНСКИЙ РАЙОН"	"0"	"Всего"	"0"	"Всего"	"0"	"381"
"Число умерших(Человек)"	"2019 год"	"201912"	"ТЕРЕКТИНСКИЙ РАЙОН"	"0"	"Всего"	"0"	"Всего"	"0"	"351"
"Число умерших(Человек)"	"2018 год"	"201812"	"ТЕРЕКТИНСКИЙ РАЙОН"	"0"	"Всего"	"0"	"Всего"	"0"	"327"
"Число умерших(Человек)"	"2022 год"	"202212"	"ТЕРЕКТИНСКИЙ РАЙОН"	"0"	"Всего"	"0"	"Всего"	"0"	"313"
"Число умерших(Человек)"	"2017 год"	"201712"	"ТЕРЕКТИНСКИЙ РАЙОН"	"0"	"Всего"	"0"	"Всего"	"0"	"376"
"Число умерших(Человек)"	"2023 год"	"202312"	"ТЕРЕКТИНСКИЙ РАЙОН"	"0"	"Всего"	"0"	"Всего"	"0"	"318"
"Число умерших(Человек)"	"2024 год"	"202412"	"ТЕРЕКТИНСКИЙ РАЙОН"	"0"	"Всего"	"0"	"Всего"	"0"	"340"
"Число умерших(Человек)"	"2009 год"	"200912"	"ТЕРЕКТИНСКИЙ РАЙОН"	"0"	"сельская местность"	"0"	"Всего"	"0"	"385"
"Число умерших(Человек)"	"2011 год"	"201112"	"ТЕРЕКТИНСКИЙ РАЙОН"	"0"	"сельская местность"	"0"	"Всего"	"0"	"389"
"Число умерших(Человек)"	"2016 год"	"201612"	"ТЕРЕКТИНСКИЙ РАЙОН"	"0"	"сельская местность"	"0"	"Всего"	"0"	"320"
"Число умерших(Человек)"	"2010 год"	"201012"	"ТЕРЕКТИНСКИЙ РАЙОН"	"0"	"сельская местность"	"0"	"Всего"	"0"	"392"
"Число умерших(Человек)"	"2015 год"	"201512"	"ТЕРЕКТИНСКИЙ РАЙОН"	"0"	"сельская местность"	"0"	"Всего"	"0"	"318"
"Число умерших(Человек)"	"2013 год"	"201312"	"ТЕРЕКТИНСКИЙ РАЙОН"	"0"	"сельская местность"	"0"	"Всего"	"0"	"339"
"Число умерших(Человек)"	"2014 год"	"201412"	"ТЕРЕКТИНСКИЙ РАЙОН"	"0"	"сельская местность"	"0"	"Всего"	"0"	"364"
"Число умерших(Человек)"	"2012 год"	"201212"	"ТЕРЕКТИНСКИЙ РАЙОН"	"0"	"сельская местность"	"0"	"Всего"	"0"	"389"
"Число умерших(Человек)"	"2021 год"	"202112"	"ТЕРЕКТИНСКИЙ РАЙОН"	"0"	"сельская местность"	"0"	"Всего"	"0"	"407"
"Число умерших(Человек)"	"2020 год"	"202012"	"ТЕРЕКТИНСКИЙ РАЙОН"	"0"	"сельская местность"	"0"	"Всего"	"0"	"381"
"Число умерших(Человек)"	"2019 год"	"201912"	"ТЕРЕКТИНСКИЙ РАЙОН"	"0"	"сельская местность"	"0"	"Всего"	"0"	"351"
"Число умерших(Человек)"	"2018 год"	"201812"	"ТЕРЕКТИНСКИЙ РАЙОН"	"0"	"сельская местность"	"0"	"Всего"	"0"	"327"
"Число умерших(Человек)"	"2022 год"	"202212"	"ТЕРЕКТИНСКИЙ РАЙОН"	"0"	"сельская местность"	"0"	"Всего"	"0"	"313"
"Число умерших(Человек)"	"2017 год"	"201712"	"ТЕРЕКТИНСКИЙ РАЙОН"	"0"	"сельская местность"	"0"	"Всего"	"0"	"376"
"Число умерших(Человек)"	"2023 год"	"202312"	"ТЕРЕКТИНСКИЙ РАЙОН"	"0"	"сельская местность"	"0"	"Всего"	"0"	"318"
"Число умерших(Человек)"	"2024 год"	"202412"	"ТЕРЕКТИНСКИЙ РАЙОН"	"0"	"сельская местность"	"0"	"Всего"	"0"	"340"
"Число умерших(Человек)"	"2009 год"	"200912"	"ЧИНГИРЛАУСКИЙ РАЙОН"	"0"	"Всего"	"0"	"Всего"	"0"	"146"
"Число умерших(Человек)"	"2011 год"	"201112"	"ЧИНГИРЛАУСКИЙ РАЙОН"	"0"	"Всего"	"0"	"Всего"	"0"	"151"
"Число умерших(Человек)"	"2016 год"	"201612"	"ЧИНГИРЛАУСКИЙ РАЙОН"	"0"	"Всего"	"0"	"Всего"	"0"	"123"
"Число умерших(Человек)"	"2010 год"	"201012"	"ЧИНГИРЛАУСКИЙ РАЙОН"	"0"	"Всего"	"0"	"Всего"	"0"	"179"
"Число умерших(Человек)"	"2015 год"	"201512"	"ЧИНГИРЛАУСКИЙ РАЙОН"	"0"	"Всего"	"0"	"Всего"	"0"	"120"
"Число умерших(Человек)"	"2013 год"	"201312"	"ЧИНГИРЛАУСКИЙ РАЙОН"	"0"	"Всего"	"0"	"Всего"	"0"	"146"
"Число умерших(Человек)"	"2014 год"	"201412"	"ЧИНГИРЛАУСКИЙ РАЙОН"	"0"	"Всего"	"0"	"Всего"	"0"	"138"
"Число умерших(Человек)"	"2012 год"	"201212"	"ЧИНГИРЛАУСКИЙ РАЙОН"	"0"	"Всего"	"0"	"Всего"	"0"	"154"
"Число умерших(Человек)"	"2021 год"	"202112"	"ЧИНГИРЛАУСКИЙ РАЙОН"	"0"	"Всего"	"0"	"Всего"	"0"	"153"
"Число умерших(Человек)"	"2020 год"	"202012"	"ЧИНГИРЛАУСКИЙ РАЙОН"	"0"	"Всего"	"0"	"Всего"	"0"	"149"
"Число умерших(Человек)"	"2019 год"	"201912"	"ЧИНГИРЛАУСКИЙ РАЙОН"	"0"	"Всего"	"0"	"Всего"	"0"	"106"
"Число умерших(Человек)"	"2018 год"	"201812"	"ЧИНГИРЛАУСКИЙ РАЙОН"	"0"	"Всего"	"0"	"Всего"	"0"	"110"
"Число умерших(Человек)"	"2022 год"	"202212"	"ЧИНГИРЛАУСКИЙ РАЙОН"	"0"	"Всего"	"0"	"Всего"	"0"	"107"
"Число умерших(Человек)"	"2017 год"	"201712"	"ЧИНГИРЛАУСКИЙ РАЙОН"	"0"	"Всего"	"0"	"Всего"	"0"	"143"
"Число умерших(Человек)"	"2023 год"	"202312"	"ЧИНГИРЛАУСКИЙ РАЙОН"	"0"	"Всего"	"0"	"Всего"	"0"	"110"
"Число умерших(Человек)"	"2024 год"	"202412"	"ЧИНГИРЛАУСКИЙ РАЙОН"	"0"	"Всего"	"0"	"Всего"	"0"	"110"
"Число умерших(Человек)"	"2009 год"	"200912"	"ЧИНГИРЛАУСКИЙ РАЙОН"	"0"	"сельская местность"	"0"	"Всего"	"0"	"146"
"Число умерших(Человек)"	"2011 год"	"201112"	"ЧИНГИРЛАУСКИЙ РАЙОН"	"0"	"сельская местность"	"0"	"Всего"	"0"	"151"
"Число умерших(Человек)"	"2016 год"	"201612"	"ЧИНГИРЛАУСКИЙ РАЙОН"	"0"	"сельская местность"	"0"	"Всего"	"0"	"123"
"Число умерших(Человек)"	"2010 год"	"201012"	"ЧИНГИРЛАУСКИЙ РАЙОН"	"0"	"сельская местность"	"0"	"Всего"	"0"	"179"
"Число умерших(Человек)"	"2015 год"	"201512"	"ЧИНГИРЛАУСКИЙ РАЙОН"	"0"	"сельская местность"	"0"	"Всего"	"0"	"120"
"Число умерших(Человек)"	"2013 год"	"201312"	"ЧИНГИРЛАУСКИЙ РАЙОН"	"0"	"сельская местность"	"0"	"Всего"	"0"	"146"
"Число умерших(Человек)"	"2014 год"	"201412"	"ЧИНГИРЛАУСКИЙ РАЙОН"	"0"	"сельская местность"	"0"	"Всего"	"0"	"138"
"Число умерших(Человек)"	"2012 год"	"201212"	"ЧИНГИРЛАУСКИЙ РАЙОН"	"0"	"сельская местность"	"0"	"Всего"	"0"	"154"
"Число умерших(Человек)"	"2021 год"	"202112"	"ЧИНГИРЛАУСКИЙ РАЙОН"	"0"	"сельская местность"	"0"	"Всего"	"0"	"153"
"Число умерших(Человек)"	"2020 год"	"202012"	"ЧИНГИРЛАУСКИЙ РАЙОН"	"0"	"сельская местность"	"0"	"Всего"	"0"	"149"
"Число умерших(Человек)"	"2019 год"	"201912"	"ЧИНГИРЛАУСКИЙ РАЙОН"	"0"	"сельская местность"	"0"	"Всего"	"0"	"106"
"Число умерших(Человек)"	"2018 год"	"201812"	"ЧИНГИРЛАУСКИЙ РАЙОН"	"0"	"сельская местность"	"0"	"Всего"	"0"	"110"
"Число умерших(Человек)"	"2022 год"	"202212"	"ЧИНГИРЛАУСКИЙ РАЙОН"	"0"	"сельская местность"	"0"	"Всего"	"0"	"107"
"Число умерших(Человек)"	"2017 год"	"201712"	"ЧИНГИРЛАУСКИЙ РАЙОН"	"0"	"сельская местность"	"0"	"Всего"	"0"	"143"
"Число умерших(Человек)"	"2023 год"	"202312"	"ЧИНГИРЛАУСКИЙ РАЙОН"	"0"	"сельская местность"	"0"	"Всего"	"0"	"110"
"Число умерших(Человек)"	"2024 год"	"202412"	"ЧИНГИРЛАУСКИЙ РАЙОН"	"0"	"сельская местность"	"0"	"Всего"	"0"	"110"
"Число умерших(Человек)"	"2009 год"	"200912"	"ТАРАЗ Г.А."	"0"	"Всего"	"0"	"Всего"	"0"	"2 880"
"Число умерших(Человек)"	"2011 год"	"201112"	"ТАРАЗ Г.А."	"0"	"Всего"	"0"	"Всего"	"0"	"2 912"
"Число умерших(Человек)"	"2016 год"	"201612"	"ТАРАЗ Г.А."	"0"	"Всего"	"0"	"Всего"	"0"	"2 607"
"Число умерших(Человек)"	"2010 год"	"201012"	"ТАРАЗ Г.А."	"0"	"Всего"	"0"	"Всего"	"0"	"2 997"
"Число умерших(Человек)"	"2015 год"	"201512"	"ТАРАЗ Г.А."	"0"	"Всего"	"0"	"Всего"	"0"	"2 639"
"Число умерших(Человек)"	"2013 год"	"201312"	"ТАРАЗ Г.А."	"0"	"Всего"	"0"	"Всего"	"0"	"2 879"
"Число умерших(Человек)"	"2014 год"	"201412"	"ТАРАЗ Г.А."	"0"	"Всего"	"0"	"Всего"	"0"	"2 777"
"Число умерших(Человек)"	"2012 год"	"201212"	"ТАРАЗ Г.А."	"0"	"Всего"	"0"	"Всего"	"0"	"2 841"
"Число умерших(Человек)"	"2021 год"	"202112"	"ТАРАЗ Г.А."	"0"	"Всего"	"0"	"Всего"	"0"	"4 285"
"Число умерших(Человек)"	"2020 год"	"202012"	"ТАРАЗ Г.А."	"0"	"Всего"	"0"	"Всего"	"0"	"3 662"
"Число умерших(Человек)"	"2019 год"	"201912"	"ТАРАЗ Г.А."	"0"	"Всего"	"0"	"Всего"	"0"	"2 764"
"Число умерших(Человек)"	"2018 год"	"201812"	"ТАРАЗ Г.А."	"0"	"Всего"	"0"	"Всего"	"0"	"2 615"
"Число умерших(Человек)"	"2022 год"	"202212"	"ТАРАЗ Г.А."	"0"	"Всего"	"0"	"Всего"	"0"	"2 760"
"Число умерших(Человек)"	"2017 год"	"201712"	"ТАРАЗ Г.А."	"0"	"Всего"	"0"	"Всего"	"0"	"2 680"
"Число умерших(Человек)"	"2023 год"	"202312"	"ТАРАЗ Г.А."	"0"	"Всего"	"0"	"Всего"	"0"	"2 653"
"Число умерших(Человек)"	"2024 год"	"202412"	"ТАРАЗ Г.А."	"0"	"Всего"	"0"	"Всего"	"0"	"2 713"
"Число умерших(Человек)"	"2009 год"	"200912"	"ТАРАЗ Г.А."	"0"	"городская местность"	"0"	"Всего"	"0"	"2 880"
"Число умерших(Человек)"	"2011 год"	"201112"	"ТАРАЗ Г.А."	"0"	"городская местность"	"0"	"Всего"	"0"	"2 912"
"Число умерших(Человек)"	"2016 год"	"201612"	"ТАРАЗ Г.А."	"0"	"городская местность"	"0"	"Всего"	"0"	"2 607"
"Число умерших(Человек)"	"2010 год"	"201012"	"ТАРАЗ Г.А."	"0"	"городская местность"	"0"	"Всего"	"0"	"2 997"
"Число умерших(Человек)"	"2015 год"	"201512"	"ТАРАЗ Г.А."	"0"	"городская местность"	"0"	"Всего"	"0"	"2 639"
"Число умерших(Человек)"	"2013 год"	"201312"	"ТАРАЗ Г.А."	"0"	"городская местность"	"0"	"Всего"	"0"	"2 879"
"Число умерших(Человек)"	"2014 год"	"201412"	"ТАРАЗ Г.А."	"0"	"городская местность"	"0"	"Всего"	"0"	"2 777"
"Число умерших(Человек)"	"2012 год"	"201212"	"ТАРАЗ Г.А."	"0"	"городская местность"	"0"	"Всего"	"0"	"2 841"
"Число умерших(Человек)"	"2021 год"	"202112"	"ТАРАЗ Г.А."	"0"	"городская местность"	"0"	"Всего"	"0"	"4 285"
"Число умерших(Человек)"	"2020 год"	"202012"	"ТАРАЗ Г.А."	"0"	"городская местность"	"0"	"Всего"	"0"	"3 662"
"Число умерших(Человек)"	"2019 год"	"201912"	"ТАРАЗ Г.А."	"0"	"городская местность"	"0"	"Всего"	"0"	"2 764"
"Число умерших(Человек)"	"2018 год"	"201812"	"ТАРАЗ Г.А."	"0"	"городская местность"	"0"	"Всего"	"0"	"2 615"
"Число умерших(Человек)"	"2022 год"	"202212"	"ТАРАЗ Г.А."	"0"	"городская местность"	"0"	"Всего"	"0"	"2 760"
"Число умерших(Человек)"	"2017 год"	"201712"	"ТАРАЗ Г.А."	"0"	"городская местность"	"0"	"Всего"	"0"	"2 680"
"Число умерших(Человек)"	"2023 год"	"202312"	"ТАРАЗ Г.А."	"0"	"городская местность"	"0"	"Всего"	"0"	"2 653"
"Число умерших(Человек)"	"2024 год"	"202412"	"ТАРАЗ Г.А."	"0"	"городская местность"	"0"	"Всего"	"0"	"2 713"
"Число умерших(Человек)"	"2009 год"	"200912"	"БАЙЗАКСКИЙ РАЙОН"	"0"	"Всего"	"0"	"Всего"	"0"	"610"
"Число умерших(Человек)"	"2011 год"	"201112"	"БАЙЗАКСКИЙ РАЙОН"	"0"	"Всего"	"0"	"Всего"	"0"	"581"
"Число умерших(Человек)"	"2016 год"	"201612"	"БАЙЗАКСКИЙ РАЙОН"	"0"	"Всего"	"0"	"Всего"	"0"	"514"
"Число умерших(Человек)"	"2010 год"	"201012"	"БАЙЗАКСКИЙ РАЙОН"	"0"	"Всего"	"0"	"Всего"	"0"	"593"
"Число умерших(Человек)"	"2015 год"	"201512"	"БАЙЗАКСКИЙ РАЙОН"	"0"	"Всего"	"0"	"Всего"	"0"	"496"
"Число умерших(Человек)"	"2013 год"	"201312"	"БАЙЗАКСКИЙ РАЙОН"	"0"	"Всего"	"0"	"Всего"	"0"	"491"
"Число умерших(Человек)"	"2014 год"	"201412"	"БАЙЗАКСКИЙ РАЙОН"	"0"	"Всего"	"0"	"Всего"	"0"	"496"
"Число умерших(Человек)"	"2012 год"	"201212"	"БАЙЗАКСКИЙ РАЙОН"	"0"	"Всего"	"0"	"Всего"	"0"	"504"
"Число умерших(Человек)"	"2021 год"	"202112"	"БАЙЗАКСКИЙ РАЙОН"	"0"	"Всего"	"0"	"Всего"	"0"	"719"
"Число умерших(Человек)"	"2020 год"	"202012"	"БАЙЗАКСКИЙ РАЙОН"	"0"	"Всего"	"0"	"Всего"	"0"	"666"
"Число умерших(Человек)"	"2019 год"	"201912"	"БАЙЗАКСКИЙ РАЙОН"	"0"	"Всего"	"0"	"Всего"	"0"	"536"
"Число умерших(Человек)"	"2018 год"	"201812"	"БАЙЗАКСКИЙ РАЙОН"	"0"	"Всего"	"0"	"Всего"	"0"	"480"
"Число умерших(Человек)"	"2022 год"	"202212"	"БАЙЗАКСКИЙ РАЙОН"	"0"	"Всего"	"0"	"Всего"	"0"	"574"
"Число умерших(Человек)"	"2017 год"	"201712"	"БАЙЗАКСКИЙ РАЙОН"	"0"	"Всего"	"0"	"Всего"	"0"	"526"
"Число умерших(Человек)"	"2023 год"	"202312"	"БАЙЗАКСКИЙ РАЙОН"	"0"	"Всего"	"0"	"Всего"	"0"	"547"
"Число умерших(Человек)"	"2024 год"	"202412"	"БАЙЗАКСКИЙ РАЙОН"	"0"	"Всего"	"0"	"Всего"	"0"	"587"
"Число умерших(Человек)"	"2009 год"	"200912"	"БАЙЗАКСКИЙ РАЙОН"	"0"	"сельская местность"	"0"	"Всего"	"0"	"610"
"Число умерших(Человек)"	"2011 год"	"201112"	"БАЙЗАКСКИЙ РАЙОН"	"0"	"сельская местность"	"0"	"Всего"	"0"	"581"
"Число умерших(Человек)"	"2016 год"	"201612"	"БАЙЗАКСКИЙ РАЙОН"	"0"	"сельская местность"	"0"	"Всего"	"0"	"514"
"Число умерших(Человек)"	"2010 год"	"201012"	"БАЙЗАКСКИЙ РАЙОН"	"0"	"сельская местность"	"0"	"Всего"	"0"	"593"
"Число умерших(Человек)"	"2015 год"	"201512"	"БАЙЗАКСКИЙ РАЙОН"	"0"	"сельская местность"	"0"	"Всего"	"0"	"496"
"Число умерших(Человек)"	"2013 год"	"201312"	"БАЙЗАКСКИЙ РАЙОН"	"0"	"сельская местность"	"0"	"Всего"	"0"	"491"
"Число умерших(Человек)"	"2014 год"	"201412"	"БАЙЗАКСКИЙ РАЙОН"	"0"	"сельская местность"	"0"	"Всего"	"0"	"496"
"Число умерших(Человек)"	"2012 год"	"201212"	"БАЙЗАКСКИЙ РАЙОН"	"0"	"сельская местность"	"0"	"Всего"	"0"	"504"
"Число умерших(Человек)"	"2021 год"	"202112"	"БАЙЗАКСКИЙ РАЙОН"	"0"	"сельская местность"	"0"	"Всего"	"0"	"719"
"Число умерших(Человек)"	"2020 год"	"202012"	"БАЙЗАКСКИЙ РАЙОН"	"0"	"сельская местность"	"0"	"Всего"	"0"	"666"
"Число умерших(Человек)"	"2019 год"	"201912"	"БАЙЗАКСКИЙ РАЙОН"	"0"	"сельская местность"	"0"	"Всего"	"0"	"536"
"Число умерших(Человек)"	"2018 год"	"201812"	"БАЙЗАКСКИЙ РАЙОН"	"0"	"сельская местность"	"0"	"Всего"	"0"	"480"
"Число умерших(Человек)"	"2022 год"	"202212"	"БАЙЗАКСКИЙ РАЙОН"	"0"	"сельская местность"	"0"	"Всего"	"0"	"574"
"Число умерших(Человек)"	"2017 год"	"201712"	"БАЙЗАКСКИЙ РАЙОН"	"0"	"сельская местность"	"0"	"Всего"	"0"	"526"
"Число умерших(Человек)"	"2023 год"	"202312"	"БАЙЗАКСКИЙ РАЙОН"	"0"	"сельская местность"	"0"	"Всего"	"0"	"547"
"Число умерших(Человек)"	"2024 год"	"202412"	"БАЙЗАКСКИЙ РАЙОН"	"0"	"сельская местность"	"0"	"Всего"	"0"	"587"
"Число умерших(Человек)"	"2009 год"	"200912"	"ЖАМБЫЛСКИЙ РАЙОН"	"0"	"Всего"	"0"	"Всего"	"0"	"529"
"Число умерших(Человек)"	"2011 год"	"201112"	"ЖАМБЫЛСКИЙ РАЙОН"	"0"	"Всего"	"0"	"Всего"	"0"	"518"
"Число умерших(Человек)"	"2016 год"	"201612"	"ЖАМБЫЛСКИЙ РАЙОН"	"0"	"Всего"	"0"	"Всего"	"0"	"462"
"Число умерших(Человек)"	"2010 год"	"201012"	"ЖАМБЫЛСКИЙ РАЙОН"	"0"	"Всего"	"0"	"Всего"	"0"	"516"
"Число умерших(Человек)"	"2015 год"	"201512"	"ЖАМБЫЛСКИЙ РАЙОН"	"0"	"Всего"	"0"	"Всего"	"0"	"447"
"Число умерших(Человек)"	"2013 год"	"201312"	"ЖАМБЫЛСКИЙ РАЙОН"	"0"	"Всего"	"0"	"Всего"	"0"	"468"
"Число умерших(Человек)"	"2014 год"	"201412"	"ЖАМБЫЛСКИЙ РАЙОН"	"0"	"Всего"	"0"	"Всего"	"0"	"470"
"Число умерших(Человек)"	"2012 год"	"201212"	"ЖАМБЫЛСКИЙ РАЙОН"	"0"	"Всего"	"0"	"Всего"	"0"	"494"
"Число умерших(Человек)"	"2021 год"	"202112"	"ЖАМБЫЛСКИЙ РАЙОН"	"0"	"Всего"	"0"	"Всего"	"0"	"602"
"Число умерших(Человек)"	"2020 год"	"202012"	"ЖАМБЫЛСКИЙ РАЙОН"	"0"	"Всего"	"0"	"Всего"	"0"	"554"
"Число умерших(Человек)"	"2019 год"	"201912"	"ЖАМБЫЛСКИЙ РАЙОН"	"0"	"Всего"	"0"	"Всего"	"0"	"446"
"Число умерших(Человек)"	"2018 год"	"201812"	"ЖАМБЫЛСКИЙ РАЙОН"	"0"	"Всего"	"0"	"Всего"	"0"	"429"
"Число умерших(Человек)"	"2022 год"	"202212"	"ЖАМБЫЛСКИЙ РАЙОН"	"0"	"Всего"	"0"	"Всего"	"0"	"408"
"Число умерших(Человек)"	"2017 год"	"201712"	"ЖАМБЫЛСКИЙ РАЙОН"	"0"	"Всего"	"0"	"Всего"	"0"	"429"
"Число умерших(Человек)"	"2023 год"	"202312"	"ЖАМБЫЛСКИЙ РАЙОН"	"0"	"Всего"	"0"	"Всего"	"0"	"493"
"Число умерших(Человек)"	"2024 год"	"202412"	"ЖАМБЫЛСКИЙ РАЙОН"	"0"	"Всего"	"0"	"Всего"	"0"	"514"
"Число умерших(Человек)"	"2009 год"	"200912"	"ЖАМБЫЛСКИЙ РАЙОН"	"0"	"сельская местность"	"0"	"Всего"	"0"	"529"
"Число умерших(Человек)"	"2011 год"	"201112"	"ЖАМБЫЛСКИЙ РАЙОН"	"0"	"сельская местность"	"0"	"Всего"	"0"	"518"
"Число умерших(Человек)"	"2016 год"	"201612"	"ЖАМБЫЛСКИЙ РАЙОН"	"0"	"сельская местность"	"0"	"Всего"	"0"	"462"
"Число умерших(Человек)"	"2010 год"	"201012"	"ЖАМБЫЛСКИЙ РАЙОН"	"0"	"сельская местность"	"0"	"Всего"	"0"	"516"
"Число умерших(Человек)"	"2015 год"	"201512"	"ЖАМБЫЛСКИЙ РАЙОН"	"0"	"сельская местность"	"0"	"Всего"	"0"	"447"
"Число умерших(Человек)"	"2013 год"	"201312"	"ЖАМБЫЛСКИЙ РАЙОН"	"0"	"сельская местность"	"0"	"Всего"	"0"	"468"
"Число умерших(Человек)"	"2014 год"	"201412"	"ЖАМБЫЛСКИЙ РАЙОН"	"0"	"сельская местность"	"0"	"Всего"	"0"	"470"
"Число умерших(Человек)"	"2012 год"	"201212"	"ЖАМБЫЛСКИЙ РАЙОН"	"0"	"сельская местность"	"0"	"Всего"	"0"	"494"
"Число умерших(Человек)"	"2021 год"	"202112"	"ЖАМБЫЛСКИЙ РАЙОН"	"0"	"сельская местность"	"0"	"Всего"	"0"	"602"
"Число умерших(Человек)"	"2020 год"	"202012"	"ЖАМБЫЛСКИЙ РАЙОН"	"0"	"сельская местность"	"0"	"Всего"	"0"	"554"
"Число умерших(Человек)"	"2019 год"	"201912"	"ЖАМБЫЛСКИЙ РАЙОН"	"0"	"сельская местность"	"0"	"Всего"	"0"	"446"
"Число умерших(Человек)"	"2018 год"	"201812"	"ЖАМБЫЛСКИЙ РАЙОН"	"0"	"сельская местность"	"0"	"Всего"	"0"	"429"
"Число умерших(Человек)"	"2022 год"	"202212"	"ЖАМБЫЛСКИЙ РАЙОН"	"0"	"сельская местность"	"0"	"Всего"	"0"	"408"
"Число умерших(Человек)"	"2017 год"	"201712"	"ЖАМБЫЛСКИЙ РАЙОН"	"0"	"сельская местность"	"0"	"Всего"	"0"	"429"
"Число умерших(Человек)"	"2023 год"	"202312"	"ЖАМБЫЛСКИЙ РАЙОН"	"0"	"сельская местность"	"0"	"Всего"	"0"	"493"
"Число умерших(Человек)"	"2024 год"	"202412"	"ЖАМБЫЛСКИЙ РАЙОН"	"0"	"сельская местность"	"0"	"Всего"	"0"	"514"
"Число умерших(Человек)"	"2009 год"	"200912"	"ЖУАЛЫНСКИЙ РАЙОН"	"0"	"Всего"	"0"	"Всего"	"0"	"387"
"Число умерших(Человек)"	"2011 год"	"201112"	"ЖУАЛЫНСКИЙ РАЙОН"	"0"	"Всего"	"0"	"Всего"	"0"	"335"
"Число умерших(Человек)"	"2016 год"	"201612"	"ЖУАЛЫНСКИЙ РАЙОН"	"0"	"Всего"	"0"	"Всего"	"0"	"335"
"Число умерших(Человек)"	"2010 год"	"201012"	"ЖУАЛЫНСКИЙ РАЙОН"	"0"	"Всего"	"0"	"Всего"	"0"	"360"
"Число умерших(Человек)"	"2015 год"	"201512"	"ЖУАЛЫНСКИЙ РАЙОН"	"0"	"Всего"	"0"	"Всего"	"0"	"298"
"Число умерших(Человек)"	"2013 год"	"201312"	"ЖУАЛЫНСКИЙ РАЙОН"	"0"	"Всего"	"0"	"Всего"	"0"	"361"
"Число умерших(Человек)"	"2014 год"	"201412"	"ЖУАЛЫНСКИЙ РАЙОН"	"0"	"Всего"	"0"	"Всего"	"0"	"348"
"Число умерших(Человек)"	"2012 год"	"201212"	"ЖУАЛЫНСКИЙ РАЙОН"	"0"	"Всего"	"0"	"Всего"	"0"	"371"
"Число умерших(Человек)"	"2021 год"	"202112"	"ЖУАЛЫНСКИЙ РАЙОН"	"0"	"Всего"	"0"	"Всего"	"0"	"399"
"Число умерших(Человек)"	"2020 год"	"202012"	"ЖУАЛЫНСКИЙ РАЙОН"	"0"	"Всего"	"0"	"Всего"	"0"	"375"
"Число умерших(Человек)"	"2019 год"	"201912"	"ЖУАЛЫНСКИЙ РАЙОН"	"0"	"Всего"	"0"	"Всего"	"0"	"328"
"Число умерших(Человек)"	"2018 год"	"201812"	"ЖУАЛЫНСКИЙ РАЙОН"	"0"	"Всего"	"0"	"Всего"	"0"	"302"
"Число умерших(Человек)"	"2022 год"	"202212"	"ЖУАЛЫНСКИЙ РАЙОН"	"0"	"Всего"	"0"	"Всего"	"0"	"311"
"Число умерших(Человек)"	"2017 год"	"201712"	"ЖУАЛЫНСКИЙ РАЙОН"	"0"	"Всего"	"0"	"Всего"	"0"	"309"
"Число умерших(Человек)"	"2023 год"	"202312"	"ЖУАЛЫНСКИЙ РАЙОН"	"0"	"Всего"	"0"	"Всего"	"0"	"309"
"Число умерших(Человек)"	"2024 год"	"202412"	"ЖУАЛЫНСКИЙ РАЙОН"	"0"	"Всего"	"0"	"Всего"	"0"	"287"
"Число умерших(Человек)"	"2009 год"	"200912"	"ЖУАЛЫНСКИЙ РАЙОН"	"0"	"сельская местность"	"0"	"Всего"	"0"	"387"
"Число умерших(Человек)"	"2011 год"	"201112"	"ЖУАЛЫНСКИЙ РАЙОН"	"0"	"сельская местность"	"0"	"Всего"	"0"	"335"
"Число умерших(Человек)"	"2016 год"	"201612"	"ЖУАЛЫНСКИЙ РАЙОН"	"0"	"сельская местность"	"0"	"Всего"	"0"	"335"
"Число умерших(Человек)"	"2010 год"	"201012"	"ЖУАЛЫНСКИЙ РАЙОН"	"0"	"сельская местность"	"0"	"Всего"	"0"	"360"
"Число умерших(Человек)"	"2015 год"	"201512"	"ЖУАЛЫНСКИЙ РАЙОН"	"0"	"сельская местность"	"0"	"Всего"	"0"	"298"
"Число умерших(Человек)"	"2013 год"	"201312"	"ЖУАЛЫНСКИЙ РАЙОН"	"0"	"сельская местность"	"0"	"Всего"	"0"	"361"
"Число умерших(Человек)"	"2014 год"	"201412"	"ЖУАЛЫНСКИЙ РАЙОН"	"0"	"сельская местность"	"0"	"Всего"	"0"	"348"
"Число умерших(Человек)"	"2012 год"	"201212"	"ЖУАЛЫНСКИЙ РАЙОН"	"0"	"сельская местность"	"0"	"Всего"	"0"	"371"
"Число умерших(Человек)"	"2021 год"	"202112"	"ЖУАЛЫНСКИЙ РАЙОН"	"0"	"сельская местность"	"0"	"Всего"	"0"	"399"
"Число умерших(Человек)"	"2020 год"	"202012"	"ЖУАЛЫНСКИЙ РАЙОН"	"0"	"сельская местность"	"0"	"Всего"	"0"	"375"
"Число умерших(Человек)"	"2019 год"	"201912"	"ЖУАЛЫНСКИЙ РАЙОН"	"0"	"сельская местность"	"0"	"Всего"	"0"	"328"
"Число умерших(Человек)"	"2018 год"	"201812"	"ЖУАЛЫНСКИЙ РАЙОН"	"0"	"сельская местность"	"0"	"Всего"	"0"	"302"
"Число умерших(Человек)"	"2022 год"	"202212"	"ЖУАЛЫНСКИЙ РАЙОН"	"0"	"сельская местность"	"0"	"Всего"	"0"	"311"
"Число умерших(Человек)"	"2017 год"	"201712"	"ЖУАЛЫНСКИЙ РАЙОН"	"0"	"сельская местность"	"0"	"Всего"	"0"	"309"
"Число умерших(Человек)"	"2023 год"	"202312"	"ЖУАЛЫНСКИЙ РАЙОН"	"0"	"сельская местность"	"0"	"Всего"	"0"	"309"
"Число умерших(Человек)"	"2024 год"	"202412"	"ЖУАЛЫНСКИЙ РАЙОН"	"0"	"сельская местность"	"0"	"Всего"	"0"	"287"
"Число умерших(Человек)"	"2009 год"	"200912"	"КОРДАЙСКИЙ РАЙОН"	"0"	"Всего"	"0"	"Всего"	"0"	"977"
"Число умерших(Человек)"	"2011 год"	"201112"	"КОРДАЙСКИЙ РАЙОН"	"0"	"Всего"	"0"	"Всего"	"0"	"1 019"
"Число умерших(Человек)"	"2016 год"	"201612"	"КОРДАЙСКИЙ РАЙОН"	"0"	"Всего"	"0"	"Всего"	"0"	"890"
"Число умерших(Человек)"	"2010 год"	"201012"	"КОРДАЙСКИЙ РАЙОН"	"0"	"Всего"	"0"	"Всего"	"0"	"1 066"
"Число умерших(Человек)"	"2015 год"	"201512"	"КОРДАЙСКИЙ РАЙОН"	"0"	"Всего"	"0"	"Всего"	"0"	"799"
"Число умерших(Человек)"	"2013 год"	"201312"	"КОРДАЙСКИЙ РАЙОН"	"0"	"Всего"	"0"	"Всего"	"0"	"949"
"Число умерших(Человек)"	"2014 год"	"201412"	"КОРДАЙСКИЙ РАЙОН"	"0"	"Всего"	"0"	"Всего"	"0"	"875"
"Число умерших(Человек)"	"2012 год"	"201212"	"КОРДАЙСКИЙ РАЙОН"	"0"	"Всего"	"0"	"Всего"	"0"	"1 028"
"Число умерших(Человек)"	"2021 год"	"202112"	"КОРДАЙСКИЙ РАЙОН"	"0"	"Всего"	"0"	"Всего"	"0"	"1 134"
"Число умерших(Человек)"	"2020 год"	"202012"	"КОРДАЙСКИЙ РАЙОН"	"0"	"Всего"	"0"	"Всего"	"0"	"937"
"Число умерших(Человек)"	"2019 год"	"201912"	"КОРДАЙСКИЙ РАЙОН"	"0"	"Всего"	"0"	"Всего"	"0"	"876"
"Число умерших(Человек)"	"2018 год"	"201812"	"КОРДАЙСКИЙ РАЙОН"	"0"	"Всего"	"0"	"Всего"	"0"	"889"
"Число умерших(Человек)"	"2022 год"	"202212"	"КОРДАЙСКИЙ РАЙОН"	"0"	"Всего"	"0"	"Всего"	"0"	"894"
"Число умерших(Человек)"	"2017 год"	"201712"	"КОРДАЙСКИЙ РАЙОН"	"0"	"Всего"	"0"	"Всего"	"0"	"849"
"Число умерших(Человек)"	"2023 год"	"202312"	"КОРДАЙСКИЙ РАЙОН"	"0"	"Всего"	"0"	"Всего"	"0"	"846"
"Число умерших(Человек)"	"2024 год"	"202412"	"КОРДАЙСКИЙ РАЙОН"	"0"	"Всего"	"0"	"Всего"	"0"	"840"
"Число умерших(Человек)"	"2009 год"	"200912"	"КОРДАЙСКИЙ РАЙОН"	"0"	"сельская местность"	"0"	"Всего"	"0"	"977"
"Число умерших(Человек)"	"2011 год"	"201112"	"КОРДАЙСКИЙ РАЙОН"	"0"	"сельская местность"	"0"	"Всего"	"0"	"1 019"
"Число умерших(Человек)"	"2016 год"	"201612"	"КОРДАЙСКИЙ РАЙОН"	"0"	"сельская местность"	"0"	"Всего"	"0"	"890"
"Число умерших(Человек)"	"2010 год"	"201012"	"КОРДАЙСКИЙ РАЙОН"	"0"	"сельская местность"	"0"	"Всего"	"0"	"1 066"
"Число умерших(Человек)"	"2015 год"	"201512"	"КОРДАЙСКИЙ РАЙОН"	"0"	"сельская местность"	"0"	"Всего"	"0"	"799"
"Число умерших(Человек)"	"2013 год"	"201312"	"КОРДАЙСКИЙ РАЙОН"	"0"	"сельская местность"	"0"	"Всего"	"0"	"949"
"Число умерших(Человек)"	"2014 год"	"201412"	"КОРДАЙСКИЙ РАЙОН"	"0"	"сельская местность"	"0"	"Всего"	"0"	"875"
"Число умерших(Человек)"	"2012 год"	"201212"	"КОРДАЙСКИЙ РАЙОН"	"0"	"сельская местность"	"0"	"Всего"	"0"	"1 028"
"Число умерших(Человек)"	"2021 год"	"202112"	"КОРДАЙСКИЙ РАЙОН"	"0"	"сельская местность"	"0"	"Всего"	"0"	"1 134"
"Число умерших(Человек)"	"2020 год"	"202012"	"КОРДАЙСКИЙ РАЙОН"	"0"	"сельская местность"	"0"	"Всего"	"0"	"937"
"Число умерших(Человек)"	"2019 год"	"201912"	"КОРДАЙСКИЙ РАЙОН"	"0"	"сельская местность"	"0"	"Всего"	"0"	"876"
"Число умерших(Человек)"	"2018 год"	"201812"	"КОРДАЙСКИЙ РАЙОН"	"0"	"сельская местность"	"0"	"Всего"	"0"	"889"
"Число умерших(Человек)"	"2022 год"	"202212"	"КОРДАЙСКИЙ РАЙОН"	"0"	"сельская местность"	"0"	"Всего"	"0"	"894"
"Число умерших(Человек)"	"2017 год"	"201712"	"КОРДАЙСКИЙ РАЙОН"	"0"	"сельская местность"	"0"	"Всего"	"0"	"849"
"Число умерших(Человек)"	"2023 год"	"202312"	"КОРДАЙСКИЙ РАЙОН"	"0"	"сельская местность"	"0"	"Всего"	"0"	"846"
"Число умерших(Человек)"	"2024 год"	"202412"	"КОРДАЙСКИЙ РАЙОН"	"0"	"сельская местность"	"0"	"Всего"	"0"	"840"
"Число умерших(Человек)"	"2009 год"	"200912"	"РАЙОН ТУРАРА РЫСКУЛОВА"	"0"	"Всего"	"0"	"Всего"	"0"	"519"
"Число умерших(Человек)"	"2011 год"	"201112"	"РАЙОН ТУРАРА РЫСКУЛОВА"	"0"	"Всего"	"0"	"Всего"	"0"	"422"
"Число умерших(Человек)"	"2016 год"	"201612"	"РАЙОН ТУРАРА РЫСКУЛОВА"	"0"	"Всего"	"0"	"Всего"	"0"	"403"
"Число умерших(Человек)"	"2010 год"	"201012"	"РАЙОН ТУРАРА РЫСКУЛОВА"	"0"	"Всего"	"0"	"Всего"	"0"	"431"
"Число умерших(Человек)"	"2015 год"	"201512"	"РАЙОН ТУРАРА РЫСКУЛОВА"	"0"	"Всего"	"0"	"Всего"	"0"	"419"
"Число умерших(Человек)"	"2013 год"	"201312"	"РАЙОН ТУРАРА РЫСКУЛОВА"	"0"	"Всего"	"0"	"Всего"	"0"	"439"
"Число умерших(Человек)"	"2014 год"	"201412"	"РАЙОН ТУРАРА РЫСКУЛОВА"	"0"	"Всего"	"0"	"Всего"	"0"	"410"
"Число умерших(Человек)"	"2012 год"	"201212"	"РАЙОН ТУРАРА РЫСКУЛОВА"	"0"	"Всего"	"0"	"Всего"	"0"	"449"
"Число умерших(Человек)"	"2021 год"	"202112"	"РАЙОН ТУРАРА РЫСКУЛОВА"	"0"	"Всего"	"0"	"Всего"	"0"	"516"
"Число умерших(Человек)"	"2020 год"	"202012"	"РАЙОН ТУРАРА РЫСКУЛОВА"	"0"	"Всего"	"0"	"Всего"	"0"	"477"
"Число умерших(Человек)"	"2019 год"	"201912"	"РАЙОН ТУРАРА РЫСКУЛОВА"	"0"	"Всего"	"0"	"Всего"	"0"	"410"
"Число умерших(Человек)"	"2018 год"	"201812"	"РАЙОН ТУРАРА РЫСКУЛОВА"	"0"	"Всего"	"0"	"Всего"	"0"	"429"
"Число умерших(Человек)"	"2022 год"	"202212"	"РАЙОН ТУРАРА РЫСКУЛОВА"	"0"	"Всего"	"0"	"Всего"	"0"	"375"
"Число умерших(Человек)"	"2017 год"	"201712"	"РАЙОН ТУРАРА РЫСКУЛОВА"	"0"	"Всего"	"0"	"Всего"	"0"	"404"
"Число умерших(Человек)"	"2023 год"	"202312"	"РАЙОН ТУРАРА РЫСКУЛОВА"	"0"	"Всего"	"0"	"Всего"	"0"	"377"
"Число умерших(Человек)"	"2024 год"	"202412"	"РАЙОН ТУРАРА РЫСКУЛОВА"	"0"	"Всего"	"0"	"Всего"	"0"	"397"
"Число умерших(Человек)"	"2009 год"	"200912"	"РАЙОН ТУРАРА РЫСКУЛОВА"	"0"	"сельская местность"	"0"	"Всего"	"0"	"519"
"Число умерших(Человек)"	"2011 год"	"201112"	"РАЙОН ТУРАРА РЫСКУЛОВА"	"0"	"сельская местность"	"0"	"Всего"	"0"	"422"
"Число умерших(Человек)"	"2016 год"	"201612"	"РАЙОН ТУРАРА РЫСКУЛОВА"	"0"	"сельская местность"	"0"	"Всего"	"0"	"403"
"Число умерших(Человек)"	"2010 год"	"201012"	"РАЙОН ТУРАРА РЫСКУЛОВА"	"0"	"сельская местность"	"0"	"Всего"	"0"	"431"
"Число умерших(Человек)"	"2015 год"	"201512"	"РАЙОН ТУРАРА РЫСКУЛОВА"	"0"	"сельская местность"	"0"	"Всего"	"0"	"419"
"Число умерших(Человек)"	"2013 год"	"201312"	"РАЙОН ТУРАРА РЫСКУЛОВА"	"0"	"сельская местность"	"0"	"Всего"	"0"	"439"
"Число умерших(Человек)"	"2014 год"	"201412"	"РАЙОН ТУРАРА РЫСКУЛОВА"	"0"	"сельская местность"	"0"	"Всего"	"0"	"410"
"Число умерших(Человек)"	"2012 год"	"201212"	"РАЙОН ТУРАРА РЫСКУЛОВА"	"0"	"сельская местность"	"0"	"Всего"	"0"	"449"
"Число умерших(Человек)"	"2021 год"	"202112"	"РАЙОН ТУРАРА РЫСКУЛОВА"	"0"	"сельская местность"	"0"	"Всего"	"0"	"516"
"Число умерших(Человек)"	"2020 год"	"202012"	"РАЙОН ТУРАРА РЫСКУЛОВА"	"0"	"сельская местность"	"0"	"Всего"	"0"	"477"
"Число умерших(Человек)"	"2019 год"	"201912"	"РАЙОН ТУРАРА РЫСКУЛОВА"	"0"	"сельская местность"	"0"	"Всего"	"0"	"410"
"Число умерших(Человек)"	"2018 год"	"201812"	"РАЙОН ТУРАРА РЫСКУЛОВА"	"0"	"сельская местность"	"0"	"Всего"	"0"	"429"
"Число умерших(Человек)"	"2022 год"	"202212"	"РАЙОН ТУРАРА РЫСКУЛОВА"	"0"	"сельская местность"	"0"	"Всего"	"0"	"375"
"Число умерших(Человек)"	"2017 год"	"201712"	"РАЙОН ТУРАРА РЫСКУЛОВА"	"0"	"сельская местность"	"0"	"Всего"	"0"	"404"
"Число умерших(Человек)"	"2023 год"	"202312"	"РАЙОН ТУРАРА РЫСКУЛОВА"	"0"	"сельская местность"	"0"	"Всего"	"0"	"377"
"Число умерших(Человек)"	"2024 год"	"202412"	"РАЙОН ТУРАРА РЫСКУЛОВА"	"0"	"сельская местность"	"0"	"Всего"	"0"	"397"
"Число умерших(Человек)"	"2009 год"	"200912"	"МЕРКЕНСКИЙ РАЙОН"	"0"	"Всего"	"0"	"Всего"	"0"	"648"
"Число умерших(Человек)"	"2011 год"	"201112"	"МЕРКЕНСКИЙ РАЙОН"	"0"	"Всего"	"0"	"Всего"	"0"	"602"
"Число умерших(Человек)"	"2016 год"	"201612"	"МЕРКЕНСКИЙ РАЙОН"	"0"	"Всего"	"0"	"Всего"	"0"	"550"
"Число умерших(Человек)"	"2010 год"	"201012"	"МЕРКЕНСКИЙ РАЙОН"	"0"	"Всего"	"0"	"Всего"	"0"	"623"
"Число умерших(Человек)"	"2015 год"	"201512"	"МЕРКЕНСКИЙ РАЙОН"	"0"	"Всего"	"0"	"Всего"	"0"	"612"
"Число умерших(Человек)"	"2013 год"	"201312"	"МЕРКЕНСКИЙ РАЙОН"	"0"	"Всего"	"0"	"Всего"	"0"	"618"
"Число умерших(Человек)"	"2014 год"	"201412"	"МЕРКЕНСКИЙ РАЙОН"	"0"	"Всего"	"0"	"Всего"	"0"	"601"
"Число умерших(Человек)"	"2012 год"	"201212"	"МЕРКЕНСКИЙ РАЙОН"	"0"	"Всего"	"0"	"Всего"	"0"	"606"
"Число умерших(Человек)"	"2021 год"	"202112"	"МЕРКЕНСКИЙ РАЙОН"	"0"	"Всего"	"0"	"Всего"	"0"	"723"
"Число умерших(Человек)"	"2020 год"	"202012"	"МЕРКЕНСКИЙ РАЙОН"	"0"	"Всего"	"0"	"Всего"	"0"	"625"
"Число умерших(Человек)"	"2019 год"	"201912"	"МЕРКЕНСКИЙ РАЙОН"	"0"	"Всего"	"0"	"Всего"	"0"	"532"
"Число умерших(Человек)"	"2018 год"	"201812"	"МЕРКЕНСКИЙ РАЙОН"	"0"	"Всего"	"0"	"Всего"	"0"	"530"
"Число умерших(Человек)"	"2022 год"	"202212"	"МЕРКЕНСКИЙ РАЙОН"	"0"	"Всего"	"0"	"Всего"	"0"	"525"
"Число умерших(Человек)"	"2017 год"	"201712"	"МЕРКЕНСКИЙ РАЙОН"	"0"	"Всего"	"0"	"Всего"	"0"	"525"
"Число умерших(Человек)"	"2023 год"	"202312"	"МЕРКЕНСКИЙ РАЙОН"	"0"	"Всего"	"0"	"Всего"	"0"	"526"
"Число умерших(Человек)"	"2024 год"	"202412"	"МЕРКЕНСКИЙ РАЙОН"	"0"	"Всего"	"0"	"Всего"	"0"	"526"
"Число умерших(Человек)"	"2009 год"	"200912"	"МЕРКЕНСКИЙ РАЙОН"	"0"	"сельская местность"	"0"	"Всего"	"0"	"648"
"Число умерших(Человек)"	"2011 год"	"201112"	"МЕРКЕНСКИЙ РАЙОН"	"0"	"сельская местность"	"0"	"Всего"	"0"	"602"
"Число умерших(Человек)"	"2016 год"	"201612"	"МЕРКЕНСКИЙ РАЙОН"	"0"	"сельская местность"	"0"	"Всего"	"0"	"550"
"Число умерших(Человек)"	"2010 год"	"201012"	"МЕРКЕНСКИЙ РАЙОН"	"0"	"сельская местность"	"0"	"Всего"	"0"	"623"
"Число умерших(Человек)"	"2015 год"	"201512"	"МЕРКЕНСКИЙ РАЙОН"	"0"	"сельская местность"	"0"	"Всего"	"0"	"612"
"Число умерших(Человек)"	"2013 год"	"201312"	"МЕРКЕНСКИЙ РАЙОН"	"0"	"сельская местность"	"0"	"Всего"	"0"	"618"
"Число умерших(Человек)"	"2014 год"	"201412"	"МЕРКЕНСКИЙ РАЙОН"	"0"	"сельская местность"	"0"	"Всего"	"0"	"601"
"Число умерших(Человек)"	"2012 год"	"201212"	"МЕРКЕНСКИЙ РАЙОН"	"0"	"сельская местность"	"0"	"Всего"	"0"	"606"
"Число умерших(Человек)"	"2021 год"	"202112"	"МЕРКЕНСКИЙ РАЙОН"	"0"	"сельская местность"	"0"	"Всего"	"0"	"723"
"Число умерших(Человек)"	"2020 год"	"202012"	"МЕРКЕНСКИЙ РАЙОН"	"0"	"сельская местность"	"0"	"Всего"	"0"	"625"
"Число умерших(Человек)"	"2019 год"	"201912"	"МЕРКЕНСКИЙ РАЙОН"	"0"	"сельская местность"	"0"	"Всего"	"0"	"532"
"Число умерших(Человек)"	"2018 год"	"201812"	"МЕРКЕНСКИЙ РАЙОН"	"0"	"сельская местность"	"0"	"Всего"	"0"	"530"
"Число умерших(Человек)"	"2022 год"	"202212"	"МЕРКЕНСКИЙ РАЙОН"	"0"	"сельская местность"	"0"	"Всего"	"0"	"525"
"Число умерших(Человек)"	"2017 год"	"201712"	"МЕРКЕНСКИЙ РАЙОН"	"0"	"сельская местность"	"0"	"Всего"	"0"	"525"
"Число умерших(Человек)"	"2023 год"	"202312"	"МЕРКЕНСКИЙ РАЙОН"	"0"	"сельская местность"	"0"	"Всего"	"0"	"526"
"Число умерших(Человек)"	"2024 год"	"202412"	"МЕРКЕНСКИЙ РАЙОН"	"0"	"сельская местность"	"0"	"Всего"	"0"	"526"
"Число умерших(Человек)"	"2009 год"	"200912"	"МОЙЫНКУМСКИЙ РАЙОН"	"0"	"Всего"	"0"	"Всего"	"0"	"217"
"Число умерших(Человек)"	"2011 год"	"201112"	"МОЙЫНКУМСКИЙ РАЙОН"	"0"	"Всего"	"0"	"Всего"	"0"	"198"
"Число умерших(Человек)"	"2016 год"	"201612"	"МОЙЫНКУМСКИЙ РАЙОН"	"0"	"Всего"	"0"	"Всего"	"0"	"181"
"Число умерших(Человек)"	"2010 год"	"201012"	"МОЙЫНКУМСКИЙ РАЙОН"	"0"	"Всего"	"0"	"Всего"	"0"	"251"
"Число умерших(Человек)"	"2015 год"	"201512"	"МОЙЫНКУМСКИЙ РАЙОН"	"0"	"Всего"	"0"	"Всего"	"0"	"182"
"Число умерших(Человек)"	"2013 год"	"201312"	"МОЙЫНКУМСКИЙ РАЙОН"	"0"	"Всего"	"0"	"Всего"	"0"	"186"
"Число умерших(Человек)"	"2014 год"	"201412"	"МОЙЫНКУМСКИЙ РАЙОН"	"0"	"Всего"	"0"	"Всего"	"0"	"163"
"Число умерших(Человек)"	"2012 год"	"201212"	"МОЙЫНКУМСКИЙ РАЙОН"	"0"	"Всего"	"0"	"Всего"	"0"	"225"
"Число умерших(Человек)"	"2021 год"	"202112"	"МОЙЫНКУМСКИЙ РАЙОН"	"0"	"Всего"	"0"	"Всего"	"0"	"251"
"Число умерших(Человек)"	"2020 год"	"202012"	"МОЙЫНКУМСКИЙ РАЙОН"	"0"	"Всего"	"0"	"Всего"	"0"	"211"
"Число умерших(Человек)"	"2019 год"	"201912"	"МОЙЫНКУМСКИЙ РАЙОН"	"0"	"Всего"	"0"	"Всего"	"0"	"187"
"Число умерших(Человек)"	"2018 год"	"201812"	"МОЙЫНКУМСКИЙ РАЙОН"	"0"	"Всего"	"0"	"Всего"	"0"	"208"
"Число умерших(Человек)"	"2022 год"	"202212"	"МОЙЫНКУМСКИЙ РАЙОН"	"0"	"Всего"	"0"	"Всего"	"0"	"205"
"Число умерших(Человек)"	"2017 год"	"201712"	"МОЙЫНКУМСКИЙ РАЙОН"	"0"	"Всего"	"0"	"Всего"	"0"	"185"
"Число умерших(Человек)"	"2023 год"	"202312"	"МОЙЫНКУМСКИЙ РАЙОН"	"0"	"Всего"	"0"	"Всего"	"0"	"184"
"Число умерших(Человек)"	"2024 год"	"202412"	"МОЙЫНКУМСКИЙ РАЙОН"	"0"	"Всего"	"0"	"Всего"	"0"	"215"
"Число умерших(Человек)"	"2009 год"	"200912"	"МОЙЫНКУМСКИЙ РАЙОН"	"0"	"сельская местность"	"0"	"Всего"	"0"	"217"
"Число умерших(Человек)"	"2011 год"	"201112"	"МОЙЫНКУМСКИЙ РАЙОН"	"0"	"сельская местность"	"0"	"Всего"	"0"	"198"
"Число умерших(Человек)"	"2016 год"	"201612"	"МОЙЫНКУМСКИЙ РАЙОН"	"0"	"сельская местность"	"0"	"Всего"	"0"	"181"
"Число умерших(Человек)"	"2010 год"	"201012"	"МОЙЫНКУМСКИЙ РАЙОН"	"0"	"сельская местность"	"0"	"Всего"	"0"	"251"
"Число умерших(Человек)"	"2015 год"	"201512"	"МОЙЫНКУМСКИЙ РАЙОН"	"0"	"сельская местность"	"0"	"Всего"	"0"	"182"
"Число умерших(Человек)"	"2013 год"	"201312"	"МОЙЫНКУМСКИЙ РАЙОН"	"0"	"сельская местность"	"0"	"Всего"	"0"	"186"
"Число умерших(Человек)"	"2014 год"	"201412"	"МОЙЫНКУМСКИЙ РАЙОН"	"0"	"сельская местность"	"0"	"Всего"	"0"	"163"
"Число умерших(Человек)"	"2012 год"	"201212"	"МОЙЫНКУМСКИЙ РАЙОН"	"0"	"сельская местность"	"0"	"Всего"	"0"	"225"
"Число умерших(Человек)"	"2021 год"	"202112"	"МОЙЫНКУМСКИЙ РАЙОН"	"0"	"сельская местность"	"0"	"Всего"	"0"	"251"
"Число умерших(Человек)"	"2020 год"	"202012"	"МОЙЫНКУМСКИЙ РАЙОН"	"0"	"сельская местность"	"0"	"Всего"	"0"	"211"
"Число умерших(Человек)"	"2019 год"	"201912"	"МОЙЫНКУМСКИЙ РАЙОН"	"0"	"сельская местность"	"0"	"Всего"	"0"	"187"
"Число умерших(Человек)"	"2018 год"	"201812"	"МОЙЫНКУМСКИЙ РАЙОН"	"0"	"сельская местность"	"0"	"Всего"	"0"	"208"
"Число умерших(Человек)"	"2022 год"	"202212"	"МОЙЫНКУМСКИЙ РАЙОН"	"0"	"сельская местность"	"0"	"Всего"	"0"	"205"
"Число умерших(Человек)"	"2017 год"	"201712"	"МОЙЫНКУМСКИЙ РАЙОН"	"0"	"сельская местность"	"0"	"Всего"	"0"	"185"
"Число умерших(Человек)"	"2023 год"	"202312"	"МОЙЫНКУМСКИЙ РАЙОН"	"0"	"сельская местность"	"0"	"Всего"	"0"	"184"
"Число умерших(Человек)"	"2024 год"	"202412"	"МОЙЫНКУМСКИЙ РАЙОН"	"0"	"сельская местность"	"0"	"Всего"	"0"	"215"
"Число умерших(Человек)"	"2009 год"	"200912"	"САРЫСУСКИЙ РАЙОН"	"0"	"Всего"	"0"	"Всего"	"0"	"289"
"Число умерших(Человек)"	"2011 год"	"201112"	"САРЫСУСКИЙ РАЙОН"	"0"	"Всего"	"0"	"Всего"	"0"	"292"
"Число умерших(Человек)"	"2016 год"	"201612"	"САРЫСУСКИЙ РАЙОН"	"0"	"Всего"	"0"	"Всего"	"0"	"256"
"Число умерших(Человек)"	"2010 год"	"201012"	"САРЫСУСКИЙ РАЙОН"	"0"	"Всего"	"0"	"Всего"	"0"	"300"
"Число умерших(Человек)"	"2015 год"	"201512"	"САРЫСУСКИЙ РАЙОН"	"0"	"Всего"	"0"	"Всего"	"0"	"282"
"Число умерших(Человек)"	"2013 год"	"201312"	"САРЫСУСКИЙ РАЙОН"	"0"	"Всего"	"0"	"Всего"	"0"	"299"
"Число умерших(Человек)"	"2014 год"	"201412"	"САРЫСУСКИЙ РАЙОН"	"0"	"Всего"	"0"	"Всего"	"0"	"277"
"Число умерших(Человек)"	"2012 год"	"201212"	"САРЫСУСКИЙ РАЙОН"	"0"	"Всего"	"0"	"Всего"	"0"	"307"
"Число умерших(Человек)"	"2021 год"	"202112"	"САРЫСУСКИЙ РАЙОН"	"0"	"Всего"	"0"	"Всего"	"0"	"359"
"Число умерших(Человек)"	"2020 год"	"202012"	"САРЫСУСКИЙ РАЙОН"	"0"	"Всего"	"0"	"Всего"	"0"	"323"
"Число умерших(Человек)"	"2019 год"	"201912"	"САРЫСУСКИЙ РАЙОН"	"0"	"Всего"	"0"	"Всего"	"0"	"248"
"Число умерших(Человек)"	"2018 год"	"201812"	"САРЫСУСКИЙ РАЙОН"	"0"	"Всего"	"0"	"Всего"	"0"	"269"
"Число умерших(Человек)"	"2022 год"	"202212"	"САРЫСУСКИЙ РАЙОН"	"0"	"Всего"	"0"	"Всего"	"0"	"254"
"Число умерших(Человек)"	"2017 год"	"201712"	"САРЫСУСКИЙ РАЙОН"	"0"	"Всего"	"0"	"Всего"	"0"	"279"
"Число умерших(Человек)"	"2023 год"	"202312"	"САРЫСУСКИЙ РАЙОН"	"0"	"Всего"	"0"	"Всего"	"0"	"254"
"Число умерших(Человек)"	"2024 год"	"202412"	"САРЫСУСКИЙ РАЙОН"	"0"	"Всего"	"0"	"Всего"	"0"	"278"
"Число умерших(Человек)"	"2009 год"	"200912"	"САРЫСУСКИЙ РАЙОН"	"0"	"городская местность"	"0"	"Всего"	"0"	"161"
"Число умерших(Человек)"	"2011 год"	"201112"	"САРЫСУСКИЙ РАЙОН"	"0"	"городская местность"	"0"	"Всего"	"0"	"168"
"Число умерших(Человек)"	"2016 год"	"201612"	"САРЫСУСКИЙ РАЙОН"	"0"	"городская местность"	"0"	"Всего"	"0"	"148"
"Число умерших(Человек)"	"2010 год"	"201012"	"САРЫСУСКИЙ РАЙОН"	"0"	"городская местность"	"0"	"Всего"	"0"	"169"
"Число умерших(Человек)"	"2015 год"	"201512"	"САРЫСУСКИЙ РАЙОН"	"0"	"городская местность"	"0"	"Всего"	"0"	"167"
"Число умерших(Человек)"	"2013 год"	"201312"	"САРЫСУСКИЙ РАЙОН"	"0"	"городская местность"	"0"	"Всего"	"0"	"165"
"Число умерших(Человек)"	"2014 год"	"201412"	"САРЫСУСКИЙ РАЙОН"	"0"	"городская местность"	"0"	"Всего"	"0"	"157"
"Число умерших(Человек)"	"2012 год"	"201212"	"САРЫСУСКИЙ РАЙОН"	"0"	"городская местность"	"0"	"Всего"	"0"	"178"
"Число умерших(Человек)"	"2021 год"	"202112"	"САРЫСУСКИЙ РАЙОН"	"0"	"городская местность"	"0"	"Всего"	"0"	"225"
"Число умерших(Человек)"	"2020 год"	"202012"	"САРЫСУСКИЙ РАЙОН"	"0"	"городская местность"	"0"	"Всего"	"0"	"198"
"Число умерших(Человек)"	"2019 год"	"201912"	"САРЫСУСКИЙ РАЙОН"	"0"	"городская местность"	"0"	"Всего"	"0"	"141"
"Число умерших(Человек)"	"2018 год"	"201812"	"САРЫСУСКИЙ РАЙОН"	"0"	"городская местность"	"0"	"Всего"	"0"	"150"
"Число умерших(Человек)"	"2022 год"	"202212"	"САРЫСУСКИЙ РАЙОН"	"0"	"городская местность"	"0"	"Всего"	"0"	"158"
"Число умерших(Человек)"	"2017 год"	"201712"	"САРЫСУСКИЙ РАЙОН"	"0"	"городская местность"	"0"	"Всего"	"0"	"161"
"Число умерших(Человек)"	"2023 год"	"202312"	"САРЫСУСКИЙ РАЙОН"	"0"	"городская местность"	"0"	"Всего"	"0"	"144"
"Число умерших(Человек)"	"2024 год"	"202412"	"САРЫСУСКИЙ РАЙОН"	"0"	"городская местность"	"0"	"Всего"	"0"	"176"
"Число умерших(Человек)"	"2009 год"	"200912"	"САРЫСУСКИЙ РАЙОН"	"0"	"сельская местность"	"0"	"Всего"	"0"	"128"
"Число умерших(Человек)"	"2011 год"	"201112"	"САРЫСУСКИЙ РАЙОН"	"0"	"сельская местность"	"0"	"Всего"	"0"	"124"
"Число умерших(Человек)"	"2016 год"	"201612"	"САРЫСУСКИЙ РАЙОН"	"0"	"сельская местность"	"0"	"Всего"	"0"	"108"
"Число умерших(Человек)"	"2010 год"	"201012"	"САРЫСУСКИЙ РАЙОН"	"0"	"сельская местность"	"0"	"Всего"	"0"	"131"
"Число умерших(Человек)"	"2015 год"	"201512"	"САРЫСУСКИЙ РАЙОН"	"0"	"сельская местность"	"0"	"Всего"	"0"	"115"
"Число умерших(Человек)"	"2013 год"	"201312"	"САРЫСУСКИЙ РАЙОН"	"0"	"сельская местность"	"0"	"Всего"	"0"	"134"
"Число умерших(Человек)"	"2014 год"	"201412"	"САРЫСУСКИЙ РАЙОН"	"0"	"сельская местность"	"0"	"Всего"	"0"	"120"
"Число умерших(Человек)"	"2012 год"	"201212"	"САРЫСУСКИЙ РАЙОН"	"0"	"сельская местность"	"0"	"Всего"	"0"	"129"
"Число умерших(Человек)"	"2021 год"	"202112"	"САРЫСУСКИЙ РАЙОН"	"0"	"сельская местность"	"0"	"Всего"	"0"	"134"
"Число умерших(Человек)"	"2020 год"	"202012"	"САРЫСУСКИЙ РАЙОН"	"0"	"сельская местность"	"0"	"Всего"	"0"	"125"
"Число умерших(Человек)"	"2019 год"	"201912"	"САРЫСУСКИЙ РАЙОН"	"0"	"сельская местность"	"0"	"Всего"	"0"	"107"
"Число умерших(Человек)"	"2018 год"	"201812"	"САРЫСУСКИЙ РАЙОН"	"0"	"сельская местность"	"0"	"Всего"	"0"	"119"
"Число умерших(Человек)"	"2022 год"	"202212"	"САРЫСУСКИЙ РАЙОН"	"0"	"сельская местность"	"0"	"Всего"	"0"	"96"
"Число умерших(Человек)"	"2017 год"	"201712"	"САРЫСУСКИЙ РАЙОН"	"0"	"сельская местность"	"0"	"Всего"	"0"	"118"
"Число умерших(Человек)"	"2023 год"	"202312"	"САРЫСУСКИЙ РАЙОН"	"0"	"сельская местность"	"0"	"Всего"	"0"	"110"
"Число умерших(Человек)"	"2024 год"	"202412"	"САРЫСУСКИЙ РАЙОН"	"0"	"сельская местность"	"0"	"Всего"	"0"	"102"
"Число умерших(Человек)"	"2009 год"	"200912"	"КАРКАРАЛИНСКИЙ РАЙОН"	"0"	"городская местность"	"0"	"Всего"	"0"	"82"
"Число умерших(Человек)"	"2011 год"	"201112"	"КАРКАРАЛИНСКИЙ РАЙОН"	"0"	"городская местность"	"0"	"Всего"	"0"	"93"
"Число умерших(Человек)"	"2016 год"	"201612"	"КАРКАРАЛИНСКИЙ РАЙОН"	"0"	"городская местность"	"0"	"Всего"	"0"	"89"
"Число умерших(Человек)"	"2010 год"	"201012"	"КАРКАРАЛИНСКИЙ РАЙОН"	"0"	"городская местность"	"0"	"Всего"	"0"	"92"
"Число умерших(Человек)"	"2015 год"	"201512"	"КАРКАРАЛИНСКИЙ РАЙОН"	"0"	"городская местность"	"0"	"Всего"	"0"	"91"
"Число умерших(Человек)"	"2013 год"	"201312"	"КАРКАРАЛИНСКИЙ РАЙОН"	"0"	"городская местность"	"0"	"Всего"	"0"	"80"
"Число умерших(Человек)"	"2014 год"	"201412"	"КАРКАРАЛИНСКИЙ РАЙОН"	"0"	"городская местность"	"0"	"Всего"	"0"	"89"
"Число умерших(Человек)"	"2012 год"	"201212"	"КАРКАРАЛИНСКИЙ РАЙОН"	"0"	"городская местность"	"0"	"Всего"	"0"	"101"
"Число умерших(Человек)"	"2021 год"	"202112"	"КАРКАРАЛИНСКИЙ РАЙОН"	"0"	"городская местность"	"0"	"Всего"	"0"	"102"
"Число умерших(Человек)"	"2020 год"	"202012"	"КАРКАРАЛИНСКИЙ РАЙОН"	"0"	"городская местность"	"0"	"Всего"	"0"	"90"
"Число умерших(Человек)"	"2019 год"	"201912"	"КАРКАРАЛИНСКИЙ РАЙОН"	"0"	"городская местность"	"0"	"Всего"	"0"	"72"
"Число умерших(Человек)"	"2018 год"	"201812"	"КАРКАРАЛИНСКИЙ РАЙОН"	"0"	"городская местность"	"0"	"Всего"	"0"	"73"
"Число умерших(Человек)"	"2022 год"	"202212"	"КАРКАРАЛИНСКИЙ РАЙОН"	"0"	"городская местность"	"0"	"Всего"	"0"	"73"
"Число умерших(Человек)"	"2017 год"	"201712"	"КАРКАРАЛИНСКИЙ РАЙОН"	"0"	"городская местность"	"0"	"Всего"	"0"	"68"
"Число умерших(Человек)"	"2023 год"	"202312"	"КАРКАРАЛИНСКИЙ РАЙОН"	"0"	"городская местность"	"0"	"Всего"	"0"	"63"
"Число умерших(Человек)"	"2024 год"	"202412"	"КАРКАРАЛИНСКИЙ РАЙОН"	"0"	"городская местность"	"0"	"Всего"	"0"	"57"
"Число умерших(Человек)"	"2009 год"	"200912"	"КАРКАРАЛИНСКИЙ РАЙОН"	"0"	"сельская местность"	"0"	"Всего"	"0"	"216"
"Число умерших(Человек)"	"2011 год"	"201112"	"КАРКАРАЛИНСКИЙ РАЙОН"	"0"	"сельская местность"	"0"	"Всего"	"0"	"240"
"Число умерших(Человек)"	"2016 год"	"201612"	"КАРКАРАЛИНСКИЙ РАЙОН"	"0"	"сельская местность"	"0"	"Всего"	"0"	"202"
"Число умерших(Человек)"	"2010 год"	"201012"	"КАРКАРАЛИНСКИЙ РАЙОН"	"0"	"сельская местность"	"0"	"Всего"	"0"	"249"
"Число умерших(Человек)"	"2015 год"	"201512"	"КАРКАРАЛИНСКИЙ РАЙОН"	"0"	"сельская местность"	"0"	"Всего"	"0"	"206"
"Число умерших(Человек)"	"2013 год"	"201312"	"КАРКАРАЛИНСКИЙ РАЙОН"	"0"	"сельская местность"	"0"	"Всего"	"0"	"221"
"Число умерших(Человек)"	"2014 год"	"201412"	"КАРКАРАЛИНСКИЙ РАЙОН"	"0"	"сельская местность"	"0"	"Всего"	"0"	"201"
"Число умерших(Человек)"	"2012 год"	"201212"	"КАРКАРАЛИНСКИЙ РАЙОН"	"0"	"сельская местность"	"0"	"Всего"	"0"	"222"
"Число умерших(Человек)"	"2021 год"	"202112"	"КАРКАРАЛИНСКИЙ РАЙОН"	"0"	"сельская местность"	"0"	"Всего"	"0"	"199"
"Число умерших(Человек)"	"2020 год"	"202012"	"КАРКАРАЛИНСКИЙ РАЙОН"	"0"	"сельская местность"	"0"	"Всего"	"0"	"203"
"Число умерших(Человек)"	"2019 год"	"201912"	"КАРКАРАЛИНСКИЙ РАЙОН"	"0"	"сельская местность"	"0"	"Всего"	"0"	"160"
"Число умерших(Человек)"	"2018 год"	"201812"	"КАРКАРАЛИНСКИЙ РАЙОН"	"0"	"сельская местность"	"0"	"Всего"	"0"	"152"
"Число умерших(Человек)"	"2022 год"	"202212"	"КАРКАРАЛИНСКИЙ РАЙОН"	"0"	"сельская местность"	"0"	"Всего"	"0"	"178"
"Число умерших(Человек)"	"2017 год"	"201712"	"КАРКАРАЛИНСКИЙ РАЙОН"	"0"	"сельская местность"	"0"	"Всего"	"0"	"177"
"Число умерших(Человек)"	"2023 год"	"202312"	"КАРКАРАЛИНСКИЙ РАЙОН"	"0"	"сельская местность"	"0"	"Всего"	"0"	"160"
"Число умерших(Человек)"	"2024 год"	"202412"	"КАРКАРАЛИНСКИЙ РАЙОН"	"0"	"сельская местность"	"0"	"Всего"	"0"	"143"
"Число умерших(Человек)"	"2009 год"	"200912"	"КАРКАРАЛИНСКИЙ РАЙОН"	"0"	"Всего"	"0"	"Всего"	"0"	"298"
"Число умерших(Человек)"	"2011 год"	"201112"	"КАРКАРАЛИНСКИЙ РАЙОН"	"0"	"Всего"	"0"	"Всего"	"0"	"333"
"Число умерших(Человек)"	"2016 год"	"201612"	"КАРКАРАЛИНСКИЙ РАЙОН"	"0"	"Всего"	"0"	"Всего"	"0"	"291"
"Число умерших(Человек)"	"2010 год"	"201012"	"КАРКАРАЛИНСКИЙ РАЙОН"	"0"	"Всего"	"0"	"Всего"	"0"	"341"
"Число умерших(Человек)"	"2015 год"	"201512"	"КАРКАРАЛИНСКИЙ РАЙОН"	"0"	"Всего"	"0"	"Всего"	"0"	"297"
"Число умерших(Человек)"	"2013 год"	"201312"	"КАРКАРАЛИНСКИЙ РАЙОН"	"0"	"Всего"	"0"	"Всего"	"0"	"301"
"Число умерших(Человек)"	"2014 год"	"201412"	"КАРКАРАЛИНСКИЙ РАЙОН"	"0"	"Всего"	"0"	"Всего"	"0"	"290"
"Число умерших(Человек)"	"2012 год"	"201212"	"КАРКАРАЛИНСКИЙ РАЙОН"	"0"	"Всего"	"0"	"Всего"	"0"	"323"
"Число умерших(Человек)"	"2021 год"	"202112"	"КАРКАРАЛИНСКИЙ РАЙОН"	"0"	"Всего"	"0"	"Всего"	"0"	"301"
"Число умерших(Человек)"	"2020 год"	"202012"	"КАРКАРАЛИНСКИЙ РАЙОН"	"0"	"Всего"	"0"	"Всего"	"0"	"293"
"Число умерших(Человек)"	"2019 год"	"201912"	"КАРКАРАЛИНСКИЙ РАЙОН"	"0"	"Всего"	"0"	"Всего"	"0"	"232"
"Число умерших(Человек)"	"2018 год"	"201812"	"КАРКАРАЛИНСКИЙ РАЙОН"	"0"	"Всего"	"0"	"Всего"	"0"	"225"
"Число умерших(Человек)"	"2022 год"	"202212"	"КАРКАРАЛИНСКИЙ РАЙОН"	"0"	"Всего"	"0"	"Всего"	"0"	"251"
"Число умерших(Человек)"	"2017 год"	"201712"	"КАРКАРАЛИНСКИЙ РАЙОН"	"0"	"Всего"	"0"	"Всего"	"0"	"245"
"Число умерших(Человек)"	"2023 год"	"202312"	"КАРКАРАЛИНСКИЙ РАЙОН"	"0"	"Всего"	"0"	"Всего"	"0"	"223"
"Число умерших(Человек)"	"2024 год"	"202412"	"КАРКАРАЛИНСКИЙ РАЙОН"	"0"	"Всего"	"0"	"Всего"	"0"	"200"
"Число умерших(Человек)"	"2009 год"	"200912"	"НУРИНСКИЙ РАЙОН"	"0"	"Всего"	"0"	"Всего"	"0"	"280"
"Число умерших(Человек)"	"2011 год"	"201112"	"НУРИНСКИЙ РАЙОН"	"0"	"Всего"	"0"	"Всего"	"0"	"270"
"Число умерших(Человек)"	"2016 год"	"201612"	"НУРИНСКИЙ РАЙОН"	"0"	"Всего"	"0"	"Всего"	"0"	"227"
"Число умерших(Человек)"	"2010 год"	"201012"	"НУРИНСКИЙ РАЙОН"	"0"	"Всего"	"0"	"Всего"	"0"	"301"
"Число умерших(Человек)"	"2015 год"	"201512"	"НУРИНСКИЙ РАЙОН"	"0"	"Всего"	"0"	"Всего"	"0"	"214"
"Число умерших(Человек)"	"2013 год"	"201312"	"НУРИНСКИЙ РАЙОН"	"0"	"Всего"	"0"	"Всего"	"0"	"224"
"Число умерших(Человек)"	"2014 год"	"201412"	"НУРИНСКИЙ РАЙОН"	"0"	"Всего"	"0"	"Всего"	"0"	"281"
"Число умерших(Человек)"	"2012 год"	"201212"	"НУРИНСКИЙ РАЙОН"	"0"	"Всего"	"0"	"Всего"	"0"	"272"
"Число умерших(Человек)"	"2021 год"	"202112"	"НУРИНСКИЙ РАЙОН"	"0"	"Всего"	"0"	"Всего"	"0"	"251"
"Число умерших(Человек)"	"2020 год"	"202012"	"НУРИНСКИЙ РАЙОН"	"0"	"Всего"	"0"	"Всего"	"0"	"251"
"Число умерших(Человек)"	"2019 год"	"201912"	"НУРИНСКИЙ РАЙОН"	"0"	"Всего"	"0"	"Всего"	"0"	"213"
"Число умерших(Человек)"	"2018 год"	"201812"	"НУРИНСКИЙ РАЙОН"	"0"	"Всего"	"0"	"Всего"	"0"	"220"
"Число умерших(Человек)"	"2022 год"	"202212"	"НУРИНСКИЙ РАЙОН"	"0"	"Всего"	"0"	"Всего"	"0"	"198"
"Число умерших(Человек)"	"2017 год"	"201712"	"НУРИНСКИЙ РАЙОН"	"0"	"Всего"	"0"	"Всего"	"0"	"208"
"Число умерших(Человек)"	"2023 год"	"202312"	"НУРИНСКИЙ РАЙОН"	"0"	"Всего"	"0"	"Всего"	"0"	"198"
"Число умерших(Человек)"	"2024 год"	"202412"	"НУРИНСКИЙ РАЙОН"	"0"	"Всего"	"0"	"Всего"	"0"	"179"
"Число умерших(Человек)"	"2009 год"	"200912"	"НУРИНСКИЙ РАЙОН"	"0"	"сельская местность"	"0"	"Всего"	"0"	"280"
"Число умерших(Человек)"	"2011 год"	"201112"	"НУРИНСКИЙ РАЙОН"	"0"	"сельская местность"	"0"	"Всего"	"0"	"270"
"Число умерших(Человек)"	"2016 год"	"201612"	"НУРИНСКИЙ РАЙОН"	"0"	"сельская местность"	"0"	"Всего"	"0"	"227"
"Число умерших(Человек)"	"2010 год"	"201012"	"НУРИНСКИЙ РАЙОН"	"0"	"сельская местность"	"0"	"Всего"	"0"	"301"
"Число умерших(Человек)"	"2015 год"	"201512"	"НУРИНСКИЙ РАЙОН"	"0"	"сельская местность"	"0"	"Всего"	"0"	"214"
"Число умерших(Человек)"	"2013 год"	"201312"	"НУРИНСКИЙ РАЙОН"	"0"	"сельская местность"	"0"	"Всего"	"0"	"224"
"Число умерших(Человек)"	"2014 год"	"201412"	"НУРИНСКИЙ РАЙОН"	"0"	"сельская местность"	"0"	"Всего"	"0"	"281"
"Число умерших(Человек)"	"2012 год"	"201212"	"НУРИНСКИЙ РАЙОН"	"0"	"сельская местность"	"0"	"Всего"	"0"	"272"
"Число умерших(Человек)"	"2021 год"	"202112"	"НУРИНСКИЙ РАЙОН"	"0"	"сельская местность"	"0"	"Всего"	"0"	"251"
"Число умерших(Человек)"	"2020 год"	"202012"	"НУРИНСКИЙ РАЙОН"	"0"	"сельская местность"	"0"	"Всего"	"0"	"251"
"Число умерших(Человек)"	"2019 год"	"201912"	"НУРИНСКИЙ РАЙОН"	"0"	"сельская местность"	"0"	"Всего"	"0"	"213"
"Число умерших(Человек)"	"2018 год"	"201812"	"НУРИНСКИЙ РАЙОН"	"0"	"сельская местность"	"0"	"Всего"	"0"	"220"
"Число умерших(Человек)"	"2022 год"	"202212"	"НУРИНСКИЙ РАЙОН"	"0"	"сельская местность"	"0"	"Всего"	"0"	"198"
"Число умерших(Человек)"	"2017 год"	"201712"	"НУРИНСКИЙ РАЙОН"	"0"	"сельская местность"	"0"	"Всего"	"0"	"208"
"Число умерших(Человек)"	"2023 год"	"202312"	"НУРИНСКИЙ РАЙОН"	"0"	"сельская местность"	"0"	"Всего"	"0"	"198"
"Число умерших(Человек)"	"2024 год"	"202412"	"НУРИНСКИЙ РАЙОН"	"0"	"сельская местность"	"0"	"Всего"	"0"	"179"
"Число умерших(Человек)"	"2009 год"	"200912"	"ОСАКАРОВСКИЙ РАЙОН"	"0"	"Всего"	"0"	"Всего"	"0"	"405"
"Число умерших(Человек)"	"2011 год"	"201112"	"ОСАКАРОВСКИЙ РАЙОН"	"0"	"Всего"	"0"	"Всего"	"0"	"464"
"Число умерших(Человек)"	"2016 год"	"201612"	"ОСАКАРОВСКИЙ РАЙОН"	"0"	"Всего"	"0"	"Всего"	"0"	"395"
"Число умерших(Человек)"	"2010 год"	"201012"	"ОСАКАРОВСКИЙ РАЙОН"	"0"	"Всего"	"0"	"Всего"	"0"	"426"
"Число умерших(Человек)"	"2015 год"	"201512"	"ОСАКАРОВСКИЙ РАЙОН"	"0"	"Всего"	"0"	"Всего"	"0"	"367"
"Число умерших(Человек)"	"2013 год"	"201312"	"ОСАКАРОВСКИЙ РАЙОН"	"0"	"Всего"	"0"	"Всего"	"0"	"405"
"Число умерших(Человек)"	"2014 год"	"201412"	"ОСАКАРОВСКИЙ РАЙОН"	"0"	"Всего"	"0"	"Всего"	"0"	"365"
"Число умерших(Человек)"	"2012 год"	"201212"	"ОСАКАРОВСКИЙ РАЙОН"	"0"	"Всего"	"0"	"Всего"	"0"	"492"
"Число умерших(Человек)"	"2021 год"	"202112"	"ОСАКАРОВСКИЙ РАЙОН"	"0"	"Всего"	"0"	"Всего"	"0"	"444"
"Число умерших(Человек)"	"2020 год"	"202012"	"ОСАКАРОВСКИЙ РАЙОН"	"0"	"Всего"	"0"	"Всего"	"0"	"418"
"Число умерших(Человек)"	"2019 год"	"201912"	"ОСАКАРОВСКИЙ РАЙОН"	"0"	"Всего"	"0"	"Всего"	"0"	"358"
"Число умерших(Человек)"	"2018 год"	"201812"	"ОСАКАРОВСКИЙ РАЙОН"	"0"	"Всего"	"0"	"Всего"	"0"	"354"
"Число умерших(Человек)"	"2022 год"	"202212"	"ОСАКАРОВСКИЙ РАЙОН"	"0"	"Всего"	"0"	"Всего"	"0"	"325"
"Число умерших(Человек)"	"2017 год"	"201712"	"ОСАКАРОВСКИЙ РАЙОН"	"0"	"Всего"	"0"	"Всего"	"0"	"324"
"Число умерших(Человек)"	"2023 год"	"202312"	"ОСАКАРОВСКИЙ РАЙОН"	"0"	"Всего"	"0"	"Всего"	"0"	"327"
"Число умерших(Человек)"	"2024 год"	"202412"	"ОСАКАРОВСКИЙ РАЙОН"	"0"	"Всего"	"0"	"Всего"	"0"	"284"
"Число умерших(Человек)"	"2009 год"	"200912"	"ОСАКАРОВСКИЙ РАЙОН"	"0"	"сельская местность"	"0"	"Всего"	"0"	"405"
"Число умерших(Человек)"	"2011 год"	"201112"	"ОСАКАРОВСКИЙ РАЙОН"	"0"	"сельская местность"	"0"	"Всего"	"0"	"464"
"Число умерших(Человек)"	"2016 год"	"201612"	"ОСАКАРОВСКИЙ РАЙОН"	"0"	"сельская местность"	"0"	"Всего"	"0"	"395"
"Число умерших(Человек)"	"2010 год"	"201012"	"ОСАКАРОВСКИЙ РАЙОН"	"0"	"сельская местность"	"0"	"Всего"	"0"	"426"
"Число умерших(Человек)"	"2015 год"	"201512"	"ОСАКАРОВСКИЙ РАЙОН"	"0"	"сельская местность"	"0"	"Всего"	"0"	"367"
"Число умерших(Человек)"	"2013 год"	"201312"	"ОСАКАРОВСКИЙ РАЙОН"	"0"	"сельская местность"	"0"	"Всего"	"0"	"405"
"Число умерших(Человек)"	"2014 год"	"201412"	"ОСАКАРОВСКИЙ РАЙОН"	"0"	"сельская местность"	"0"	"Всего"	"0"	"365"
"Число умерших(Человек)"	"2012 год"	"201212"	"ОСАКАРОВСКИЙ РАЙОН"	"0"	"сельская местность"	"0"	"Всего"	"0"	"492"
"Число умерших(Человек)"	"2021 год"	"202112"	"ОСАКАРОВСКИЙ РАЙОН"	"0"	"сельская местность"	"0"	"Всего"	"0"	"444"
"Число умерших(Человек)"	"2020 год"	"202012"	"ОСАКАРОВСКИЙ РАЙОН"	"0"	"сельская местность"	"0"	"Всего"	"0"	"418"
"Число умерших(Человек)"	"2019 год"	"201912"	"ОСАКАРОВСКИЙ РАЙОН"	"0"	"сельская местность"	"0"	"Всего"	"0"	"358"
"Число умерших(Человек)"	"2018 год"	"201812"	"ОСАКАРОВСКИЙ РАЙОН"	"0"	"сельская местность"	"0"	"Всего"	"0"	"354"
"Число умерших(Человек)"	"2022 год"	"202212"	"ОСАКАРОВСКИЙ РАЙОН"	"0"	"сельская местность"	"0"	"Всего"	"0"	"325"
"Число умерших(Человек)"	"2017 год"	"201712"	"ОСАКАРОВСКИЙ РАЙОН"	"0"	"сельская местность"	"0"	"Всего"	"0"	"324"
"Число умерших(Человек)"	"2023 год"	"202312"	"ОСАКАРОВСКИЙ РАЙОН"	"0"	"сельская местность"	"0"	"Всего"	"0"	"327"
"Число умерших(Человек)"	"2024 год"	"202412"	"ОСАКАРОВСКИЙ РАЙОН"	"0"	"сельская местность"	"0"	"Всего"	"0"	"284"
"Число умерших(Человек)"	"2009 год"	"200912"	"УЛЫТАУСКИЙ РАЙОН"	"0"	"Всего"	"0"	"Всего"	"0"	"122"
"Число умерших(Человек)"	"2011 год"	"201112"	"УЛЫТАУСКИЙ РАЙОН"	"0"	"Всего"	"0"	"Всего"	"0"	"127"
"Число умерших(Человек)"	"2016 год"	"201612"	"УЛЫТАУСКИЙ РАЙОН"	"0"	"Всего"	"0"	"Всего"	"0"	"96"
"Число умерших(Человек)"	"2010 год"	"201012"	"УЛЫТАУСКИЙ РАЙОН"	"0"	"Всего"	"0"	"Всего"	"0"	"118"
"Число умерших(Человек)"	"2015 год"	"201512"	"УЛЫТАУСКИЙ РАЙОН"	"0"	"Всего"	"0"	"Всего"	"0"	"115"
"Число умерших(Человек)"	"2013 год"	"201312"	"УЛЫТАУСКИЙ РАЙОН"	"0"	"Всего"	"0"	"Всего"	"0"	"102"
"Число умерших(Человек)"	"2014 год"	"201412"	"УЛЫТАУСКИЙ РАЙОН"	"0"	"Всего"	"0"	"Всего"	"0"	"85"
"Число умерших(Человек)"	"2012 год"	"201212"	"УЛЫТАУСКИЙ РАЙОН"	"0"	"Всего"	"0"	"Всего"	"0"	"114"
"Число умерших(Человек)"	"2021 год"	"202112"	"УЛЫТАУСКИЙ РАЙОН"	"0"	"Всего"	"0"	"Всего"	"0"	"112"
"Число умерших(Человек)"	"2020 год"	"202012"	"УЛЫТАУСКИЙ РАЙОН"	"0"	"Всего"	"0"	"Всего"	"0"	"109"
"Число умерших(Человек)"	"2019 год"	"201912"	"УЛЫТАУСКИЙ РАЙОН"	"0"	"Всего"	"0"	"Всего"	"0"	"105"
"Число умерших(Человек)"	"2018 год"	"201812"	"УЛЫТАУСКИЙ РАЙОН"	"0"	"Всего"	"0"	"Всего"	"0"	"91"
"Число умерших(Человек)"	"2022 год"	"202212"	"УЛЫТАУСКИЙ РАЙОН"	"0"	"Всего"	"0"	"Всего"	"0"	"108"
"Число умерших(Человек)"	"2017 год"	"201712"	"УЛЫТАУСКИЙ РАЙОН"	"0"	"Всего"	"0"	"Всего"	"0"	"82"
"Число умерших(Человек)"	"2023 год"	"202312"	"УЛЫТАУСКИЙ РАЙОН"	"0"	"Всего"	"0"	"Всего"	"0"	"93"
"Число умерших(Человек)"	"2024 год"	"202412"	"УЛЫТАУСКИЙ РАЙОН"	"0"	"Всего"	"0"	"Всего"	"0"	"114"
"Число умерших(Человек)"	"2009 год"	"200912"	"УЛЫТАУСКИЙ РАЙОН"	"0"	"сельская местность"	"0"	"Всего"	"0"	"122"
"Число умерших(Человек)"	"2011 год"	"201112"	"УЛЫТАУСКИЙ РАЙОН"	"0"	"сельская местность"	"0"	"Всего"	"0"	"127"
"Число умерших(Человек)"	"2016 год"	"201612"	"УЛЫТАУСКИЙ РАЙОН"	"0"	"сельская местность"	"0"	"Всего"	"0"	"96"
"Число умерших(Человек)"	"2010 год"	"201012"	"УЛЫТАУСКИЙ РАЙОН"	"0"	"сельская местность"	"0"	"Всего"	"0"	"118"
"Число умерших(Человек)"	"2015 год"	"201512"	"УЛЫТАУСКИЙ РАЙОН"	"0"	"сельская местность"	"0"	"Всего"	"0"	"115"
"Число умерших(Человек)"	"2013 год"	"201312"	"УЛЫТАУСКИЙ РАЙОН"	"0"	"сельская местность"	"0"	"Всего"	"0"	"102"
"Число умерших(Человек)"	"2014 год"	"201412"	"УЛЫТАУСКИЙ РАЙОН"	"0"	"сельская местность"	"0"	"Всего"	"0"	"85"
"Число умерших(Человек)"	"2012 год"	"201212"	"УЛЫТАУСКИЙ РАЙОН"	"0"	"сельская местность"	"0"	"Всего"	"0"	"114"
"Число умерших(Человек)"	"2021 год"	"202112"	"УЛЫТАУСКИЙ РАЙОН"	"0"	"сельская местность"	"0"	"Всего"	"0"	"112"
"Число умерших(Человек)"	"2020 год"	"202012"	"УЛЫТАУСКИЙ РАЙОН"	"0"	"сельская местность"	"0"	"Всего"	"0"	"109"
"Число умерших(Человек)"	"2019 год"	"201912"	"УЛЫТАУСКИЙ РАЙОН"	"0"	"сельская местность"	"0"	"Всего"	"0"	"105"
"Число умерших(Человек)"	"2018 год"	"201812"	"УЛЫТАУСКИЙ РАЙОН"	"0"	"сельская местность"	"0"	"Всего"	"0"	"91"
"Число умерших(Человек)"	"2022 год"	"202212"	"УЛЫТАУСКИЙ РАЙОН"	"0"	"сельская местность"	"0"	"Всего"	"0"	"108"
"Число умерших(Человек)"	"2017 год"	"201712"	"УЛЫТАУСКИЙ РАЙОН"	"0"	"сельская местность"	"0"	"Всего"	"0"	"82"
"Число умерших(Человек)"	"2023 год"	"202312"	"УЛЫТАУСКИЙ РАЙОН"	"0"	"сельская местность"	"0"	"Всего"	"0"	"93"
"Число умерших(Человек)"	"2024 год"	"202412"	"УЛЫТАУСКИЙ РАЙОН"	"0"	"сельская местность"	"0"	"Всего"	"0"	"114"
"Число умерших(Человек)"	"2009 год"	"200912"	"ШЕТСКИЙ РАЙОН"	"0"	"Всего"	"0"	"Всего"	"0"	"330"
"Число умерших(Человек)"	"2011 год"	"201112"	"ШЕТСКИЙ РАЙОН"	"0"	"Всего"	"0"	"Всего"	"0"	"391"
"Число умерших(Человек)"	"2016 год"	"201612"	"ШЕТСКИЙ РАЙОН"	"0"	"Всего"	"0"	"Всего"	"0"	"331"
"Число умерших(Человек)"	"2010 год"	"201012"	"ШЕТСКИЙ РАЙОН"	"0"	"Всего"	"0"	"Всего"	"0"	"313"
"Число умерших(Человек)"	"2015 год"	"201512"	"ШЕТСКИЙ РАЙОН"	"0"	"Всего"	"0"	"Всего"	"0"	"345"
"Число умерших(Человек)"	"2013 год"	"201312"	"ШЕТСКИЙ РАЙОН"	"0"	"Всего"	"0"	"Всего"	"0"	"332"
"Число умерших(Человек)"	"2014 год"	"201412"	"ШЕТСКИЙ РАЙОН"	"0"	"Всего"	"0"	"Всего"	"0"	"317"
"Число умерших(Человек)"	"2012 год"	"201212"	"ШЕТСКИЙ РАЙОН"	"0"	"Всего"	"0"	"Всего"	"0"	"340"
"Число умерших(Человек)"	"2021 год"	"202112"	"ШЕТСКИЙ РАЙОН"	"0"	"Всего"	"0"	"Всего"	"0"	"353"
"Число умерших(Человек)"	"2020 год"	"202012"	"ШЕТСКИЙ РАЙОН"	"0"	"Всего"	"0"	"Всего"	"0"	"380"
"Число умерших(Человек)"	"2019 год"	"201912"	"ШЕТСКИЙ РАЙОН"	"0"	"Всего"	"0"	"Всего"	"0"	"294"
"Число умерших(Человек)"	"2018 год"	"201812"	"ШЕТСКИЙ РАЙОН"	"0"	"Всего"	"0"	"Всего"	"0"	"336"
"Число умерших(Человек)"	"2022 год"	"202212"	"ШЕТСКИЙ РАЙОН"	"0"	"Всего"	"0"	"Всего"	"0"	"299"
"Число умерших(Человек)"	"2017 год"	"201712"	"ШЕТСКИЙ РАЙОН"	"0"	"Всего"	"0"	"Всего"	"0"	"337"
"Число умерших(Человек)"	"2023 год"	"202312"	"ШЕТСКИЙ РАЙОН"	"0"	"Всего"	"0"	"Всего"	"0"	"298"
"Число умерших(Человек)"	"2024 год"	"202412"	"ШЕТСКИЙ РАЙОН"	"0"	"Всего"	"0"	"Всего"	"0"	"273"
"Число умерших(Человек)"	"2009 год"	"200912"	"ШЕТСКИЙ РАЙОН"	"0"	"сельская местность"	"0"	"Всего"	"0"	"330"
"Число умерших(Человек)"	"2011 год"	"201112"	"ШЕТСКИЙ РАЙОН"	"0"	"сельская местность"	"0"	"Всего"	"0"	"391"
"Число умерших(Человек)"	"2016 год"	"201612"	"ШЕТСКИЙ РАЙОН"	"0"	"сельская местность"	"0"	"Всего"	"0"	"331"
"Число умерших(Человек)"	"2010 год"	"201012"	"ШЕТСКИЙ РАЙОН"	"0"	"сельская местность"	"0"	"Всего"	"0"	"313"
"Число умерших(Человек)"	"2015 год"	"201512"	"ШЕТСКИЙ РАЙОН"	"0"	"сельская местность"	"0"	"Всего"	"0"	"345"
"Число умерших(Человек)"	"2013 год"	"201312"	"ШЕТСКИЙ РАЙОН"	"0"	"сельская местность"	"0"	"Всего"	"0"	"332"
"Число умерших(Человек)"	"2014 год"	"201412"	"ШЕТСКИЙ РАЙОН"	"0"	"сельская местность"	"0"	"Всего"	"0"	"317"
"Число умерших(Человек)"	"2012 год"	"201212"	"ШЕТСКИЙ РАЙОН"	"0"	"сельская местность"	"0"	"Всего"	"0"	"340"
"Число умерших(Человек)"	"2021 год"	"202112"	"ШЕТСКИЙ РАЙОН"	"0"	"сельская местность"	"0"	"Всего"	"0"	"353"
"Число умерших(Человек)"	"2020 год"	"202012"	"ШЕТСКИЙ РАЙОН"	"0"	"сельская местность"	"0"	"Всего"	"0"	"380"
"Число умерших(Человек)"	"2019 год"	"201912"	"ШЕТСКИЙ РАЙОН"	"0"	"сельская местность"	"0"	"Всего"	"0"	"294"
"Число умерших(Человек)"	"2018 год"	"201812"	"ШЕТСКИЙ РАЙОН"	"0"	"сельская местность"	"0"	"Всего"	"0"	"336"
"Число умерших(Человек)"	"2022 год"	"202212"	"ШЕТСКИЙ РАЙОН"	"0"	"сельская местность"	"0"	"Всего"	"0"	"299"
"Число умерших(Человек)"	"2017 год"	"201712"	"ШЕТСКИЙ РАЙОН"	"0"	"сельская местность"	"0"	"Всего"	"0"	"337"
"Число умерших(Человек)"	"2023 год"	"202312"	"ШЕТСКИЙ РАЙОН"	"0"	"сельская местность"	"0"	"Всего"	"0"	"298"
"Число умерших(Человек)"	"2024 год"	"202412"	"ШЕТСКИЙ РАЙОН"	"0"	"сельская местность"	"0"	"Всего"	"0"	"273"
"Число умерших(Человек)"	"2009 год"	"200912"	"ЛИСАКОВСК Г.А."	"0"	"городская местность"	"0"	"Всего"	"0"	"458"
"Число умерших(Человек)"	"2011 год"	"201112"	"ЛИСАКОВСК Г.А."	"0"	"городская местность"	"0"	"Всего"	"0"	"493"
"Число умерших(Человек)"	"2016 год"	"201612"	"ЛИСАКОВСК Г.А."	"0"	"городская местность"	"0"	"Всего"	"0"	"469"
"Число умерших(Человек)"	"2010 год"	"201012"	"ЛИСАКОВСК Г.А."	"0"	"городская местность"	"0"	"Всего"	"0"	"509"
"Число умерших(Человек)"	"2015 год"	"201512"	"ЛИСАКОВСК Г.А."	"0"	"городская местность"	"0"	"Всего"	"0"	"447"
"Число умерших(Человек)"	"2013 год"	"201312"	"ЛИСАКОВСК Г.А."	"0"	"городская местность"	"0"	"Всего"	"0"	"474"
"Число умерших(Человек)"	"2014 год"	"201412"	"ЛИСАКОВСК Г.А."	"0"	"городская местность"	"0"	"Всего"	"0"	"439"
"Число умерших(Человек)"	"2012 год"	"201212"	"ЛИСАКОВСК Г.А."	"0"	"городская местность"	"0"	"Всего"	"0"	"496"
"Число умерших(Человек)"	"2021 год"	"202112"	"ЛИСАКОВСК Г.А."	"0"	"городская местность"	"0"	"Всего"	"0"	"657"
"Число умерших(Человек)"	"2020 год"	"202012"	"ЛИСАКОВСК Г.А."	"0"	"городская местность"	"0"	"Всего"	"0"	"539"
"Число умерших(Человек)"	"2019 год"	"201912"	"ЛИСАКОВСК Г.А."	"0"	"городская местность"	"0"	"Всего"	"0"	"441"
"Число умерших(Человек)"	"2018 год"	"201812"	"ЛИСАКОВСК Г.А."	"0"	"городская местность"	"0"	"Всего"	"0"	"451"
"Число умерших(Человек)"	"2022 год"	"202212"	"ЛИСАКОВСК Г.А."	"0"	"городская местность"	"0"	"Всего"	"0"	"425"
"Число умерших(Человек)"	"2017 год"	"201712"	"ЛИСАКОВСК Г.А."	"0"	"городская местность"	"0"	"Всего"	"0"	"453"
"Число умерших(Человек)"	"2023 год"	"202312"	"ЛИСАКОВСК Г.А."	"0"	"городская местность"	"0"	"Всего"	"0"	"425"
"Число умерших(Человек)"	"2024 год"	"202412"	"ЛИСАКОВСК Г.А."	"0"	"городская местность"	"0"	"Всего"	"0"	"428"
"Число умерших(Человек)"	"2009 год"	"200912"	"ЛИСАКОВСК Г.А."	"0"	"сельская местность"	"0"	"Всего"	"0"	"3"
"Число умерших(Человек)"	"2011 год"	"201112"	"ЛИСАКОВСК Г.А."	"0"	"сельская местность"	"0"	"Всего"	"0"	"5"
"Число умерших(Человек)"	"2016 год"	"201612"	"ЛИСАКОВСК Г.А."	"0"	"сельская местность"	"0"	"Всего"	"0"	"1"
"Число умерших(Человек)"	"2015 год"	"201512"	"ЛИСАКОВСК Г.А."	"0"	"сельская местность"	"0"	"Всего"	"0"	"3"
"Число умерших(Человек)"	"2014 год"	"201412"	"ЛИСАКОВСК Г.А."	"0"	"сельская местность"	"0"	"Всего"	"0"	"1"
"Число умерших(Человек)"	"2012 год"	"201212"	"ЛИСАКОВСК Г.А."	"0"	"сельская местность"	"0"	"Всего"	"0"	"4"
"Число умерших(Человек)"	"2020 год"	"202012"	"ЛИСАКОВСК Г.А."	"0"	"сельская местность"	"0"	"Всего"	"0"	"1"
"Число умерших(Человек)"	"2019 год"	"201912"	"ЛИСАКОВСК Г.А."	"0"	"сельская местность"	"0"	"Всего"	"0"	"3"
"Число умерших(Человек)"	"2018 год"	"201812"	"ЛИСАКОВСК Г.А."	"0"	"сельская местность"	"0"	"Всего"	"0"	"1"
"Число умерших(Человек)"	"2017 год"	"201712"	"ЛИСАКОВСК Г.А."	"0"	"сельская местность"	"0"	"Всего"	"0"	"3"
"Число умерших(Человек)"	"2009 год"	"200912"	"ЛИСАКОВСК Г.А."	"0"	"Всего"	"0"	"Всего"	"0"	"461"
"Число умерших(Человек)"	"2011 год"	"201112"	"ЛИСАКОВСК Г.А."	"0"	"Всего"	"0"	"Всего"	"0"	"498"
"Число умерших(Человек)"	"2016 год"	"201612"	"ЛИСАКОВСК Г.А."	"0"	"Всего"	"0"	"Всего"	"0"	"470"
"Число умерших(Человек)"	"2010 год"	"201012"	"ЛИСАКОВСК Г.А."	"0"	"Всего"	"0"	"Всего"	"0"	"509"
"Число умерших(Человек)"	"2015 год"	"201512"	"ЛИСАКОВСК Г.А."	"0"	"Всего"	"0"	"Всего"	"0"	"450"
"Число умерших(Человек)"	"2013 год"	"201312"	"ЛИСАКОВСК Г.А."	"0"	"Всего"	"0"	"Всего"	"0"	"474"
"Число умерших(Человек)"	"2014 год"	"201412"	"ЛИСАКОВСК Г.А."	"0"	"Всего"	"0"	"Всего"	"0"	"440"
"Число умерших(Человек)"	"2012 год"	"201212"	"ЛИСАКОВСК Г.А."	"0"	"Всего"	"0"	"Всего"	"0"	"500"
"Число умерших(Человек)"	"2021 год"	"202112"	"ЛИСАКОВСК Г.А."	"0"	"Всего"	"0"	"Всего"	"0"	"657"
"Число умерших(Человек)"	"2020 год"	"202012"	"ЛИСАКОВСК Г.А."	"0"	"Всего"	"0"	"Всего"	"0"	"540"
"Число умерших(Человек)"	"2019 год"	"201912"	"ЛИСАКОВСК Г.А."	"0"	"Всего"	"0"	"Всего"	"0"	"444"
"Число умерших(Человек)"	"2018 год"	"201812"	"ЛИСАКОВСК Г.А."	"0"	"Всего"	"0"	"Всего"	"0"	"452"
"Число умерших(Человек)"	"2022 год"	"202212"	"ЛИСАКОВСК Г.А."	"0"	"Всего"	"0"	"Всего"	"0"	"425"
"Число умерших(Человек)"	"2017 год"	"201712"	"ЛИСАКОВСК Г.А."	"0"	"Всего"	"0"	"Всего"	"0"	"456"
"Число умерших(Человек)"	"2023 год"	"202312"	"ЛИСАКОВСК Г.А."	"0"	"Всего"	"0"	"Всего"	"0"	"425"
"Число умерших(Человек)"	"2024 год"	"202412"	"ЛИСАКОВСК Г.А."	"0"	"Всего"	"0"	"Всего"	"0"	"428"
"Число умерших(Человек)"	"2009 год"	"200912"	"РУДНЫЙ Г.А."	"0"	"Всего"	"0"	"Всего"	"0"	"1 873"
"Число умерших(Человек)"	"2011 год"	"201112"	"РУДНЫЙ Г.А."	"0"	"Всего"	"0"	"Всего"	"0"	"1 881"
"Число умерших(Человек)"	"2016 год"	"201612"	"РУДНЫЙ Г.А."	"0"	"Всего"	"0"	"Всего"	"0"	"1 614"
"Число умерших(Человек)"	"2010 год"	"201012"	"РУДНЫЙ Г.А."	"0"	"Всего"	"0"	"Всего"	"0"	"1 943"
"Число умерших(Человек)"	"2015 год"	"201512"	"РУДНЫЙ Г.А."	"0"	"Всего"	"0"	"Всего"	"0"	"1 659"
"Число умерших(Человек)"	"2013 год"	"201312"	"РУДНЫЙ Г.А."	"0"	"Всего"	"0"	"Всего"	"0"	"1 615"
"Число умерших(Человек)"	"2014 год"	"201412"	"РУДНЫЙ Г.А."	"0"	"Всего"	"0"	"Всего"	"0"	"1 611"
"Число умерших(Человек)"	"2012 год"	"201212"	"РУДНЫЙ Г.А."	"0"	"Всего"	"0"	"Всего"	"0"	"1 846"
"Число умерших(Человек)"	"2021 год"	"202112"	"РУДНЫЙ Г.А."	"0"	"Всего"	"0"	"Всего"	"0"	"2 263"
"Число умерших(Человек)"	"2020 год"	"202012"	"РУДНЫЙ Г.А."	"0"	"Всего"	"0"	"Всего"	"0"	"1 918"
"Число умерших(Человек)"	"2019 год"	"201912"	"РУДНЫЙ Г.А."	"0"	"Всего"	"0"	"Всего"	"0"	"1 673"
"Число умерших(Человек)"	"2018 год"	"201812"	"РУДНЫЙ Г.А."	"0"	"Всего"	"0"	"Всего"	"0"	"1 557"
"Число умерших(Человек)"	"2022 год"	"202212"	"РУДНЫЙ Г.А."	"0"	"Всего"	"0"	"Всего"	"0"	"1 614"
"Число умерших(Человек)"	"2017 год"	"201712"	"РУДНЫЙ Г.А."	"0"	"Всего"	"0"	"Всего"	"0"	"1 607"
"Число умерших(Человек)"	"2023 год"	"202312"	"РУДНЫЙ Г.А."	"0"	"Всего"	"0"	"Всего"	"0"	"1 552"
"Число умерших(Человек)"	"2024 год"	"202412"	"РУДНЫЙ Г.А."	"0"	"Всего"	"0"	"Всего"	"0"	"1 462"
"Число умерших(Человек)"	"2009 год"	"200912"	"РУДНЫЙ Г.А."	"0"	"городская местность"	"0"	"Всего"	"0"	"1 865"
"Число умерших(Человек)"	"2011 год"	"201112"	"РУДНЫЙ Г.А."	"0"	"городская местность"	"0"	"Всего"	"0"	"1 875"
"Число умерших(Человек)"	"2016 год"	"201612"	"РУДНЫЙ Г.А."	"0"	"городская местность"	"0"	"Всего"	"0"	"1 603"
"Число умерших(Человек)"	"2010 год"	"201012"	"РУДНЫЙ Г.А."	"0"	"городская местность"	"0"	"Всего"	"0"	"1 938"
"Число умерших(Человек)"	"2015 год"	"201512"	"РУДНЫЙ Г.А."	"0"	"городская местность"	"0"	"Всего"	"0"	"1 654"
"Число умерших(Человек)"	"2013 год"	"201312"	"РУДНЫЙ Г.А."	"0"	"городская местность"	"0"	"Всего"	"0"	"1 610"
"Число умерших(Человек)"	"2014 год"	"201412"	"РУДНЫЙ Г.А."	"0"	"городская местность"	"0"	"Всего"	"0"	"1 604"
"Число умерших(Человек)"	"2012 год"	"201212"	"РУДНЫЙ Г.А."	"0"	"городская местность"	"0"	"Всего"	"0"	"1 836"
"Число умерших(Человек)"	"2021 год"	"202112"	"РУДНЫЙ Г.А."	"0"	"городская местность"	"0"	"Всего"	"0"	"2 255"
"Число умерших(Человек)"	"2020 год"	"202012"	"РУДНЫЙ Г.А."	"0"	"городская местность"	"0"	"Всего"	"0"	"1 910"
"Число умерших(Человек)"	"2019 год"	"201912"	"РУДНЫЙ Г.А."	"0"	"городская местность"	"0"	"Всего"	"0"	"1 670"
"Число умерших(Человек)"	"2018 год"	"201812"	"РУДНЫЙ Г.А."	"0"	"городская местность"	"0"	"Всего"	"0"	"1 554"
"Число умерших(Человек)"	"2022 год"	"202212"	"РУДНЫЙ Г.А."	"0"	"городская местность"	"0"	"Всего"	"0"	"1 608"
"Число умерших(Человек)"	"2017 год"	"201712"	"РУДНЫЙ Г.А."	"0"	"городская местность"	"0"	"Всего"	"0"	"1 601"
"Число умерших(Человек)"	"2023 год"	"202312"	"РУДНЫЙ Г.А."	"0"	"городская местность"	"0"	"Всего"	"0"	"1 546"
"Число умерших(Человек)"	"2024 год"	"202412"	"РУДНЫЙ Г.А."	"0"	"городская местность"	"0"	"Всего"	"0"	"1 455"
"Число умерших(Человек)"	"2009 год"	"200912"	"РУДНЫЙ Г.А."	"0"	"сельская местность"	"0"	"Всего"	"0"	"8"
"Число умерших(Человек)"	"2011 год"	"201112"	"РУДНЫЙ Г.А."	"0"	"сельская местность"	"0"	"Всего"	"0"	"6"
"Число умерших(Человек)"	"2016 год"	"201612"	"РУДНЫЙ Г.А."	"0"	"сельская местность"	"0"	"Всего"	"0"	"11"
"Число умерших(Человек)"	"2010 год"	"201012"	"РУДНЫЙ Г.А."	"0"	"сельская местность"	"0"	"Всего"	"0"	"5"
"Число умерших(Человек)"	"2015 год"	"201512"	"РУДНЫЙ Г.А."	"0"	"сельская местность"	"0"	"Всего"	"0"	"5"
"Число умерших(Человек)"	"2013 год"	"201312"	"РУДНЫЙ Г.А."	"0"	"сельская местность"	"0"	"Всего"	"0"	"5"
"Число умерших(Человек)"	"2014 год"	"201412"	"РУДНЫЙ Г.А."	"0"	"сельская местность"	"0"	"Всего"	"0"	"7"
"Число умерших(Человек)"	"2012 год"	"201212"	"РУДНЫЙ Г.А."	"0"	"сельская местность"	"0"	"Всего"	"0"	"10"
"Число умерших(Человек)"	"2021 год"	"202112"	"РУДНЫЙ Г.А."	"0"	"сельская местность"	"0"	"Всего"	"0"	"8"
"Число умерших(Человек)"	"2020 год"	"202012"	"РУДНЫЙ Г.А."	"0"	"сельская местность"	"0"	"Всего"	"0"	"8"
"Число умерших(Человек)"	"2019 год"	"201912"	"РУДНЫЙ Г.А."	"0"	"сельская местность"	"0"	"Всего"	"0"	"3"
"Число умерших(Человек)"	"2018 год"	"201812"	"РУДНЫЙ Г.А."	"0"	"сельская местность"	"0"	"Всего"	"0"	"3"
"Число умерших(Человек)"	"2022 год"	"202212"	"РУДНЫЙ Г.А."	"0"	"сельская местность"	"0"	"Всего"	"0"	"6"
"Число умерших(Человек)"	"2017 год"	"201712"	"РУДНЫЙ Г.А."	"0"	"сельская местность"	"0"	"Всего"	"0"	"6"
"Число умерших(Человек)"	"2023 год"	"202312"	"РУДНЫЙ Г.А."	"0"	"сельская местность"	"0"	"Всего"	"0"	"6"
"Число умерших(Человек)"	"2024 год"	"202412"	"РУДНЫЙ Г.А."	"0"	"сельская местность"	"0"	"Всего"	"0"	"7"
"Число умерших(Человек)"	"2009 год"	"200912"	"АЛТЫНСАРИНСКИЙ РАЙОН"	"0"	"Всего"	"0"	"Всего"	"0"	"159"
"Число умерших(Человек)"	"2011 год"	"201112"	"АЛТЫНСАРИНСКИЙ РАЙОН"	"0"	"Всего"	"0"	"Всего"	"0"	"176"
"Число умерших(Человек)"	"2016 год"	"201612"	"АЛТЫНСАРИНСКИЙ РАЙОН"	"0"	"Всего"	"0"	"Всего"	"0"	"138"
"Число умерших(Человек)"	"2010 год"	"201012"	"АЛТЫНСАРИНСКИЙ РАЙОН"	"0"	"Всего"	"0"	"Всего"	"0"	"172"
"Число умерших(Человек)"	"2015 год"	"201512"	"АЛТЫНСАРИНСКИЙ РАЙОН"	"0"	"Всего"	"0"	"Всего"	"0"	"146"
"Число умерших(Человек)"	"2013 год"	"201312"	"АЛТЫНСАРИНСКИЙ РАЙОН"	"0"	"Всего"	"0"	"Всего"	"0"	"162"
"Число умерших(Человек)"	"2014 год"	"201412"	"АЛТЫНСАРИНСКИЙ РАЙОН"	"0"	"Всего"	"0"	"Всего"	"0"	"164"
"Число умерших(Человек)"	"2012 год"	"201212"	"АЛТЫНСАРИНСКИЙ РАЙОН"	"0"	"Всего"	"0"	"Всего"	"0"	"140"
"Число умерших(Человек)"	"2021 год"	"202112"	"АЛТЫНСАРИНСКИЙ РАЙОН"	"0"	"Всего"	"0"	"Всего"	"0"	"178"
"Число умерших(Человек)"	"2020 год"	"202012"	"АЛТЫНСАРИНСКИЙ РАЙОН"	"0"	"Всего"	"0"	"Всего"	"0"	"151"
"Число умерших(Человек)"	"2019 год"	"201912"	"АЛТЫНСАРИНСКИЙ РАЙОН"	"0"	"Всего"	"0"	"Всего"	"0"	"140"
"Число умерших(Человек)"	"2018 год"	"201812"	"АЛТЫНСАРИНСКИЙ РАЙОН"	"0"	"Всего"	"0"	"Всего"	"0"	"149"
"Число умерших(Человек)"	"2022 год"	"202212"	"АЛТЫНСАРИНСКИЙ РАЙОН"	"0"	"Всего"	"0"	"Всего"	"0"	"131"
"Число умерших(Человек)"	"2017 год"	"201712"	"АЛТЫНСАРИНСКИЙ РАЙОН"	"0"	"Всего"	"0"	"Всего"	"0"	"131"
"Число умерших(Человек)"	"2023 год"	"202312"	"АЛТЫНСАРИНСКИЙ РАЙОН"	"0"	"Всего"	"0"	"Всего"	"0"	"135"
"Число умерших(Человек)"	"2024 год"	"202412"	"АЛТЫНСАРИНСКИЙ РАЙОН"	"0"	"Всего"	"0"	"Всего"	"0"	"138"
"Число умерших(Человек)"	"2009 год"	"200912"	"АЛТЫНСАРИНСКИЙ РАЙОН"	"0"	"сельская местность"	"0"	"Всего"	"0"	"159"
"Число умерших(Человек)"	"2011 год"	"201112"	"АЛТЫНСАРИНСКИЙ РАЙОН"	"0"	"сельская местность"	"0"	"Всего"	"0"	"176"
"Число умерших(Человек)"	"2016 год"	"201612"	"АЛТЫНСАРИНСКИЙ РАЙОН"	"0"	"сельская местность"	"0"	"Всего"	"0"	"138"
"Число умерших(Человек)"	"2010 год"	"201012"	"АЛТЫНСАРИНСКИЙ РАЙОН"	"0"	"сельская местность"	"0"	"Всего"	"0"	"172"
"Число умерших(Человек)"	"2015 год"	"201512"	"АЛТЫНСАРИНСКИЙ РАЙОН"	"0"	"сельская местность"	"0"	"Всего"	"0"	"146"
"Число умерших(Человек)"	"2013 год"	"201312"	"АЛТЫНСАРИНСКИЙ РАЙОН"	"0"	"сельская местность"	"0"	"Всего"	"0"	"162"
"Число умерших(Человек)"	"2014 год"	"201412"	"АЛТЫНСАРИНСКИЙ РАЙОН"	"0"	"сельская местность"	"0"	"Всего"	"0"	"164"
"Число умерших(Человек)"	"2012 год"	"201212"	"АЛТЫНСАРИНСКИЙ РАЙОН"	"0"	"сельская местность"	"0"	"Всего"	"0"	"140"
"Число умерших(Человек)"	"2021 год"	"202112"	"АЛТЫНСАРИНСКИЙ РАЙОН"	"0"	"сельская местность"	"0"	"Всего"	"0"	"178"
"Число умерших(Человек)"	"2020 год"	"202012"	"АЛТЫНСАРИНСКИЙ РАЙОН"	"0"	"сельская местность"	"0"	"Всего"	"0"	"151"
"Число умерших(Человек)"	"2019 год"	"201912"	"АЛТЫНСАРИНСКИЙ РАЙОН"	"0"	"сельская местность"	"0"	"Всего"	"0"	"140"
"Число умерших(Человек)"	"2018 год"	"201812"	"АЛТЫНСАРИНСКИЙ РАЙОН"	"0"	"сельская местность"	"0"	"Всего"	"0"	"149"
"Число умерших(Человек)"	"2022 год"	"202212"	"АЛТЫНСАРИНСКИЙ РАЙОН"	"0"	"сельская местность"	"0"	"Всего"	"0"	"131"
"Число умерших(Человек)"	"2017 год"	"201712"	"АЛТЫНСАРИНСКИЙ РАЙОН"	"0"	"сельская местность"	"0"	"Всего"	"0"	"131"
"Число умерших(Человек)"	"2023 год"	"202312"	"АЛТЫНСАРИНСКИЙ РАЙОН"	"0"	"сельская местность"	"0"	"Всего"	"0"	"135"
"Число умерших(Человек)"	"2024 год"	"202412"	"АЛТЫНСАРИНСКИЙ РАЙОН"	"0"	"сельская местность"	"0"	"Всего"	"0"	"138"
"Число умерших(Человек)"	"2009 год"	"200912"	"АМАНГЕЛЬДИНСКИЙ РАЙОН"	"0"	"Всего"	"0"	"Всего"	"0"	"120"
"Число умерших(Человек)"	"2011 год"	"201112"	"АМАНГЕЛЬДИНСКИЙ РАЙОН"	"0"	"Всего"	"0"	"Всего"	"0"	"125"
"Число умерших(Человек)"	"2016 год"	"201612"	"АМАНГЕЛЬДИНСКИЙ РАЙОН"	"0"	"Всего"	"0"	"Всего"	"0"	"90"
"Число умерших(Человек)"	"2010 год"	"201012"	"АМАНГЕЛЬДИНСКИЙ РАЙОН"	"0"	"Всего"	"0"	"Всего"	"0"	"113"
"Число умерших(Человек)"	"2015 год"	"201512"	"АМАНГЕЛЬДИНСКИЙ РАЙОН"	"0"	"Всего"	"0"	"Всего"	"0"	"87"
"Число умерших(Человек)"	"2013 год"	"201312"	"АМАНГЕЛЬДИНСКИЙ РАЙОН"	"0"	"Всего"	"0"	"Всего"	"0"	"100"
"Число умерших(Человек)"	"2014 год"	"201412"	"АМАНГЕЛЬДИНСКИЙ РАЙОН"	"0"	"Всего"	"0"	"Всего"	"0"	"90"
"Число умерших(Человек)"	"2012 год"	"201212"	"АМАНГЕЛЬДИНСКИЙ РАЙОН"	"0"	"Всего"	"0"	"Всего"	"0"	"93"
"Число умерших(Человек)"	"2021 год"	"202112"	"АМАНГЕЛЬДИНСКИЙ РАЙОН"	"0"	"Всего"	"0"	"Всего"	"0"	"104"
"Число умерших(Человек)"	"2020 год"	"202012"	"АМАНГЕЛЬДИНСКИЙ РАЙОН"	"0"	"Всего"	"0"	"Всего"	"0"	"93"
"Число умерших(Человек)"	"2019 год"	"201912"	"АМАНГЕЛЬДИНСКИЙ РАЙОН"	"0"	"Всего"	"0"	"Всего"	"0"	"85"
"Число умерших(Человек)"	"2018 год"	"201812"	"АМАНГЕЛЬДИНСКИЙ РАЙОН"	"0"	"Всего"	"0"	"Всего"	"0"	"97"
"Число умерших(Человек)"	"2022 год"	"202212"	"АМАНГЕЛЬДИНСКИЙ РАЙОН"	"0"	"Всего"	"0"	"Всего"	"0"	"86"
"Число умерших(Человек)"	"2017 год"	"201712"	"АМАНГЕЛЬДИНСКИЙ РАЙОН"	"0"	"Всего"	"0"	"Всего"	"0"	"90"
"Число умерших(Человек)"	"2023 год"	"202312"	"АМАНГЕЛЬДИНСКИЙ РАЙОН"	"0"	"Всего"	"0"	"Всего"	"0"	"69"
"Число умерших(Человек)"	"2024 год"	"202412"	"АМАНГЕЛЬДИНСКИЙ РАЙОН"	"0"	"Всего"	"0"	"Всего"	"0"	"100"
"Число умерших(Человек)"	"2009 год"	"200912"	"КОСТАНАЙ Г.А."	"0"	"Всего"	"0"	"Всего"	"0"	"2 403"
"Число умерших(Человек)"	"2011 год"	"201112"	"КОСТАНАЙ Г.А."	"0"	"Всего"	"0"	"Всего"	"0"	"2 363"
"Число умерших(Человек)"	"2016 год"	"201612"	"КОСТАНАЙ Г.А."	"0"	"Всего"	"0"	"Всего"	"0"	"2 286"
"Число умерших(Человек)"	"2010 год"	"201012"	"КОСТАНАЙ Г.А."	"0"	"Всего"	"0"	"Всего"	"0"	"2 374"
"Число умерших(Человек)"	"2015 год"	"201512"	"КОСТАНАЙ Г.А."	"0"	"Всего"	"0"	"Всего"	"0"	"2 221"
"Число умерших(Человек)"	"2013 год"	"201312"	"КОСТАНАЙ Г.А."	"0"	"Всего"	"0"	"Всего"	"0"	"2 237"
"Число умерших(Человек)"	"2014 год"	"201412"	"КОСТАНАЙ Г.А."	"0"	"Всего"	"0"	"Всего"	"0"	"2 242"
"Число умерших(Человек)"	"2012 год"	"201212"	"КОСТАНАЙ Г.А."	"0"	"Всего"	"0"	"Всего"	"0"	"2 419"
"Число умерших(Человек)"	"2021 год"	"202112"	"КОСТАНАЙ Г.А."	"0"	"Всего"	"0"	"Всего"	"0"	"3 323"
"Число умерших(Человек)"	"2020 год"	"202012"	"КОСТАНАЙ Г.А."	"0"	"Всего"	"0"	"Всего"	"0"	"2 958"
"Число умерших(Человек)"	"2019 год"	"201912"	"КОСТАНАЙ Г.А."	"0"	"Всего"	"0"	"Всего"	"0"	"2 234"
"Число умерших(Человек)"	"2018 год"	"201812"	"КОСТАНАЙ Г.А."	"0"	"Всего"	"0"	"Всего"	"0"	"2 232"
"Число умерших(Человек)"	"2022 год"	"202212"	"КОСТАНАЙ Г.А."	"0"	"Всего"	"0"	"Всего"	"0"	"2 409"
"Число умерших(Человек)"	"2017 год"	"201712"	"КОСТАНАЙ Г.А."	"0"	"Всего"	"0"	"Всего"	"0"	"2 164"
"Число умерших(Человек)"	"2023 год"	"202312"	"КОСТАНАЙ Г.А."	"0"	"Всего"	"0"	"Всего"	"0"	"2 252"
"Число умерших(Человек)"	"2024 год"	"202412"	"КОСТАНАЙ Г.А."	"0"	"Всего"	"0"	"Всего"	"0"	"2 255"
"Число умерших(Человек)"	"2009 год"	"200912"	"КОСТАНАЙ Г.А."	"0"	"городская местность"	"0"	"Всего"	"0"	"2 403"
"Число умерших(Человек)"	"2011 год"	"201112"	"КОСТАНАЙ Г.А."	"0"	"городская местность"	"0"	"Всего"	"0"	"2 363"
"Число умерших(Человек)"	"2016 год"	"201612"	"КОСТАНАЙ Г.А."	"0"	"городская местность"	"0"	"Всего"	"0"	"2 286"
"Число умерших(Человек)"	"2010 год"	"201012"	"КОСТАНАЙ Г.А."	"0"	"городская местность"	"0"	"Всего"	"0"	"2 374"
"Число умерших(Человек)"	"2015 год"	"201512"	"КОСТАНАЙ Г.А."	"0"	"городская местность"	"0"	"Всего"	"0"	"2 221"
"Число умерших(Человек)"	"2013 год"	"201312"	"КОСТАНАЙ Г.А."	"0"	"городская местность"	"0"	"Всего"	"0"	"2 237"
"Число умерших(Человек)"	"2014 год"	"201412"	"КОСТАНАЙ Г.А."	"0"	"городская местность"	"0"	"Всего"	"0"	"2 242"
"Число умерших(Человек)"	"2012 год"	"201212"	"КОСТАНАЙ Г.А."	"0"	"городская местность"	"0"	"Всего"	"0"	"2 419"
"Число умерших(Человек)"	"2021 год"	"202112"	"КОСТАНАЙ Г.А."	"0"	"городская местность"	"0"	"Всего"	"0"	"3 323"
"Число умерших(Человек)"	"2020 год"	"202012"	"КОСТАНАЙ Г.А."	"0"	"городская местность"	"0"	"Всего"	"0"	"2 958"
"Число умерших(Человек)"	"2019 год"	"201912"	"КОСТАНАЙ Г.А."	"0"	"городская местность"	"0"	"Всего"	"0"	"2 234"
"Число умерших(Человек)"	"2018 год"	"201812"	"КОСТАНАЙ Г.А."	"0"	"городская местность"	"0"	"Всего"	"0"	"2 232"
"Число умерших(Человек)"	"2022 год"	"202212"	"КОСТАНАЙ Г.А."	"0"	"городская местность"	"0"	"Всего"	"0"	"2 409"
"Число умерших(Человек)"	"2017 год"	"201712"	"КОСТАНАЙ Г.А."	"0"	"городская местность"	"0"	"Всего"	"0"	"2 164"
"Число умерших(Человек)"	"2023 год"	"202312"	"КОСТАНАЙ Г.А."	"0"	"городская местность"	"0"	"Всего"	"0"	"2 252"
"Число умерших(Человек)"	"2024 год"	"202412"	"КОСТАНАЙ Г.А."	"0"	"городская местность"	"0"	"Всего"	"0"	"2 255"
"Число умерших(Человек)"	"2009 год"	"200912"	"АРКАЛЫК Г.А."	"0"	"Всего"	"0"	"Всего"	"0"	"409"
"Число умерших(Человек)"	"2011 год"	"201112"	"АРКАЛЫК Г.А."	"0"	"Всего"	"0"	"Всего"	"0"	"460"
"Число умерших(Человек)"	"2016 год"	"201612"	"АРКАЛЫК Г.А."	"0"	"Всего"	"0"	"Всего"	"0"	"344"
"Число умерших(Человек)"	"2010 год"	"201012"	"АРКАЛЫК Г.А."	"0"	"Всего"	"0"	"Всего"	"0"	"401"
"Число умерших(Человек)"	"2015 год"	"201512"	"АРКАЛЫК Г.А."	"0"	"Всего"	"0"	"Всего"	"0"	"340"
"Число умерших(Человек)"	"2013 год"	"201312"	"АРКАЛЫК Г.А."	"0"	"Всего"	"0"	"Всего"	"0"	"373"
"Число умерших(Человек)"	"2014 год"	"201412"	"АРКАЛЫК Г.А."	"0"	"Всего"	"0"	"Всего"	"0"	"381"
"Число умерших(Человек)"	"2012 год"	"201212"	"АРКАЛЫК Г.А."	"0"	"Всего"	"0"	"Всего"	"0"	"441"
"Число умерших(Человек)"	"2021 год"	"202112"	"АРКАЛЫК Г.А."	"0"	"Всего"	"0"	"Всего"	"0"	"418"
"Число умерших(Человек)"	"2020 год"	"202012"	"АРКАЛЫК Г.А."	"0"	"Всего"	"0"	"Всего"	"0"	"411"
"Число умерших(Человек)"	"2019 год"	"201912"	"АРКАЛЫК Г.А."	"0"	"Всего"	"0"	"Всего"	"0"	"364"
"Число умерших(Человек)"	"2018 год"	"201812"	"АРКАЛЫК Г.А."	"0"	"Всего"	"0"	"Всего"	"0"	"341"
"Число умерших(Человек)"	"2022 год"	"202212"	"АРКАЛЫК Г.А."	"0"	"Всего"	"0"	"Всего"	"0"	"285"
"Число умерших(Человек)"	"2017 год"	"201712"	"АРКАЛЫК Г.А."	"0"	"Всего"	"0"	"Всего"	"0"	"332"
"Число умерших(Человек)"	"2023 год"	"202312"	"АРКАЛЫК Г.А."	"0"	"Всего"	"0"	"Всего"	"0"	"287"
"Число умерших(Человек)"	"2024 год"	"202412"	"АРКАЛЫК Г.А."	"0"	"Всего"	"0"	"Всего"	"0"	"294"
"Число умерших(Человек)"	"2009 год"	"200912"	"АРКАЛЫК Г.А."	"0"	"городская местность"	"0"	"Всего"	"0"	"302"
"Число умерших(Человек)"	"2011 год"	"201112"	"АРКАЛЫК Г.А."	"0"	"городская местность"	"0"	"Всего"	"0"	"332"
"Число умерших(Человек)"	"2016 год"	"201612"	"АРКАЛЫК Г.А."	"0"	"городская местность"	"0"	"Всего"	"0"	"262"
"Число умерших(Человек)"	"2010 год"	"201012"	"АРКАЛЫК Г.А."	"0"	"городская местность"	"0"	"Всего"	"0"	"300"
"Число умерших(Человек)"	"2015 год"	"201512"	"АРКАЛЫК Г.А."	"0"	"городская местность"	"0"	"Всего"	"0"	"262"
"Число умерших(Человек)"	"2013 год"	"201312"	"АРКАЛЫК Г.А."	"0"	"городская местность"	"0"	"Всего"	"0"	"300"
"Число умерших(Человек)"	"2014 год"	"201412"	"АРКАЛЫК Г.А."	"0"	"городская местность"	"0"	"Всего"	"0"	"299"
"Число умерших(Человек)"	"2012 год"	"201212"	"АРКАЛЫК Г.А."	"0"	"городская местность"	"0"	"Всего"	"0"	"344"
"Число умерших(Человек)"	"2021 год"	"202112"	"АРКАЛЫК Г.А."	"0"	"городская местность"	"0"	"Всего"	"0"	"356"
"Число умерших(Человек)"	"2020 год"	"202012"	"АРКАЛЫК Г.А."	"0"	"городская местность"	"0"	"Всего"	"0"	"329"
"Число умерших(Человек)"	"2019 год"	"201912"	"АРКАЛЫК Г.А."	"0"	"городская местность"	"0"	"Всего"	"0"	"303"
"Число умерших(Человек)"	"2018 год"	"201812"	"АРКАЛЫК Г.А."	"0"	"городская местность"	"0"	"Всего"	"0"	"289"
"Число умерших(Человек)"	"2022 год"	"202212"	"АРКАЛЫК Г.А."	"0"	"городская местность"	"0"	"Всего"	"0"	"237"
"Число умерших(Человек)"	"2017 год"	"201712"	"АРКАЛЫК Г.А."	"0"	"городская местность"	"0"	"Всего"	"0"	"259"
"Число умерших(Человек)"	"2023 год"	"202312"	"АРКАЛЫК Г.А."	"0"	"городская местность"	"0"	"Всего"	"0"	"226"
"Число умерших(Человек)"	"2024 год"	"202412"	"АРКАЛЫК Г.А."	"0"	"городская местность"	"0"	"Всего"	"0"	"232"
"Число умерших(Человек)"	"2009 год"	"200912"	"АРКАЛЫК Г.А."	"0"	"сельская местность"	"0"	"Всего"	"0"	"107"
"Число умерших(Человек)"	"2011 год"	"201112"	"АРКАЛЫК Г.А."	"0"	"сельская местность"	"0"	"Всего"	"0"	"128"
"Число умерших(Человек)"	"2016 год"	"201612"	"АРКАЛЫК Г.А."	"0"	"сельская местность"	"0"	"Всего"	"0"	"82"
"Число умерших(Человек)"	"2010 год"	"201012"	"АРКАЛЫК Г.А."	"0"	"сельская местность"	"0"	"Всего"	"0"	"101"
"Число умерших(Человек)"	"2015 год"	"201512"	"АРКАЛЫК Г.А."	"0"	"сельская местность"	"0"	"Всего"	"0"	"78"
"Число умерших(Человек)"	"2013 год"	"201312"	"АРКАЛЫК Г.А."	"0"	"сельская местность"	"0"	"Всего"	"0"	"73"
"Число умерших(Человек)"	"2014 год"	"201412"	"АРКАЛЫК Г.А."	"0"	"сельская местность"	"0"	"Всего"	"0"	"82"
"Число умерших(Человек)"	"2012 год"	"201212"	"АРКАЛЫК Г.А."	"0"	"сельская местность"	"0"	"Всего"	"0"	"97"
"Число умерших(Человек)"	"2021 год"	"202112"	"АРКАЛЫК Г.А."	"0"	"сельская местность"	"0"	"Всего"	"0"	"62"
"Число умерших(Человек)"	"2020 год"	"202012"	"АРКАЛЫК Г.А."	"0"	"сельская местность"	"0"	"Всего"	"0"	"82"
"Число умерших(Человек)"	"2019 год"	"201912"	"АРКАЛЫК Г.А."	"0"	"сельская местность"	"0"	"Всего"	"0"	"61"
"Число умерших(Человек)"	"2018 год"	"201812"	"АРКАЛЫК Г.А."	"0"	"сельская местность"	"0"	"Всего"	"0"	"52"
"Число умерших(Человек)"	"2022 год"	"202212"	"АРКАЛЫК Г.А."	"0"	"сельская местность"	"0"	"Всего"	"0"	"48"
"Число умерших(Человек)"	"2017 год"	"201712"	"АРКАЛЫК Г.А."	"0"	"сельская местность"	"0"	"Всего"	"0"	"73"
"Число умерших(Человек)"	"2023 год"	"202312"	"АРКАЛЫК Г.А."	"0"	"сельская местность"	"0"	"Всего"	"0"	"61"
"Число умерших(Человек)"	"2024 год"	"202412"	"АРКАЛЫК Г.А."	"0"	"сельская местность"	"0"	"Всего"	"0"	"62"
"Число умерших(Человек)"	"2009 год"	"200912"	"ЖЕЗКАЗГАН Г.А."	"0"	"Всего"	"0"	"Всего"	"0"	"896"
"Число умерших(Человек)"	"2011 год"	"201112"	"ЖЕЗКАЗГАН Г.А."	"0"	"Всего"	"0"	"Всего"	"0"	"906"
"Число умерших(Человек)"	"2016 год"	"201612"	"ЖЕЗКАЗГАН Г.А."	"0"	"Всего"	"0"	"Всего"	"0"	"937"
"Число умерших(Человек)"	"2010 год"	"201012"	"ЖЕЗКАЗГАН Г.А."	"0"	"Всего"	"0"	"Всего"	"0"	"925"
"Число умерших(Человек)"	"2015 год"	"201512"	"ЖЕЗКАЗГАН Г.А."	"0"	"Всего"	"0"	"Всего"	"0"	"902"
"Число умерших(Человек)"	"2013 год"	"201312"	"ЖЕЗКАЗГАН Г.А."	"0"	"Всего"	"0"	"Всего"	"0"	"892"
"Число умерших(Человек)"	"2014 год"	"201412"	"ЖЕЗКАЗГАН Г.А."	"0"	"Всего"	"0"	"Всего"	"0"	"873"
"Число умерших(Человек)"	"2012 год"	"201212"	"ЖЕЗКАЗГАН Г.А."	"0"	"Всего"	"0"	"Всего"	"0"	"951"
"Число умерших(Человек)"	"2021 год"	"202112"	"ЖЕЗКАЗГАН Г.А."	"0"	"Всего"	"0"	"Всего"	"0"	"1 132"
"Число умерших(Человек)"	"2020 год"	"202012"	"ЖЕЗКАЗГАН Г.А."	"0"	"Всего"	"0"	"Всего"	"0"	"987"
"Число умерших(Человек)"	"2019 год"	"201912"	"ЖЕЗКАЗГАН Г.А."	"0"	"Всего"	"0"	"Всего"	"0"	"878"
"Число умерших(Человек)"	"2018 год"	"201812"	"ЖЕЗКАЗГАН Г.А."	"0"	"Всего"	"0"	"Всего"	"0"	"836"
"Число умерших(Человек)"	"2022 год"	"202212"	"ЖЕЗКАЗГАН Г.А."	"0"	"Всего"	"0"	"Всего"	"0"	"887"
"Число умерших(Человек)"	"2017 год"	"201712"	"ЖЕЗКАЗГАН Г.А."	"0"	"Всего"	"0"	"Всего"	"0"	"858"
"Число умерших(Человек)"	"2023 год"	"202312"	"ЖЕЗКАЗГАН Г.А."	"0"	"Всего"	"0"	"Всего"	"0"	"834"
"Число умерших(Человек)"	"2024 год"	"202412"	"ЖЕЗКАЗГАН Г.А."	"0"	"Всего"	"0"	"Всего"	"0"	"837"
"Число умерших(Человек)"	"2009 год"	"200912"	"ЖЕЗКАЗГАН Г.А."	"0"	"городская местность"	"0"	"Всего"	"0"	"867"
"Число умерших(Человек)"	"2011 год"	"201112"	"ЖЕЗКАЗГАН Г.А."	"0"	"городская местность"	"0"	"Всего"	"0"	"877"
"Число умерших(Человек)"	"2016 год"	"201612"	"ЖЕЗКАЗГАН Г.А."	"0"	"городская местность"	"0"	"Всего"	"0"	"927"
"Число умерших(Человек)"	"2010 год"	"201012"	"ЖЕЗКАЗГАН Г.А."	"0"	"городская местность"	"0"	"Всего"	"0"	"896"
"Число умерших(Человек)"	"2015 год"	"201512"	"ЖЕЗКАЗГАН Г.А."	"0"	"городская местность"	"0"	"Всего"	"0"	"897"
"Число умерших(Человек)"	"2013 год"	"201312"	"ЖЕЗКАЗГАН Г.А."	"0"	"городская местность"	"0"	"Всего"	"0"	"884"
"Число умерших(Человек)"	"2014 год"	"201412"	"ЖЕЗКАЗГАН Г.А."	"0"	"городская местность"	"0"	"Всего"	"0"	"859"
"Число умерших(Человек)"	"2012 год"	"201212"	"ЖЕЗКАЗГАН Г.А."	"0"	"городская местность"	"0"	"Всего"	"0"	"940"
"Число умерших(Человек)"	"2021 год"	"202112"	"ЖЕЗКАЗГАН Г.А."	"0"	"городская местность"	"0"	"Всего"	"0"	"1 102"
"Число умерших(Человек)"	"2020 год"	"202012"	"ЖЕЗКАЗГАН Г.А."	"0"	"городская местность"	"0"	"Всего"	"0"	"964"
"Число умерших(Человек)"	"2019 год"	"201912"	"ЖЕЗКАЗГАН Г.А."	"0"	"городская местность"	"0"	"Всего"	"0"	"858"
"Число умерших(Человек)"	"2018 год"	"201812"	"ЖЕЗКАЗГАН Г.А."	"0"	"городская местность"	"0"	"Всего"	"0"	"823"
"Число умерших(Человек)"	"2022 год"	"202212"	"ЖЕЗКАЗГАН Г.А."	"0"	"городская местность"	"0"	"Всего"	"0"	"864"
"Число умерших(Человек)"	"2017 год"	"201712"	"ЖЕЗКАЗГАН Г.А."	"0"	"городская местность"	"0"	"Всего"	"0"	"853"
"Число умерших(Человек)"	"2023 год"	"202312"	"ЖЕЗКАЗГАН Г.А."	"0"	"городская местность"	"0"	"Всего"	"0"	"800"
"Число умерших(Человек)"	"2024 год"	"202412"	"ЖЕЗКАЗГАН Г.А."	"0"	"городская местность"	"0"	"Всего"	"0"	"805"
"Число умерших(Человек)"	"2009 год"	"200912"	"ЖЕЗКАЗГАН Г.А."	"0"	"сельская местность"	"0"	"Всего"	"0"	"29"
"Число умерших(Человек)"	"2011 год"	"201112"	"ЖЕЗКАЗГАН Г.А."	"0"	"сельская местность"	"0"	"Всего"	"0"	"29"
"Число умерших(Человек)"	"2016 год"	"201612"	"ЖЕЗКАЗГАН Г.А."	"0"	"сельская местность"	"0"	"Всего"	"0"	"10"
"Число умерших(Человек)"	"2010 год"	"201012"	"ЖЕЗКАЗГАН Г.А."	"0"	"сельская местность"	"0"	"Всего"	"0"	"29"
"Число умерших(Человек)"	"2015 год"	"201512"	"ЖЕЗКАЗГАН Г.А."	"0"	"сельская местность"	"0"	"Всего"	"0"	"5"
"Число умерших(Человек)"	"2013 год"	"201312"	"ЖЕЗКАЗГАН Г.А."	"0"	"сельская местность"	"0"	"Всего"	"0"	"8"
"Число умерших(Человек)"	"2014 год"	"201412"	"ЖЕЗКАЗГАН Г.А."	"0"	"сельская местность"	"0"	"Всего"	"0"	"14"
"Число умерших(Человек)"	"2012 год"	"201212"	"ЖЕЗКАЗГАН Г.А."	"0"	"сельская местность"	"0"	"Всего"	"0"	"11"
"Число умерших(Человек)"	"2021 год"	"202112"	"ЖЕЗКАЗГАН Г.А."	"0"	"сельская местность"	"0"	"Всего"	"0"	"30"
"Число умерших(Человек)"	"2020 год"	"202012"	"ЖЕЗКАЗГАН Г.А."	"0"	"сельская местность"	"0"	"Всего"	"0"	"23"
"Число умерших(Человек)"	"2019 год"	"201912"	"ЖЕЗКАЗГАН Г.А."	"0"	"сельская местность"	"0"	"Всего"	"0"	"20"
"Число умерших(Человек)"	"2018 год"	"201812"	"ЖЕЗКАЗГАН Г.А."	"0"	"сельская местность"	"0"	"Всего"	"0"	"13"
"Число умерших(Человек)"	"2022 год"	"202212"	"ЖЕЗКАЗГАН Г.А."	"0"	"сельская местность"	"0"	"Всего"	"0"	"23"
"Число умерших(Человек)"	"2017 год"	"201712"	"ЖЕЗКАЗГАН Г.А."	"0"	"сельская местность"	"0"	"Всего"	"0"	"5"
"Число умерших(Человек)"	"2023 год"	"202312"	"ЖЕЗКАЗГАН Г.А."	"0"	"сельская местность"	"0"	"Всего"	"0"	"34"
"Число умерших(Человек)"	"2024 год"	"202412"	"ЖЕЗКАЗГАН Г.А."	"0"	"сельская местность"	"0"	"Всего"	"0"	"32"
"Число умерших(Человек)"	"2009 год"	"200912"	"КАРАЖАЛ Г.А."	"0"	"Всего"	"0"	"Всего"	"0"	"189"
"Число умерших(Человек)"	"2011 год"	"201112"	"КАРАЖАЛ Г.А."	"0"	"Всего"	"0"	"Всего"	"0"	"189"
"Число умерших(Человек)"	"2016 год"	"201612"	"КАРАЖАЛ Г.А."	"0"	"Всего"	"0"	"Всего"	"0"	"153"
"Число умерших(Человек)"	"2010 год"	"201012"	"КАРАЖАЛ Г.А."	"0"	"Всего"	"0"	"Всего"	"0"	"205"
"Число умерших(Человек)"	"2015 год"	"201512"	"КАРАЖАЛ Г.А."	"0"	"Всего"	"0"	"Всего"	"0"	"148"
"Число умерших(Человек)"	"2013 год"	"201312"	"КАРАЖАЛ Г.А."	"0"	"Всего"	"0"	"Всего"	"0"	"134"
"Число умерших(Человек)"	"2014 год"	"201412"	"КАРАЖАЛ Г.А."	"0"	"Всего"	"0"	"Всего"	"0"	"147"
"Число умерших(Человек)"	"2012 год"	"201212"	"КАРАЖАЛ Г.А."	"0"	"Всего"	"0"	"Всего"	"0"	"176"
"Число умерших(Человек)"	"2021 год"	"202112"	"КАРАЖАЛ Г.А."	"0"	"Всего"	"0"	"Всего"	"0"	"164"
"Число умерших(Человек)"	"2020 год"	"202012"	"КАРАЖАЛ Г.А."	"0"	"Всего"	"0"	"Всего"	"0"	"169"
"Число умерших(Человек)"	"2019 год"	"201912"	"КАРАЖАЛ Г.А."	"0"	"Всего"	"0"	"Всего"	"0"	"109"
"Число умерших(Человек)"	"2018 год"	"201812"	"КАРАЖАЛ Г.А."	"0"	"Всего"	"0"	"Всего"	"0"	"126"
"Число умерших(Человек)"	"2022 год"	"202212"	"КАРАЖАЛ Г.А."	"0"	"Всего"	"0"	"Всего"	"0"	"133"
"Число умерших(Человек)"	"2017 год"	"201712"	"КАРАЖАЛ Г.А."	"0"	"Всего"	"0"	"Всего"	"0"	"128"
"Число умерших(Человек)"	"2023 год"	"202312"	"КАРАЖАЛ Г.А."	"0"	"Всего"	"0"	"Всего"	"0"	"138"
"Число умерших(Человек)"	"2024 год"	"202412"	"КАРАЖАЛ Г.А."	"0"	"Всего"	"0"	"Всего"	"0"	"119"
"Число умерших(Человек)"	"2009 год"	"200912"	"КАРАЖАЛ Г.А."	"0"	"городская местность"	"0"	"Всего"	"0"	"189"
"Число умерших(Человек)"	"2011 год"	"201112"	"КАРАЖАЛ Г.А."	"0"	"городская местность"	"0"	"Всего"	"0"	"189"
"Число умерших(Человек)"	"2016 год"	"201612"	"КАРАЖАЛ Г.А."	"0"	"городская местность"	"0"	"Всего"	"0"	"153"
"Число умерших(Человек)"	"2010 год"	"201012"	"КАРАЖАЛ Г.А."	"0"	"городская местность"	"0"	"Всего"	"0"	"205"
"Число умерших(Человек)"	"2015 год"	"201512"	"КАРАЖАЛ Г.А."	"0"	"городская местность"	"0"	"Всего"	"0"	"148"
"Число умерших(Человек)"	"2013 год"	"201312"	"КАРАЖАЛ Г.А."	"0"	"городская местность"	"0"	"Всего"	"0"	"134"
"Число умерших(Человек)"	"2014 год"	"201412"	"КАРАЖАЛ Г.А."	"0"	"городская местность"	"0"	"Всего"	"0"	"147"
"Число умерших(Человек)"	"2012 год"	"201212"	"КАРАЖАЛ Г.А."	"0"	"городская местность"	"0"	"Всего"	"0"	"176"
"Число умерших(Человек)"	"2021 год"	"202112"	"КАРАЖАЛ Г.А."	"0"	"городская местность"	"0"	"Всего"	"0"	"164"
"Число умерших(Человек)"	"2020 год"	"202012"	"КАРАЖАЛ Г.А."	"0"	"городская местность"	"0"	"Всего"	"0"	"169"
"Число умерших(Человек)"	"2019 год"	"201912"	"КАРАЖАЛ Г.А."	"0"	"городская местность"	"0"	"Всего"	"0"	"109"
"Число умерших(Человек)"	"2018 год"	"201812"	"КАРАЖАЛ Г.А."	"0"	"городская местность"	"0"	"Всего"	"0"	"126"
"Число умерших(Человек)"	"2022 год"	"202212"	"КАРАЖАЛ Г.А."	"0"	"городская местность"	"0"	"Всего"	"0"	"133"
"Число умерших(Человек)"	"2017 год"	"201712"	"КАРАЖАЛ Г.А."	"0"	"городская местность"	"0"	"Всего"	"0"	"128"
"Число умерших(Человек)"	"2023 год"	"202312"	"КАРАЖАЛ Г.А."	"0"	"городская местность"	"0"	"Всего"	"0"	"138"
"Число умерших(Человек)"	"2024 год"	"202412"	"КАРАЖАЛ Г.А."	"0"	"городская местность"	"0"	"Всего"	"0"	"119"
"Число умерших(Человек)"	"2009 год"	"200912"	"ПРИОЗЕРСК Г.А."	"0"	"Всего"	"0"	"Всего"	"0"	"87"
"Число умерших(Человек)"	"2011 год"	"201112"	"ПРИОЗЕРСК Г.А."	"0"	"Всего"	"0"	"Всего"	"0"	"82"
"Число умерших(Человек)"	"2016 год"	"201612"	"ПРИОЗЕРСК Г.А."	"0"	"Всего"	"0"	"Всего"	"0"	"62"
"Число умерших(Человек)"	"2010 год"	"201012"	"ПРИОЗЕРСК Г.А."	"0"	"Всего"	"0"	"Всего"	"0"	"65"
"Число умерших(Человек)"	"2015 год"	"201512"	"ПРИОЗЕРСК Г.А."	"0"	"Всего"	"0"	"Всего"	"0"	"54"
"Число умерших(Человек)"	"2013 год"	"201312"	"ПРИОЗЕРСК Г.А."	"0"	"Всего"	"0"	"Всего"	"0"	"67"
"Число умерших(Человек)"	"2014 год"	"201412"	"ПРИОЗЕРСК Г.А."	"0"	"Всего"	"0"	"Всего"	"0"	"70"
"Число умерших(Человек)"	"2012 год"	"201212"	"ПРИОЗЕРСК Г.А."	"0"	"Всего"	"0"	"Всего"	"0"	"62"
"Число умерших(Человек)"	"2021 год"	"202112"	"ПРИОЗЕРСК Г.А."	"0"	"Всего"	"0"	"Всего"	"0"	"87"
"Число умерших(Человек)"	"2020 год"	"202012"	"ПРИОЗЕРСК Г.А."	"0"	"Всего"	"0"	"Всего"	"0"	"68"
"Число умерших(Человек)"	"2019 год"	"201912"	"ПРИОЗЕРСК Г.А."	"0"	"Всего"	"0"	"Всего"	"0"	"59"
"Число умерших(Человек)"	"2018 год"	"201812"	"ПРИОЗЕРСК Г.А."	"0"	"Всего"	"0"	"Всего"	"0"	"71"
"Число умерших(Человек)"	"2022 год"	"202212"	"ПРИОЗЕРСК Г.А."	"0"	"Всего"	"0"	"Всего"	"0"	"70"
"Число умерших(Человек)"	"2017 год"	"201712"	"ПРИОЗЕРСК Г.А."	"0"	"Всего"	"0"	"Всего"	"0"	"58"
"Число умерших(Человек)"	"2023 год"	"202312"	"ПРИОЗЕРСК Г.А."	"0"	"Всего"	"0"	"Всего"	"0"	"59"
"Число умерших(Человек)"	"2024 год"	"202412"	"ПРИОЗЕРСК Г.А."	"0"	"Всего"	"0"	"Всего"	"0"	"49"
"Число умерших(Человек)"	"2009 год"	"200912"	"ПРИОЗЕРСК Г.А."	"0"	"городская местность"	"0"	"Всего"	"0"	"87"
"Число умерших(Человек)"	"2011 год"	"201112"	"ПРИОЗЕРСК Г.А."	"0"	"городская местность"	"0"	"Всего"	"0"	"82"
"Число умерших(Человек)"	"2016 год"	"201612"	"ПРИОЗЕРСК Г.А."	"0"	"городская местность"	"0"	"Всего"	"0"	"62"
"Число умерших(Человек)"	"2010 год"	"201012"	"ПРИОЗЕРСК Г.А."	"0"	"городская местность"	"0"	"Всего"	"0"	"65"
"Число умерших(Человек)"	"2015 год"	"201512"	"ПРИОЗЕРСК Г.А."	"0"	"городская местность"	"0"	"Всего"	"0"	"54"
"Число умерших(Человек)"	"2013 год"	"201312"	"ПРИОЗЕРСК Г.А."	"0"	"городская местность"	"0"	"Всего"	"0"	"67"
"Число умерших(Человек)"	"2014 год"	"201412"	"ПРИОЗЕРСК Г.А."	"0"	"городская местность"	"0"	"Всего"	"0"	"70"
"Число умерших(Человек)"	"2012 год"	"201212"	"ПРИОЗЕРСК Г.А."	"0"	"городская местность"	"0"	"Всего"	"0"	"62"
"Число умерших(Человек)"	"2021 год"	"202112"	"ПРИОЗЕРСК Г.А."	"0"	"городская местность"	"0"	"Всего"	"0"	"87"
"Число умерших(Человек)"	"2020 год"	"202012"	"ПРИОЗЕРСК Г.А."	"0"	"городская местность"	"0"	"Всего"	"0"	"68"
"Число умерших(Человек)"	"2019 год"	"201912"	"ПРИОЗЕРСК Г.А."	"0"	"городская местность"	"0"	"Всего"	"0"	"59"
"Число умерших(Человек)"	"2018 год"	"201812"	"ПРИОЗЕРСК Г.А."	"0"	"городская местность"	"0"	"Всего"	"0"	"71"
"Число умерших(Человек)"	"2022 год"	"202212"	"ПРИОЗЕРСК Г.А."	"0"	"городская местность"	"0"	"Всего"	"0"	"70"
"Число умерших(Человек)"	"2017 год"	"201712"	"ПРИОЗЕРСК Г.А."	"0"	"городская местность"	"0"	"Всего"	"0"	"58"
"Число умерших(Человек)"	"2023 год"	"202312"	"ПРИОЗЕРСК Г.А."	"0"	"городская местность"	"0"	"Всего"	"0"	"59"
"Число умерших(Человек)"	"2024 год"	"202412"	"ПРИОЗЕРСК Г.А."	"0"	"городская местность"	"0"	"Всего"	"0"	"49"
"Число умерших(Человек)"	"2009 год"	"200912"	"САРАНЬ Г.А."	"0"	"Всего"	"0"	"Всего"	"0"	"661"
"Число умерших(Человек)"	"2011 год"	"201112"	"САРАНЬ Г.А."	"0"	"Всего"	"0"	"Всего"	"0"	"683"
"Число умерших(Человек)"	"2016 год"	"201612"	"САРАНЬ Г.А."	"0"	"Всего"	"0"	"Всего"	"0"	"541"
"Число умерших(Человек)"	"2010 год"	"201012"	"САРАНЬ Г.А."	"0"	"Всего"	"0"	"Всего"	"0"	"651"
"Число умерших(Человек)"	"2015 год"	"201512"	"САРАНЬ Г.А."	"0"	"Всего"	"0"	"Всего"	"0"	"544"
"Число умерших(Человек)"	"2013 год"	"201312"	"САРАНЬ Г.А."	"0"	"Всего"	"0"	"Всего"	"0"	"588"
"Число умерших(Человек)"	"2014 год"	"201412"	"САРАНЬ Г.А."	"0"	"Всего"	"0"	"Всего"	"0"	"571"
"Число умерших(Человек)"	"2012 год"	"201212"	"САРАНЬ Г.А."	"0"	"Всего"	"0"	"Всего"	"0"	"685"
"Число умерших(Человек)"	"2021 год"	"202112"	"САРАНЬ Г.А."	"0"	"Всего"	"0"	"Всего"	"0"	"658"
"Число умерших(Человек)"	"2020 год"	"202012"	"САРАНЬ Г.А."	"0"	"Всего"	"0"	"Всего"	"0"	"563"
"Число умерших(Человек)"	"2019 год"	"201912"	"САРАНЬ Г.А."	"0"	"Всего"	"0"	"Всего"	"0"	"549"
"Число умерших(Человек)"	"2018 год"	"201812"	"САРАНЬ Г.А."	"0"	"Всего"	"0"	"Всего"	"0"	"521"
"Число умерших(Человек)"	"2022 год"	"202212"	"САРАНЬ Г.А."	"0"	"Всего"	"0"	"Всего"	"0"	"528"
"Число умерших(Человек)"	"2017 год"	"201712"	"САРАНЬ Г.А."	"0"	"Всего"	"0"	"Всего"	"0"	"602"
"Число умерших(Человек)"	"2023 год"	"202312"	"САРАНЬ Г.А."	"0"	"Всего"	"0"	"Всего"	"0"	"455"
"Число умерших(Человек)"	"2024 год"	"202412"	"САРАНЬ Г.А."	"0"	"Всего"	"0"	"Всего"	"0"	"475"
"Число умерших(Человек)"	"2009 год"	"200912"	"САРАНЬ Г.А."	"0"	"городская местность"	"0"	"Всего"	"0"	"661"
"Число умерших(Человек)"	"2011 год"	"201112"	"САРАНЬ Г.А."	"0"	"городская местность"	"0"	"Всего"	"0"	"683"
"Число умерших(Человек)"	"2016 год"	"201612"	"САРАНЬ Г.А."	"0"	"городская местность"	"0"	"Всего"	"0"	"541"
"Число умерших(Человек)"	"2010 год"	"201012"	"САРАНЬ Г.А."	"0"	"городская местность"	"0"	"Всего"	"0"	"651"
"Число умерших(Человек)"	"2015 год"	"201512"	"САРАНЬ Г.А."	"0"	"городская местность"	"0"	"Всего"	"0"	"544"
"Число умерших(Человек)"	"2013 год"	"201312"	"САРАНЬ Г.А."	"0"	"городская местность"	"0"	"Всего"	"0"	"588"
"Число умерших(Человек)"	"2014 год"	"201412"	"САРАНЬ Г.А."	"0"	"городская местность"	"0"	"Всего"	"0"	"571"
"Число умерших(Человек)"	"2012 год"	"201212"	"САРАНЬ Г.А."	"0"	"городская местность"	"0"	"Всего"	"0"	"685"
"Число умерших(Человек)"	"2021 год"	"202112"	"САРАНЬ Г.А."	"0"	"городская местность"	"0"	"Всего"	"0"	"658"
"Число умерших(Человек)"	"2020 год"	"202012"	"САРАНЬ Г.А."	"0"	"городская местность"	"0"	"Всего"	"0"	"563"
"Число умерших(Человек)"	"2019 год"	"201912"	"САРАНЬ Г.А."	"0"	"городская местность"	"0"	"Всего"	"0"	"549"
"Число умерших(Человек)"	"2018 год"	"201812"	"САРАНЬ Г.А."	"0"	"городская местность"	"0"	"Всего"	"0"	"521"
"Число умерших(Человек)"	"2022 год"	"202212"	"САРАНЬ Г.А."	"0"	"городская местность"	"0"	"Всего"	"0"	"528"
"Число умерших(Человек)"	"2017 год"	"201712"	"САРАНЬ Г.А."	"0"	"городская местность"	"0"	"Всего"	"0"	"602"
"Число умерших(Человек)"	"2023 год"	"202312"	"САРАНЬ Г.А."	"0"	"городская местность"	"0"	"Всего"	"0"	"455"
"Число умерших(Человек)"	"2024 год"	"202412"	"САРАНЬ Г.А."	"0"	"городская местность"	"0"	"Всего"	"0"	"475"
"Число умерших(Человек)"	"2009 год"	"200912"	"САТПАЕВ Г.А."	"0"	"Всего"	"0"	"Всего"	"0"	"735"
"Число умерших(Человек)"	"2011 год"	"201112"	"САТПАЕВ Г.А."	"0"	"Всего"	"0"	"Всего"	"0"	"757"
"Число умерших(Человек)"	"2016 год"	"201612"	"САТПАЕВ Г.А."	"0"	"Всего"	"0"	"Всего"	"0"	"620"
"Число умерших(Человек)"	"2010 год"	"201012"	"САТПАЕВ Г.А."	"0"	"Всего"	"0"	"Всего"	"0"	"774"
"Число умерших(Человек)"	"2015 год"	"201512"	"САТПАЕВ Г.А."	"0"	"Всего"	"0"	"Всего"	"0"	"661"
"Число умерших(Человек)"	"2013 год"	"201312"	"САТПАЕВ Г.А."	"0"	"Всего"	"0"	"Всего"	"0"	"723"
"Число умерших(Человек)"	"2014 год"	"201412"	"САТПАЕВ Г.А."	"0"	"Всего"	"0"	"Всего"	"0"	"643"
"Число умерших(Человек)"	"2012 год"	"201212"	"САТПАЕВ Г.А."	"0"	"Всего"	"0"	"Всего"	"0"	"790"
"Число умерших(Человек)"	"2021 год"	"202112"	"САТПАЕВ Г.А."	"0"	"Всего"	"0"	"Всего"	"0"	"816"
"Число умерших(Человек)"	"2020 год"	"202012"	"САТПАЕВ Г.А."	"0"	"Всего"	"0"	"Всего"	"0"	"803"
"Число умерших(Человек)"	"2019 год"	"201912"	"САТПАЕВ Г.А."	"0"	"Всего"	"0"	"Всего"	"0"	"652"
"Число умерших(Человек)"	"2018 год"	"201812"	"САТПАЕВ Г.А."	"0"	"Всего"	"0"	"Всего"	"0"	"655"
"Число умерших(Человек)"	"2022 год"	"202212"	"САТПАЕВ Г.А."	"0"	"Всего"	"0"	"Всего"	"0"	"642"
"Число умерших(Человек)"	"2017 год"	"201712"	"САТПАЕВ Г.А."	"0"	"Всего"	"0"	"Всего"	"0"	"642"
"Число умерших(Человек)"	"2023 год"	"202312"	"САТПАЕВ Г.А."	"0"	"Всего"	"0"	"Всего"	"0"	"610"
"Число умерших(Человек)"	"2024 год"	"202412"	"САТПАЕВ Г.А."	"0"	"Всего"	"0"	"Всего"	"0"	"618"
"Число умерших(Человек)"	"2009 год"	"200912"	"САТПАЕВ Г.А."	"0"	"городская местность"	"0"	"Всего"	"0"	"734"
"Число умерших(Человек)"	"2011 год"	"201112"	"САТПАЕВ Г.А."	"0"	"городская местность"	"0"	"Всего"	"0"	"754"
"Число умерших(Человек)"	"2016 год"	"201612"	"САТПАЕВ Г.А."	"0"	"городская местность"	"0"	"Всего"	"0"	"620"
"Число умерших(Человек)"	"2010 год"	"201012"	"САТПАЕВ Г.А."	"0"	"городская местность"	"0"	"Всего"	"0"	"772"
"Число умерших(Человек)"	"2015 год"	"201512"	"САТПАЕВ Г.А."	"0"	"городская местность"	"0"	"Всего"	"0"	"659"
"Число умерших(Человек)"	"2013 год"	"201312"	"САТПАЕВ Г.А."	"0"	"городская местность"	"0"	"Всего"	"0"	"720"
"Число умерших(Человек)"	"2014 год"	"201412"	"САТПАЕВ Г.А."	"0"	"городская местность"	"0"	"Всего"	"0"	"639"
"Число умерших(Человек)"	"2012 год"	"201212"	"САТПАЕВ Г.А."	"0"	"городская местность"	"0"	"Всего"	"0"	"788"
"Число умерших(Человек)"	"2021 год"	"202112"	"САТПАЕВ Г.А."	"0"	"городская местность"	"0"	"Всего"	"0"	"815"
"Число умерших(Человек)"	"2020 год"	"202012"	"САТПАЕВ Г.А."	"0"	"городская местность"	"0"	"Всего"	"0"	"802"
"Число умерших(Человек)"	"2019 год"	"201912"	"САТПАЕВ Г.А."	"0"	"городская местность"	"0"	"Всего"	"0"	"636"
"Число умерших(Человек)"	"2018 год"	"201812"	"САТПАЕВ Г.А."	"0"	"городская местность"	"0"	"Всего"	"0"	"645"
"Число умерших(Человек)"	"2022 год"	"202212"	"САТПАЕВ Г.А."	"0"	"городская местность"	"0"	"Всего"	"0"	"640"
"Число умерших(Человек)"	"2017 год"	"201712"	"САТПАЕВ Г.А."	"0"	"городская местность"	"0"	"Всего"	"0"	"641"
"Число умерших(Человек)"	"2023 год"	"202312"	"САТПАЕВ Г.А."	"0"	"городская местность"	"0"	"Всего"	"0"	"610"
"Число умерших(Человек)"	"2024 год"	"202412"	"САТПАЕВ Г.А."	"0"	"городская местность"	"0"	"Всего"	"0"	"615"
"Число умерших(Человек)"	"2009 год"	"200912"	"САТПАЕВ Г.А."	"0"	"сельская местность"	"0"	"Всего"	"0"	"1"
"Число умерших(Человек)"	"2011 год"	"201112"	"САТПАЕВ Г.А."	"0"	"сельская местность"	"0"	"Всего"	"0"	"3"
"Число умерших(Человек)"	"2010 год"	"201012"	"САТПАЕВ Г.А."	"0"	"сельская местность"	"0"	"Всего"	"0"	"2"
"Число умерших(Человек)"	"2015 год"	"201512"	"САТПАЕВ Г.А."	"0"	"сельская местность"	"0"	"Всего"	"0"	"2"
"Число умерших(Человек)"	"2013 год"	"201312"	"САТПАЕВ Г.А."	"0"	"сельская местность"	"0"	"Всего"	"0"	"3"
"Число умерших(Человек)"	"2014 год"	"201412"	"САТПАЕВ Г.А."	"0"	"сельская местность"	"0"	"Всего"	"0"	"4"
"Число умерших(Человек)"	"2012 год"	"201212"	"САТПАЕВ Г.А."	"0"	"сельская местность"	"0"	"Всего"	"0"	"2"
"Число умерших(Человек)"	"2021 год"	"202112"	"САТПАЕВ Г.А."	"0"	"сельская местность"	"0"	"Всего"	"0"	"1"
"Число умерших(Человек)"	"2020 год"	"202012"	"САТПАЕВ Г.А."	"0"	"сельская местность"	"0"	"Всего"	"0"	"1"
"Число умерших(Человек)"	"2019 год"	"201912"	"САТПАЕВ Г.А."	"0"	"сельская местность"	"0"	"Всего"	"0"	"16"
"Число умерших(Человек)"	"2018 год"	"201812"	"САТПАЕВ Г.А."	"0"	"сельская местность"	"0"	"Всего"	"0"	"10"
"Число умерших(Человек)"	"2022 год"	"202212"	"САТПАЕВ Г.А."	"0"	"сельская местность"	"0"	"Всего"	"0"	"2"
"Число умерших(Человек)"	"2017 год"	"201712"	"САТПАЕВ Г.А."	"0"	"сельская местность"	"0"	"Всего"	"0"	"1"
"Число умерших(Человек)"	"2024 год"	"202412"	"САТПАЕВ Г.А."	"0"	"сельская местность"	"0"	"Всего"	"0"	"3"
"Число умерших(Человек)"	"2009 год"	"200912"	"ТЕМИРТАУ Г.А."	"0"	"Всего"	"0"	"Всего"	"0"	"2 153"
"Число умерших(Человек)"	"2011 год"	"201112"	"ТЕМИРТАУ Г.А."	"0"	"Всего"	"0"	"Всего"	"0"	"2 271"
"Число умерших(Человек)"	"2016 год"	"201612"	"ТЕМИРТАУ Г.А."	"0"	"Всего"	"0"	"Всего"	"0"	"1 932"
"Число умерших(Человек)"	"2010 год"	"201012"	"ТЕМИРТАУ Г.А."	"0"	"Всего"	"0"	"Всего"	"0"	"2 287"
"Число умерших(Человек)"	"2015 год"	"201512"	"ТЕМИРТАУ Г.А."	"0"	"Всего"	"0"	"Всего"	"0"	"1 870"
"Число умерших(Человек)"	"2013 год"	"201312"	"ТЕМИРТАУ Г.А."	"0"	"Всего"	"0"	"Всего"	"0"	"2 145"
"Число умерших(Человек)"	"2014 год"	"201412"	"ТЕМИРТАУ Г.А."	"0"	"Всего"	"0"	"Всего"	"0"	"1 931"
"Число умерших(Человек)"	"2012 год"	"201212"	"ТЕМИРТАУ Г.А."	"0"	"Всего"	"0"	"Всего"	"0"	"2 303"
"Число умерших(Человек)"	"2021 год"	"202112"	"ТЕМИРТАУ Г.А."	"0"	"Всего"	"0"	"Всего"	"0"	"2 706"
"Число умерших(Человек)"	"2020 год"	"202012"	"ТЕМИРТАУ Г.А."	"0"	"Всего"	"0"	"Всего"	"0"	"2 400"
"Число умерших(Человек)"	"2019 год"	"201912"	"ТЕМИРТАУ Г.А."	"0"	"Всего"	"0"	"Всего"	"0"	"2 091"
"Число умерших(Человек)"	"2018 год"	"201812"	"ТЕМИРТАУ Г.А."	"0"	"Всего"	"0"	"Всего"	"0"	"2 047"
"Число умерших(Человек)"	"2022 год"	"202212"	"ТЕМИРТАУ Г.А."	"0"	"Всего"	"0"	"Всего"	"0"	"2 104"
"Число умерших(Человек)"	"2017 год"	"201712"	"ТЕМИРТАУ Г.А."	"0"	"Всего"	"0"	"Всего"	"0"	"1 950"
"Число умерших(Человек)"	"2023 год"	"202312"	"ТЕМИРТАУ Г.А."	"0"	"Всего"	"0"	"Всего"	"0"	"1 779"
"Число умерших(Человек)"	"2024 год"	"202412"	"ТЕМИРТАУ Г.А."	"0"	"Всего"	"0"	"Всего"	"0"	"1 880"
"Число умерших(Человек)"	"2009 год"	"200912"	"ТЕМИРТАУ Г.А."	"0"	"городская местность"	"0"	"Всего"	"0"	"2 153"
"Число умерших(Человек)"	"2011 год"	"201112"	"ТЕМИРТАУ Г.А."	"0"	"городская местность"	"0"	"Всего"	"0"	"2 271"
"Число умерших(Человек)"	"2016 год"	"201612"	"ТЕМИРТАУ Г.А."	"0"	"городская местность"	"0"	"Всего"	"0"	"1 932"
"Число умерших(Человек)"	"2010 год"	"201012"	"ТЕМИРТАУ Г.А."	"0"	"городская местность"	"0"	"Всего"	"0"	"2 287"
"Число умерших(Человек)"	"2015 год"	"201512"	"ТЕМИРТАУ Г.А."	"0"	"городская местность"	"0"	"Всего"	"0"	"1 870"
"Число умерших(Человек)"	"2013 год"	"201312"	"ТЕМИРТАУ Г.А."	"0"	"городская местность"	"0"	"Всего"	"0"	"2 145"
"Число умерших(Человек)"	"2014 год"	"201412"	"ТЕМИРТАУ Г.А."	"0"	"городская местность"	"0"	"Всего"	"0"	"1 931"
"Число умерших(Человек)"	"2012 год"	"201212"	"ТЕМИРТАУ Г.А."	"0"	"городская местность"	"0"	"Всего"	"0"	"2 303"
"Число умерших(Человек)"	"2021 год"	"202112"	"ТЕМИРТАУ Г.А."	"0"	"городская местность"	"0"	"Всего"	"0"	"2 706"
"Число умерших(Человек)"	"2020 год"	"202012"	"ТЕМИРТАУ Г.А."	"0"	"городская местность"	"0"	"Всего"	"0"	"2 400"
"Число умерших(Человек)"	"2019 год"	"201912"	"ТЕМИРТАУ Г.А."	"0"	"городская местность"	"0"	"Всего"	"0"	"2 091"
"Число умерших(Человек)"	"2018 год"	"201812"	"ТЕМИРТАУ Г.А."	"0"	"городская местность"	"0"	"Всего"	"0"	"2 047"
"Число умерших(Человек)"	"2022 год"	"202212"	"ТЕМИРТАУ Г.А."	"0"	"городская местность"	"0"	"Всего"	"0"	"2 104"
"Число умерших(Человек)"	"2017 год"	"201712"	"ТЕМИРТАУ Г.А."	"0"	"городская местность"	"0"	"Всего"	"0"	"1 950"
"Число умерших(Человек)"	"2023 год"	"202312"	"ТЕМИРТАУ Г.А."	"0"	"городская местность"	"0"	"Всего"	"0"	"1 779"
"Число умерших(Человек)"	"2024 год"	"202412"	"ТЕМИРТАУ Г.А."	"0"	"городская местность"	"0"	"Всего"	"0"	"1 880"
"Число умерших(Человек)"	"2009 год"	"200912"	"ШАХТИНСК Г.А."	"0"	"Всего"	"0"	"Всего"	"0"	"926"
"Число умерших(Человек)"	"2011 год"	"201112"	"ШАХТИНСК Г.А."	"0"	"Всего"	"0"	"Всего"	"0"	"885"
"Число умерших(Человек)"	"2016 год"	"201612"	"ШАХТИНСК Г.А."	"0"	"Всего"	"0"	"Всего"	"0"	"793"
"Число умерших(Человек)"	"2010 год"	"201012"	"ШАХТИНСК Г.А."	"0"	"Всего"	"0"	"Всего"	"0"	"961"
"Число умерших(Человек)"	"2015 год"	"201512"	"ШАХТИНСК Г.А."	"0"	"Всего"	"0"	"Всего"	"0"	"793"
"Число умерших(Человек)"	"2013 год"	"201312"	"ШАХТИНСК Г.А."	"0"	"Всего"	"0"	"Всего"	"0"	"815"
"Число умерших(Человек)"	"2014 год"	"201412"	"ШАХТИНСК Г.А."	"0"	"Всего"	"0"	"Всего"	"0"	"813"
"Число умерших(Человек)"	"2012 год"	"201212"	"ШАХТИНСК Г.А."	"0"	"Всего"	"0"	"Всего"	"0"	"932"
"Число умерших(Человек)"	"2021 год"	"202112"	"ШАХТИНСК Г.А."	"0"	"Всего"	"0"	"Всего"	"0"	"1 060"
"Число умерших(Человек)"	"2020 год"	"202012"	"ШАХТИНСК Г.А."	"0"	"Всего"	"0"	"Всего"	"0"	"772"
"Число умерших(Человек)"	"2019 год"	"201912"	"ШАХТИНСК Г.А."	"0"	"Всего"	"0"	"Всего"	"0"	"725"
"Число умерших(Человек)"	"2018 год"	"201812"	"ШАХТИНСК Г.А."	"0"	"Всего"	"0"	"Всего"	"0"	"756"
"Число умерших(Человек)"	"2022 год"	"202212"	"ШАХТИНСК Г.А."	"0"	"Всего"	"0"	"Всего"	"0"	"730"
"Число умерших(Человек)"	"2017 год"	"201712"	"ШАХТИНСК Г.А."	"0"	"Всего"	"0"	"Всего"	"0"	"800"
"Число умерших(Человек)"	"2023 год"	"202312"	"ШАХТИНСК Г.А."	"0"	"Всего"	"0"	"Всего"	"0"	"696"
"Число умерших(Человек)"	"2024 год"	"202412"	"ШАХТИНСК Г.А."	"0"	"Всего"	"0"	"Всего"	"0"	"703"
"Число умерших(Человек)"	"2009 год"	"200912"	"ШАХТИНСК Г.А."	"0"	"городская местность"	"0"	"Всего"	"0"	"926"
"Число умерших(Человек)"	"2011 год"	"201112"	"ШАХТИНСК Г.А."	"0"	"городская местность"	"0"	"Всего"	"0"	"885"
"Число умерших(Человек)"	"2016 год"	"201612"	"ШАХТИНСК Г.А."	"0"	"городская местность"	"0"	"Всего"	"0"	"793"
"Число умерших(Человек)"	"2010 год"	"201012"	"ШАХТИНСК Г.А."	"0"	"городская местность"	"0"	"Всего"	"0"	"961"
"Число умерших(Человек)"	"2015 год"	"201512"	"ШАХТИНСК Г.А."	"0"	"городская местность"	"0"	"Всего"	"0"	"793"
"Число умерших(Человек)"	"2013 год"	"201312"	"ШАХТИНСК Г.А."	"0"	"городская местность"	"0"	"Всего"	"0"	"815"
"Число умерших(Человек)"	"2014 год"	"201412"	"ШАХТИНСК Г.А."	"0"	"городская местность"	"0"	"Всего"	"0"	"813"
"Число умерших(Человек)"	"2012 год"	"201212"	"ШАХТИНСК Г.А."	"0"	"городская местность"	"0"	"Всего"	"0"	"932"
"Число умерших(Человек)"	"2021 год"	"202112"	"ШАХТИНСК Г.А."	"0"	"городская местность"	"0"	"Всего"	"0"	"1 060"
"Число умерших(Человек)"	"2020 год"	"202012"	"ШАХТИНСК Г.А."	"0"	"городская местность"	"0"	"Всего"	"0"	"772"
"Число умерших(Человек)"	"2019 год"	"201912"	"ШАХТИНСК Г.А."	"0"	"городская местность"	"0"	"Всего"	"0"	"725"
"Число умерших(Человек)"	"2018 год"	"201812"	"ШАХТИНСК Г.А."	"0"	"городская местность"	"0"	"Всего"	"0"	"756"
"Число умерших(Человек)"	"2022 год"	"202212"	"ШАХТИНСК Г.А."	"0"	"городская местность"	"0"	"Всего"	"0"	"730"
"Число умерших(Человек)"	"2017 год"	"201712"	"ШАХТИНСК Г.А."	"0"	"городская местность"	"0"	"Всего"	"0"	"800"
"Число умерших(Человек)"	"2023 год"	"202312"	"ШАХТИНСК Г.А."	"0"	"городская местность"	"0"	"Всего"	"0"	"696"
"Число умерших(Человек)"	"2024 год"	"202412"	"ШАХТИНСК Г.А."	"0"	"городская местность"	"0"	"Всего"	"0"	"703"
"Число умерших(Человек)"	"2009 год"	"200912"	"АБАЙСКИЙ РАЙОН"	"0"	"Всего"	"0"	"Всего"	"0"	"734"
"Число умерших(Человек)"	"2011 год"	"201112"	"АБАЙСКИЙ РАЙОН"	"0"	"Всего"	"0"	"Всего"	"0"	"819"
"Число умерших(Человек)"	"2016 год"	"201612"	"АБАЙСКИЙ РАЙОН"	"0"	"Всего"	"0"	"Всего"	"0"	"692"
"Число умерших(Человек)"	"2010 год"	"201012"	"АБАЙСКИЙ РАЙОН"	"0"	"Всего"	"0"	"Всего"	"0"	"834"
"Число умерших(Человек)"	"2015 год"	"201512"	"АБАЙСКИЙ РАЙОН"	"0"	"Всего"	"0"	"Всего"	"0"	"664"
"Число умерших(Человек)"	"2013 год"	"201312"	"АБАЙСКИЙ РАЙОН"	"0"	"Всего"	"0"	"Всего"	"0"	"745"
"Число умерших(Человек)"	"2014 год"	"201412"	"АБАЙСКИЙ РАЙОН"	"0"	"Всего"	"0"	"Всего"	"0"	"670"
"Число умерших(Человек)"	"2012 год"	"201212"	"АБАЙСКИЙ РАЙОН"	"0"	"Всего"	"0"	"Всего"	"0"	"761"
"Число умерших(Человек)"	"2021 год"	"202112"	"АБАЙСКИЙ РАЙОН"	"0"	"Всего"	"0"	"Всего"	"0"	"845"
"Число умерших(Человек)"	"2020 год"	"202012"	"АБАЙСКИЙ РАЙОН"	"0"	"Всего"	"0"	"Всего"	"0"	"764"
"Число умерших(Человек)"	"2019 год"	"201912"	"АБАЙСКИЙ РАЙОН"	"0"	"Всего"	"0"	"Всего"	"0"	"654"
"Число умерших(Человек)"	"2018 год"	"201812"	"АБАЙСКИЙ РАЙОН"	"0"	"Всего"	"0"	"Всего"	"0"	"668"
"Число умерших(Человек)"	"2022 год"	"202212"	"АБАЙСКИЙ РАЙОН"	"0"	"Всего"	"0"	"Всего"	"0"	"691"
"Число умерших(Человек)"	"2017 год"	"201712"	"АБАЙСКИЙ РАЙОН"	"0"	"Всего"	"0"	"Всего"	"0"	"672"
"Число умерших(Человек)"	"2023 год"	"202312"	"АБАЙСКИЙ РАЙОН"	"0"	"Всего"	"0"	"Всего"	"0"	"651"
"Число умерших(Человек)"	"2024 год"	"202412"	"АБАЙСКИЙ РАЙОН"	"0"	"Всего"	"0"	"Всего"	"0"	"644"
"Число умерших(Человек)"	"2009 год"	"200912"	"АБАЙСКИЙ РАЙОН"	"0"	"городская местность"	"0"	"Всего"	"0"	"386"
"Число умерших(Человек)"	"2011 год"	"201112"	"АБАЙСКИЙ РАЙОН"	"0"	"городская местность"	"0"	"Всего"	"0"	"451"
"Число умерших(Человек)"	"2016 год"	"201612"	"АБАЙСКИЙ РАЙОН"	"0"	"городская местность"	"0"	"Всего"	"0"	"376"
"Число умерших(Человек)"	"2010 год"	"201012"	"АБАЙСКИЙ РАЙОН"	"0"	"городская местность"	"0"	"Всего"	"0"	"446"
"Число умерших(Человек)"	"2015 год"	"201512"	"АБАЙСКИЙ РАЙОН"	"0"	"городская местность"	"0"	"Всего"	"0"	"368"
"Число умерших(Человек)"	"2013 год"	"201312"	"АБАЙСКИЙ РАЙОН"	"0"	"городская местность"	"0"	"Всего"	"0"	"388"
"Число умерших(Человек)"	"2014 год"	"201412"	"АБАЙСКИЙ РАЙОН"	"0"	"городская местность"	"0"	"Всего"	"0"	"370"
"Число умерших(Человек)"	"2012 год"	"201212"	"АБАЙСКИЙ РАЙОН"	"0"	"городская местность"	"0"	"Всего"	"0"	"394"
"Число умерших(Человек)"	"2021 год"	"202112"	"АБАЙСКИЙ РАЙОН"	"0"	"городская местность"	"0"	"Всего"	"0"	"457"
"Число умерших(Человек)"	"2020 год"	"202012"	"АБАЙСКИЙ РАЙОН"	"0"	"городская местность"	"0"	"Всего"	"0"	"405"
"Число умерших(Человек)"	"2019 год"	"201912"	"АБАЙСКИЙ РАЙОН"	"0"	"городская местность"	"0"	"Всего"	"0"	"331"
"Число умерших(Человек)"	"2018 год"	"201812"	"АБАЙСКИЙ РАЙОН"	"0"	"городская местность"	"0"	"Всего"	"0"	"365"
"Число умерших(Человек)"	"2022 год"	"202212"	"АБАЙСКИЙ РАЙОН"	"0"	"городская местность"	"0"	"Всего"	"0"	"357"
"Число умерших(Человек)"	"2017 год"	"201712"	"АБАЙСКИЙ РАЙОН"	"0"	"городская местность"	"0"	"Всего"	"0"	"356"
"Число умерших(Человек)"	"2023 год"	"202312"	"АБАЙСКИЙ РАЙОН"	"0"	"городская местность"	"0"	"Всего"	"0"	"348"
"Число умерших(Человек)"	"2024 год"	"202412"	"АБАЙСКИЙ РАЙОН"	"0"	"городская местность"	"0"	"Всего"	"0"	"354"
"Число умерших(Человек)"	"2009 год"	"200912"	"АБАЙСКИЙ РАЙОН"	"0"	"сельская местность"	"0"	"Всего"	"0"	"348"
"Число умерших(Человек)"	"2011 год"	"201112"	"АБАЙСКИЙ РАЙОН"	"0"	"сельская местность"	"0"	"Всего"	"0"	"368"
"Число умерших(Человек)"	"2016 год"	"201612"	"АБАЙСКИЙ РАЙОН"	"0"	"сельская местность"	"0"	"Всего"	"0"	"316"
"Число умерших(Человек)"	"2010 год"	"201012"	"АБАЙСКИЙ РАЙОН"	"0"	"сельская местность"	"0"	"Всего"	"0"	"388"
"Число умерших(Человек)"	"2015 год"	"201512"	"АБАЙСКИЙ РАЙОН"	"0"	"сельская местность"	"0"	"Всего"	"0"	"296"
"Число умерших(Человек)"	"2013 год"	"201312"	"АБАЙСКИЙ РАЙОН"	"0"	"сельская местность"	"0"	"Всего"	"0"	"357"
"Число умерших(Человек)"	"2014 год"	"201412"	"АБАЙСКИЙ РАЙОН"	"0"	"сельская местность"	"0"	"Всего"	"0"	"300"
"Число умерших(Человек)"	"2012 год"	"201212"	"АБАЙСКИЙ РАЙОН"	"0"	"сельская местность"	"0"	"Всего"	"0"	"367"
"Число умерших(Человек)"	"2021 год"	"202112"	"АБАЙСКИЙ РАЙОН"	"0"	"сельская местность"	"0"	"Всего"	"0"	"388"
"Число умерших(Человек)"	"2020 год"	"202012"	"АБАЙСКИЙ РАЙОН"	"0"	"сельская местность"	"0"	"Всего"	"0"	"359"
"Число умерших(Человек)"	"2019 год"	"201912"	"АБАЙСКИЙ РАЙОН"	"0"	"сельская местность"	"0"	"Всего"	"0"	"323"
"Число умерших(Человек)"	"2018 год"	"201812"	"АБАЙСКИЙ РАЙОН"	"0"	"сельская местность"	"0"	"Всего"	"0"	"303"
"Число умерших(Человек)"	"2022 год"	"202212"	"АБАЙСКИЙ РАЙОН"	"0"	"сельская местность"	"0"	"Всего"	"0"	"334"
"Число умерших(Человек)"	"2017 год"	"201712"	"АБАЙСКИЙ РАЙОН"	"0"	"сельская местность"	"0"	"Всего"	"0"	"316"
"Число умерших(Человек)"	"2023 год"	"202312"	"АБАЙСКИЙ РАЙОН"	"0"	"сельская местность"	"0"	"Всего"	"0"	"303"
"Число умерших(Человек)"	"2024 год"	"202412"	"АБАЙСКИЙ РАЙОН"	"0"	"сельская местность"	"0"	"Всего"	"0"	"290"
"Число умерших(Человек)"	"2009 год"	"200912"	"АКТОГАЙСКИЙ РАЙОН"	"0"	"Всего"	"0"	"Всего"	"0"	"160"
"Число умерших(Человек)"	"2011 год"	"201112"	"АКТОГАЙСКИЙ РАЙОН"	"0"	"Всего"	"0"	"Всего"	"0"	"154"
"Число умерших(Человек)"	"2016 год"	"201612"	"АКТОГАЙСКИЙ РАЙОН"	"0"	"Всего"	"0"	"Всего"	"0"	"157"
"Число умерших(Человек)"	"2010 год"	"201012"	"АКТОГАЙСКИЙ РАЙОН"	"0"	"Всего"	"0"	"Всего"	"0"	"182"
"Число умерших(Человек)"	"2015 год"	"201512"	"АКТОГАЙСКИЙ РАЙОН"	"0"	"Всего"	"0"	"Всего"	"0"	"130"
"Число умерших(Человек)"	"2013 год"	"201312"	"АКТОГАЙСКИЙ РАЙОН"	"0"	"Всего"	"0"	"Всего"	"0"	"167"
"Число умерших(Человек)"	"2014 год"	"201412"	"АКТОГАЙСКИЙ РАЙОН"	"0"	"Всего"	"0"	"Всего"	"0"	"163"
"Число умерших(Человек)"	"2012 год"	"201212"	"АКТОГАЙСКИЙ РАЙОН"	"0"	"Всего"	"0"	"Всего"	"0"	"170"
"Число умерших(Человек)"	"2021 год"	"202112"	"АКТОГАЙСКИЙ РАЙОН"	"0"	"Всего"	"0"	"Всего"	"0"	"167"
"Число умерших(Человек)"	"2020 год"	"202012"	"АКТОГАЙСКИЙ РАЙОН"	"0"	"Всего"	"0"	"Всего"	"0"	"151"
"Число умерших(Человек)"	"2019 год"	"201912"	"АКТОГАЙСКИЙ РАЙОН"	"0"	"Всего"	"0"	"Всего"	"0"	"126"
"Число умерших(Человек)"	"2018 год"	"201812"	"АКТОГАЙСКИЙ РАЙОН"	"0"	"Всего"	"0"	"Всего"	"0"	"134"
"Число умерших(Человек)"	"2022 год"	"202212"	"АКТОГАЙСКИЙ РАЙОН"	"0"	"Всего"	"0"	"Всего"	"0"	"146"
"Число умерших(Человек)"	"2017 год"	"201712"	"АКТОГАЙСКИЙ РАЙОН"	"0"	"Всего"	"0"	"Всего"	"0"	"133"
"Число умерших(Человек)"	"2023 год"	"202312"	"АКТОГАЙСКИЙ РАЙОН"	"0"	"Всего"	"0"	"Всего"	"0"	"121"
"Число умерших(Человек)"	"2024 год"	"202412"	"АКТОГАЙСКИЙ РАЙОН"	"0"	"Всего"	"0"	"Всего"	"0"	"118"
"Число умерших(Человек)"	"2009 год"	"200912"	"АКТОГАЙСКИЙ РАЙОН"	"0"	"сельская местность"	"0"	"Всего"	"0"	"160"
"Число умерших(Человек)"	"2011 год"	"201112"	"АКТОГАЙСКИЙ РАЙОН"	"0"	"сельская местность"	"0"	"Всего"	"0"	"154"
"Число умерших(Человек)"	"2016 год"	"201612"	"АКТОГАЙСКИЙ РАЙОН"	"0"	"сельская местность"	"0"	"Всего"	"0"	"157"
"Число умерших(Человек)"	"2010 год"	"201012"	"АКТОГАЙСКИЙ РАЙОН"	"0"	"сельская местность"	"0"	"Всего"	"0"	"182"
"Число умерших(Человек)"	"2015 год"	"201512"	"АКТОГАЙСКИЙ РАЙОН"	"0"	"сельская местность"	"0"	"Всего"	"0"	"130"
"Число умерших(Человек)"	"2013 год"	"201312"	"АКТОГАЙСКИЙ РАЙОН"	"0"	"сельская местность"	"0"	"Всего"	"0"	"167"
"Число умерших(Человек)"	"2014 год"	"201412"	"АКТОГАЙСКИЙ РАЙОН"	"0"	"сельская местность"	"0"	"Всего"	"0"	"163"
"Число умерших(Человек)"	"2012 год"	"201212"	"АКТОГАЙСКИЙ РАЙОН"	"0"	"сельская местность"	"0"	"Всего"	"0"	"170"
"Число умерших(Человек)"	"2021 год"	"202112"	"АКТОГАЙСКИЙ РАЙОН"	"0"	"сельская местность"	"0"	"Всего"	"0"	"167"
"Число умерших(Человек)"	"2020 год"	"202012"	"АКТОГАЙСКИЙ РАЙОН"	"0"	"сельская местность"	"0"	"Всего"	"0"	"151"
"Число умерших(Человек)"	"2019 год"	"201912"	"АКТОГАЙСКИЙ РАЙОН"	"0"	"сельская местность"	"0"	"Всего"	"0"	"126"
"Число умерших(Человек)"	"2018 год"	"201812"	"АКТОГАЙСКИЙ РАЙОН"	"0"	"сельская местность"	"0"	"Всего"	"0"	"134"
"Число умерших(Человек)"	"2022 год"	"202212"	"АКТОГАЙСКИЙ РАЙОН"	"0"	"сельская местность"	"0"	"Всего"	"0"	"146"
"Число умерших(Человек)"	"2017 год"	"201712"	"АКТОГАЙСКИЙ РАЙОН"	"0"	"сельская местность"	"0"	"Всего"	"0"	"133"
"Число умерших(Человек)"	"2023 год"	"202312"	"АКТОГАЙСКИЙ РАЙОН"	"0"	"сельская местность"	"0"	"Всего"	"0"	"121"
"Число умерших(Человек)"	"2024 год"	"202412"	"АКТОГАЙСКИЙ РАЙОН"	"0"	"сельская местность"	"0"	"Всего"	"0"	"118"
"Число умерших(Человек)"	"2009 год"	"200912"	"БУХАР-ЖЫРАУСКИЙ РАЙОН"	"0"	"Всего"	"0"	"Всего"	"0"	"673"
"Число умерших(Человек)"	"2011 год"	"201112"	"БУХАР-ЖЫРАУСКИЙ РАЙОН"	"0"	"Всего"	"0"	"Всего"	"0"	"639"
"Число умерших(Человек)"	"2016 год"	"201612"	"БУХАР-ЖЫРАУСКИЙ РАЙОН"	"0"	"Всего"	"0"	"Всего"	"0"	"533"
"Число умерших(Человек)"	"2010 год"	"201012"	"БУХАР-ЖЫРАУСКИЙ РАЙОН"	"0"	"Всего"	"0"	"Всего"	"0"	"708"
"Число умерших(Человек)"	"2015 год"	"201512"	"БУХАР-ЖЫРАУСКИЙ РАЙОН"	"0"	"Всего"	"0"	"Всего"	"0"	"564"
"Число умерших(Человек)"	"2013 год"	"201312"	"БУХАР-ЖЫРАУСКИЙ РАЙОН"	"0"	"Всего"	"0"	"Всего"	"0"	"616"
"Число умерших(Человек)"	"2014 год"	"201412"	"БУХАР-ЖЫРАУСКИЙ РАЙОН"	"0"	"Всего"	"0"	"Всего"	"0"	"550"
"Число умерших(Человек)"	"2012 год"	"201212"	"БУХАР-ЖЫРАУСКИЙ РАЙОН"	"0"	"Всего"	"0"	"Всего"	"0"	"591"
"Число умерших(Человек)"	"2021 год"	"202112"	"БУХАР-ЖЫРАУСКИЙ РАЙОН"	"0"	"Всего"	"0"	"Всего"	"0"	"589"
"Число умерших(Человек)"	"2020 год"	"202012"	"БУХАР-ЖЫРАУСКИЙ РАЙОН"	"0"	"Всего"	"0"	"Всего"	"0"	"565"
"Число умерших(Человек)"	"2019 год"	"201912"	"БУХАР-ЖЫРАУСКИЙ РАЙОН"	"0"	"Всего"	"0"	"Всего"	"0"	"513"
"Число умерших(Человек)"	"2018 год"	"201812"	"БУХАР-ЖЫРАУСКИЙ РАЙОН"	"0"	"Всего"	"0"	"Всего"	"0"	"489"
"Число умерших(Человек)"	"2022 год"	"202212"	"БУХАР-ЖЫРАУСКИЙ РАЙОН"	"0"	"Всего"	"0"	"Всего"	"0"	"534"
"Число умерших(Человек)"	"2017 год"	"201712"	"БУХАР-ЖЫРАУСКИЙ РАЙОН"	"0"	"Всего"	"0"	"Всего"	"0"	"459"
"Число умерших(Человек)"	"2023 год"	"202312"	"БУХАР-ЖЫРАУСКИЙ РАЙОН"	"0"	"Всего"	"0"	"Всего"	"0"	"509"
"Число умерших(Человек)"	"2024 год"	"202412"	"БУХАР-ЖЫРАУСКИЙ РАЙОН"	"0"	"Всего"	"0"	"Всего"	"0"	"447"
"Число умерших(Человек)"	"2009 год"	"200912"	"БУХАР-ЖЫРАУСКИЙ РАЙОН"	"0"	"сельская местность"	"0"	"Всего"	"0"	"673"
"Число умерших(Человек)"	"2011 год"	"201112"	"БУХАР-ЖЫРАУСКИЙ РАЙОН"	"0"	"сельская местность"	"0"	"Всего"	"0"	"639"
"Число умерших(Человек)"	"2016 год"	"201612"	"БУХАР-ЖЫРАУСКИЙ РАЙОН"	"0"	"сельская местность"	"0"	"Всего"	"0"	"533"
"Число умерших(Человек)"	"2010 год"	"201012"	"БУХАР-ЖЫРАУСКИЙ РАЙОН"	"0"	"сельская местность"	"0"	"Всего"	"0"	"708"
"Число умерших(Человек)"	"2015 год"	"201512"	"БУХАР-ЖЫРАУСКИЙ РАЙОН"	"0"	"сельская местность"	"0"	"Всего"	"0"	"564"
"Число умерших(Человек)"	"2013 год"	"201312"	"БУХАР-ЖЫРАУСКИЙ РАЙОН"	"0"	"сельская местность"	"0"	"Всего"	"0"	"616"
"Число умерших(Человек)"	"2014 год"	"201412"	"БУХАР-ЖЫРАУСКИЙ РАЙОН"	"0"	"сельская местность"	"0"	"Всего"	"0"	"550"
"Число умерших(Человек)"	"2012 год"	"201212"	"БУХАР-ЖЫРАУСКИЙ РАЙОН"	"0"	"сельская местность"	"0"	"Всего"	"0"	"591"
"Число умерших(Человек)"	"2021 год"	"202112"	"БУХАР-ЖЫРАУСКИЙ РАЙОН"	"0"	"сельская местность"	"0"	"Всего"	"0"	"589"
"Число умерших(Человек)"	"2020 год"	"202012"	"БУХАР-ЖЫРАУСКИЙ РАЙОН"	"0"	"сельская местность"	"0"	"Всего"	"0"	"565"
"Число умерших(Человек)"	"2019 год"	"201912"	"БУХАР-ЖЫРАУСКИЙ РАЙОН"	"0"	"сельская местность"	"0"	"Всего"	"0"	"513"
"Число умерших(Человек)"	"2018 год"	"201812"	"БУХАР-ЖЫРАУСКИЙ РАЙОН"	"0"	"сельская местность"	"0"	"Всего"	"0"	"489"
"Число умерших(Человек)"	"2022 год"	"202212"	"БУХАР-ЖЫРАУСКИЙ РАЙОН"	"0"	"сельская местность"	"0"	"Всего"	"0"	"534"
"Число умерших(Человек)"	"2017 год"	"201712"	"БУХАР-ЖЫРАУСКИЙ РАЙОН"	"0"	"сельская местность"	"0"	"Всего"	"0"	"459"
"Число умерших(Человек)"	"2023 год"	"202312"	"БУХАР-ЖЫРАУСКИЙ РАЙОН"	"0"	"сельская местность"	"0"	"Всего"	"0"	"509"
"Число умерших(Человек)"	"2024 год"	"202412"	"БУХАР-ЖЫРАУСКИЙ РАЙОН"	"0"	"сельская местность"	"0"	"Всего"	"0"	"447"
"Число умерших(Человек)"	"2009 год"	"200912"	"ЖАНААРКИНСКИЙ РАЙОН"	"0"	"Всего"	"0"	"Всего"	"0"	"208"
"Число умерших(Человек)"	"2011 год"	"201112"	"ЖАНААРКИНСКИЙ РАЙОН"	"0"	"Всего"	"0"	"Всего"	"0"	"237"
"Число умерших(Человек)"	"2016 год"	"201612"	"ЖАНААРКИНСКИЙ РАЙОН"	"0"	"Всего"	"0"	"Всего"	"0"	"199"
"Число умерших(Человек)"	"2010 год"	"201012"	"ЖАНААРКИНСКИЙ РАЙОН"	"0"	"Всего"	"0"	"Всего"	"0"	"234"
"Число умерших(Человек)"	"2015 год"	"201512"	"ЖАНААРКИНСКИЙ РАЙОН"	"0"	"Всего"	"0"	"Всего"	"0"	"215"
"Число умерших(Человек)"	"2013 год"	"201312"	"ЖАНААРКИНСКИЙ РАЙОН"	"0"	"Всего"	"0"	"Всего"	"0"	"227"
"Число умерших(Человек)"	"2014 год"	"201412"	"ЖАНААРКИНСКИЙ РАЙОН"	"0"	"Всего"	"0"	"Всего"	"0"	"197"
"Число умерших(Человек)"	"2012 год"	"201212"	"ЖАНААРКИНСКИЙ РАЙОН"	"0"	"Всего"	"0"	"Всего"	"0"	"219"
"Число умерших(Человек)"	"2021 год"	"202112"	"ЖАНААРКИНСКИЙ РАЙОН"	"0"	"Всего"	"0"	"Всего"	"0"	"211"
"Число умерших(Человек)"	"2020 год"	"202012"	"ЖАНААРКИНСКИЙ РАЙОН"	"0"	"Всего"	"0"	"Всего"	"0"	"273"
"Число умерших(Человек)"	"2019 год"	"201912"	"ЖАНААРКИНСКИЙ РАЙОН"	"0"	"Всего"	"0"	"Всего"	"0"	"198"
"Число умерших(Человек)"	"2018 год"	"201812"	"ЖАНААРКИНСКИЙ РАЙОН"	"0"	"Всего"	"0"	"Всего"	"0"	"204"
"Число умерших(Человек)"	"2022 год"	"202212"	"ЖАНААРКИНСКИЙ РАЙОН"	"0"	"Всего"	"0"	"Всего"	"0"	"195"
"Число умерших(Человек)"	"2017 год"	"201712"	"ЖАНААРКИНСКИЙ РАЙОН"	"0"	"Всего"	"0"	"Всего"	"0"	"199"
"Число умерших(Человек)"	"2023 год"	"202312"	"ЖАНААРКИНСКИЙ РАЙОН"	"0"	"Всего"	"0"	"Всего"	"0"	"207"
"Число умерших(Человек)"	"2024 год"	"202412"	"ЖАНААРКИНСКИЙ РАЙОН"	"0"	"Всего"	"0"	"Всего"	"0"	"190"
"Число умерших(Человек)"	"2009 год"	"200912"	"ЖАНААРКИНСКИЙ РАЙОН"	"0"	"сельская местность"	"0"	"Всего"	"0"	"208"
"Число умерших(Человек)"	"2011 год"	"201112"	"ЖАНААРКИНСКИЙ РАЙОН"	"0"	"сельская местность"	"0"	"Всего"	"0"	"237"
"Число умерших(Человек)"	"2016 год"	"201612"	"ЖАНААРКИНСКИЙ РАЙОН"	"0"	"сельская местность"	"0"	"Всего"	"0"	"199"
"Число умерших(Человек)"	"2010 год"	"201012"	"ЖАНААРКИНСКИЙ РАЙОН"	"0"	"сельская местность"	"0"	"Всего"	"0"	"234"
"Число умерших(Человек)"	"2015 год"	"201512"	"ЖАНААРКИНСКИЙ РАЙОН"	"0"	"сельская местность"	"0"	"Всего"	"0"	"215"
"Число умерших(Человек)"	"2013 год"	"201312"	"ЖАНААРКИНСКИЙ РАЙОН"	"0"	"сельская местность"	"0"	"Всего"	"0"	"227"
"Число умерших(Человек)"	"2014 год"	"201412"	"ЖАНААРКИНСКИЙ РАЙОН"	"0"	"сельская местность"	"0"	"Всего"	"0"	"197"
"Число умерших(Человек)"	"2012 год"	"201212"	"ЖАНААРКИНСКИЙ РАЙОН"	"0"	"сельская местность"	"0"	"Всего"	"0"	"219"
"Число умерших(Человек)"	"2021 год"	"202112"	"ЖАНААРКИНСКИЙ РАЙОН"	"0"	"сельская местность"	"0"	"Всего"	"0"	"211"
"Число умерших(Человек)"	"2020 год"	"202012"	"ЖАНААРКИНСКИЙ РАЙОН"	"0"	"сельская местность"	"0"	"Всего"	"0"	"273"
"Число умерших(Человек)"	"2019 год"	"201912"	"ЖАНААРКИНСКИЙ РАЙОН"	"0"	"сельская местность"	"0"	"Всего"	"0"	"198"
"Число умерших(Человек)"	"2018 год"	"201812"	"ЖАНААРКИНСКИЙ РАЙОН"	"0"	"сельская местность"	"0"	"Всего"	"0"	"204"
"Число умерших(Человек)"	"2022 год"	"202212"	"ЖАНААРКИНСКИЙ РАЙОН"	"0"	"сельская местность"	"0"	"Всего"	"0"	"195"
"Число умерших(Человек)"	"2017 год"	"201712"	"ЖАНААРКИНСКИЙ РАЙОН"	"0"	"сельская местность"	"0"	"Всего"	"0"	"199"
"Число умерших(Человек)"	"2023 год"	"202312"	"ЖАНААРКИНСКИЙ РАЙОН"	"0"	"сельская местность"	"0"	"Всего"	"0"	"207"
"Число умерших(Человек)"	"2024 год"	"202412"	"ЖАНААРКИНСКИЙ РАЙОН"	"0"	"сельская местность"	"0"	"Всего"	"0"	"190"
"Число умерших(Человек)"	"2009 год"	"200912"	"КЫЗЫЛОРДА Г.А."	"0"	"Всего"	"0"	"Всего"	"0"	"1 765"
"Число умерших(Человек)"	"2011 год"	"201112"	"КЫЗЫЛОРДА Г.А."	"0"	"Всего"	"0"	"Всего"	"0"	"1 721"
"Число умерших(Человек)"	"2016 год"	"201612"	"КЫЗЫЛОРДА Г.А."	"0"	"Всего"	"0"	"Всего"	"0"	"1 754"
"Число умерших(Человек)"	"2010 год"	"201012"	"КЫЗЫЛОРДА Г.А."	"0"	"Всего"	"0"	"Всего"	"0"	"1 770"
"Число умерших(Человек)"	"2015 год"	"201512"	"КЫЗЫЛОРДА Г.А."	"0"	"Всего"	"0"	"Всего"	"0"	"1 652"
"Число умерших(Человек)"	"2013 год"	"201312"	"КЫЗЫЛОРДА Г.А."	"0"	"Всего"	"0"	"Всего"	"0"	"1 646"
"Число умерших(Человек)"	"2014 год"	"201412"	"КЫЗЫЛОРДА Г.А."	"0"	"Всего"	"0"	"Всего"	"0"	"1 739"
"Число умерших(Человек)"	"2012 год"	"201212"	"КЫЗЫЛОРДА Г.А."	"0"	"Всего"	"0"	"Всего"	"0"	"1 784"
"Число умерших(Человек)"	"2021 год"	"202112"	"КЫЗЫЛОРДА Г.А."	"0"	"Всего"	"0"	"Всего"	"0"	"2 425"
"Число умерших(Человек)"	"2020 год"	"202012"	"КЫЗЫЛОРДА Г.А."	"0"	"Всего"	"0"	"Всего"	"0"	"2 456"
"Число умерших(Человек)"	"2019 год"	"201912"	"КЫЗЫЛОРДА Г.А."	"0"	"Всего"	"0"	"Всего"	"0"	"1 758"
"Число умерших(Человек)"	"2018 год"	"201812"	"КЫЗЫЛОРДА Г.А."	"0"	"Всего"	"0"	"Всего"	"0"	"1 728"
"Число умерших(Человек)"	"2022 год"	"202212"	"КЫЗЫЛОРДА Г.А."	"0"	"Всего"	"0"	"Всего"	"0"	"1 875"
"Число умерших(Человек)"	"2017 год"	"201712"	"КЫЗЫЛОРДА Г.А."	"0"	"Всего"	"0"	"Всего"	"0"	"1 610"
"Число умерших(Человек)"	"2023 год"	"202312"	"КЫЗЫЛОРДА Г.А."	"0"	"Всего"	"0"	"Всего"	"0"	"1 865"
"Число умерших(Человек)"	"2024 год"	"202412"	"КЫЗЫЛОРДА Г.А."	"0"	"Всего"	"0"	"Всего"	"0"	"1 806"
"Число умерших(Человек)"	"2009 год"	"200912"	"КЫЗЫЛОРДА Г.А."	"0"	"городская местность"	"0"	"Всего"	"0"	"1 632"
"Число умерших(Человек)"	"2011 год"	"201112"	"КЫЗЫЛОРДА Г.А."	"0"	"городская местность"	"0"	"Всего"	"0"	"1 605"
"Число умерших(Человек)"	"2016 год"	"201612"	"КЫЗЫЛОРДА Г.А."	"0"	"городская местность"	"0"	"Всего"	"0"	"1 639"
"Число умерших(Человек)"	"2010 год"	"201012"	"КЫЗЫЛОРДА Г.А."	"0"	"городская местность"	"0"	"Всего"	"0"	"1 646"
"Число умерших(Человек)"	"2015 год"	"201512"	"КЫЗЫЛОРДА Г.А."	"0"	"городская местность"	"0"	"Всего"	"0"	"1 539"
"Число умерших(Человек)"	"2013 год"	"201312"	"КЫЗЫЛОРДА Г.А."	"0"	"городская местность"	"0"	"Всего"	"0"	"1 529"
"Число умерших(Человек)"	"2014 год"	"201412"	"КЫЗЫЛОРДА Г.А."	"0"	"городская местность"	"0"	"Всего"	"0"	"1 623"
"Число умерших(Человек)"	"2012 год"	"201212"	"КЫЗЫЛОРДА Г.А."	"0"	"городская местность"	"0"	"Всего"	"0"	"1 692"
"Число умерших(Человек)"	"2021 год"	"202112"	"КЫЗЫЛОРДА Г.А."	"0"	"городская местность"	"0"	"Всего"	"0"	"2 260"
"Число умерших(Человек)"	"2020 год"	"202012"	"КЫЗЫЛОРДА Г.А."	"0"	"городская местность"	"0"	"Всего"	"0"	"2 277"
"Число умерших(Человек)"	"2019 год"	"201912"	"КЫЗЫЛОРДА Г.А."	"0"	"городская местность"	"0"	"Всего"	"0"	"1 652"
"Число умерших(Человек)"	"2018 год"	"201812"	"КЫЗЫЛОРДА Г.А."	"0"	"городская местность"	"0"	"Всего"	"0"	"1 609"
"Число умерших(Человек)"	"2022 год"	"202212"	"КЫЗЫЛОРДА Г.А."	"0"	"городская местность"	"0"	"Всего"	"0"	"1 724"
"Число умерших(Человек)"	"2017 год"	"201712"	"КЫЗЫЛОРДА Г.А."	"0"	"городская местность"	"0"	"Всего"	"0"	"1 500"
"Число умерших(Человек)"	"2023 год"	"202312"	"КЫЗЫЛОРДА Г.А."	"0"	"городская местность"	"0"	"Всего"	"0"	"1 715"
"Число умерших(Человек)"	"2024 год"	"202412"	"КЫЗЫЛОРДА Г.А."	"0"	"городская местность"	"0"	"Всего"	"0"	"1 620"
"Число умерших(Человек)"	"2009 год"	"200912"	"КЫЗЫЛОРДА Г.А."	"0"	"сельская местность"	"0"	"Всего"	"0"	"133"
"Число умерших(Человек)"	"2011 год"	"201112"	"КЫЗЫЛОРДА Г.А."	"0"	"сельская местность"	"0"	"Всего"	"0"	"116"
"Число умерших(Человек)"	"2016 год"	"201612"	"КЫЗЫЛОРДА Г.А."	"0"	"сельская местность"	"0"	"Всего"	"0"	"115"
"Число умерших(Человек)"	"2010 год"	"201012"	"КЫЗЫЛОРДА Г.А."	"0"	"сельская местность"	"0"	"Всего"	"0"	"124"
"Число умерших(Человек)"	"2015 год"	"201512"	"КЫЗЫЛОРДА Г.А."	"0"	"сельская местность"	"0"	"Всего"	"0"	"113"
"Число умерших(Человек)"	"2013 год"	"201312"	"КЫЗЫЛОРДА Г.А."	"0"	"сельская местность"	"0"	"Всего"	"0"	"117"
"Число умерших(Человек)"	"2014 год"	"201412"	"КЫЗЫЛОРДА Г.А."	"0"	"сельская местность"	"0"	"Всего"	"0"	"116"
"Число умерших(Человек)"	"2012 год"	"201212"	"КЫЗЫЛОРДА Г.А."	"0"	"сельская местность"	"0"	"Всего"	"0"	"92"
"Число умерших(Человек)"	"2021 год"	"202112"	"КЫЗЫЛОРДА Г.А."	"0"	"сельская местность"	"0"	"Всего"	"0"	"165"
"Число умерших(Человек)"	"2020 год"	"202012"	"КЫЗЫЛОРДА Г.А."	"0"	"сельская местность"	"0"	"Всего"	"0"	"179"
"Число умерших(Человек)"	"2019 год"	"201912"	"КЫЗЫЛОРДА Г.А."	"0"	"сельская местность"	"0"	"Всего"	"0"	"106"
"Число умерших(Человек)"	"2018 год"	"201812"	"КЫЗЫЛОРДА Г.А."	"0"	"сельская местность"	"0"	"Всего"	"0"	"119"
"Число умерших(Человек)"	"2022 год"	"202212"	"КЫЗЫЛОРДА Г.А."	"0"	"сельская местность"	"0"	"Всего"	"0"	"151"
"Число умерших(Человек)"	"2017 год"	"201712"	"КЫЗЫЛОРДА Г.А."	"0"	"сельская местность"	"0"	"Всего"	"0"	"110"
"Число умерших(Человек)"	"2023 год"	"202312"	"КЫЗЫЛОРДА Г.А."	"0"	"сельская местность"	"0"	"Всего"	"0"	"150"
"Число умерших(Человек)"	"2024 год"	"202412"	"КЫЗЫЛОРДА Г.А."	"0"	"сельская местность"	"0"	"Всего"	"0"	"186"
"Число умерших(Человек)"	"2009 год"	"200912"	"БАЙКОНЫР Г.А."	"0"	"Всего"	"0"	"Всего"	"0"	"141"
"Число умерших(Человек)"	"2011 год"	"201112"	"БАЙКОНЫР Г.А."	"0"	"Всего"	"0"	"Всего"	"0"	"121"
"Число умерших(Человек)"	"2016 год"	"201612"	"БАЙКОНЫР Г.А."	"0"	"Всего"	"0"	"Всего"	"0"	"156"
"Число умерших(Человек)"	"2010 год"	"201012"	"БАЙКОНЫР Г.А."	"0"	"Всего"	"0"	"Всего"	"0"	"118"
"Число умерших(Человек)"	"2015 год"	"201512"	"БАЙКОНЫР Г.А."	"0"	"Всего"	"0"	"Всего"	"0"	"159"
"Число умерших(Человек)"	"2013 год"	"201312"	"БАЙКОНЫР Г.А."	"0"	"Всего"	"0"	"Всего"	"0"	"156"
"Число умерших(Человек)"	"2014 год"	"201412"	"БАЙКОНЫР Г.А."	"0"	"Всего"	"0"	"Всего"	"0"	"144"
"Число умерших(Человек)"	"2012 год"	"201212"	"БАЙКОНЫР Г.А."	"0"	"Всего"	"0"	"Всего"	"0"	"163"
"Число умерших(Человек)"	"2021 год"	"202112"	"БАЙКОНЫР Г.А."	"0"	"Всего"	"0"	"Всего"	"0"	"201"
"Число умерших(Человек)"	"2020 год"	"202012"	"БАЙКОНЫР Г.А."	"0"	"Всего"	"0"	"Всего"	"0"	"202"
"Число умерших(Человек)"	"2019 год"	"201912"	"БАЙКОНЫР Г.А."	"0"	"Всего"	"0"	"Всего"	"0"	"158"
"Число умерших(Человек)"	"2018 год"	"201812"	"БАЙКОНЫР Г.А."	"0"	"Всего"	"0"	"Всего"	"0"	"132"
"Число умерших(Человек)"	"2022 год"	"202212"	"БАЙКОНЫР Г.А."	"0"	"Всего"	"0"	"Всего"	"0"	"164"
"Число умерших(Человек)"	"2017 год"	"201712"	"БАЙКОНЫР Г.А."	"0"	"Всего"	"0"	"Всего"	"0"	"142"
"Число умерших(Человек)"	"2023 год"	"202312"	"БАЙКОНЫР Г.А."	"0"	"Всего"	"0"	"Всего"	"0"	"154"
"Число умерших(Человек)"	"2024 год"	"202412"	"БАЙКОНЫР Г.А."	"0"	"Всего"	"0"	"Всего"	"0"	"163"
"Число умерших(Человек)"	"2009 год"	"200912"	"БАЙКОНЫР Г.А."	"0"	"городская местность"	"0"	"Всего"	"0"	"141"
"Число умерших(Человек)"	"2011 год"	"201112"	"БАЙКОНЫР Г.А."	"0"	"городская местность"	"0"	"Всего"	"0"	"121"
"Число умерших(Человек)"	"2016 год"	"201612"	"БАЙКОНЫР Г.А."	"0"	"городская местность"	"0"	"Всего"	"0"	"156"
"Число умерших(Человек)"	"2010 год"	"201012"	"БАЙКОНЫР Г.А."	"0"	"городская местность"	"0"	"Всего"	"0"	"118"
"Число умерших(Человек)"	"2015 год"	"201512"	"БАЙКОНЫР Г.А."	"0"	"городская местность"	"0"	"Всего"	"0"	"159"
"Число умерших(Человек)"	"2013 год"	"201312"	"БАЙКОНЫР Г.А."	"0"	"городская местность"	"0"	"Всего"	"0"	"156"
"Число умерших(Человек)"	"2014 год"	"201412"	"БАЙКОНЫР Г.А."	"0"	"городская местность"	"0"	"Всего"	"0"	"144"
"Число умерших(Человек)"	"2012 год"	"201212"	"БАЙКОНЫР Г.А."	"0"	"городская местность"	"0"	"Всего"	"0"	"163"
"Число умерших(Человек)"	"2021 год"	"202112"	"БАЙКОНЫР Г.А."	"0"	"городская местность"	"0"	"Всего"	"0"	"201"
"Число умерших(Человек)"	"2020 год"	"202012"	"БАЙКОНЫР Г.А."	"0"	"городская местность"	"0"	"Всего"	"0"	"202"
"Число умерших(Человек)"	"2019 год"	"201912"	"БАЙКОНЫР Г.А."	"0"	"городская местность"	"0"	"Всего"	"0"	"158"
"Число умерших(Человек)"	"2018 год"	"201812"	"БАЙКОНЫР Г.А."	"0"	"городская местность"	"0"	"Всего"	"0"	"132"
"Число умерших(Человек)"	"2022 год"	"202212"	"БАЙКОНЫР Г.А."	"0"	"городская местность"	"0"	"Всего"	"0"	"164"
"Число умерших(Человек)"	"2017 год"	"201712"	"БАЙКОНЫР Г.А."	"0"	"городская местность"	"0"	"Всего"	"0"	"142"
"Число умерших(Человек)"	"2023 год"	"202312"	"БАЙКОНЫР Г.А."	"0"	"городская местность"	"0"	"Всего"	"0"	"154"
"Число умерших(Человек)"	"2024 год"	"202412"	"БАЙКОНЫР Г.А."	"0"	"городская местность"	"0"	"Всего"	"0"	"163"
"Число умерших(Человек)"	"2009 год"	"200912"	"АРАЛЬСКИЙ РАЙОН"	"0"	"Всего"	"0"	"Всего"	"0"	"568"
"Число умерших(Человек)"	"2011 год"	"201112"	"АРАЛЬСКИЙ РАЙОН"	"0"	"Всего"	"0"	"Всего"	"0"	"598"
"Число умерших(Человек)"	"2016 год"	"201612"	"АРАЛЬСКИЙ РАЙОН"	"0"	"Всего"	"0"	"Всего"	"0"	"487"
"Число умерших(Человек)"	"2010 год"	"201012"	"АРАЛЬСКИЙ РАЙОН"	"0"	"Всего"	"0"	"Всего"	"0"	"510"
"Число умерших(Человек)"	"2015 год"	"201512"	"АРАЛЬСКИЙ РАЙОН"	"0"	"Всего"	"0"	"Всего"	"0"	"531"
"Число умерших(Человек)"	"2013 год"	"201312"	"АРАЛЬСКИЙ РАЙОН"	"0"	"Всего"	"0"	"Всего"	"0"	"481"
"Число умерших(Человек)"	"2014 год"	"201412"	"АРАЛЬСКИЙ РАЙОН"	"0"	"Всего"	"0"	"Всего"	"0"	"493"
"Число умерших(Человек)"	"2012 год"	"201212"	"АРАЛЬСКИЙ РАЙОН"	"0"	"Всего"	"0"	"Всего"	"0"	"538"
"Число умерших(Человек)"	"2021 год"	"202112"	"АРАЛЬСКИЙ РАЙОН"	"0"	"Всего"	"0"	"Всего"	"0"	"581"
"Число умерших(Человек)"	"2020 год"	"202012"	"АРАЛЬСКИЙ РАЙОН"	"0"	"Всего"	"0"	"Всего"	"0"	"654"
"Число умерших(Человек)"	"2019 год"	"201912"	"АРАЛЬСКИЙ РАЙОН"	"0"	"Всего"	"0"	"Всего"	"0"	"509"
"Число умерших(Человек)"	"2018 год"	"201812"	"АРАЛЬСКИЙ РАЙОН"	"0"	"Всего"	"0"	"Всего"	"0"	"435"
"Число умерших(Человек)"	"2022 год"	"202212"	"АРАЛЬСКИЙ РАЙОН"	"0"	"Всего"	"0"	"Всего"	"0"	"433"
"Число умерших(Человек)"	"2017 год"	"201712"	"АРАЛЬСКИЙ РАЙОН"	"0"	"Всего"	"0"	"Всего"	"0"	"482"
"Число умерших(Человек)"	"2023 год"	"202312"	"АРАЛЬСКИЙ РАЙОН"	"0"	"Всего"	"0"	"Всего"	"0"	"483"
"Число умерших(Человек)"	"2024 год"	"202412"	"АРАЛЬСКИЙ РАЙОН"	"0"	"Всего"	"0"	"Всего"	"0"	"451"
"Число умерших(Человек)"	"2009 год"	"200912"	"АРАЛЬСКИЙ РАЙОН"	"0"	"городская местность"	"0"	"Всего"	"0"	"270"
"Число умерших(Человек)"	"2011 год"	"201112"	"АРАЛЬСКИЙ РАЙОН"	"0"	"городская местность"	"0"	"Всего"	"0"	"273"
"Число умерших(Человек)"	"2016 год"	"201612"	"АРАЛЬСКИЙ РАЙОН"	"0"	"городская местность"	"0"	"Всего"	"0"	"226"
"Число умерших(Человек)"	"2010 год"	"201012"	"АРАЛЬСКИЙ РАЙОН"	"0"	"городская местность"	"0"	"Всего"	"0"	"229"
"Число умерших(Человек)"	"2015 год"	"201512"	"АРАЛЬСКИЙ РАЙОН"	"0"	"городская местность"	"0"	"Всего"	"0"	"257"
"Число умерших(Человек)"	"2013 год"	"201312"	"АРАЛЬСКИЙ РАЙОН"	"0"	"городская местность"	"0"	"Всего"	"0"	"234"
"Число умерших(Человек)"	"2014 год"	"201412"	"АРАЛЬСКИЙ РАЙОН"	"0"	"городская местность"	"0"	"Всего"	"0"	"213"
"Число умерших(Человек)"	"2012 год"	"201212"	"АРАЛЬСКИЙ РАЙОН"	"0"	"городская местность"	"0"	"Всего"	"0"	"272"
"Число умерших(Человек)"	"2021 год"	"202112"	"АРАЛЬСКИЙ РАЙОН"	"0"	"городская местность"	"0"	"Всего"	"0"	"262"
"Число умерших(Человек)"	"2020 год"	"202012"	"АРАЛЬСКИЙ РАЙОН"	"0"	"городская местность"	"0"	"Всего"	"0"	"321"
"Число умерших(Человек)"	"2019 год"	"201912"	"АРАЛЬСКИЙ РАЙОН"	"0"	"городская местность"	"0"	"Всего"	"0"	"238"
"Число умерших(Человек)"	"2018 год"	"201812"	"АРАЛЬСКИЙ РАЙОН"	"0"	"городская местность"	"0"	"Всего"	"0"	"212"
"Число умерших(Человек)"	"2022 год"	"202212"	"АРАЛЬСКИЙ РАЙОН"	"0"	"городская местность"	"0"	"Всего"	"0"	"216"
"Число умерших(Человек)"	"2017 год"	"201712"	"АРАЛЬСКИЙ РАЙОН"	"0"	"городская местность"	"0"	"Всего"	"0"	"228"
"Число умерших(Человек)"	"2023 год"	"202312"	"АРАЛЬСКИЙ РАЙОН"	"0"	"городская местность"	"0"	"Всего"	"0"	"249"
"Число умерших(Человек)"	"2024 год"	"202412"	"АРАЛЬСКИЙ РАЙОН"	"0"	"городская местность"	"0"	"Всего"	"0"	"217"
"Число умерших(Человек)"	"2009 год"	"200912"	"АРАЛЬСКИЙ РАЙОН"	"0"	"сельская местность"	"0"	"Всего"	"0"	"298"
"Число умерших(Человек)"	"2011 год"	"201112"	"АРАЛЬСКИЙ РАЙОН"	"0"	"сельская местность"	"0"	"Всего"	"0"	"325"
"Число умерших(Человек)"	"2016 год"	"201612"	"АРАЛЬСКИЙ РАЙОН"	"0"	"сельская местность"	"0"	"Всего"	"0"	"261"
"Число умерших(Человек)"	"2010 год"	"201012"	"АРАЛЬСКИЙ РАЙОН"	"0"	"сельская местность"	"0"	"Всего"	"0"	"281"
"Число умерших(Человек)"	"2015 год"	"201512"	"АРАЛЬСКИЙ РАЙОН"	"0"	"сельская местность"	"0"	"Всего"	"0"	"274"
"Число умерших(Человек)"	"2013 год"	"201312"	"АРАЛЬСКИЙ РАЙОН"	"0"	"сельская местность"	"0"	"Всего"	"0"	"247"
"Число умерших(Человек)"	"2014 год"	"201412"	"АРАЛЬСКИЙ РАЙОН"	"0"	"сельская местность"	"0"	"Всего"	"0"	"280"
"Число умерших(Человек)"	"2012 год"	"201212"	"АРАЛЬСКИЙ РАЙОН"	"0"	"сельская местность"	"0"	"Всего"	"0"	"266"
"Число умерших(Человек)"	"2021 год"	"202112"	"АРАЛЬСКИЙ РАЙОН"	"0"	"сельская местность"	"0"	"Всего"	"0"	"319"
"Число умерших(Человек)"	"2020 год"	"202012"	"АРАЛЬСКИЙ РАЙОН"	"0"	"сельская местность"	"0"	"Всего"	"0"	"333"
"Число умерших(Человек)"	"2019 год"	"201912"	"АРАЛЬСКИЙ РАЙОН"	"0"	"сельская местность"	"0"	"Всего"	"0"	"271"
"Число умерших(Человек)"	"2018 год"	"201812"	"АРАЛЬСКИЙ РАЙОН"	"0"	"сельская местность"	"0"	"Всего"	"0"	"223"
"Число умерших(Человек)"	"2022 год"	"202212"	"АРАЛЬСКИЙ РАЙОН"	"0"	"сельская местность"	"0"	"Всего"	"0"	"217"
"Число умерших(Человек)"	"2017 год"	"201712"	"АРАЛЬСКИЙ РАЙОН"	"0"	"сельская местность"	"0"	"Всего"	"0"	"254"
"Число умерших(Человек)"	"2023 год"	"202312"	"АРАЛЬСКИЙ РАЙОН"	"0"	"сельская местность"	"0"	"Всего"	"0"	"234"
"Число умерших(Человек)"	"2024 год"	"202412"	"АРАЛЬСКИЙ РАЙОН"	"0"	"сельская местность"	"0"	"Всего"	"0"	"234"
"Число умерших(Человек)"	"2009 год"	"200912"	"ЖАЛАГАШСКИЙ РАЙОН"	"0"	"Всего"	"0"	"Всего"	"0"	"246"
"Число умерших(Человек)"	"2011 год"	"201112"	"ЖАЛАГАШСКИЙ РАЙОН"	"0"	"Всего"	"0"	"Всего"	"0"	"236"
"Число умерших(Человек)"	"2016 год"	"201612"	"ЖАЛАГАШСКИЙ РАЙОН"	"0"	"Всего"	"0"	"Всего"	"0"	"213"
"Число умерших(Человек)"	"2010 год"	"201012"	"ЖАЛАГАШСКИЙ РАЙОН"	"0"	"Всего"	"0"	"Всего"	"0"	"259"
"Число умерших(Человек)"	"2015 год"	"201512"	"ЖАЛАГАШСКИЙ РАЙОН"	"0"	"Всего"	"0"	"Всего"	"0"	"206"
"Число умерших(Человек)"	"2013 год"	"201312"	"ЖАЛАГАШСКИЙ РАЙОН"	"0"	"Всего"	"0"	"Всего"	"0"	"218"
"Число умерших(Человек)"	"2014 год"	"201412"	"ЖАЛАГАШСКИЙ РАЙОН"	"0"	"Всего"	"0"	"Всего"	"0"	"241"
"Число умерших(Человек)"	"2012 год"	"201212"	"ЖАЛАГАШСКИЙ РАЙОН"	"0"	"Всего"	"0"	"Всего"	"0"	"240"
"Число умерших(Человек)"	"2021 год"	"202112"	"ЖАЛАГАШСКИЙ РАЙОН"	"0"	"Всего"	"0"	"Всего"	"0"	"215"
"Число умерших(Человек)"	"2020 год"	"202012"	"ЖАЛАГАШСКИЙ РАЙОН"	"0"	"Всего"	"0"	"Всего"	"0"	"256"
"Число умерших(Человек)"	"2019 год"	"201912"	"ЖАЛАГАШСКИЙ РАЙОН"	"0"	"Всего"	"0"	"Всего"	"0"	"192"
"Число умерших(Человек)"	"2018 год"	"201812"	"ЖАЛАГАШСКИЙ РАЙОН"	"0"	"Всего"	"0"	"Всего"	"0"	"201"
"Число умерших(Человек)"	"2022 год"	"202212"	"ЖАЛАГАШСКИЙ РАЙОН"	"0"	"Всего"	"0"	"Всего"	"0"	"196"
"Число умерших(Человек)"	"2017 год"	"201712"	"ЖАЛАГАШСКИЙ РАЙОН"	"0"	"Всего"	"0"	"Всего"	"0"	"221"
"Число умерших(Человек)"	"2023 год"	"202312"	"ЖАЛАГАШСКИЙ РАЙОН"	"0"	"Всего"	"0"	"Всего"	"0"	"199"
"Число умерших(Человек)"	"2024 год"	"202412"	"ЖАЛАГАШСКИЙ РАЙОН"	"0"	"Всего"	"0"	"Всего"	"0"	"192"
"Число умерших(Человек)"	"2009 год"	"200912"	"ЖАЛАГАШСКИЙ РАЙОН"	"0"	"сельская местность"	"0"	"Всего"	"0"	"246"
"Число умерших(Человек)"	"2011 год"	"201112"	"ЖАЛАГАШСКИЙ РАЙОН"	"0"	"сельская местность"	"0"	"Всего"	"0"	"236"
"Число умерших(Человек)"	"2016 год"	"201612"	"ЖАЛАГАШСКИЙ РАЙОН"	"0"	"сельская местность"	"0"	"Всего"	"0"	"213"
"Число умерших(Человек)"	"2010 год"	"201012"	"ЖАЛАГАШСКИЙ РАЙОН"	"0"	"сельская местность"	"0"	"Всего"	"0"	"259"
"Число умерших(Человек)"	"2015 год"	"201512"	"ЖАЛАГАШСКИЙ РАЙОН"	"0"	"сельская местность"	"0"	"Всего"	"0"	"206"
"Число умерших(Человек)"	"2013 год"	"201312"	"ЖАЛАГАШСКИЙ РАЙОН"	"0"	"сельская местность"	"0"	"Всего"	"0"	"218"
"Число умерших(Человек)"	"2014 год"	"201412"	"ЖАЛАГАШСКИЙ РАЙОН"	"0"	"сельская местность"	"0"	"Всего"	"0"	"241"
"Число умерших(Человек)"	"2012 год"	"201212"	"ЖАЛАГАШСКИЙ РАЙОН"	"0"	"сельская местность"	"0"	"Всего"	"0"	"240"
"Число умерших(Человек)"	"2021 год"	"202112"	"ЖАЛАГАШСКИЙ РАЙОН"	"0"	"сельская местность"	"0"	"Всего"	"0"	"215"
"Число умерших(Человек)"	"2020 год"	"202012"	"ЖАЛАГАШСКИЙ РАЙОН"	"0"	"сельская местность"	"0"	"Всего"	"0"	"256"
"Число умерших(Человек)"	"2019 год"	"201912"	"ЖАЛАГАШСКИЙ РАЙОН"	"0"	"сельская местность"	"0"	"Всего"	"0"	"192"
"Число умерших(Человек)"	"2018 год"	"201812"	"ЖАЛАГАШСКИЙ РАЙОН"	"0"	"сельская местность"	"0"	"Всего"	"0"	"201"
"Число умерших(Человек)"	"2022 год"	"202212"	"ЖАЛАГАШСКИЙ РАЙОН"	"0"	"сельская местность"	"0"	"Всего"	"0"	"196"
"Число умерших(Человек)"	"2017 год"	"201712"	"ЖАЛАГАШСКИЙ РАЙОН"	"0"	"сельская местность"	"0"	"Всего"	"0"	"221"
"Число умерших(Человек)"	"2023 год"	"202312"	"ЖАЛАГАШСКИЙ РАЙОН"	"0"	"сельская местность"	"0"	"Всего"	"0"	"199"
"Число умерших(Человек)"	"2024 год"	"202412"	"ЖАЛАГАШСКИЙ РАЙОН"	"0"	"сельская местность"	"0"	"Всего"	"0"	"192"
"Число умерших(Человек)"	"2009 год"	"200912"	"ЖАНАКОРГАНСКИЙ РАЙОН"	"0"	"Всего"	"0"	"Всего"	"0"	"459"
"Число умерших(Человек)"	"2011 год"	"201112"	"ЖАНАКОРГАНСКИЙ РАЙОН"	"0"	"Всего"	"0"	"Всего"	"0"	"431"
"Число умерших(Человек)"	"2016 год"	"201612"	"ЖАНАКОРГАНСКИЙ РАЙОН"	"0"	"Всего"	"0"	"Всего"	"0"	"358"
"Число умерших(Человек)"	"2010 год"	"201012"	"ЖАНАКОРГАНСКИЙ РАЙОН"	"0"	"Всего"	"0"	"Всего"	"0"	"408"
"Число умерших(Человек)"	"2015 год"	"201512"	"ЖАНАКОРГАНСКИЙ РАЙОН"	"0"	"Всего"	"0"	"Всего"	"0"	"367"
"Число умерших(Человек)"	"2013 год"	"201312"	"ЖАНАКОРГАНСКИЙ РАЙОН"	"0"	"Всего"	"0"	"Всего"	"0"	"424"
"Число умерших(Человек)"	"2014 год"	"201412"	"ЖАНАКОРГАНСКИЙ РАЙОН"	"0"	"Всего"	"0"	"Всего"	"0"	"383"
"Число умерших(Человек)"	"2012 год"	"201212"	"ЖАНАКОРГАНСКИЙ РАЙОН"	"0"	"Всего"	"0"	"Всего"	"0"	"431"
"Число умерших(Человек)"	"2021 год"	"202112"	"ЖАНАКОРГАНСКИЙ РАЙОН"	"0"	"Всего"	"0"	"Всего"	"0"	"473"
"Число умерших(Человек)"	"2020 год"	"202012"	"ЖАНАКОРГАНСКИЙ РАЙОН"	"0"	"Всего"	"0"	"Всего"	"0"	"516"
"Число умерших(Человек)"	"2019 год"	"201912"	"ЖАНАКОРГАНСКИЙ РАЙОН"	"0"	"Всего"	"0"	"Всего"	"0"	"389"
"Число умерших(Человек)"	"2018 год"	"201812"	"ЖАНАКОРГАНСКИЙ РАЙОН"	"0"	"Всего"	"0"	"Всего"	"0"	"334"
"Число умерших(Человек)"	"2022 год"	"202212"	"ЖАНАКОРГАНСКИЙ РАЙОН"	"0"	"Всего"	"0"	"Всего"	"0"	"399"
"Число умерших(Человек)"	"2017 год"	"201712"	"ЖАНАКОРГАНСКИЙ РАЙОН"	"0"	"Всего"	"0"	"Всего"	"0"	"378"
"Число умерших(Человек)"	"2023 год"	"202312"	"ЖАНАКОРГАНСКИЙ РАЙОН"	"0"	"Всего"	"0"	"Всего"	"0"	"378"
"Число умерших(Человек)"	"2024 год"	"202412"	"ЖАНАКОРГАНСКИЙ РАЙОН"	"0"	"Всего"	"0"	"Всего"	"0"	"363"
"Число умерших(Человек)"	"2009 год"	"200912"	"ЖАНАКОРГАНСКИЙ РАЙОН"	"0"	"сельская местность"	"0"	"Всего"	"0"	"459"
"Число умерших(Человек)"	"2011 год"	"201112"	"ЖАНАКОРГАНСКИЙ РАЙОН"	"0"	"сельская местность"	"0"	"Всего"	"0"	"431"
"Число умерших(Человек)"	"2016 год"	"201612"	"ЖАНАКОРГАНСКИЙ РАЙОН"	"0"	"сельская местность"	"0"	"Всего"	"0"	"358"
"Число умерших(Человек)"	"2010 год"	"201012"	"ЖАНАКОРГАНСКИЙ РАЙОН"	"0"	"сельская местность"	"0"	"Всего"	"0"	"408"
"Число умерших(Человек)"	"2015 год"	"201512"	"ЖАНАКОРГАНСКИЙ РАЙОН"	"0"	"сельская местность"	"0"	"Всего"	"0"	"367"
"Число умерших(Человек)"	"2013 год"	"201312"	"ЖАНАКОРГАНСКИЙ РАЙОН"	"0"	"сельская местность"	"0"	"Всего"	"0"	"424"
"Число умерших(Человек)"	"2014 год"	"201412"	"ЖАНАКОРГАНСКИЙ РАЙОН"	"0"	"сельская местность"	"0"	"Всего"	"0"	"383"
"Число умерших(Человек)"	"2012 год"	"201212"	"ЖАНАКОРГАНСКИЙ РАЙОН"	"0"	"сельская местность"	"0"	"Всего"	"0"	"431"
"Число умерших(Человек)"	"2021 год"	"202112"	"ЖАНАКОРГАНСКИЙ РАЙОН"	"0"	"сельская местность"	"0"	"Всего"	"0"	"473"
"Число умерших(Человек)"	"2020 год"	"202012"	"ЖАНАКОРГАНСКИЙ РАЙОН"	"0"	"сельская местность"	"0"	"Всего"	"0"	"516"
"Число умерших(Человек)"	"2019 год"	"201912"	"ЖАНАКОРГАНСКИЙ РАЙОН"	"0"	"сельская местность"	"0"	"Всего"	"0"	"389"
"Число умерших(Человек)"	"2018 год"	"201812"	"ЖАНАКОРГАНСКИЙ РАЙОН"	"0"	"сельская местность"	"0"	"Всего"	"0"	"334"
"Число умерших(Человек)"	"2022 год"	"202212"	"ЖАНАКОРГАНСКИЙ РАЙОН"	"0"	"сельская местность"	"0"	"Всего"	"0"	"399"
"Число умерших(Человек)"	"2017 год"	"201712"	"ЖАНАКОРГАНСКИЙ РАЙОН"	"0"	"сельская местность"	"0"	"Всего"	"0"	"378"
"Число умерших(Человек)"	"2023 год"	"202312"	"ЖАНАКОРГАНСКИЙ РАЙОН"	"0"	"сельская местность"	"0"	"Всего"	"0"	"378"
"Число умерших(Человек)"	"2024 год"	"202412"	"ЖАНАКОРГАНСКИЙ РАЙОН"	"0"	"сельская местность"	"0"	"Всего"	"0"	"363"
"Число умерших(Человек)"	"2009 год"	"200912"	"АМАНГЕЛЬДИНСКИЙ РАЙОН"	"0"	"сельская местность"	"0"	"Всего"	"0"	"120"
"Число умерших(Человек)"	"2011 год"	"201112"	"АМАНГЕЛЬДИНСКИЙ РАЙОН"	"0"	"сельская местность"	"0"	"Всего"	"0"	"125"
"Число умерших(Человек)"	"2016 год"	"201612"	"АМАНГЕЛЬДИНСКИЙ РАЙОН"	"0"	"сельская местность"	"0"	"Всего"	"0"	"90"
"Число умерших(Человек)"	"2010 год"	"201012"	"АМАНГЕЛЬДИНСКИЙ РАЙОН"	"0"	"сельская местность"	"0"	"Всего"	"0"	"113"
"Число умерших(Человек)"	"2015 год"	"201512"	"АМАНГЕЛЬДИНСКИЙ РАЙОН"	"0"	"сельская местность"	"0"	"Всего"	"0"	"87"
"Число умерших(Человек)"	"2013 год"	"201312"	"АМАНГЕЛЬДИНСКИЙ РАЙОН"	"0"	"сельская местность"	"0"	"Всего"	"0"	"100"
"Число умерших(Человек)"	"2014 год"	"201412"	"АМАНГЕЛЬДИНСКИЙ РАЙОН"	"0"	"сельская местность"	"0"	"Всего"	"0"	"90"
"Число умерших(Человек)"	"2012 год"	"201212"	"АМАНГЕЛЬДИНСКИЙ РАЙОН"	"0"	"сельская местность"	"0"	"Всего"	"0"	"93"
"Число умерших(Человек)"	"2021 год"	"202112"	"АМАНГЕЛЬДИНСКИЙ РАЙОН"	"0"	"сельская местность"	"0"	"Всего"	"0"	"104"
"Число умерших(Человек)"	"2020 год"	"202012"	"АМАНГЕЛЬДИНСКИЙ РАЙОН"	"0"	"сельская местность"	"0"	"Всего"	"0"	"93"
"Число умерших(Человек)"	"2019 год"	"201912"	"АМАНГЕЛЬДИНСКИЙ РАЙОН"	"0"	"сельская местность"	"0"	"Всего"	"0"	"85"
"Число умерших(Человек)"	"2018 год"	"201812"	"АМАНГЕЛЬДИНСКИЙ РАЙОН"	"0"	"сельская местность"	"0"	"Всего"	"0"	"97"
"Число умерших(Человек)"	"2022 год"	"202212"	"АМАНГЕЛЬДИНСКИЙ РАЙОН"	"0"	"сельская местность"	"0"	"Всего"	"0"	"86"
"Число умерших(Человек)"	"2017 год"	"201712"	"АМАНГЕЛЬДИНСКИЙ РАЙОН"	"0"	"сельская местность"	"0"	"Всего"	"0"	"90"
"Число умерших(Человек)"	"2023 год"	"202312"	"АМАНГЕЛЬДИНСКИЙ РАЙОН"	"0"	"сельская местность"	"0"	"Всего"	"0"	"69"
"Число умерших(Человек)"	"2024 год"	"202412"	"АМАНГЕЛЬДИНСКИЙ РАЙОН"	"0"	"сельская местность"	"0"	"Всего"	"0"	"100"
"Число умерших(Человек)"	"2009 год"	"200912"	"АУЛИЕКОЛЬСКИЙ РАЙОН"	"0"	"Всего"	"0"	"Всего"	"0"	"523"
"Число умерших(Человек)"	"2011 год"	"201112"	"АУЛИЕКОЛЬСКИЙ РАЙОН"	"0"	"Всего"	"0"	"Всего"	"0"	"560"
"Число умерших(Человек)"	"2016 год"	"201612"	"АУЛИЕКОЛЬСКИЙ РАЙОН"	"0"	"Всего"	"0"	"Всего"	"0"	"462"
"Число умерших(Человек)"	"2010 год"	"201012"	"АУЛИЕКОЛЬСКИЙ РАЙОН"	"0"	"Всего"	"0"	"Всего"	"0"	"576"
"Число умерших(Человек)"	"2015 год"	"201512"	"АУЛИЕКОЛЬСКИЙ РАЙОН"	"0"	"Всего"	"0"	"Всего"	"0"	"508"
"Число умерших(Человек)"	"2013 год"	"201312"	"АУЛИЕКОЛЬСКИЙ РАЙОН"	"0"	"Всего"	"0"	"Всего"	"0"	"490"
"Число умерших(Человек)"	"2014 год"	"201412"	"АУЛИЕКОЛЬСКИЙ РАЙОН"	"0"	"Всего"	"0"	"Всего"	"0"	"467"
"Число умерших(Человек)"	"2012 год"	"201212"	"АУЛИЕКОЛЬСКИЙ РАЙОН"	"0"	"Всего"	"0"	"Всего"	"0"	"534"
"Число умерших(Человек)"	"2021 год"	"202112"	"АУЛИЕКОЛЬСКИЙ РАЙОН"	"0"	"Всего"	"0"	"Всего"	"0"	"558"
"Число умерших(Человек)"	"2020 год"	"202012"	"АУЛИЕКОЛЬСКИЙ РАЙОН"	"0"	"Всего"	"0"	"Всего"	"0"	"525"
"Число умерших(Человек)"	"2019 год"	"201912"	"АУЛИЕКОЛЬСКИЙ РАЙОН"	"0"	"Всего"	"0"	"Всего"	"0"	"430"
"Число умерших(Человек)"	"2018 год"	"201812"	"АУЛИЕКОЛЬСКИЙ РАЙОН"	"0"	"Всего"	"0"	"Всего"	"0"	"476"
"Число умерших(Человек)"	"2022 год"	"202212"	"АУЛИЕКОЛЬСКИЙ РАЙОН"	"0"	"Всего"	"0"	"Всего"	"0"	"452"
"Число умерших(Человек)"	"2017 год"	"201712"	"АУЛИЕКОЛЬСКИЙ РАЙОН"	"0"	"Всего"	"0"	"Всего"	"0"	"452"
"Число умерших(Человек)"	"2023 год"	"202312"	"АУЛИЕКОЛЬСКИЙ РАЙОН"	"0"	"Всего"	"0"	"Всего"	"0"	"400"
"Число умерших(Человек)"	"2024 год"	"202412"	"АУЛИЕКОЛЬСКИЙ РАЙОН"	"0"	"Всего"	"0"	"Всего"	"0"	"402"
"Число умерших(Человек)"	"2009 год"	"200912"	"АУЛИЕКОЛЬСКИЙ РАЙОН"	"0"	"сельская местность"	"0"	"Всего"	"0"	"523"
"Число умерших(Человек)"	"2011 год"	"201112"	"АУЛИЕКОЛЬСКИЙ РАЙОН"	"0"	"сельская местность"	"0"	"Всего"	"0"	"560"
"Число умерших(Человек)"	"2016 год"	"201612"	"АУЛИЕКОЛЬСКИЙ РАЙОН"	"0"	"сельская местность"	"0"	"Всего"	"0"	"462"
"Число умерших(Человек)"	"2010 год"	"201012"	"АУЛИЕКОЛЬСКИЙ РАЙОН"	"0"	"сельская местность"	"0"	"Всего"	"0"	"576"
"Число умерших(Человек)"	"2015 год"	"201512"	"АУЛИЕКОЛЬСКИЙ РАЙОН"	"0"	"сельская местность"	"0"	"Всего"	"0"	"508"
"Число умерших(Человек)"	"2013 год"	"201312"	"АУЛИЕКОЛЬСКИЙ РАЙОН"	"0"	"сельская местность"	"0"	"Всего"	"0"	"490"
"Число умерших(Человек)"	"2014 год"	"201412"	"АУЛИЕКОЛЬСКИЙ РАЙОН"	"0"	"сельская местность"	"0"	"Всего"	"0"	"467"
"Число умерших(Человек)"	"2012 год"	"201212"	"АУЛИЕКОЛЬСКИЙ РАЙОН"	"0"	"сельская местность"	"0"	"Всего"	"0"	"534"
"Число умерших(Человек)"	"2021 год"	"202112"	"АУЛИЕКОЛЬСКИЙ РАЙОН"	"0"	"сельская местность"	"0"	"Всего"	"0"	"558"
"Число умерших(Человек)"	"2020 год"	"202012"	"АУЛИЕКОЛЬСКИЙ РАЙОН"	"0"	"сельская местность"	"0"	"Всего"	"0"	"525"
"Число умерших(Человек)"	"2019 год"	"201912"	"АУЛИЕКОЛЬСКИЙ РАЙОН"	"0"	"сельская местность"	"0"	"Всего"	"0"	"430"
"Число умерших(Человек)"	"2018 год"	"201812"	"АУЛИЕКОЛЬСКИЙ РАЙОН"	"0"	"сельская местность"	"0"	"Всего"	"0"	"476"
"Число умерших(Человек)"	"2022 год"	"202212"	"АУЛИЕКОЛЬСКИЙ РАЙОН"	"0"	"сельская местность"	"0"	"Всего"	"0"	"452"
"Число умерших(Человек)"	"2017 год"	"201712"	"АУЛИЕКОЛЬСКИЙ РАЙОН"	"0"	"сельская местность"	"0"	"Всего"	"0"	"452"
"Число умерших(Человек)"	"2023 год"	"202312"	"АУЛИЕКОЛЬСКИЙ РАЙОН"	"0"	"сельская местность"	"0"	"Всего"	"0"	"400"
"Число умерших(Человек)"	"2024 год"	"202412"	"АУЛИЕКОЛЬСКИЙ РАЙОН"	"0"	"сельская местность"	"0"	"Всего"	"0"	"402"
"Число умерших(Человек)"	"2009 год"	"200912"	"ДЕНИСОВСКИЙ РАЙОН"	"0"	"Всего"	"0"	"Всего"	"0"	"255"
"Число умерших(Человек)"	"2011 год"	"201112"	"ДЕНИСОВСКИЙ РАЙОН"	"0"	"Всего"	"0"	"Всего"	"0"	"271"
"Число умерших(Человек)"	"2016 год"	"201612"	"ДЕНИСОВСКИЙ РАЙОН"	"0"	"Всего"	"0"	"Всего"	"0"	"256"
"Число умерших(Человек)"	"2010 год"	"201012"	"ДЕНИСОВСКИЙ РАЙОН"	"0"	"Всего"	"0"	"Всего"	"0"	"256"
"Число умерших(Человек)"	"2015 год"	"201512"	"ДЕНИСОВСКИЙ РАЙОН"	"0"	"Всего"	"0"	"Всего"	"0"	"244"
"Число умерших(Человек)"	"2013 год"	"201312"	"ДЕНИСОВСКИЙ РАЙОН"	"0"	"Всего"	"0"	"Всего"	"0"	"236"
"Число умерших(Человек)"	"2014 год"	"201412"	"ДЕНИСОВСКИЙ РАЙОН"	"0"	"Всего"	"0"	"Всего"	"0"	"249"
"Число умерших(Человек)"	"2012 год"	"201212"	"ДЕНИСОВСКИЙ РАЙОН"	"0"	"Всего"	"0"	"Всего"	"0"	"245"
"Число умерших(Человек)"	"2021 год"	"202112"	"ДЕНИСОВСКИЙ РАЙОН"	"0"	"Всего"	"0"	"Всего"	"0"	"267"
"Число умерших(Человек)"	"2020 год"	"202012"	"ДЕНИСОВСКИЙ РАЙОН"	"0"	"Всего"	"0"	"Всего"	"0"	"230"
"Число умерших(Человек)"	"2019 год"	"201912"	"ДЕНИСОВСКИЙ РАЙОН"	"0"	"Всего"	"0"	"Всего"	"0"	"221"
"Число умерших(Человек)"	"2018 год"	"201812"	"ДЕНИСОВСКИЙ РАЙОН"	"0"	"Всего"	"0"	"Всего"	"0"	"235"
"Число умерших(Человек)"	"2022 год"	"202212"	"ДЕНИСОВСКИЙ РАЙОН"	"0"	"Всего"	"0"	"Всего"	"0"	"207"
"Число умерших(Человек)"	"2017 год"	"201712"	"ДЕНИСОВСКИЙ РАЙОН"	"0"	"Всего"	"0"	"Всего"	"0"	"219"
"Число умерших(Человек)"	"2023 год"	"202312"	"ДЕНИСОВСКИЙ РАЙОН"	"0"	"Всего"	"0"	"Всего"	"0"	"200"
"Число умерших(Человек)"	"2024 год"	"202412"	"ДЕНИСОВСКИЙ РАЙОН"	"0"	"Всего"	"0"	"Всего"	"0"	"183"
"Число умерших(Человек)"	"2009 год"	"200912"	"ДЕНИСОВСКИЙ РАЙОН"	"0"	"сельская местность"	"0"	"Всего"	"0"	"255"
"Число умерших(Человек)"	"2011 год"	"201112"	"ДЕНИСОВСКИЙ РАЙОН"	"0"	"сельская местность"	"0"	"Всего"	"0"	"271"
"Число умерших(Человек)"	"2016 год"	"201612"	"ДЕНИСОВСКИЙ РАЙОН"	"0"	"сельская местность"	"0"	"Всего"	"0"	"256"
"Число умерших(Человек)"	"2010 год"	"201012"	"ДЕНИСОВСКИЙ РАЙОН"	"0"	"сельская местность"	"0"	"Всего"	"0"	"256"
"Число умерших(Человек)"	"2015 год"	"201512"	"ДЕНИСОВСКИЙ РАЙОН"	"0"	"сельская местность"	"0"	"Всего"	"0"	"244"
"Число умерших(Человек)"	"2013 год"	"201312"	"ДЕНИСОВСКИЙ РАЙОН"	"0"	"сельская местность"	"0"	"Всего"	"0"	"236"
"Число умерших(Человек)"	"2014 год"	"201412"	"ДЕНИСОВСКИЙ РАЙОН"	"0"	"сельская местность"	"0"	"Всего"	"0"	"249"
"Число умерших(Человек)"	"2012 год"	"201212"	"ДЕНИСОВСКИЙ РАЙОН"	"0"	"сельская местность"	"0"	"Всего"	"0"	"245"
"Число умерших(Человек)"	"2021 год"	"202112"	"ДЕНИСОВСКИЙ РАЙОН"	"0"	"сельская местность"	"0"	"Всего"	"0"	"267"
"Число умерших(Человек)"	"2020 год"	"202012"	"ДЕНИСОВСКИЙ РАЙОН"	"0"	"сельская местность"	"0"	"Всего"	"0"	"230"
"Число умерших(Человек)"	"2019 год"	"201912"	"ДЕНИСОВСКИЙ РАЙОН"	"0"	"сельская местность"	"0"	"Всего"	"0"	"221"
"Число умерших(Человек)"	"2018 год"	"201812"	"ДЕНИСОВСКИЙ РАЙОН"	"0"	"сельская местность"	"0"	"Всего"	"0"	"235"
"Число умерших(Человек)"	"2022 год"	"202212"	"ДЕНИСОВСКИЙ РАЙОН"	"0"	"сельская местность"	"0"	"Всего"	"0"	"207"
"Число умерших(Человек)"	"2017 год"	"201712"	"ДЕНИСОВСКИЙ РАЙОН"	"0"	"сельская местность"	"0"	"Всего"	"0"	"219"
"Число умерших(Человек)"	"2023 год"	"202312"	"ДЕНИСОВСКИЙ РАЙОН"	"0"	"сельская местность"	"0"	"Всего"	"0"	"200"
"Число умерших(Человек)"	"2024 год"	"202412"	"ДЕНИСОВСКИЙ РАЙОН"	"0"	"сельская местность"	"0"	"Всего"	"0"	"183"
"Число умерших(Человек)"	"2009 год"	"200912"	"ЖАНГЕЛЬДИНСКИЙ РАЙОН"	"0"	"Всего"	"0"	"Всего"	"0"	"108"
"Число умерших(Человек)"	"2011 год"	"201112"	"ЖАНГЕЛЬДИНСКИЙ РАЙОН"	"0"	"Всего"	"0"	"Всего"	"0"	"96"
"Число умерших(Человек)"	"2016 год"	"201612"	"ЖАНГЕЛЬДИНСКИЙ РАЙОН"	"0"	"Всего"	"0"	"Всего"	"0"	"82"
"Число умерших(Человек)"	"2010 год"	"201012"	"ЖАНГЕЛЬДИНСКИЙ РАЙОН"	"0"	"Всего"	"0"	"Всего"	"0"	"96"
"Число умерших(Человек)"	"2015 год"	"201512"	"ЖАНГЕЛЬДИНСКИЙ РАЙОН"	"0"	"Всего"	"0"	"Всего"	"0"	"78"
"Число умерших(Человек)"	"2013 год"	"201312"	"ЖАНГЕЛЬДИНСКИЙ РАЙОН"	"0"	"Всего"	"0"	"Всего"	"0"	"81"
"Число умерших(Человек)"	"2014 год"	"201412"	"ЖАНГЕЛЬДИНСКИЙ РАЙОН"	"0"	"Всего"	"0"	"Всего"	"0"	"89"
"Число умерших(Человек)"	"2012 год"	"201212"	"ЖАНГЕЛЬДИНСКИЙ РАЙОН"	"0"	"Всего"	"0"	"Всего"	"0"	"99"
"Число умерших(Человек)"	"2021 год"	"202112"	"ЖАНГЕЛЬДИНСКИЙ РАЙОН"	"0"	"Всего"	"0"	"Всего"	"0"	"85"
"Число умерших(Человек)"	"2020 год"	"202012"	"ЖАНГЕЛЬДИНСКИЙ РАЙОН"	"0"	"Всего"	"0"	"Всего"	"0"	"76"
"Число умерших(Человек)"	"2019 год"	"201912"	"ЖАНГЕЛЬДИНСКИЙ РАЙОН"	"0"	"Всего"	"0"	"Всего"	"0"	"69"
"Число умерших(Человек)"	"2018 год"	"201812"	"ЖАНГЕЛЬДИНСКИЙ РАЙОН"	"0"	"Всего"	"0"	"Всего"	"0"	"66"
"Число умерших(Человек)"	"2022 год"	"202212"	"ЖАНГЕЛЬДИНСКИЙ РАЙОН"	"0"	"Всего"	"0"	"Всего"	"0"	"73"
"Число умерших(Человек)"	"2017 год"	"201712"	"ЖАНГЕЛЬДИНСКИЙ РАЙОН"	"0"	"Всего"	"0"	"Всего"	"0"	"65"
"Число умерших(Человек)"	"2023 год"	"202312"	"ЖАНГЕЛЬДИНСКИЙ РАЙОН"	"0"	"Всего"	"0"	"Всего"	"0"	"52"
"Число умерших(Человек)"	"2024 год"	"202412"	"ЖАНГЕЛЬДИНСКИЙ РАЙОН"	"0"	"Всего"	"0"	"Всего"	"0"	"48"
"Число умерших(Человек)"	"2009 год"	"200912"	"ЖАНГЕЛЬДИНСКИЙ РАЙОН"	"0"	"сельская местность"	"0"	"Всего"	"0"	"108"
"Число умерших(Человек)"	"2011 год"	"201112"	"ЖАНГЕЛЬДИНСКИЙ РАЙОН"	"0"	"сельская местность"	"0"	"Всего"	"0"	"96"
"Число умерших(Человек)"	"2016 год"	"201612"	"ЖАНГЕЛЬДИНСКИЙ РАЙОН"	"0"	"сельская местность"	"0"	"Всего"	"0"	"82"
"Число умерших(Человек)"	"2010 год"	"201012"	"ЖАНГЕЛЬДИНСКИЙ РАЙОН"	"0"	"сельская местность"	"0"	"Всего"	"0"	"96"
"Число умерших(Человек)"	"2015 год"	"201512"	"ЖАНГЕЛЬДИНСКИЙ РАЙОН"	"0"	"сельская местность"	"0"	"Всего"	"0"	"78"
"Число умерших(Человек)"	"2013 год"	"201312"	"ЖАНГЕЛЬДИНСКИЙ РАЙОН"	"0"	"сельская местность"	"0"	"Всего"	"0"	"81"
"Число умерших(Человек)"	"2014 год"	"201412"	"ЖАНГЕЛЬДИНСКИЙ РАЙОН"	"0"	"сельская местность"	"0"	"Всего"	"0"	"89"
"Число умерших(Человек)"	"2012 год"	"201212"	"ЖАНГЕЛЬДИНСКИЙ РАЙОН"	"0"	"сельская местность"	"0"	"Всего"	"0"	"99"
"Число умерших(Человек)"	"2021 год"	"202112"	"ЖАНГЕЛЬДИНСКИЙ РАЙОН"	"0"	"сельская местность"	"0"	"Всего"	"0"	"85"
"Число умерших(Человек)"	"2020 год"	"202012"	"ЖАНГЕЛЬДИНСКИЙ РАЙОН"	"0"	"сельская местность"	"0"	"Всего"	"0"	"76"
"Число умерших(Человек)"	"2019 год"	"201912"	"ЖАНГЕЛЬДИНСКИЙ РАЙОН"	"0"	"сельская местность"	"0"	"Всего"	"0"	"69"
"Число умерших(Человек)"	"2018 год"	"201812"	"ЖАНГЕЛЬДИНСКИЙ РАЙОН"	"0"	"сельская местность"	"0"	"Всего"	"0"	"66"
"Число умерших(Человек)"	"2022 год"	"202212"	"ЖАНГЕЛЬДИНСКИЙ РАЙОН"	"0"	"сельская местность"	"0"	"Всего"	"0"	"73"
"Число умерших(Человек)"	"2017 год"	"201712"	"ЖАНГЕЛЬДИНСКИЙ РАЙОН"	"0"	"сельская местность"	"0"	"Всего"	"0"	"65"
"Число умерших(Человек)"	"2023 год"	"202312"	"ЖАНГЕЛЬДИНСКИЙ РАЙОН"	"0"	"сельская местность"	"0"	"Всего"	"0"	"52"
"Число умерших(Человек)"	"2024 год"	"202412"	"ЖАНГЕЛЬДИНСКИЙ РАЙОН"	"0"	"сельская местность"	"0"	"Всего"	"0"	"48"
"Число умерших(Человек)"	"2009 год"	"200912"	"ЖИТИКАРИНСКИЙ РАЙОН"	"0"	"Всего"	"0"	"Всего"	"0"	"564"
"Число умерших(Человек)"	"2011 год"	"201112"	"ЖИТИКАРИНСКИЙ РАЙОН"	"0"	"Всего"	"0"	"Всего"	"0"	"636"
"Число умерших(Человек)"	"2016 год"	"201612"	"ЖИТИКАРИНСКИЙ РАЙОН"	"0"	"Всего"	"0"	"Всего"	"0"	"516"
"Число умерших(Человек)"	"2010 год"	"201012"	"ЖИТИКАРИНСКИЙ РАЙОН"	"0"	"Всего"	"0"	"Всего"	"0"	"585"
"Число умерших(Человек)"	"2015 год"	"201512"	"ЖИТИКАРИНСКИЙ РАЙОН"	"0"	"Всего"	"0"	"Всего"	"0"	"573"
"Число умерших(Человек)"	"2013 год"	"201312"	"ЖИТИКАРИНСКИЙ РАЙОН"	"0"	"Всего"	"0"	"Всего"	"0"	"546"
"Число умерших(Человек)"	"2014 год"	"201412"	"ЖИТИКАРИНСКИЙ РАЙОН"	"0"	"Всего"	"0"	"Всего"	"0"	"581"
"Число умерших(Человек)"	"2012 год"	"201212"	"ЖИТИКАРИНСКИЙ РАЙОН"	"0"	"Всего"	"0"	"Всего"	"0"	"581"
"Число умерших(Человек)"	"2021 год"	"202112"	"ЖИТИКАРИНСКИЙ РАЙОН"	"0"	"Всего"	"0"	"Всего"	"0"	"671"
"Число умерших(Человек)"	"2020 год"	"202012"	"ЖИТИКАРИНСКИЙ РАЙОН"	"0"	"Всего"	"0"	"Всего"	"0"	"610"
"Число умерших(Человек)"	"2019 год"	"201912"	"ЖИТИКАРИНСКИЙ РАЙОН"	"0"	"Всего"	"0"	"Всего"	"0"	"541"
"Число умерших(Человек)"	"2018 год"	"201812"	"ЖИТИКАРИНСКИЙ РАЙОН"	"0"	"Всего"	"0"	"Всего"	"0"	"540"
"Число умерших(Человек)"	"2022 год"	"202212"	"ЖИТИКАРИНСКИЙ РАЙОН"	"0"	"Всего"	"0"	"Всего"	"0"	"511"
"Число умерших(Человек)"	"2017 год"	"201712"	"ЖИТИКАРИНСКИЙ РАЙОН"	"0"	"Всего"	"0"	"Всего"	"0"	"500"
"Число умерших(Человек)"	"2023 год"	"202312"	"ЖИТИКАРИНСКИЙ РАЙОН"	"0"	"Всего"	"0"	"Всего"	"0"	"467"
"Число умерших(Человек)"	"2024 год"	"202412"	"ЖИТИКАРИНСКИЙ РАЙОН"	"0"	"Всего"	"0"	"Всего"	"0"	"465"
"Число умерших(Человек)"	"2009 год"	"200912"	"ЖИТИКАРИНСКИЙ РАЙОН"	"0"	"городская местность"	"0"	"Всего"	"0"	"428"
"Число умерших(Человек)"	"2011 год"	"201112"	"ЖИТИКАРИНСКИЙ РАЙОН"	"0"	"городская местность"	"0"	"Всего"	"0"	"507"
"Число умерших(Человек)"	"2016 год"	"201612"	"ЖИТИКАРИНСКИЙ РАЙОН"	"0"	"городская местность"	"0"	"Всего"	"0"	"406"
"Число умерших(Человек)"	"2010 год"	"201012"	"ЖИТИКАРИНСКИЙ РАЙОН"	"0"	"городская местность"	"0"	"Всего"	"0"	"442"
"Число умерших(Человек)"	"2015 год"	"201512"	"ЖИТИКАРИНСКИЙ РАЙОН"	"0"	"городская местность"	"0"	"Всего"	"0"	"461"
"Число умерших(Человек)"	"2013 год"	"201312"	"ЖИТИКАРИНСКИЙ РАЙОН"	"0"	"городская местность"	"0"	"Всего"	"0"	"436"
"Число умерших(Человек)"	"2014 год"	"201412"	"ЖИТИКАРИНСКИЙ РАЙОН"	"0"	"городская местность"	"0"	"Всего"	"0"	"444"
"Число умерших(Человек)"	"2012 год"	"201212"	"ЖИТИКАРИНСКИЙ РАЙОН"	"0"	"городская местность"	"0"	"Всего"	"0"	"466"
"Число умерших(Человек)"	"2021 год"	"202112"	"ЖИТИКАРИНСКИЙ РАЙОН"	"0"	"городская местность"	"0"	"Всего"	"0"	"568"
"Число умерших(Человек)"	"2020 год"	"202012"	"ЖИТИКАРИНСКИЙ РАЙОН"	"0"	"городская местность"	"0"	"Всего"	"0"	"517"
"Число умерших(Человек)"	"2019 год"	"201912"	"ЖИТИКАРИНСКИЙ РАЙОН"	"0"	"городская местность"	"0"	"Всего"	"0"	"452"
"Число умерших(Человек)"	"2018 год"	"201812"	"ЖИТИКАРИНСКИЙ РАЙОН"	"0"	"городская местность"	"0"	"Всего"	"0"	"446"
"Число умерших(Человек)"	"2022 год"	"202212"	"ЖИТИКАРИНСКИЙ РАЙОН"	"0"	"городская местность"	"0"	"Всего"	"0"	"422"
"Число умерших(Человек)"	"2017 год"	"201712"	"ЖИТИКАРИНСКИЙ РАЙОН"	"0"	"городская местность"	"0"	"Всего"	"0"	"412"
"Число умерших(Человек)"	"2023 год"	"202312"	"ЖИТИКАРИНСКИЙ РАЙОН"	"0"	"городская местность"	"0"	"Всего"	"0"	"384"
"Число умерших(Человек)"	"2024 год"	"202412"	"ЖИТИКАРИНСКИЙ РАЙОН"	"0"	"городская местность"	"0"	"Всего"	"0"	"374"
"Число умерших(Человек)"	"2009 год"	"200912"	"ЖИТИКАРИНСКИЙ РАЙОН"	"0"	"сельская местность"	"0"	"Всего"	"0"	"136"
"Число умерших(Человек)"	"2011 год"	"201112"	"ЖИТИКАРИНСКИЙ РАЙОН"	"0"	"сельская местность"	"0"	"Всего"	"0"	"129"
"Число умерших(Человек)"	"2016 год"	"201612"	"ЖИТИКАРИНСКИЙ РАЙОН"	"0"	"сельская местность"	"0"	"Всего"	"0"	"110"
"Число умерших(Человек)"	"2010 год"	"201012"	"ЖИТИКАРИНСКИЙ РАЙОН"	"0"	"сельская местность"	"0"	"Всего"	"0"	"143"
"Число умерших(Человек)"	"2015 год"	"201512"	"ЖИТИКАРИНСКИЙ РАЙОН"	"0"	"сельская местность"	"0"	"Всего"	"0"	"112"
"Число умерших(Человек)"	"2013 год"	"201312"	"ЖИТИКАРИНСКИЙ РАЙОН"	"0"	"сельская местность"	"0"	"Всего"	"0"	"110"
"Число умерших(Человек)"	"2014 год"	"201412"	"ЖИТИКАРИНСКИЙ РАЙОН"	"0"	"сельская местность"	"0"	"Всего"	"0"	"137"
"Число умерших(Человек)"	"2012 год"	"201212"	"ЖИТИКАРИНСКИЙ РАЙОН"	"0"	"сельская местность"	"0"	"Всего"	"0"	"115"
"Число умерших(Человек)"	"2021 год"	"202112"	"ЖИТИКАРИНСКИЙ РАЙОН"	"0"	"сельская местность"	"0"	"Всего"	"0"	"103"
"Число умерших(Человек)"	"2020 год"	"202012"	"ЖИТИКАРИНСКИЙ РАЙОН"	"0"	"сельская местность"	"0"	"Всего"	"0"	"93"
"Число умерших(Человек)"	"2019 год"	"201912"	"ЖИТИКАРИНСКИЙ РАЙОН"	"0"	"сельская местность"	"0"	"Всего"	"0"	"89"
"Число умерших(Человек)"	"2018 год"	"201812"	"ЖИТИКАРИНСКИЙ РАЙОН"	"0"	"сельская местность"	"0"	"Всего"	"0"	"94"
"Число умерших(Человек)"	"2022 год"	"202212"	"ЖИТИКАРИНСКИЙ РАЙОН"	"0"	"сельская местность"	"0"	"Всего"	"0"	"89"
"Число умерших(Человек)"	"2017 год"	"201712"	"ЖИТИКАРИНСКИЙ РАЙОН"	"0"	"сельская местность"	"0"	"Всего"	"0"	"88"
"Число умерших(Человек)"	"2023 год"	"202312"	"ЖИТИКАРИНСКИЙ РАЙОН"	"0"	"сельская местность"	"0"	"Всего"	"0"	"83"
"Число умерших(Человек)"	"2024 год"	"202412"	"ЖИТИКАРИНСКИЙ РАЙОН"	"0"	"сельская местность"	"0"	"Всего"	"0"	"91"
"Число умерших(Человек)"	"2009 год"	"200912"	"КАМЫСТИНСКИЙ РАЙОН"	"0"	"Всего"	"0"	"Всего"	"0"	"162"
"Число умерших(Человек)"	"2011 год"	"201112"	"КАМЫСТИНСКИЙ РАЙОН"	"0"	"Всего"	"0"	"Всего"	"0"	"158"
"Число умерших(Человек)"	"2016 год"	"201612"	"КАМЫСТИНСКИЙ РАЙОН"	"0"	"Всего"	"0"	"Всего"	"0"	"107"
"Число умерших(Человек)"	"2010 год"	"201012"	"КАМЫСТИНСКИЙ РАЙОН"	"0"	"Всего"	"0"	"Всего"	"0"	"166"
"Число умерших(Человек)"	"2015 год"	"201512"	"КАМЫСТИНСКИЙ РАЙОН"	"0"	"Всего"	"0"	"Всего"	"0"	"125"
"Число умерших(Человек)"	"2013 год"	"201312"	"КАМЫСТИНСКИЙ РАЙОН"	"0"	"Всего"	"0"	"Всего"	"0"	"167"
"Число умерших(Человек)"	"2014 год"	"201412"	"КАМЫСТИНСКИЙ РАЙОН"	"0"	"Всего"	"0"	"Всего"	"0"	"125"
"Число умерших(Человек)"	"2012 год"	"201212"	"КАМЫСТИНСКИЙ РАЙОН"	"0"	"Всего"	"0"	"Всего"	"0"	"176"
"Число умерших(Человек)"	"2021 год"	"202112"	"КАМЫСТИНСКИЙ РАЙОН"	"0"	"Всего"	"0"	"Всего"	"0"	"134"
"Число умерших(Человек)"	"2020 год"	"202012"	"КАМЫСТИНСКИЙ РАЙОН"	"0"	"Всего"	"0"	"Всего"	"0"	"105"
"Число умерших(Человек)"	"2019 год"	"201912"	"КАМЫСТИНСКИЙ РАЙОН"	"0"	"Всего"	"0"	"Всего"	"0"	"120"
"Число умерших(Человек)"	"2018 год"	"201812"	"КАМЫСТИНСКИЙ РАЙОН"	"0"	"Всего"	"0"	"Всего"	"0"	"127"
"Число умерших(Человек)"	"2022 год"	"202212"	"КАМЫСТИНСКИЙ РАЙОН"	"0"	"Всего"	"0"	"Всего"	"0"	"103"
"Число умерших(Человек)"	"2017 год"	"201712"	"КАМЫСТИНСКИЙ РАЙОН"	"0"	"Всего"	"0"	"Всего"	"0"	"111"
"Число умерших(Человек)"	"2023 год"	"202312"	"КАМЫСТИНСКИЙ РАЙОН"	"0"	"Всего"	"0"	"Всего"	"0"	"82"
"Число умерших(Человек)"	"2024 год"	"202412"	"КАМЫСТИНСКИЙ РАЙОН"	"0"	"Всего"	"0"	"Всего"	"0"	"97"
"Число умерших(Человек)"	"2009 год"	"200912"	"КАМЫСТИНСКИЙ РАЙОН"	"0"	"сельская местность"	"0"	"Всего"	"0"	"162"
"Число умерших(Человек)"	"2011 год"	"201112"	"КАМЫСТИНСКИЙ РАЙОН"	"0"	"сельская местность"	"0"	"Всего"	"0"	"158"
"Число умерших(Человек)"	"2016 год"	"201612"	"КАМЫСТИНСКИЙ РАЙОН"	"0"	"сельская местность"	"0"	"Всего"	"0"	"107"
"Число умерших(Человек)"	"2010 год"	"201012"	"КАМЫСТИНСКИЙ РАЙОН"	"0"	"сельская местность"	"0"	"Всего"	"0"	"166"
"Число умерших(Человек)"	"2015 год"	"201512"	"КАМЫСТИНСКИЙ РАЙОН"	"0"	"сельская местность"	"0"	"Всего"	"0"	"125"
"Число умерших(Человек)"	"2013 год"	"201312"	"КАМЫСТИНСКИЙ РАЙОН"	"0"	"сельская местность"	"0"	"Всего"	"0"	"167"
"Число умерших(Человек)"	"2014 год"	"201412"	"КАМЫСТИНСКИЙ РАЙОН"	"0"	"сельская местность"	"0"	"Всего"	"0"	"125"
"Число умерших(Человек)"	"2012 год"	"201212"	"КАМЫСТИНСКИЙ РАЙОН"	"0"	"сельская местность"	"0"	"Всего"	"0"	"176"
"Число умерших(Человек)"	"2021 год"	"202112"	"КАМЫСТИНСКИЙ РАЙОН"	"0"	"сельская местность"	"0"	"Всего"	"0"	"134"
"Число умерших(Человек)"	"2020 год"	"202012"	"КАМЫСТИНСКИЙ РАЙОН"	"0"	"сельская местность"	"0"	"Всего"	"0"	"105"
"Число умерших(Человек)"	"2019 год"	"201912"	"КАМЫСТИНСКИЙ РАЙОН"	"0"	"сельская местность"	"0"	"Всего"	"0"	"120"
"Число умерших(Человек)"	"2018 год"	"201812"	"КАМЫСТИНСКИЙ РАЙОН"	"0"	"сельская местность"	"0"	"Всего"	"0"	"127"
"Число умерших(Человек)"	"2022 год"	"202212"	"КАМЫСТИНСКИЙ РАЙОН"	"0"	"сельская местность"	"0"	"Всего"	"0"	"103"
"Число умерших(Человек)"	"2017 год"	"201712"	"КАМЫСТИНСКИЙ РАЙОН"	"0"	"сельская местность"	"0"	"Всего"	"0"	"111"
"Число умерших(Человек)"	"2023 год"	"202312"	"КАМЫСТИНСКИЙ РАЙОН"	"0"	"сельская местность"	"0"	"Всего"	"0"	"82"
"Число умерших(Человек)"	"2024 год"	"202412"	"КАМЫСТИНСКИЙ РАЙОН"	"0"	"сельская местность"	"0"	"Всего"	"0"	"97"
"Число умерших(Человек)"	"2009 год"	"200912"	"КАРАБАЛЫКСКИЙ РАЙОН"	"0"	"Всего"	"0"	"Всего"	"0"	"447"
"Число умерших(Человек)"	"2011 год"	"201112"	"КАРАБАЛЫКСКИЙ РАЙОН"	"0"	"Всего"	"0"	"Всего"	"0"	"465"
"Число умерших(Человек)"	"2016 год"	"201612"	"КАРАБАЛЫКСКИЙ РАЙОН"	"0"	"Всего"	"0"	"Всего"	"0"	"364"
"Число умерших(Человек)"	"2010 год"	"201012"	"КАРАБАЛЫКСКИЙ РАЙОН"	"0"	"Всего"	"0"	"Всего"	"0"	"423"
"Число умерших(Человек)"	"2015 год"	"201512"	"КАРАБАЛЫКСКИЙ РАЙОН"	"0"	"Всего"	"0"	"Всего"	"0"	"338"
"Число умерших(Человек)"	"2013 год"	"201312"	"КАРАБАЛЫКСКИЙ РАЙОН"	"0"	"Всего"	"0"	"Всего"	"0"	"412"
"Число умерших(Человек)"	"2014 год"	"201412"	"КАРАБАЛЫКСКИЙ РАЙОН"	"0"	"Всего"	"0"	"Всего"	"0"	"374"
"Число умерших(Человек)"	"2012 год"	"201212"	"КАРАБАЛЫКСКИЙ РАЙОН"	"0"	"Всего"	"0"	"Всего"	"0"	"422"
"Число умерших(Человек)"	"2021 год"	"202112"	"КАРАБАЛЫКСКИЙ РАЙОН"	"0"	"Всего"	"0"	"Всего"	"0"	"423"
"Число умерших(Человек)"	"2020 год"	"202012"	"КАРАБАЛЫКСКИЙ РАЙОН"	"0"	"Всего"	"0"	"Всего"	"0"	"384"
"Число умерших(Человек)"	"2019 год"	"201912"	"КАРАБАЛЫКСКИЙ РАЙОН"	"0"	"Всего"	"0"	"Всего"	"0"	"378"
"Число умерших(Человек)"	"2018 год"	"201812"	"КАРАБАЛЫКСКИЙ РАЙОН"	"0"	"Всего"	"0"	"Всего"	"0"	"360"
"Число умерших(Человек)"	"2022 год"	"202212"	"КАРАБАЛЫКСКИЙ РАЙОН"	"0"	"Всего"	"0"	"Всего"	"0"	"312"
"Число умерших(Человек)"	"2017 год"	"201712"	"КАРАБАЛЫКСКИЙ РАЙОН"	"0"	"Всего"	"0"	"Всего"	"0"	"347"
"Число умерших(Человек)"	"2023 год"	"202312"	"КАРАБАЛЫКСКИЙ РАЙОН"	"0"	"Всего"	"0"	"Всего"	"0"	"291"
"Число умерших(Человек)"	"2024 год"	"202412"	"КАРАБАЛЫКСКИЙ РАЙОН"	"0"	"Всего"	"0"	"Всего"	"0"	"288"
"Число умерших(Человек)"	"2009 год"	"200912"	"КАРАБАЛЫКСКИЙ РАЙОН"	"0"	"сельская местность"	"0"	"Всего"	"0"	"447"
"Число умерших(Человек)"	"2011 год"	"201112"	"КАРАБАЛЫКСКИЙ РАЙОН"	"0"	"сельская местность"	"0"	"Всего"	"0"	"465"
"Число умерших(Человек)"	"2016 год"	"201612"	"КАРАБАЛЫКСКИЙ РАЙОН"	"0"	"сельская местность"	"0"	"Всего"	"0"	"364"
"Число умерших(Человек)"	"2010 год"	"201012"	"КАРАБАЛЫКСКИЙ РАЙОН"	"0"	"сельская местность"	"0"	"Всего"	"0"	"423"
"Число умерших(Человек)"	"2015 год"	"201512"	"КАРАБАЛЫКСКИЙ РАЙОН"	"0"	"сельская местность"	"0"	"Всего"	"0"	"338"
"Число умерших(Человек)"	"2013 год"	"201312"	"КАРАБАЛЫКСКИЙ РАЙОН"	"0"	"сельская местность"	"0"	"Всего"	"0"	"412"
"Число умерших(Человек)"	"2014 год"	"201412"	"КАРАБАЛЫКСКИЙ РАЙОН"	"0"	"сельская местность"	"0"	"Всего"	"0"	"374"
"Число умерших(Человек)"	"2012 год"	"201212"	"КАРАБАЛЫКСКИЙ РАЙОН"	"0"	"сельская местность"	"0"	"Всего"	"0"	"422"
"Число умерших(Человек)"	"2021 год"	"202112"	"КАРАБАЛЫКСКИЙ РАЙОН"	"0"	"сельская местность"	"0"	"Всего"	"0"	"423"
"Число умерших(Человек)"	"2020 год"	"202012"	"КАРАБАЛЫКСКИЙ РАЙОН"	"0"	"сельская местность"	"0"	"Всего"	"0"	"384"
"Число умерших(Человек)"	"2019 год"	"201912"	"КАРАБАЛЫКСКИЙ РАЙОН"	"0"	"сельская местность"	"0"	"Всего"	"0"	"378"
"Число умерших(Человек)"	"2018 год"	"201812"	"КАРАБАЛЫКСКИЙ РАЙОН"	"0"	"сельская местность"	"0"	"Всего"	"0"	"360"
"Число умерших(Человек)"	"2022 год"	"202212"	"КАРАБАЛЫКСКИЙ РАЙОН"	"0"	"сельская местность"	"0"	"Всего"	"0"	"312"
"Число умерших(Человек)"	"2017 год"	"201712"	"КАРАБАЛЫКСКИЙ РАЙОН"	"0"	"сельская местность"	"0"	"Всего"	"0"	"347"
"Число умерших(Человек)"	"2023 год"	"202312"	"КАРАБАЛЫКСКИЙ РАЙОН"	"0"	"сельская местность"	"0"	"Всего"	"0"	"291"
"Число умерших(Человек)"	"2024 год"	"202412"	"КАРАБАЛЫКСКИЙ РАЙОН"	"0"	"сельская местность"	"0"	"Всего"	"0"	"288"
"Число умерших(Человек)"	"2009 год"	"200912"	"КАРАСУСКИЙ РАЙОН"	"0"	"Всего"	"0"	"Всего"	"0"	"349"
"Число умерших(Человек)"	"2011 год"	"201112"	"КАРАСУСКИЙ РАЙОН"	"0"	"Всего"	"0"	"Всего"	"0"	"334"
"Число умерших(Человек)"	"2016 год"	"201612"	"КАРАСУСКИЙ РАЙОН"	"0"	"Всего"	"0"	"Всего"	"0"	"280"
"Число умерших(Человек)"	"2010 год"	"201012"	"КАРАСУСКИЙ РАЙОН"	"0"	"Всего"	"0"	"Всего"	"0"	"347"
"Число умерших(Человек)"	"2015 год"	"201512"	"КАРАСУСКИЙ РАЙОН"	"0"	"Всего"	"0"	"Всего"	"0"	"272"
"Число умерших(Человек)"	"2013 год"	"201312"	"КАРАСУСКИЙ РАЙОН"	"0"	"Всего"	"0"	"Всего"	"0"	"314"
"Число умерших(Человек)"	"2014 год"	"201412"	"КАРАСУСКИЙ РАЙОН"	"0"	"Всего"	"0"	"Всего"	"0"	"284"
"Число умерших(Человек)"	"2012 год"	"201212"	"КАРАСУСКИЙ РАЙОН"	"0"	"Всего"	"0"	"Всего"	"0"	"321"
"Число умерших(Человек)"	"2021 год"	"202112"	"КАРАСУСКИЙ РАЙОН"	"0"	"Всего"	"0"	"Всего"	"0"	"273"
"Число умерших(Человек)"	"2020 год"	"202012"	"КАРАСУСКИЙ РАЙОН"	"0"	"Всего"	"0"	"Всего"	"0"	"279"
"Число умерших(Человек)"	"2019 год"	"201912"	"КАРАСУСКИЙ РАЙОН"	"0"	"Всего"	"0"	"Всего"	"0"	"258"
"Число умерших(Человек)"	"2018 год"	"201812"	"КАРАСУСКИЙ РАЙОН"	"0"	"Всего"	"0"	"Всего"	"0"	"275"
"Число умерших(Человек)"	"2022 год"	"202212"	"КАРАСУСКИЙ РАЙОН"	"0"	"Всего"	"0"	"Всего"	"0"	"241"
"Число умерших(Человек)"	"2017 год"	"201712"	"КАРАСУСКИЙ РАЙОН"	"0"	"Всего"	"0"	"Всего"	"0"	"277"
"Число умерших(Человек)"	"2023 год"	"202312"	"КАРАСУСКИЙ РАЙОН"	"0"	"Всего"	"0"	"Всего"	"0"	"209"
"Число умерших(Человек)"	"2024 год"	"202412"	"КАРАСУСКИЙ РАЙОН"	"0"	"Всего"	"0"	"Всего"	"0"	"239"
"Число умерших(Человек)"	"2009 год"	"200912"	"КАРАСУСКИЙ РАЙОН"	"0"	"сельская местность"	"0"	"Всего"	"0"	"349"
"Число умерших(Человек)"	"2011 год"	"201112"	"КАРАСУСКИЙ РАЙОН"	"0"	"сельская местность"	"0"	"Всего"	"0"	"334"
"Число умерших(Человек)"	"2016 год"	"201612"	"КАРАСУСКИЙ РАЙОН"	"0"	"сельская местность"	"0"	"Всего"	"0"	"280"
"Число умерших(Человек)"	"2010 год"	"201012"	"КАРАСУСКИЙ РАЙОН"	"0"	"сельская местность"	"0"	"Всего"	"0"	"347"
"Число умерших(Человек)"	"2015 год"	"201512"	"КАРАСУСКИЙ РАЙОН"	"0"	"сельская местность"	"0"	"Всего"	"0"	"272"
"Число умерших(Человек)"	"2013 год"	"201312"	"КАРАСУСКИЙ РАЙОН"	"0"	"сельская местность"	"0"	"Всего"	"0"	"314"
"Число умерших(Человек)"	"2014 год"	"201412"	"КАРАСУСКИЙ РАЙОН"	"0"	"сельская местность"	"0"	"Всего"	"0"	"284"
"Число умерших(Человек)"	"2012 год"	"201212"	"КАРАСУСКИЙ РАЙОН"	"0"	"сельская местность"	"0"	"Всего"	"0"	"321"
"Число умерших(Человек)"	"2021 год"	"202112"	"КАРАСУСКИЙ РАЙОН"	"0"	"сельская местность"	"0"	"Всего"	"0"	"273"
"Число умерших(Человек)"	"2020 год"	"202012"	"КАРАСУСКИЙ РАЙОН"	"0"	"сельская местность"	"0"	"Всего"	"0"	"279"
"Число умерших(Человек)"	"2019 год"	"201912"	"КАРАСУСКИЙ РАЙОН"	"0"	"сельская местность"	"0"	"Всего"	"0"	"258"
"Число умерших(Человек)"	"2018 год"	"201812"	"КАРАСУСКИЙ РАЙОН"	"0"	"сельская местность"	"0"	"Всего"	"0"	"275"
"Число умерших(Человек)"	"2022 год"	"202212"	"КАРАСУСКИЙ РАЙОН"	"0"	"сельская местность"	"0"	"Всего"	"0"	"241"
"Число умерших(Человек)"	"2017 год"	"201712"	"КАРАСУСКИЙ РАЙОН"	"0"	"сельская местность"	"0"	"Всего"	"0"	"277"
"Число умерших(Человек)"	"2023 год"	"202312"	"КАРАСУСКИЙ РАЙОН"	"0"	"сельская местность"	"0"	"Всего"	"0"	"209"
"Число умерших(Человек)"	"2024 год"	"202412"	"КАРАСУСКИЙ РАЙОН"	"0"	"сельская местность"	"0"	"Всего"	"0"	"239"
"Число умерших(Человек)"	"2009 год"	"200912"	"КОСТАНАЙСКИЙ РАЙОН"	"0"	"Всего"	"0"	"Всего"	"0"	"722"
"Число умерших(Человек)"	"2011 год"	"201112"	"КОСТАНАЙСКИЙ РАЙОН"	"0"	"Всего"	"0"	"Всего"	"0"	"725"
"Число умерших(Человек)"	"2016 год"	"201612"	"КОСТАНАЙСКИЙ РАЙОН"	"0"	"Всего"	"0"	"Всего"	"0"	"696"
"Число умерших(Человек)"	"2010 год"	"201012"	"КОСТАНАЙСКИЙ РАЙОН"	"0"	"Всего"	"0"	"Всего"	"0"	"725"
"Число умерших(Человек)"	"2015 год"	"201512"	"КОСТАНАЙСКИЙ РАЙОН"	"0"	"Всего"	"0"	"Всего"	"0"	"687"
"Число умерших(Человек)"	"2013 год"	"201312"	"КОСТАНАЙСКИЙ РАЙОН"	"0"	"Всего"	"0"	"Всего"	"0"	"706"
"Число умерших(Человек)"	"2014 год"	"201412"	"КОСТАНАЙСКИЙ РАЙОН"	"0"	"Всего"	"0"	"Всего"	"0"	"697"
"Число умерших(Человек)"	"2012 год"	"201212"	"КОСТАНАЙСКИЙ РАЙОН"	"0"	"Всего"	"0"	"Всего"	"0"	"708"
"Число умерших(Человек)"	"2021 год"	"202112"	"КОСТАНАЙСКИЙ РАЙОН"	"0"	"Всего"	"0"	"Всего"	"0"	"942"
"Число умерших(Человек)"	"2020 год"	"202012"	"КОСТАНАЙСКИЙ РАЙОН"	"0"	"Всего"	"0"	"Всего"	"0"	"828"
"Число умерших(Человек)"	"2019 год"	"201912"	"КОСТАНАЙСКИЙ РАЙОН"	"0"	"Всего"	"0"	"Всего"	"0"	"669"
"Число умерших(Человек)"	"2018 год"	"201812"	"КОСТАНАЙСКИЙ РАЙОН"	"0"	"Всего"	"0"	"Всего"	"0"	"626"
"Число умерших(Человек)"	"2022 год"	"202212"	"КОСТАНАЙСКИЙ РАЙОН"	"0"	"Всего"	"0"	"Всего"	"0"	"721"
"Число умерших(Человек)"	"2017 год"	"201712"	"КОСТАНАЙСКИЙ РАЙОН"	"0"	"Всего"	"0"	"Всего"	"0"	"692"
"Число умерших(Человек)"	"2023 год"	"202312"	"КОСТАНАЙСКИЙ РАЙОН"	"0"	"Всего"	"0"	"Всего"	"0"	"646"
"Число умерших(Человек)"	"2024 год"	"202412"	"КОСТАНАЙСКИЙ РАЙОН"	"0"	"Всего"	"0"	"Всего"	"0"	"691"
"Число умерших(Человек)"	"2009 год"	"200912"	"КОСТАНАЙСКИЙ РАЙОН"	"0"	"сельская местность"	"0"	"Всего"	"0"	"722"
"Число умерших(Человек)"	"2011 год"	"201112"	"КОСТАНАЙСКИЙ РАЙОН"	"0"	"сельская местность"	"0"	"Всего"	"0"	"725"
"Число умерших(Человек)"	"2016 год"	"201612"	"КОСТАНАЙСКИЙ РАЙОН"	"0"	"сельская местность"	"0"	"Всего"	"0"	"696"
"Число умерших(Человек)"	"2010 год"	"201012"	"КОСТАНАЙСКИЙ РАЙОН"	"0"	"сельская местность"	"0"	"Всего"	"0"	"725"
"Число умерших(Человек)"	"2015 год"	"201512"	"КОСТАНАЙСКИЙ РАЙОН"	"0"	"сельская местность"	"0"	"Всего"	"0"	"687"
"Число умерших(Человек)"	"2013 год"	"201312"	"КОСТАНАЙСКИЙ РАЙОН"	"0"	"сельская местность"	"0"	"Всего"	"0"	"706"
"Число умерших(Человек)"	"2014 год"	"201412"	"КОСТАНАЙСКИЙ РАЙОН"	"0"	"сельская местность"	"0"	"Всего"	"0"	"697"
"Число умерших(Человек)"	"2012 год"	"201212"	"КОСТАНАЙСКИЙ РАЙОН"	"0"	"сельская местность"	"0"	"Всего"	"0"	"708"
"Число умерших(Человек)"	"2021 год"	"202112"	"КОСТАНАЙСКИЙ РАЙОН"	"0"	"сельская местность"	"0"	"Всего"	"0"	"532"
"Число умерших(Человек)"	"2020 год"	"202012"	"КОСТАНАЙСКИЙ РАЙОН"	"0"	"сельская местность"	"0"	"Всего"	"0"	"501"
"Число умерших(Человек)"	"2019 год"	"201912"	"КОСТАНАЙСКИЙ РАЙОН"	"0"	"сельская местность"	"0"	"Всего"	"0"	"429"
"Число умерших(Человек)"	"2018 год"	"201812"	"КОСТАНАЙСКИЙ РАЙОН"	"0"	"сельская местность"	"0"	"Всего"	"0"	"626"
"Число умерших(Человек)"	"2022 год"	"202212"	"КОСТАНАЙСКИЙ РАЙОН"	"0"	"сельская местность"	"0"	"Всего"	"0"	"404"
"Число умерших(Человек)"	"2017 год"	"201712"	"КОСТАНАЙСКИЙ РАЙОН"	"0"	"сельская местность"	"0"	"Всего"	"0"	"692"
"Число умерших(Человек)"	"2023 год"	"202312"	"КОСТАНАЙСКИЙ РАЙОН"	"0"	"сельская местность"	"0"	"Всего"	"0"	"387"
"Число умерших(Человек)"	"2024 год"	"202412"	"КОСТАНАЙСКИЙ РАЙОН"	"0"	"сельская местность"	"0"	"Всего"	"0"	"416"
"Число умерших(Человек)"	"2009 год"	"200912"	"МЕНДЫКАРИНСКИЙ РАЙОН"	"0"	"Всего"	"0"	"Всего"	"0"	"377"
"Число умерших(Человек)"	"2011 год"	"201112"	"МЕНДЫКАРИНСКИЙ РАЙОН"	"0"	"Всего"	"0"	"Всего"	"0"	"391"
"Число умерших(Человек)"	"2016 год"	"201612"	"МЕНДЫКАРИНСКИЙ РАЙОН"	"0"	"Всего"	"0"	"Всего"	"0"	"317"
"Число умерших(Человек)"	"2010 год"	"201012"	"МЕНДЫКАРИНСКИЙ РАЙОН"	"0"	"Всего"	"0"	"Всего"	"0"	"373"
"Число умерших(Человек)"	"2015 год"	"201512"	"МЕНДЫКАРИНСКИЙ РАЙОН"	"0"	"Всего"	"0"	"Всего"	"0"	"309"
"Число умерших(Человек)"	"2013 год"	"201312"	"МЕНДЫКАРИНСКИЙ РАЙОН"	"0"	"Всего"	"0"	"Всего"	"0"	"336"
"Число умерших(Человек)"	"2014 год"	"201412"	"МЕНДЫКАРИНСКИЙ РАЙОН"	"0"	"Всего"	"0"	"Всего"	"0"	"334"
"Число умерших(Человек)"	"2012 год"	"201212"	"МЕНДЫКАРИНСКИЙ РАЙОН"	"0"	"Всего"	"0"	"Всего"	"0"	"327"
"Число умерших(Человек)"	"2021 год"	"202112"	"МЕНДЫКАРИНСКИЙ РАЙОН"	"0"	"Всего"	"0"	"Всего"	"0"	"353"
"Число умерших(Человек)"	"2020 год"	"202012"	"МЕНДЫКАРИНСКИЙ РАЙОН"	"0"	"Всего"	"0"	"Всего"	"0"	"318"
"Число умерших(Человек)"	"2019 год"	"201912"	"МЕНДЫКАРИНСКИЙ РАЙОН"	"0"	"Всего"	"0"	"Всего"	"0"	"301"
"Число умерших(Человек)"	"2018 год"	"201812"	"МЕНДЫКАРИНСКИЙ РАЙОН"	"0"	"Всего"	"0"	"Всего"	"0"	"269"
"Число умерших(Человек)"	"2022 год"	"202212"	"МЕНДЫКАРИНСКИЙ РАЙОН"	"0"	"Всего"	"0"	"Всего"	"0"	"299"
"Число умерших(Человек)"	"2017 год"	"201712"	"МЕНДЫКАРИНСКИЙ РАЙОН"	"0"	"Всего"	"0"	"Всего"	"0"	"329"
"Число умерших(Человек)"	"2023 год"	"202312"	"МЕНДЫКАРИНСКИЙ РАЙОН"	"0"	"Всего"	"0"	"Всего"	"0"	"259"
"Число умерших(Человек)"	"2024 год"	"202412"	"МЕНДЫКАРИНСКИЙ РАЙОН"	"0"	"Всего"	"0"	"Всего"	"0"	"234"
"Число умерших(Человек)"	"2009 год"	"200912"	"МЕНДЫКАРИНСКИЙ РАЙОН"	"0"	"сельская местность"	"0"	"Всего"	"0"	"377"
"Число умерших(Человек)"	"2011 год"	"201112"	"МЕНДЫКАРИНСКИЙ РАЙОН"	"0"	"сельская местность"	"0"	"Всего"	"0"	"391"
"Число умерших(Человек)"	"2016 год"	"201612"	"МЕНДЫКАРИНСКИЙ РАЙОН"	"0"	"сельская местность"	"0"	"Всего"	"0"	"317"
"Число умерших(Человек)"	"2010 год"	"201012"	"МЕНДЫКАРИНСКИЙ РАЙОН"	"0"	"сельская местность"	"0"	"Всего"	"0"	"373"
"Число умерших(Человек)"	"2015 год"	"201512"	"МЕНДЫКАРИНСКИЙ РАЙОН"	"0"	"сельская местность"	"0"	"Всего"	"0"	"309"
"Число умерших(Человек)"	"2013 год"	"201312"	"МЕНДЫКАРИНСКИЙ РАЙОН"	"0"	"сельская местность"	"0"	"Всего"	"0"	"336"
"Число умерших(Человек)"	"2014 год"	"201412"	"МЕНДЫКАРИНСКИЙ РАЙОН"	"0"	"сельская местность"	"0"	"Всего"	"0"	"334"
"Число умерших(Человек)"	"2012 год"	"201212"	"МЕНДЫКАРИНСКИЙ РАЙОН"	"0"	"сельская местность"	"0"	"Всего"	"0"	"327"
"Число умерших(Человек)"	"2021 год"	"202112"	"МЕНДЫКАРИНСКИЙ РАЙОН"	"0"	"сельская местность"	"0"	"Всего"	"0"	"353"
"Число умерших(Человек)"	"2020 год"	"202012"	"МЕНДЫКАРИНСКИЙ РАЙОН"	"0"	"сельская местность"	"0"	"Всего"	"0"	"318"
"Число умерших(Человек)"	"2019 год"	"201912"	"МЕНДЫКАРИНСКИЙ РАЙОН"	"0"	"сельская местность"	"0"	"Всего"	"0"	"301"
"Число умерших(Человек)"	"2018 год"	"201812"	"МЕНДЫКАРИНСКИЙ РАЙОН"	"0"	"сельская местность"	"0"	"Всего"	"0"	"269"
"Число умерших(Человек)"	"2022 год"	"202212"	"МЕНДЫКАРИНСКИЙ РАЙОН"	"0"	"сельская местность"	"0"	"Всего"	"0"	"299"
"Число умерших(Человек)"	"2017 год"	"201712"	"МЕНДЫКАРИНСКИЙ РАЙОН"	"0"	"сельская местность"	"0"	"Всего"	"0"	"329"
"Число умерших(Человек)"	"2023 год"	"202312"	"МЕНДЫКАРИНСКИЙ РАЙОН"	"0"	"сельская местность"	"0"	"Всего"	"0"	"259"
"Число умерших(Человек)"	"2024 год"	"202412"	"МЕНДЫКАРИНСКИЙ РАЙОН"	"0"	"сельская местность"	"0"	"Всего"	"0"	"234"
"Число умерших(Человек)"	"2009 год"	"200912"	"НАУРЗУМСКИЙ РАЙОН"	"0"	"Всего"	"0"	"Всего"	"0"	"108"
"Число умерших(Человек)"	"2011 год"	"201112"	"НАУРЗУМСКИЙ РАЙОН"	"0"	"Всего"	"0"	"Всего"	"0"	"105"
"Число умерших(Человек)"	"2016 год"	"201612"	"НАУРЗУМСКИЙ РАЙОН"	"0"	"Всего"	"0"	"Всего"	"0"	"111"
"Число умерших(Человек)"	"2010 год"	"201012"	"НАУРЗУМСКИЙ РАЙОН"	"0"	"Всего"	"0"	"Всего"	"0"	"114"
"Число умерших(Человек)"	"2015 год"	"201512"	"НАУРЗУМСКИЙ РАЙОН"	"0"	"Всего"	"0"	"Всего"	"0"	"68"
"Число умерших(Человек)"	"2013 год"	"201312"	"НАУРЗУМСКИЙ РАЙОН"	"0"	"Всего"	"0"	"Всего"	"0"	"87"
"Число умерших(Человек)"	"2014 год"	"201412"	"НАУРЗУМСКИЙ РАЙОН"	"0"	"Всего"	"0"	"Всего"	"0"	"98"
"Число умерших(Человек)"	"2012 год"	"201212"	"НАУРЗУМСКИЙ РАЙОН"	"0"	"Всего"	"0"	"Всего"	"0"	"92"
"Число умерших(Человек)"	"2021 год"	"202112"	"НАУРЗУМСКИЙ РАЙОН"	"0"	"Всего"	"0"	"Всего"	"0"	"94"
"Число умерших(Человек)"	"2020 год"	"202012"	"НАУРЗУМСКИЙ РАЙОН"	"0"	"Всего"	"0"	"Всего"	"0"	"92"
"Число умерших(Человек)"	"2019 год"	"201912"	"НАУРЗУМСКИЙ РАЙОН"	"0"	"Всего"	"0"	"Всего"	"0"	"58"
"Число умерших(Человек)"	"2018 год"	"201812"	"НАУРЗУМСКИЙ РАЙОН"	"0"	"Всего"	"0"	"Всего"	"0"	"61"
"Число умерших(Человек)"	"2022 год"	"202212"	"НАУРЗУМСКИЙ РАЙОН"	"0"	"Всего"	"0"	"Всего"	"0"	"64"
"Число умерших(Человек)"	"2017 год"	"201712"	"НАУРЗУМСКИЙ РАЙОН"	"0"	"Всего"	"0"	"Всего"	"0"	"76"
"Число умерших(Человек)"	"2023 год"	"202312"	"НАУРЗУМСКИЙ РАЙОН"	"0"	"Всего"	"0"	"Всего"	"0"	"53"
"Число умерших(Человек)"	"2024 год"	"202412"	"НАУРЗУМСКИЙ РАЙОН"	"0"	"Всего"	"0"	"Всего"	"0"	"76"
"Число умерших(Человек)"	"2009 год"	"200912"	"НАУРЗУМСКИЙ РАЙОН"	"0"	"сельская местность"	"0"	"Всего"	"0"	"108"
"Число умерших(Человек)"	"2011 год"	"201112"	"НАУРЗУМСКИЙ РАЙОН"	"0"	"сельская местность"	"0"	"Всего"	"0"	"105"
"Число умерших(Человек)"	"2016 год"	"201612"	"НАУРЗУМСКИЙ РАЙОН"	"0"	"сельская местность"	"0"	"Всего"	"0"	"111"
"Число умерших(Человек)"	"2010 год"	"201012"	"НАУРЗУМСКИЙ РАЙОН"	"0"	"сельская местность"	"0"	"Всего"	"0"	"114"
"Число умерших(Человек)"	"2015 год"	"201512"	"НАУРЗУМСКИЙ РАЙОН"	"0"	"сельская местность"	"0"	"Всего"	"0"	"68"
"Число умерших(Человек)"	"2013 год"	"201312"	"НАУРЗУМСКИЙ РАЙОН"	"0"	"сельская местность"	"0"	"Всего"	"0"	"87"
"Число умерших(Человек)"	"2014 год"	"201412"	"НАУРЗУМСКИЙ РАЙОН"	"0"	"сельская местность"	"0"	"Всего"	"0"	"98"
"Число умерших(Человек)"	"2012 год"	"201212"	"НАУРЗУМСКИЙ РАЙОН"	"0"	"сельская местность"	"0"	"Всего"	"0"	"92"
"Число умерших(Человек)"	"2021 год"	"202112"	"НАУРЗУМСКИЙ РАЙОН"	"0"	"сельская местность"	"0"	"Всего"	"0"	"94"
"Число умерших(Человек)"	"2020 год"	"202012"	"НАУРЗУМСКИЙ РАЙОН"	"0"	"сельская местность"	"0"	"Всего"	"0"	"92"
"Число умерших(Человек)"	"2019 год"	"201912"	"НАУРЗУМСКИЙ РАЙОН"	"0"	"сельская местность"	"0"	"Всего"	"0"	"58"
"Число умерших(Человек)"	"2018 год"	"201812"	"НАУРЗУМСКИЙ РАЙОН"	"0"	"сельская местность"	"0"	"Всего"	"0"	"61"
"Число умерших(Человек)"	"2022 год"	"202212"	"НАУРЗУМСКИЙ РАЙОН"	"0"	"сельская местность"	"0"	"Всего"	"0"	"64"
"Число умерших(Человек)"	"2017 год"	"201712"	"НАУРЗУМСКИЙ РАЙОН"	"0"	"сельская местность"	"0"	"Всего"	"0"	"76"
"Число умерших(Человек)"	"2023 год"	"202312"	"НАУРЗУМСКИЙ РАЙОН"	"0"	"сельская местность"	"0"	"Всего"	"0"	"53"
"Число умерших(Человек)"	"2024 год"	"202412"	"НАУРЗУМСКИЙ РАЙОН"	"0"	"сельская местность"	"0"	"Всего"	"0"	"76"
"Число умерших(Человек)"	"2009 год"	"200912"	"САРЫКОЛЬСКИЙ РАЙОН"	"0"	"Всего"	"0"	"Всего"	"0"	"272"
"Число умерших(Человек)"	"2011 год"	"201112"	"САРЫКОЛЬСКИЙ РАЙОН"	"0"	"Всего"	"0"	"Всего"	"0"	"275"
"Число умерших(Человек)"	"2016 год"	"201612"	"САРЫКОЛЬСКИЙ РАЙОН"	"0"	"Всего"	"0"	"Всего"	"0"	"256"
"Число умерших(Человек)"	"2010 год"	"201012"	"САРЫКОЛЬСКИЙ РАЙОН"	"0"	"Всего"	"0"	"Всего"	"0"	"273"
"Число умерших(Человек)"	"2015 год"	"201512"	"САРЫКОЛЬСКИЙ РАЙОН"	"0"	"Всего"	"0"	"Всего"	"0"	"244"
"Число умерших(Человек)"	"2013 год"	"201312"	"САРЫКОЛЬСКИЙ РАЙОН"	"0"	"Всего"	"0"	"Всего"	"0"	"242"
"Число умерших(Человек)"	"2014 год"	"201412"	"САРЫКОЛЬСКИЙ РАЙОН"	"0"	"Всего"	"0"	"Всего"	"0"	"248"
"Число умерших(Человек)"	"2012 год"	"201212"	"САРЫКОЛЬСКИЙ РАЙОН"	"0"	"Всего"	"0"	"Всего"	"0"	"303"
"Число умерших(Человек)"	"2021 год"	"202112"	"САРЫКОЛЬСКИЙ РАЙОН"	"0"	"Всего"	"0"	"Всего"	"0"	"291"
"Число умерших(Человек)"	"2020 год"	"202012"	"САРЫКОЛЬСКИЙ РАЙОН"	"0"	"Всего"	"0"	"Всего"	"0"	"245"
"Число умерших(Человек)"	"2019 год"	"201912"	"САРЫКОЛЬСКИЙ РАЙОН"	"0"	"Всего"	"0"	"Всего"	"0"	"210"
"Число умерших(Человек)"	"2018 год"	"201812"	"САРЫКОЛЬСКИЙ РАЙОН"	"0"	"Всего"	"0"	"Всего"	"0"	"219"
"Число умерших(Человек)"	"2022 год"	"202212"	"САРЫКОЛЬСКИЙ РАЙОН"	"0"	"Всего"	"0"	"Всего"	"0"	"199"
"Число умерших(Человек)"	"2017 год"	"201712"	"САРЫКОЛЬСКИЙ РАЙОН"	"0"	"Всего"	"0"	"Всего"	"0"	"192"
"Число умерших(Человек)"	"2023 год"	"202312"	"САРЫКОЛЬСКИЙ РАЙОН"	"0"	"Всего"	"0"	"Всего"	"0"	"201"
"Число умерших(Человек)"	"2024 год"	"202412"	"САРЫКОЛЬСКИЙ РАЙОН"	"0"	"Всего"	"0"	"Всего"	"0"	"201"
"Число умерших(Человек)"	"2009 год"	"200912"	"САРЫКОЛЬСКИЙ РАЙОН"	"0"	"сельская местность"	"0"	"Всего"	"0"	"272"
"Число умерших(Человек)"	"2011 год"	"201112"	"САРЫКОЛЬСКИЙ РАЙОН"	"0"	"сельская местность"	"0"	"Всего"	"0"	"275"
"Число умерших(Человек)"	"2016 год"	"201612"	"САРЫКОЛЬСКИЙ РАЙОН"	"0"	"сельская местность"	"0"	"Всего"	"0"	"256"
"Число умерших(Человек)"	"2010 год"	"201012"	"САРЫКОЛЬСКИЙ РАЙОН"	"0"	"сельская местность"	"0"	"Всего"	"0"	"273"
"Число умерших(Человек)"	"2015 год"	"201512"	"САРЫКОЛЬСКИЙ РАЙОН"	"0"	"сельская местность"	"0"	"Всего"	"0"	"244"
"Число умерших(Человек)"	"2013 год"	"201312"	"САРЫКОЛЬСКИЙ РАЙОН"	"0"	"сельская местность"	"0"	"Всего"	"0"	"242"
"Число умерших(Человек)"	"2014 год"	"201412"	"САРЫКОЛЬСКИЙ РАЙОН"	"0"	"сельская местность"	"0"	"Всего"	"0"	"248"
"Число умерших(Человек)"	"2012 год"	"201212"	"САРЫКОЛЬСКИЙ РАЙОН"	"0"	"сельская местность"	"0"	"Всего"	"0"	"303"
"Число умерших(Человек)"	"2021 год"	"202112"	"САРЫКОЛЬСКИЙ РАЙОН"	"0"	"сельская местность"	"0"	"Всего"	"0"	"291"
"Число умерших(Человек)"	"2020 год"	"202012"	"САРЫКОЛЬСКИЙ РАЙОН"	"0"	"сельская местность"	"0"	"Всего"	"0"	"245"
"Число умерших(Человек)"	"2019 год"	"201912"	"САРЫКОЛЬСКИЙ РАЙОН"	"0"	"сельская местность"	"0"	"Всего"	"0"	"210"
"Число умерших(Человек)"	"2018 год"	"201812"	"САРЫКОЛЬСКИЙ РАЙОН"	"0"	"сельская местность"	"0"	"Всего"	"0"	"219"
"Число умерших(Человек)"	"2022 год"	"202212"	"САРЫКОЛЬСКИЙ РАЙОН"	"0"	"сельская местность"	"0"	"Всего"	"0"	"199"
"Число умерших(Человек)"	"2017 год"	"201712"	"САРЫКОЛЬСКИЙ РАЙОН"	"0"	"сельская местность"	"0"	"Всего"	"0"	"192"
"Число умерших(Человек)"	"2023 год"	"202312"	"САРЫКОЛЬСКИЙ РАЙОН"	"0"	"сельская местность"	"0"	"Всего"	"0"	"201"
"Число умерших(Человек)"	"2024 год"	"202412"	"САРЫКОЛЬСКИЙ РАЙОН"	"0"	"сельская местность"	"0"	"Всего"	"0"	"201"
"Число умерших(Человек)"	"2009 год"	"200912"	"РАЙОН БЕИМБЕТА МАЙЛИНА"	"0"	"Всего"	"0"	"Всего"	"0"	"359"
"Число умерших(Человек)"	"2011 год"	"201112"	"РАЙОН БЕИМБЕТА МАЙЛИНА"	"0"	"Всего"	"0"	"Всего"	"0"	"408"
"Число умерших(Человек)"	"2016 год"	"201612"	"РАЙОН БЕИМБЕТА МАЙЛИНА"	"0"	"Всего"	"0"	"Всего"	"0"	"282"
"Число умерших(Человек)"	"2010 год"	"201012"	"РАЙОН БЕИМБЕТА МАЙЛИНА"	"0"	"Всего"	"0"	"Всего"	"0"	"392"
"Число умерших(Человек)"	"2015 год"	"201512"	"РАЙОН БЕИМБЕТА МАЙЛИНА"	"0"	"Всего"	"0"	"Всего"	"0"	"324"
"Число умерших(Человек)"	"2013 год"	"201312"	"РАЙОН БЕИМБЕТА МАЙЛИНА"	"0"	"Всего"	"0"	"Всего"	"0"	"349"
"Число умерших(Человек)"	"2014 год"	"201412"	"РАЙОН БЕИМБЕТА МАЙЛИНА"	"0"	"Всего"	"0"	"Всего"	"0"	"332"
"Число умерших(Человек)"	"2012 год"	"201212"	"РАЙОН БЕИМБЕТА МАЙЛИНА"	"0"	"Всего"	"0"	"Всего"	"0"	"367"
"Число умерших(Человек)"	"2021 год"	"202112"	"РАЙОН БЕИМБЕТА МАЙЛИНА"	"0"	"Всего"	"0"	"Всего"	"0"	"442"
"Число умерших(Человек)"	"2020 год"	"202012"	"РАЙОН БЕИМБЕТА МАЙЛИНА"	"0"	"Всего"	"0"	"Всего"	"0"	"297"
"Число умерших(Человек)"	"2019 год"	"201912"	"РАЙОН БЕИМБЕТА МАЙЛИНА"	"0"	"Всего"	"0"	"Всего"	"0"	"297"
"Число умерших(Человек)"	"2018 год"	"201812"	"РАЙОН БЕИМБЕТА МАЙЛИНА"	"0"	"Всего"	"0"	"Всего"	"0"	"309"
"Число умерших(Человек)"	"2022 год"	"202212"	"РАЙОН БЕИМБЕТА МАЙЛИНА"	"0"	"Всего"	"0"	"Всего"	"0"	"284"
"Число умерших(Человек)"	"2017 год"	"201712"	"РАЙОН БЕИМБЕТА МАЙЛИНА"	"0"	"Всего"	"0"	"Всего"	"0"	"340"
"Число умерших(Человек)"	"2023 год"	"202312"	"РАЙОН БЕИМБЕТА МАЙЛИНА"	"0"	"Всего"	"0"	"Всего"	"0"	"295"
"Число умерших(Человек)"	"2024 год"	"202412"	"РАЙОН БЕИМБЕТА МАЙЛИНА"	"0"	"Всего"	"0"	"Всего"	"0"	"261"
"Число умерших(Человек)"	"2009 год"	"200912"	"РАЙОН БЕИМБЕТА МАЙЛИНА"	"0"	"сельская местность"	"0"	"Всего"	"0"	"359"
"Число умерших(Человек)"	"2011 год"	"201112"	"РАЙОН БЕИМБЕТА МАЙЛИНА"	"0"	"сельская местность"	"0"	"Всего"	"0"	"408"
"Число умерших(Человек)"	"2016 год"	"201612"	"РАЙОН БЕИМБЕТА МАЙЛИНА"	"0"	"сельская местность"	"0"	"Всего"	"0"	"282"
"Число умерших(Человек)"	"2010 год"	"201012"	"РАЙОН БЕИМБЕТА МАЙЛИНА"	"0"	"сельская местность"	"0"	"Всего"	"0"	"392"
"Число умерших(Человек)"	"2015 год"	"201512"	"РАЙОН БЕИМБЕТА МАЙЛИНА"	"0"	"сельская местность"	"0"	"Всего"	"0"	"324"
"Число умерших(Человек)"	"2013 год"	"201312"	"РАЙОН БЕИМБЕТА МАЙЛИНА"	"0"	"сельская местность"	"0"	"Всего"	"0"	"349"
"Число умерших(Человек)"	"2014 год"	"201412"	"РАЙОН БЕИМБЕТА МАЙЛИНА"	"0"	"сельская местность"	"0"	"Всего"	"0"	"332"
"Число умерших(Человек)"	"2012 год"	"201212"	"РАЙОН БЕИМБЕТА МАЙЛИНА"	"0"	"сельская местность"	"0"	"Всего"	"0"	"367"
"Число умерших(Человек)"	"2021 год"	"202112"	"РАЙОН БЕИМБЕТА МАЙЛИНА"	"0"	"сельская местность"	"0"	"Всего"	"0"	"442"
"Число умерших(Человек)"	"2020 год"	"202012"	"РАЙОН БЕИМБЕТА МАЙЛИНА"	"0"	"сельская местность"	"0"	"Всего"	"0"	"297"
"Число умерших(Человек)"	"2019 год"	"201912"	"РАЙОН БЕИМБЕТА МАЙЛИНА"	"0"	"сельская местность"	"0"	"Всего"	"0"	"297"
"Число умерших(Человек)"	"2018 год"	"201812"	"РАЙОН БЕИМБЕТА МАЙЛИНА"	"0"	"сельская местность"	"0"	"Всего"	"0"	"309"
"Число умерших(Человек)"	"2022 год"	"202212"	"РАЙОН БЕИМБЕТА МАЙЛИНА"	"0"	"сельская местность"	"0"	"Всего"	"0"	"284"
"Число умерших(Человек)"	"2017 год"	"201712"	"РАЙОН БЕИМБЕТА МАЙЛИНА"	"0"	"сельская местность"	"0"	"Всего"	"0"	"340"
"Число умерших(Человек)"	"2023 год"	"202312"	"РАЙОН БЕИМБЕТА МАЙЛИНА"	"0"	"сельская местность"	"0"	"Всего"	"0"	"295"
"Число умерших(Человек)"	"2024 год"	"202412"	"РАЙОН БЕИМБЕТА МАЙЛИНА"	"0"	"сельская местность"	"0"	"Всего"	"0"	"261"
"Число умерших(Человек)"	"2009 год"	"200912"	"УЗУНКОЛЬСКИЙ РАЙОН"	"0"	"Всего"	"0"	"Всего"	"0"	"302"
"Число умерших(Человек)"	"2011 год"	"201112"	"УЗУНКОЛЬСКИЙ РАЙОН"	"0"	"Всего"	"0"	"Всего"	"0"	"308"
"Число умерших(Человек)"	"2016 год"	"201612"	"УЗУНКОЛЬСКИЙ РАЙОН"	"0"	"Всего"	"0"	"Всего"	"0"	"251"
"Число умерших(Человек)"	"2010 год"	"201012"	"УЗУНКОЛЬСКИЙ РАЙОН"	"0"	"Всего"	"0"	"Всего"	"0"	"291"
"Число умерших(Человек)"	"2015 год"	"201512"	"УЗУНКОЛЬСКИЙ РАЙОН"	"0"	"Всего"	"0"	"Всего"	"0"	"232"
"Число умерших(Человек)"	"2013 год"	"201312"	"УЗУНКОЛЬСКИЙ РАЙОН"	"0"	"Всего"	"0"	"Всего"	"0"	"234"
"Число умерших(Человек)"	"2014 год"	"201412"	"УЗУНКОЛЬСКИЙ РАЙОН"	"0"	"Всего"	"0"	"Всего"	"0"	"228"
"Число умерших(Человек)"	"2012 год"	"201212"	"УЗУНКОЛЬСКИЙ РАЙОН"	"0"	"Всего"	"0"	"Всего"	"0"	"259"
"Число умерших(Человек)"	"2021 год"	"202112"	"УЗУНКОЛЬСКИЙ РАЙОН"	"0"	"Всего"	"0"	"Всего"	"0"	"262"
"Число умерших(Человек)"	"2020 год"	"202012"	"УЗУНКОЛЬСКИЙ РАЙОН"	"0"	"Всего"	"0"	"Всего"	"0"	"220"
"Число умерших(Человек)"	"2019 год"	"201912"	"УЗУНКОЛЬСКИЙ РАЙОН"	"0"	"Всего"	"0"	"Всего"	"0"	"177"
"Число умерших(Человек)"	"2018 год"	"201812"	"УЗУНКОЛЬСКИЙ РАЙОН"	"0"	"Всего"	"0"	"Всего"	"0"	"174"
"Число умерших(Человек)"	"2022 год"	"202212"	"УЗУНКОЛЬСКИЙ РАЙОН"	"0"	"Всего"	"0"	"Всего"	"0"	"189"
"Число умерших(Человек)"	"2017 год"	"201712"	"УЗУНКОЛЬСКИЙ РАЙОН"	"0"	"Всего"	"0"	"Всего"	"0"	"226"
"Число умерших(Человек)"	"2023 год"	"202312"	"УЗУНКОЛЬСКИЙ РАЙОН"	"0"	"Всего"	"0"	"Всего"	"0"	"200"
"Число умерших(Человек)"	"2024 год"	"202412"	"УЗУНКОЛЬСКИЙ РАЙОН"	"0"	"Всего"	"0"	"Всего"	"0"	"196"
"Число умерших(Человек)"	"2009 год"	"200912"	"УЗУНКОЛЬСКИЙ РАЙОН"	"0"	"сельская местность"	"0"	"Всего"	"0"	"302"
"Число умерших(Человек)"	"2011 год"	"201112"	"УЗУНКОЛЬСКИЙ РАЙОН"	"0"	"сельская местность"	"0"	"Всего"	"0"	"308"
"Число умерших(Человек)"	"2016 год"	"201612"	"УЗУНКОЛЬСКИЙ РАЙОН"	"0"	"сельская местность"	"0"	"Всего"	"0"	"251"
"Число умерших(Человек)"	"2010 год"	"201012"	"УЗУНКОЛЬСКИЙ РАЙОН"	"0"	"сельская местность"	"0"	"Всего"	"0"	"291"
"Число умерших(Человек)"	"2015 год"	"201512"	"УЗУНКОЛЬСКИЙ РАЙОН"	"0"	"сельская местность"	"0"	"Всего"	"0"	"232"
"Число умерших(Человек)"	"2013 год"	"201312"	"УЗУНКОЛЬСКИЙ РАЙОН"	"0"	"сельская местность"	"0"	"Всего"	"0"	"234"
"Число умерших(Человек)"	"2014 год"	"201412"	"УЗУНКОЛЬСКИЙ РАЙОН"	"0"	"сельская местность"	"0"	"Всего"	"0"	"228"
"Число умерших(Человек)"	"2012 год"	"201212"	"УЗУНКОЛЬСКИЙ РАЙОН"	"0"	"сельская местность"	"0"	"Всего"	"0"	"259"
"Число умерших(Человек)"	"2021 год"	"202112"	"УЗУНКОЛЬСКИЙ РАЙОН"	"0"	"сельская местность"	"0"	"Всего"	"0"	"262"
"Число умерших(Человек)"	"2020 год"	"202012"	"УЗУНКОЛЬСКИЙ РАЙОН"	"0"	"сельская местность"	"0"	"Всего"	"0"	"220"
"Число умерших(Человек)"	"2019 год"	"201912"	"УЗУНКОЛЬСКИЙ РАЙОН"	"0"	"сельская местность"	"0"	"Всего"	"0"	"177"
"Число умерших(Человек)"	"2018 год"	"201812"	"УЗУНКОЛЬСКИЙ РАЙОН"	"0"	"сельская местность"	"0"	"Всего"	"0"	"174"
"Число умерших(Человек)"	"2022 год"	"202212"	"УЗУНКОЛЬСКИЙ РАЙОН"	"0"	"сельская местность"	"0"	"Всего"	"0"	"189"
"Число умерших(Человек)"	"2017 год"	"201712"	"УЗУНКОЛЬСКИЙ РАЙОН"	"0"	"сельская местность"	"0"	"Всего"	"0"	"226"
"Число умерших(Человек)"	"2023 год"	"202312"	"УЗУНКОЛЬСКИЙ РАЙОН"	"0"	"сельская местность"	"0"	"Всего"	"0"	"200"
"Число умерших(Человек)"	"2024 год"	"202412"	"УЗУНКОЛЬСКИЙ РАЙОН"	"0"	"сельская местность"	"0"	"Всего"	"0"	"196"
"Число умерших(Человек)"	"2009 год"	"200912"	"ФЕДОРОВСКИЙ РАЙОН"	"0"	"Всего"	"0"	"Всего"	"0"	"347"
"Число умерших(Человек)"	"2011 год"	"201112"	"ФЕДОРОВСКИЙ РАЙОН"	"0"	"Всего"	"0"	"Всего"	"0"	"378"
"Число умерших(Человек)"	"2016 год"	"201612"	"ФЕДОРОВСКИЙ РАЙОН"	"0"	"Всего"	"0"	"Всего"	"0"	"318"
"Число умерших(Человек)"	"2010 год"	"201012"	"ФЕДОРОВСКИЙ РАЙОН"	"0"	"Всего"	"0"	"Всего"	"0"	"391"
"Число умерших(Человек)"	"2015 год"	"201512"	"ФЕДОРОВСКИЙ РАЙОН"	"0"	"Всего"	"0"	"Всего"	"0"	"333"
"Число умерших(Человек)"	"2013 год"	"201312"	"ФЕДОРОВСКИЙ РАЙОН"	"0"	"Всего"	"0"	"Всего"	"0"	"369"
"Число умерших(Человек)"	"2014 год"	"201412"	"ФЕДОРОВСКИЙ РАЙОН"	"0"	"Всего"	"0"	"Всего"	"0"	"366"
"Число умерших(Человек)"	"2012 год"	"201212"	"ФЕДОРОВСКИЙ РАЙОН"	"0"	"Всего"	"0"	"Всего"	"0"	"368"
"Число умерших(Человек)"	"2021 год"	"202112"	"ФЕДОРОВСКИЙ РАЙОН"	"0"	"Всего"	"0"	"Всего"	"0"	"420"
"Число умерших(Человек)"	"2020 год"	"202012"	"ФЕДОРОВСКИЙ РАЙОН"	"0"	"Всего"	"0"	"Всего"	"0"	"316"
"Число умерших(Человек)"	"2019 год"	"201912"	"ФЕДОРОВСКИЙ РАЙОН"	"0"	"Всего"	"0"	"Всего"	"0"	"309"
"Число умерших(Человек)"	"2018 год"	"201812"	"ФЕДОРОВСКИЙ РАЙОН"	"0"	"Всего"	"0"	"Всего"	"0"	"301"
"Число умерших(Человек)"	"2022 год"	"202212"	"ФЕДОРОВСКИЙ РАЙОН"	"0"	"Всего"	"0"	"Всего"	"0"	"276"
"Число умерших(Человек)"	"2017 год"	"201712"	"ФЕДОРОВСКИЙ РАЙОН"	"0"	"Всего"	"0"	"Всего"	"0"	"305"
"Число умерших(Человек)"	"2023 год"	"202312"	"ФЕДОРОВСКИЙ РАЙОН"	"0"	"Всего"	"0"	"Всего"	"0"	"292"
"Число умерших(Человек)"	"2024 год"	"202412"	"ФЕДОРОВСКИЙ РАЙОН"	"0"	"Всего"	"0"	"Всего"	"0"	"301"
"Число умерших(Человек)"	"2009 год"	"200912"	"ФЕДОРОВСКИЙ РАЙОН"	"0"	"сельская местность"	"0"	"Всего"	"0"	"347"
"Число умерших(Человек)"	"2011 год"	"201112"	"ФЕДОРОВСКИЙ РАЙОН"	"0"	"сельская местность"	"0"	"Всего"	"0"	"378"
"Число умерших(Человек)"	"2016 год"	"201612"	"ФЕДОРОВСКИЙ РАЙОН"	"0"	"сельская местность"	"0"	"Всего"	"0"	"318"
"Число умерших(Человек)"	"2010 год"	"201012"	"ФЕДОРОВСКИЙ РАЙОН"	"0"	"сельская местность"	"0"	"Всего"	"0"	"391"
"Число умерших(Человек)"	"2015 год"	"201512"	"ФЕДОРОВСКИЙ РАЙОН"	"0"	"сельская местность"	"0"	"Всего"	"0"	"333"
"Число умерших(Человек)"	"2013 год"	"201312"	"ФЕДОРОВСКИЙ РАЙОН"	"0"	"сельская местность"	"0"	"Всего"	"0"	"369"
"Число умерших(Человек)"	"2014 год"	"201412"	"ФЕДОРОВСКИЙ РАЙОН"	"0"	"сельская местность"	"0"	"Всего"	"0"	"366"
"Число умерших(Человек)"	"2012 год"	"201212"	"ФЕДОРОВСКИЙ РАЙОН"	"0"	"сельская местность"	"0"	"Всего"	"0"	"368"
"Число умерших(Человек)"	"2021 год"	"202112"	"ФЕДОРОВСКИЙ РАЙОН"	"0"	"сельская местность"	"0"	"Всего"	"0"	"420"
"Число умерших(Человек)"	"2020 год"	"202012"	"ФЕДОРОВСКИЙ РАЙОН"	"0"	"сельская местность"	"0"	"Всего"	"0"	"316"
"Число умерших(Человек)"	"2019 год"	"201912"	"ФЕДОРОВСКИЙ РАЙОН"	"0"	"сельская местность"	"0"	"Всего"	"0"	"309"
"Число умерших(Человек)"	"2018 год"	"201812"	"ФЕДОРОВСКИЙ РАЙОН"	"0"	"сельская местность"	"0"	"Всего"	"0"	"301"
"Число умерших(Человек)"	"2022 год"	"202212"	"ФЕДОРОВСКИЙ РАЙОН"	"0"	"сельская местность"	"0"	"Всего"	"0"	"276"
"Число умерших(Человек)"	"2017 год"	"201712"	"ФЕДОРОВСКИЙ РАЙОН"	"0"	"сельская местность"	"0"	"Всего"	"0"	"305"
"Число умерших(Человек)"	"2023 год"	"202312"	"ФЕДОРОВСКИЙ РАЙОН"	"0"	"сельская местность"	"0"	"Всего"	"0"	"292"
"Число умерших(Человек)"	"2024 год"	"202412"	"ФЕДОРОВСКИЙ РАЙОН"	"0"	"сельская местность"	"0"	"Всего"	"0"	"301"
"Число умерших(Человек)"	"2009 год"	"200912"	"МУНАЙЛИНСКИЙ РАЙОН"	"0"	"сельская местность"	"0"	"Всего"	"0"	"318"
"Число умерших(Человек)"	"2011 год"	"201112"	"МУНАЙЛИНСКИЙ РАЙОН"	"0"	"сельская местность"	"0"	"Всего"	"0"	"368"
"Число умерших(Человек)"	"2016 год"	"201612"	"МУНАЙЛИНСКИЙ РАЙОН"	"0"	"сельская местность"	"0"	"Всего"	"0"	"439"
"Число умерших(Человек)"	"2010 год"	"201012"	"МУНАЙЛИНСКИЙ РАЙОН"	"0"	"сельская местность"	"0"	"Всего"	"0"	"309"
"Число умерших(Человек)"	"2015 год"	"201512"	"МУНАЙЛИНСКИЙ РАЙОН"	"0"	"сельская местность"	"0"	"Всего"	"0"	"462"
"Число умерших(Человек)"	"2013 год"	"201312"	"МУНАЙЛИНСКИЙ РАЙОН"	"0"	"сельская местность"	"0"	"Всего"	"0"	"404"
"Число умерших(Человек)"	"2014 год"	"201412"	"МУНАЙЛИНСКИЙ РАЙОН"	"0"	"сельская местность"	"0"	"Всего"	"0"	"433"
"Число умерших(Человек)"	"2012 год"	"201212"	"МУНАЙЛИНСКИЙ РАЙОН"	"0"	"сельская местность"	"0"	"Всего"	"0"	"387"
"Число умерших(Человек)"	"2021 год"	"202112"	"МУНАЙЛИНСКИЙ РАЙОН"	"0"	"сельская местность"	"0"	"Всего"	"0"	"753"
"Число умерших(Человек)"	"2020 год"	"202012"	"МУНАЙЛИНСКИЙ РАЙОН"	"0"	"сельская местность"	"0"	"Всего"	"0"	"712"
"Число умерших(Человек)"	"2019 год"	"201912"	"МУНАЙЛИНСКИЙ РАЙОН"	"0"	"сельская местность"	"0"	"Всего"	"0"	"520"
"Число умерших(Человек)"	"2018 год"	"201812"	"МУНАЙЛИНСКИЙ РАЙОН"	"0"	"сельская местность"	"0"	"Всего"	"0"	"502"
"Число умерших(Человек)"	"2022 год"	"202212"	"МУНАЙЛИНСКИЙ РАЙОН"	"0"	"сельская местность"	"0"	"Всего"	"0"	"533"
"Число умерших(Человек)"	"2017 год"	"201712"	"МУНАЙЛИНСКИЙ РАЙОН"	"0"	"сельская местность"	"0"	"Всего"	"0"	"467"
"Число умерших(Человек)"	"2023 год"	"202312"	"МУНАЙЛИНСКИЙ РАЙОН"	"0"	"сельская местность"	"0"	"Всего"	"0"	"592"
"Число умерших(Человек)"	"2024 год"	"202412"	"МУНАЙЛИНСКИЙ РАЙОН"	"0"	"сельская местность"	"0"	"Всего"	"0"	"634"
"Число умерших(Человек)"	"2009 год"	"200912"	"МУНАЙЛИНСКИЙ РАЙОН"	"0"	"Всего"	"0"	"Всего"	"0"	"318"
"Число умерших(Человек)"	"2011 год"	"201112"	"МУНАЙЛИНСКИЙ РАЙОН"	"0"	"Всего"	"0"	"Всего"	"0"	"368"
"Число умерших(Человек)"	"2016 год"	"201612"	"МУНАЙЛИНСКИЙ РАЙОН"	"0"	"Всего"	"0"	"Всего"	"0"	"439"
"Число умерших(Человек)"	"2010 год"	"201012"	"МУНАЙЛИНСКИЙ РАЙОН"	"0"	"Всего"	"0"	"Всего"	"0"	"309"
"Число умерших(Человек)"	"2015 год"	"201512"	"МУНАЙЛИНСКИЙ РАЙОН"	"0"	"Всего"	"0"	"Всего"	"0"	"462"
"Число умерших(Человек)"	"2013 год"	"201312"	"МУНАЙЛИНСКИЙ РАЙОН"	"0"	"Всего"	"0"	"Всего"	"0"	"404"
"Число умерших(Человек)"	"2014 год"	"201412"	"МУНАЙЛИНСКИЙ РАЙОН"	"0"	"Всего"	"0"	"Всего"	"0"	"433"
"Число умерших(Человек)"	"2012 год"	"201212"	"МУНАЙЛИНСКИЙ РАЙОН"	"0"	"Всего"	"0"	"Всего"	"0"	"387"
"Число умерших(Человек)"	"2021 год"	"202112"	"МУНАЙЛИНСКИЙ РАЙОН"	"0"	"Всего"	"0"	"Всего"	"0"	"753"
"Число умерших(Человек)"	"2020 год"	"202012"	"МУНАЙЛИНСКИЙ РАЙОН"	"0"	"Всего"	"0"	"Всего"	"0"	"712"
"Число умерших(Человек)"	"2019 год"	"201912"	"МУНАЙЛИНСКИЙ РАЙОН"	"0"	"Всего"	"0"	"Всего"	"0"	"520"
"Число умерших(Человек)"	"2018 год"	"201812"	"МУНАЙЛИНСКИЙ РАЙОН"	"0"	"Всего"	"0"	"Всего"	"0"	"502"
"Число умерших(Человек)"	"2022 год"	"202212"	"МУНАЙЛИНСКИЙ РАЙОН"	"0"	"Всего"	"0"	"Всего"	"0"	"533"
"Число умерших(Человек)"	"2017 год"	"201712"	"МУНАЙЛИНСКИЙ РАЙОН"	"0"	"Всего"	"0"	"Всего"	"0"	"467"
"Число умерших(Человек)"	"2023 год"	"202312"	"МУНАЙЛИНСКИЙ РАЙОН"	"0"	"Всего"	"0"	"Всего"	"0"	"592"
"Число умерших(Человек)"	"2024 год"	"202412"	"МУНАЙЛИНСКИЙ РАЙОН"	"0"	"Всего"	"0"	"Всего"	"0"	"634"
"Число умерших(Человек)"	"2009 год"	"200912"	"ТУПКАРАГАНСКИЙ РАЙОН"	"0"	"Всего"	"0"	"Всего"	"0"	"133"
"Число умерших(Человек)"	"2011 год"	"201112"	"ТУПКАРАГАНСКИЙ РАЙОН"	"0"	"Всего"	"0"	"Всего"	"0"	"117"
"Число умерших(Человек)"	"2016 год"	"201612"	"ТУПКАРАГАНСКИЙ РАЙОН"	"0"	"Всего"	"0"	"Всего"	"0"	"134"
"Число умерших(Человек)"	"2010 год"	"201012"	"ТУПКАРАГАНСКИЙ РАЙОН"	"0"	"Всего"	"0"	"Всего"	"0"	"146"
"Число умерших(Человек)"	"2015 год"	"201512"	"ТУПКАРАГАНСКИЙ РАЙОН"	"0"	"Всего"	"0"	"Всего"	"0"	"119"
"Число умерших(Человек)"	"2013 год"	"201312"	"ТУПКАРАГАНСКИЙ РАЙОН"	"0"	"Всего"	"0"	"Всего"	"0"	"130"
"Число умерших(Человек)"	"2014 год"	"201412"	"ТУПКАРАГАНСКИЙ РАЙОН"	"0"	"Всего"	"0"	"Всего"	"0"	"103"
"Число умерших(Человек)"	"2012 год"	"201212"	"ТУПКАРАГАНСКИЙ РАЙОН"	"0"	"Всего"	"0"	"Всего"	"0"	"127"
"Число умерших(Человек)"	"2021 год"	"202112"	"ТУПКАРАГАНСКИЙ РАЙОН"	"0"	"Всего"	"0"	"Всего"	"0"	"224"
"Число умерших(Человек)"	"2020 год"	"202012"	"ТУПКАРАГАНСКИЙ РАЙОН"	"0"	"Всего"	"0"	"Всего"	"0"	"202"
"Число умерших(Человек)"	"2019 год"	"201912"	"ТУПКАРАГАНСКИЙ РАЙОН"	"0"	"Всего"	"0"	"Всего"	"0"	"137"
"Число умерших(Человек)"	"2018 год"	"201812"	"ТУПКАРАГАНСКИЙ РАЙОН"	"0"	"Всего"	"0"	"Всего"	"0"	"141"
"Число умерших(Человек)"	"2022 год"	"202212"	"ТУПКАРАГАНСКИЙ РАЙОН"	"0"	"Всего"	"0"	"Всего"	"0"	"153"
"Число умерших(Человек)"	"2017 год"	"201712"	"ТУПКАРАГАНСКИЙ РАЙОН"	"0"	"Всего"	"0"	"Всего"	"0"	"114"
"Число умерших(Человек)"	"2023 год"	"202312"	"ТУПКАРАГАНСКИЙ РАЙОН"	"0"	"Всего"	"0"	"Всего"	"0"	"157"
"Число умерших(Человек)"	"2024 год"	"202412"	"ТУПКАРАГАНСКИЙ РАЙОН"	"0"	"Всего"	"0"	"Всего"	"0"	"171"
"Число умерших(Человек)"	"2009 год"	"200912"	"ТУПКАРАГАНСКИЙ РАЙОН"	"0"	"городская местность"	"0"	"Всего"	"0"	"37"
"Число умерших(Человек)"	"2011 год"	"201112"	"ТУПКАРАГАНСКИЙ РАЙОН"	"0"	"городская местность"	"0"	"Всего"	"0"	"36"
"Число умерших(Человек)"	"2016 год"	"201612"	"ТУПКАРАГАНСКИЙ РАЙОН"	"0"	"городская местность"	"0"	"Всего"	"0"	"39"
"Число умерших(Человек)"	"2010 год"	"201012"	"ТУПКАРАГАНСКИЙ РАЙОН"	"0"	"городская местность"	"0"	"Всего"	"0"	"47"
"Число умерших(Человек)"	"2015 год"	"201512"	"ТУПКАРАГАНСКИЙ РАЙОН"	"0"	"городская местность"	"0"	"Всего"	"0"	"42"
"Число умерших(Человек)"	"2013 год"	"201312"	"ТУПКАРАГАНСКИЙ РАЙОН"	"0"	"городская местность"	"0"	"Всего"	"0"	"26"
"Число умерших(Человек)"	"2014 год"	"201412"	"ТУПКАРАГАНСКИЙ РАЙОН"	"0"	"городская местность"	"0"	"Всего"	"0"	"28"
"Число умерших(Человек)"	"2012 год"	"201212"	"ТУПКАРАГАНСКИЙ РАЙОН"	"0"	"городская местность"	"0"	"Всего"	"0"	"35"
"Число умерших(Человек)"	"2021 год"	"202112"	"ТУПКАРАГАНСКИЙ РАЙОН"	"0"	"городская местность"	"0"	"Всего"	"0"	"47"
"Число умерших(Человек)"	"2020 год"	"202012"	"ТУПКАРАГАНСКИЙ РАЙОН"	"0"	"городская местность"	"0"	"Всего"	"0"	"66"
"Число умерших(Человек)"	"2019 год"	"201912"	"ТУПКАРАГАНСКИЙ РАЙОН"	"0"	"городская местность"	"0"	"Всего"	"0"	"35"
"Число умерших(Человек)"	"2018 год"	"201812"	"ТУПКАРАГАНСКИЙ РАЙОН"	"0"	"городская местность"	"0"	"Всего"	"0"	"38"
"Число умерших(Человек)"	"2022 год"	"202212"	"ТУПКАРАГАНСКИЙ РАЙОН"	"0"	"городская местность"	"0"	"Всего"	"0"	"36"
"Число умерших(Человек)"	"2017 год"	"201712"	"ТУПКАРАГАНСКИЙ РАЙОН"	"0"	"городская местность"	"0"	"Всего"	"0"	"28"
"Число умерших(Человек)"	"2023 год"	"202312"	"ТУПКАРАГАНСКИЙ РАЙОН"	"0"	"городская местность"	"0"	"Всего"	"0"	"32"
"Число умерших(Человек)"	"2024 год"	"202412"	"ТУПКАРАГАНСКИЙ РАЙОН"	"0"	"городская местность"	"0"	"Всего"	"0"	"43"
"Число умерших(Человек)"	"2009 год"	"200912"	"ТУПКАРАГАНСКИЙ РАЙОН"	"0"	"сельская местность"	"0"	"Всего"	"0"	"96"
"Число умерших(Человек)"	"2011 год"	"201112"	"ТУПКАРАГАНСКИЙ РАЙОН"	"0"	"сельская местность"	"0"	"Всего"	"0"	"81"
"Число умерших(Человек)"	"2016 год"	"201612"	"ТУПКАРАГАНСКИЙ РАЙОН"	"0"	"сельская местность"	"0"	"Всего"	"0"	"95"
"Число умерших(Человек)"	"2010 год"	"201012"	"ТУПКАРАГАНСКИЙ РАЙОН"	"0"	"сельская местность"	"0"	"Всего"	"0"	"99"
"Число умерших(Человек)"	"2015 год"	"201512"	"ТУПКАРАГАНСКИЙ РАЙОН"	"0"	"сельская местность"	"0"	"Всего"	"0"	"77"
"Число умерших(Человек)"	"2013 год"	"201312"	"ТУПКАРАГАНСКИЙ РАЙОН"	"0"	"сельская местность"	"0"	"Всего"	"0"	"104"
"Число умерших(Человек)"	"2014 год"	"201412"	"ТУПКАРАГАНСКИЙ РАЙОН"	"0"	"сельская местность"	"0"	"Всего"	"0"	"75"
"Число умерших(Человек)"	"2012 год"	"201212"	"ТУПКАРАГАНСКИЙ РАЙОН"	"0"	"сельская местность"	"0"	"Всего"	"0"	"92"
"Число умерших(Человек)"	"2021 год"	"202112"	"ТУПКАРАГАНСКИЙ РАЙОН"	"0"	"сельская местность"	"0"	"Всего"	"0"	"177"
"Число умерших(Человек)"	"2020 год"	"202012"	"ТУПКАРАГАНСКИЙ РАЙОН"	"0"	"сельская местность"	"0"	"Всего"	"0"	"136"
"Число умерших(Человек)"	"2019 год"	"201912"	"ТУПКАРАГАНСКИЙ РАЙОН"	"0"	"сельская местность"	"0"	"Всего"	"0"	"102"
"Число умерших(Человек)"	"2018 год"	"201812"	"ТУПКАРАГАНСКИЙ РАЙОН"	"0"	"сельская местность"	"0"	"Всего"	"0"	"103"
"Число умерших(Человек)"	"2022 год"	"202212"	"ТУПКАРАГАНСКИЙ РАЙОН"	"0"	"сельская местность"	"0"	"Всего"	"0"	"117"
"Число умерших(Человек)"	"2017 год"	"201712"	"ТУПКАРАГАНСКИЙ РАЙОН"	"0"	"сельская местность"	"0"	"Всего"	"0"	"86"
"Число умерших(Человек)"	"2023 год"	"202312"	"ТУПКАРАГАНСКИЙ РАЙОН"	"0"	"сельская местность"	"0"	"Всего"	"0"	"125"
"Число умерших(Человек)"	"2024 год"	"202412"	"ТУПКАРАГАНСКИЙ РАЙОН"	"0"	"сельская местность"	"0"	"Всего"	"0"	"128"
"Число умерших(Человек)"	"2009 год"	"200912"	"ШЫМКЕНТ Г.А."	"0"	"Всего"	"0"	"Всего"	"0"	"4 088"
"Число умерших(Человек)"	"2011 год"	"201112"	"ШЫМКЕНТ Г.А."	"0"	"Всего"	"0"	"Всего"	"0"	"4 229"
"Число умерших(Человек)"	"2016 год"	"201612"	"ШЫМКЕНТ Г.А."	"0"	"Всего"	"0"	"Всего"	"0"	"4 537"
"Число умерших(Человек)"	"2010 год"	"201012"	"ШЫМКЕНТ Г.А."	"0"	"Всего"	"0"	"Всего"	"0"	"4 088"
"Число умерших(Человек)"	"2015 год"	"201512"	"ШЫМКЕНТ Г.А."	"0"	"Всего"	"0"	"Всего"	"0"	"4 368"
"Число умерших(Человек)"	"2013 год"	"201312"	"ШЫМКЕНТ Г.А."	"0"	"Всего"	"0"	"Всего"	"0"	"3 918"
"Число умерших(Человек)"	"2014 год"	"201412"	"ШЫМКЕНТ Г.А."	"0"	"Всего"	"0"	"Всего"	"0"	"4 485"
"Число умерших(Человек)"	"2012 год"	"201212"	"ШЫМКЕНТ Г.А."	"0"	"Всего"	"0"	"Всего"	"0"	"3 969"
"Число умерших(Человек)"	"2009 год"	"200912"	"ШЫМКЕНТ Г.А."	"0"	"городская местность"	"0"	"Всего"	"0"	"4 088"
"Число умерших(Человек)"	"2011 год"	"201112"	"ШЫМКЕНТ Г.А."	"0"	"городская местность"	"0"	"Всего"	"0"	"4 229"
"Число умерших(Человек)"	"2016 год"	"201612"	"ШЫМКЕНТ Г.А."	"0"	"городская местность"	"0"	"Всего"	"0"	"4 537"
"Число умерших(Человек)"	"2010 год"	"201012"	"ШЫМКЕНТ Г.А."	"0"	"городская местность"	"0"	"Всего"	"0"	"4 088"
"Число умерших(Человек)"	"2015 год"	"201512"	"ШЫМКЕНТ Г.А."	"0"	"городская местность"	"0"	"Всего"	"0"	"4 368"
"Число умерших(Человек)"	"2013 год"	"201312"	"ШЫМКЕНТ Г.А."	"0"	"городская местность"	"0"	"Всего"	"0"	"3 918"
"Число умерших(Человек)"	"2014 год"	"201412"	"ШЫМКЕНТ Г.А."	"0"	"городская местность"	"0"	"Всего"	"0"	"4 485"
"Число умерших(Человек)"	"2012 год"	"201212"	"ШЫМКЕНТ Г.А."	"0"	"городская местность"	"0"	"Всего"	"0"	"3 969"
"Число умерших(Человек)"	"2009 год"	"200912"	"АРЫСЬ Г.А."	"0"	"Всего"	"0"	"Всего"	"0"	"417"
"Число умерших(Человек)"	"2011 год"	"201112"	"АРЫСЬ Г.А."	"0"	"Всего"	"0"	"Всего"	"0"	"430"
"Число умерших(Человек)"	"2016 год"	"201612"	"АРЫСЬ Г.А."	"0"	"Всего"	"0"	"Всего"	"0"	"383"
"Число умерших(Человек)"	"2010 год"	"201012"	"АРЫСЬ Г.А."	"0"	"Всего"	"0"	"Всего"	"0"	"410"
"Число умерших(Человек)"	"2015 год"	"201512"	"АРЫСЬ Г.А."	"0"	"Всего"	"0"	"Всего"	"0"	"405"
"Число умерших(Человек)"	"2013 год"	"201312"	"АРЫСЬ Г.А."	"0"	"Всего"	"0"	"Всего"	"0"	"397"
"Число умерших(Человек)"	"2014 год"	"201412"	"АРЫСЬ Г.А."	"0"	"Всего"	"0"	"Всего"	"0"	"413"
"Число умерших(Человек)"	"2012 год"	"201212"	"АРЫСЬ Г.А."	"0"	"Всего"	"0"	"Всего"	"0"	"382"
"Число умерших(Человек)"	"2009 год"	"200912"	"АРЫСЬ Г.А."	"0"	"городская местность"	"0"	"Всего"	"0"	"288"
"Число умерших(Человек)"	"2011 год"	"201112"	"АРЫСЬ Г.А."	"0"	"городская местность"	"0"	"Всего"	"0"	"287"
"Число умерших(Человек)"	"2016 год"	"201612"	"АРЫСЬ Г.А."	"0"	"городская местность"	"0"	"Всего"	"0"	"234"
"Число умерших(Человек)"	"2010 год"	"201012"	"АРЫСЬ Г.А."	"0"	"городская местность"	"0"	"Всего"	"0"	"253"
"Число умерших(Человек)"	"2015 год"	"201512"	"АРЫСЬ Г.А."	"0"	"городская местность"	"0"	"Всего"	"0"	"256"
"Число умерших(Человек)"	"2013 год"	"201312"	"АРЫСЬ Г.А."	"0"	"городская местность"	"0"	"Всего"	"0"	"274"
"Число умерших(Человек)"	"2014 год"	"201412"	"АРЫСЬ Г.А."	"0"	"городская местность"	"0"	"Всего"	"0"	"264"
"Число умерших(Человек)"	"2012 год"	"201212"	"АРЫСЬ Г.А."	"0"	"городская местность"	"0"	"Всего"	"0"	"260"
"Число умерших(Человек)"	"2009 год"	"200912"	"АРЫСЬ Г.А."	"0"	"сельская местность"	"0"	"Всего"	"0"	"129"
"Число умерших(Человек)"	"2011 год"	"201112"	"АРЫСЬ Г.А."	"0"	"сельская местность"	"0"	"Всего"	"0"	"143"
"Число умерших(Человек)"	"2016 год"	"201612"	"АРЫСЬ Г.А."	"0"	"сельская местность"	"0"	"Всего"	"0"	"149"
"Число умерших(Человек)"	"2010 год"	"201012"	"АРЫСЬ Г.А."	"0"	"сельская местность"	"0"	"Всего"	"0"	"157"
"Число умерших(Человек)"	"2015 год"	"201512"	"АРЫСЬ Г.А."	"0"	"сельская местность"	"0"	"Всего"	"0"	"149"
"Число умерших(Человек)"	"2013 год"	"201312"	"АРЫСЬ Г.А."	"0"	"сельская местность"	"0"	"Всего"	"0"	"123"
"Число умерших(Человек)"	"2014 год"	"201412"	"АРЫСЬ Г.А."	"0"	"сельская местность"	"0"	"Всего"	"0"	"149"
"Число умерших(Человек)"	"2012 год"	"201212"	"АРЫСЬ Г.А."	"0"	"сельская местность"	"0"	"Всего"	"0"	"122"
"Число умерших(Человек)"	"2009 год"	"200912"	"КЕНТАУ Г.А."	"0"	"Всего"	"0"	"Всего"	"0"	"617"
"Число умерших(Человек)"	"2011 год"	"201112"	"КЕНТАУ Г.А."	"0"	"Всего"	"0"	"Всего"	"0"	"639"
"Число умерших(Человек)"	"2016 год"	"201612"	"КЕНТАУ Г.А."	"0"	"Всего"	"0"	"Всего"	"0"	"552"
"Число умерших(Человек)"	"2010 год"	"201012"	"КЕНТАУ Г.А."	"0"	"Всего"	"0"	"Всего"	"0"	"563"
"Число умерших(Человек)"	"2015 год"	"201512"	"КЕНТАУ Г.А."	"0"	"Всего"	"0"	"Всего"	"0"	"557"
"Число умерших(Человек)"	"2013 год"	"201312"	"КЕНТАУ Г.А."	"0"	"Всего"	"0"	"Всего"	"0"	"592"
"Число умерших(Человек)"	"2014 год"	"201412"	"КЕНТАУ Г.А."	"0"	"Всего"	"0"	"Всего"	"0"	"593"
"Число умерших(Человек)"	"2012 год"	"201212"	"КЕНТАУ Г.А."	"0"	"Всего"	"0"	"Всего"	"0"	"657"
"Число умерших(Человек)"	"2009 год"	"200912"	"КЕНТАУ Г.А."	"0"	"городская местность"	"0"	"Всего"	"0"	"512"
"Число умерших(Человек)"	"2011 год"	"201112"	"КЕНТАУ Г.А."	"0"	"городская местность"	"0"	"Всего"	"0"	"516"
"Число умерших(Человек)"	"2016 год"	"201612"	"КЕНТАУ Г.А."	"0"	"городская местность"	"0"	"Всего"	"0"	"445"
"Число умерших(Человек)"	"2010 год"	"201012"	"КЕНТАУ Г.А."	"0"	"городская местность"	"0"	"Всего"	"0"	"446"
"Число умерших(Человек)"	"2015 год"	"201512"	"КЕНТАУ Г.А."	"0"	"городская местность"	"0"	"Всего"	"0"	"454"
"Число умерших(Человек)"	"2013 год"	"201312"	"КЕНТАУ Г.А."	"0"	"городская местность"	"0"	"Всего"	"0"	"504"
"Число умерших(Человек)"	"2014 год"	"201412"	"КЕНТАУ Г.А."	"0"	"городская местность"	"0"	"Всего"	"0"	"492"
"Число умерших(Человек)"	"2012 год"	"201212"	"КЕНТАУ Г.А."	"0"	"городская местность"	"0"	"Всего"	"0"	"509"
"Число умерших(Человек)"	"2009 год"	"200912"	"КЕНТАУ Г.А."	"0"	"сельская местность"	"0"	"Всего"	"0"	"105"
"Число умерших(Человек)"	"2011 год"	"201112"	"КЕНТАУ Г.А."	"0"	"сельская местность"	"0"	"Всего"	"0"	"123"
"Число умерших(Человек)"	"2016 год"	"201612"	"КЕНТАУ Г.А."	"0"	"сельская местность"	"0"	"Всего"	"0"	"107"
"Число умерших(Человек)"	"2010 год"	"201012"	"КЕНТАУ Г.А."	"0"	"сельская местность"	"0"	"Всего"	"0"	"117"
"Число умерших(Человек)"	"2015 год"	"201512"	"КЕНТАУ Г.А."	"0"	"сельская местность"	"0"	"Всего"	"0"	"103"
"Число умерших(Человек)"	"2013 год"	"201312"	"КЕНТАУ Г.А."	"0"	"сельская местность"	"0"	"Всего"	"0"	"88"
"Число умерших(Человек)"	"2014 год"	"201412"	"КЕНТАУ Г.А."	"0"	"сельская местность"	"0"	"Всего"	"0"	"101"
"Число умерших(Человек)"	"2012 год"	"201212"	"КЕНТАУ Г.А."	"0"	"сельская местность"	"0"	"Всего"	"0"	"148"
"Число умерших(Человек)"	"2009 год"	"200912"	"РАЙОН БАЙДИБЕКА"	"0"	"Всего"	"0"	"Всего"	"0"	"308"
"Число умерших(Человек)"	"2011 год"	"201112"	"РАЙОН БАЙДИБЕКА"	"0"	"Всего"	"0"	"Всего"	"0"	"368"
"Число умерших(Человек)"	"2016 год"	"201612"	"РАЙОН БАЙДИБЕКА"	"0"	"Всего"	"0"	"Всего"	"0"	"336"
"Число умерших(Человек)"	"2010 год"	"201012"	"РАЙОН БАЙДИБЕКА"	"0"	"Всего"	"0"	"Всего"	"0"	"331"
"Число умерших(Человек)"	"2015 год"	"201512"	"РАЙОН БАЙДИБЕКА"	"0"	"Всего"	"0"	"Всего"	"0"	"297"
"Число умерших(Человек)"	"2013 год"	"201312"	"РАЙОН БАЙДИБЕКА"	"0"	"Всего"	"0"	"Всего"	"0"	"289"
"Число умерших(Человек)"	"2014 год"	"201412"	"РАЙОН БАЙДИБЕКА"	"0"	"Всего"	"0"	"Всего"	"0"	"305"
"Число умерших(Человек)"	"2012 год"	"201212"	"РАЙОН БАЙДИБЕКА"	"0"	"Всего"	"0"	"Всего"	"0"	"332"
"Число умерших(Человек)"	"2009 год"	"200912"	"РАЙОН БАЙДИБЕКА"	"0"	"сельская местность"	"0"	"Всего"	"0"	"308"
"Число умерших(Человек)"	"2011 год"	"201112"	"РАЙОН БАЙДИБЕКА"	"0"	"сельская местность"	"0"	"Всего"	"0"	"368"
"Число умерших(Человек)"	"2016 год"	"201612"	"РАЙОН БАЙДИБЕКА"	"0"	"сельская местность"	"0"	"Всего"	"0"	"336"
"Число умерших(Человек)"	"2010 год"	"201012"	"РАЙОН БАЙДИБЕКА"	"0"	"сельская местность"	"0"	"Всего"	"0"	"331"
"Число умерших(Человек)"	"2015 год"	"201512"	"РАЙОН БАЙДИБЕКА"	"0"	"сельская местность"	"0"	"Всего"	"0"	"297"
"Число умерших(Человек)"	"2013 год"	"201312"	"РАЙОН БАЙДИБЕКА"	"0"	"сельская местность"	"0"	"Всего"	"0"	"289"
"Число умерших(Человек)"	"2014 год"	"201412"	"РАЙОН БАЙДИБЕКА"	"0"	"сельская местность"	"0"	"Всего"	"0"	"305"
"Число умерших(Человек)"	"2012 год"	"201212"	"РАЙОН БАЙДИБЕКА"	"0"	"сельская местность"	"0"	"Всего"	"0"	"332"
"Число умерших(Человек)"	"2009 год"	"200912"	"КАЗЫГУРТСКИЙ РАЙОН"	"0"	"Всего"	"0"	"Всего"	"0"	"674"
"Число умерших(Человек)"	"2011 год"	"201112"	"КАЗЫГУРТСКИЙ РАЙОН"	"0"	"Всего"	"0"	"Всего"	"0"	"633"
"Число умерших(Человек)"	"2016 год"	"201612"	"КАЗЫГУРТСКИЙ РАЙОН"	"0"	"Всего"	"0"	"Всего"	"0"	"625"
"Число умерших(Человек)"	"2010 год"	"201012"	"КАЗЫГУРТСКИЙ РАЙОН"	"0"	"Всего"	"0"	"Всего"	"0"	"618"
"Число умерших(Человек)"	"2015 год"	"201512"	"КАЗЫГУРТСКИЙ РАЙОН"	"0"	"Всего"	"0"	"Всего"	"0"	"619"
"Число умерших(Человек)"	"2013 год"	"201312"	"КАЗЫГУРТСКИЙ РАЙОН"	"0"	"Всего"	"0"	"Всего"	"0"	"628"
"Число умерших(Человек)"	"2014 год"	"201412"	"КАЗЫГУРТСКИЙ РАЙОН"	"0"	"Всего"	"0"	"Всего"	"0"	"626"
"Число умерших(Человек)"	"2012 год"	"201212"	"КАЗЫГУРТСКИЙ РАЙОН"	"0"	"Всего"	"0"	"Всего"	"0"	"650"
"Число умерших(Человек)"	"2009 год"	"200912"	"КАЗЫГУРТСКИЙ РАЙОН"	"0"	"сельская местность"	"0"	"Всего"	"0"	"674"
"Число умерших(Человек)"	"2011 год"	"201112"	"КАЗЫГУРТСКИЙ РАЙОН"	"0"	"сельская местность"	"0"	"Всего"	"0"	"633"
"Число умерших(Человек)"	"2016 год"	"201612"	"КАЗЫГУРТСКИЙ РАЙОН"	"0"	"сельская местность"	"0"	"Всего"	"0"	"625"
"Число умерших(Человек)"	"2010 год"	"201012"	"КАЗЫГУРТСКИЙ РАЙОН"	"0"	"сельская местность"	"0"	"Всего"	"0"	"618"
"Число умерших(Человек)"	"2015 год"	"201512"	"КАЗЫГУРТСКИЙ РАЙОН"	"0"	"сельская местность"	"0"	"Всего"	"0"	"619"
"Число умерших(Человек)"	"2013 год"	"201312"	"КАЗЫГУРТСКИЙ РАЙОН"	"0"	"сельская местность"	"0"	"Всего"	"0"	"628"
"Число умерших(Человек)"	"2014 год"	"201412"	"КАЗЫГУРТСКИЙ РАЙОН"	"0"	"сельская местность"	"0"	"Всего"	"0"	"626"
"Число умерших(Человек)"	"2012 год"	"201212"	"КАЗЫГУРТСКИЙ РАЙОН"	"0"	"сельская местность"	"0"	"Всего"	"0"	"650"
"Число умерших(Человек)"	"2009 год"	"200912"	"МАКТААРАЛЬСКИЙ РАЙОН"	"0"	"Всего"	"0"	"Всего"	"0"	"1 524"
"Число умерших(Человек)"	"2011 год"	"201112"	"МАКТААРАЛЬСКИЙ РАЙОН"	"0"	"Всего"	"0"	"Всего"	"0"	"1 652"
"Число умерших(Человек)"	"2016 год"	"201612"	"МАКТААРАЛЬСКИЙ РАЙОН"	"0"	"Всего"	"0"	"Всего"	"0"	"1 417"
"Число умерших(Человек)"	"2010 год"	"201012"	"МАКТААРАЛЬСКИЙ РАЙОН"	"0"	"Всего"	"0"	"Всего"	"0"	"1 619"
"Число умерших(Человек)"	"2015 год"	"201512"	"МАКТААРАЛЬСКИЙ РАЙОН"	"0"	"Всего"	"0"	"Всего"	"0"	"1 590"
"Число умерших(Человек)"	"2013 год"	"201312"	"МАКТААРАЛЬСКИЙ РАЙОН"	"0"	"Всего"	"0"	"Всего"	"0"	"1 579"
"Число умерших(Человек)"	"2014 год"	"201412"	"МАКТААРАЛЬСКИЙ РАЙОН"	"0"	"Всего"	"0"	"Всего"	"0"	"1 566"
"Число умерших(Человек)"	"2012 год"	"201212"	"МАКТААРАЛЬСКИЙ РАЙОН"	"0"	"Всего"	"0"	"Всего"	"0"	"1 568"
"Число умерших(Человек)"	"2009 год"	"200912"	"МАКТААРАЛЬСКИЙ РАЙОН"	"0"	"городская местность"	"0"	"Всего"	"0"	"254"
"Число умерших(Человек)"	"2011 год"	"201112"	"МАКТААРАЛЬСКИЙ РАЙОН"	"0"	"городская местность"	"0"	"Всего"	"0"	"256"
"Число умерших(Человек)"	"2016 год"	"201612"	"МАКТААРАЛЬСКИЙ РАЙОН"	"0"	"городская местность"	"0"	"Всего"	"0"	"242"
"Число умерших(Человек)"	"2010 год"	"201012"	"МАКТААРАЛЬСКИЙ РАЙОН"	"0"	"городская местность"	"0"	"Всего"	"0"	"250"
"Число умерших(Человек)"	"2015 год"	"201512"	"МАКТААРАЛЬСКИЙ РАЙОН"	"0"	"городская местность"	"0"	"Всего"	"0"	"257"
"Число умерших(Человек)"	"2013 год"	"201312"	"МАКТААРАЛЬСКИЙ РАЙОН"	"0"	"городская местность"	"0"	"Всего"	"0"	"249"
"Число умерших(Человек)"	"2014 год"	"201412"	"МАКТААРАЛЬСКИЙ РАЙОН"	"0"	"городская местность"	"0"	"Всего"	"0"	"235"
"Число умерших(Человек)"	"2012 год"	"201212"	"МАКТААРАЛЬСКИЙ РАЙОН"	"0"	"городская местность"	"0"	"Всего"	"0"	"241"
"Число умерших(Человек)"	"2009 год"	"200912"	"МАКТААРАЛЬСКИЙ РАЙОН"	"0"	"сельская местность"	"0"	"Всего"	"0"	"1 270"
"Число умерших(Человек)"	"2011 год"	"201112"	"МАКТААРАЛЬСКИЙ РАЙОН"	"0"	"сельская местность"	"0"	"Всего"	"0"	"1 396"
"Число умерших(Человек)"	"2016 год"	"201612"	"МАКТААРАЛЬСКИЙ РАЙОН"	"0"	"сельская местность"	"0"	"Всего"	"0"	"1 175"
"Число умерших(Человек)"	"2010 год"	"201012"	"МАКТААРАЛЬСКИЙ РАЙОН"	"0"	"сельская местность"	"0"	"Всего"	"0"	"1 369"
"Число умерших(Человек)"	"2015 год"	"201512"	"МАКТААРАЛЬСКИЙ РАЙОН"	"0"	"сельская местность"	"0"	"Всего"	"0"	"1 333"
"Число умерших(Человек)"	"2013 год"	"201312"	"МАКТААРАЛЬСКИЙ РАЙОН"	"0"	"сельская местность"	"0"	"Всего"	"0"	"1 330"
"Число умерших(Человек)"	"2014 год"	"201412"	"МАКТААРАЛЬСКИЙ РАЙОН"	"0"	"сельская местность"	"0"	"Всего"	"0"	"1 331"
"Число умерших(Человек)"	"2012 год"	"201212"	"МАКТААРАЛЬСКИЙ РАЙОН"	"0"	"сельская местность"	"0"	"Всего"	"0"	"1 327"
"Число умерших(Человек)"	"2009 год"	"200912"	"ОРДАБАСЫНСКИЙ РАЙОН"	"0"	"Всего"	"0"	"Всего"	"0"	"667"
"Число умерших(Человек)"	"2011 год"	"201112"	"ОРДАБАСЫНСКИЙ РАЙОН"	"0"	"Всего"	"0"	"Всего"	"0"	"721"
"Число умерших(Человек)"	"2016 год"	"201612"	"ОРДАБАСЫНСКИЙ РАЙОН"	"0"	"Всего"	"0"	"Всего"	"0"	"620"
"Число умерших(Человек)"	"2010 год"	"201012"	"ОРДАБАСЫНСКИЙ РАЙОН"	"0"	"Всего"	"0"	"Всего"	"0"	"674"
"Число умерших(Человек)"	"2015 год"	"201512"	"ОРДАБАСЫНСКИЙ РАЙОН"	"0"	"Всего"	"0"	"Всего"	"0"	"670"
"Число умерших(Человек)"	"2013 год"	"201312"	"ОРДАБАСЫНСКИЙ РАЙОН"	"0"	"Всего"	"0"	"Всего"	"0"	"685"
"Число умерших(Человек)"	"2014 год"	"201412"	"ОРДАБАСЫНСКИЙ РАЙОН"	"0"	"Всего"	"0"	"Всего"	"0"	"625"
"Число умерших(Человек)"	"2012 год"	"201212"	"ОРДАБАСЫНСКИЙ РАЙОН"	"0"	"Всего"	"0"	"Всего"	"0"	"700"
"Число умерших(Человек)"	"2009 год"	"200912"	"ОРДАБАСЫНСКИЙ РАЙОН"	"0"	"сельская местность"	"0"	"Всего"	"0"	"667"
"Число умерших(Человек)"	"2011 год"	"201112"	"ОРДАБАСЫНСКИЙ РАЙОН"	"0"	"сельская местность"	"0"	"Всего"	"0"	"721"
"Число умерших(Человек)"	"2016 год"	"201612"	"ОРДАБАСЫНСКИЙ РАЙОН"	"0"	"сельская местность"	"0"	"Всего"	"0"	"620"
"Число умерших(Человек)"	"2010 год"	"201012"	"ОРДАБАСЫНСКИЙ РАЙОН"	"0"	"сельская местность"	"0"	"Всего"	"0"	"674"
"Число умерших(Человек)"	"2015 год"	"201512"	"ОРДАБАСЫНСКИЙ РАЙОН"	"0"	"сельская местность"	"0"	"Всего"	"0"	"670"
"Число умерших(Человек)"	"2013 год"	"201312"	"ОРДАБАСЫНСКИЙ РАЙОН"	"0"	"сельская местность"	"0"	"Всего"	"0"	"685"
"Число умерших(Человек)"	"2014 год"	"201412"	"ОРДАБАСЫНСКИЙ РАЙОН"	"0"	"сельская местность"	"0"	"Всего"	"0"	"625"
"Число умерших(Человек)"	"2012 год"	"201212"	"ОРДАБАСЫНСКИЙ РАЙОН"	"0"	"сельская местность"	"0"	"Всего"	"0"	"700"
"Число умерших(Человек)"	"2009 год"	"200912"	"ТУРКЕСТАН Г.А."	"0"	"Всего"	"0"	"Всего"	"0"	"1 215"
"Число умерших(Человек)"	"2011 год"	"201112"	"ТУРКЕСТАН Г.А."	"0"	"Всего"	"0"	"Всего"	"0"	"1 154"
"Число умерших(Человек)"	"2016 год"	"201612"	"ТУРКЕСТАН Г.А."	"0"	"Всего"	"0"	"Всего"	"0"	"1 230"
"Число умерших(Человек)"	"2010 год"	"201012"	"ТУРКЕСТАН Г.А."	"0"	"Всего"	"0"	"Всего"	"0"	"1 181"
"Число умерших(Человек)"	"2015 год"	"201512"	"ТУРКЕСТАН Г.А."	"0"	"Всего"	"0"	"Всего"	"0"	"1 248"
"Число умерших(Человек)"	"2013 год"	"201312"	"ТУРКЕСТАН Г.А."	"0"	"Всего"	"0"	"Всего"	"0"	"1 254"
"Число умерших(Человек)"	"2014 год"	"201412"	"ТУРКЕСТАН Г.А."	"0"	"Всего"	"0"	"Всего"	"0"	"1 284"
"Число умерших(Человек)"	"2012 год"	"201212"	"ТУРКЕСТАН Г.А."	"0"	"Всего"	"0"	"Всего"	"0"	"1 171"
"Число умерших(Человек)"	"2009 год"	"200912"	"ТУРКЕСТАН Г.А."	"0"	"городская местность"	"0"	"Всего"	"0"	"913"
"Число умерших(Человек)"	"2011 год"	"201112"	"ТУРКЕСТАН Г.А."	"0"	"городская местность"	"0"	"Всего"	"0"	"776"
"Число умерших(Человек)"	"2016 год"	"201612"	"ТУРКЕСТАН Г.А."	"0"	"городская местность"	"0"	"Всего"	"0"	"881"
"Число умерших(Человек)"	"2010 год"	"201012"	"ТУРКЕСТАН Г.А."	"0"	"городская местность"	"0"	"Всего"	"0"	"779"
"Число умерших(Человек)"	"2015 год"	"201512"	"ТУРКЕСТАН Г.А."	"0"	"городская местность"	"0"	"Всего"	"0"	"856"
"Число умерших(Человек)"	"2013 год"	"201312"	"ТУРКЕСТАН Г.А."	"0"	"городская местность"	"0"	"Всего"	"0"	"889"
"Число умерших(Человек)"	"2014 год"	"201412"	"ТУРКЕСТАН Г.А."	"0"	"городская местность"	"0"	"Всего"	"0"	"852"
"Число умерших(Человек)"	"2012 год"	"201212"	"ТУРКЕСТАН Г.А."	"0"	"городская местность"	"0"	"Всего"	"0"	"826"
"Число умерших(Человек)"	"2009 год"	"200912"	"ТУРКЕСТАН Г.А."	"0"	"сельская местность"	"0"	"Всего"	"0"	"302"
"Число умерших(Человек)"	"2011 год"	"201112"	"ТУРКЕСТАН Г.А."	"0"	"сельская местность"	"0"	"Всего"	"0"	"378"
"Число умерших(Человек)"	"2016 год"	"201612"	"ТУРКЕСТАН Г.А."	"0"	"сельская местность"	"0"	"Всего"	"0"	"349"
"Число умерших(Человек)"	"2010 год"	"201012"	"ТУРКЕСТАН Г.А."	"0"	"сельская местность"	"0"	"Всего"	"0"	"402"
"Число умерших(Человек)"	"2015 год"	"201512"	"ТУРКЕСТАН Г.А."	"0"	"сельская местность"	"0"	"Всего"	"0"	"392"
"Число умерших(Человек)"	"2013 год"	"201312"	"ТУРКЕСТАН Г.А."	"0"	"сельская местность"	"0"	"Всего"	"0"	"365"
"Число умерших(Человек)"	"2014 год"	"201412"	"ТУРКЕСТАН Г.А."	"0"	"сельская местность"	"0"	"Всего"	"0"	"432"
"Число умерших(Человек)"	"2012 год"	"201212"	"ТУРКЕСТАН Г.А."	"0"	"сельская местность"	"0"	"Всего"	"0"	"345"
"Число умерших(Человек)"	"2009 год"	"200912"	"КАЗАЛИНСКИЙ РАЙОН"	"0"	"Всего"	"0"	"Всего"	"0"	"554"
"Число умерших(Человек)"	"2011 год"	"201112"	"КАЗАЛИНСКИЙ РАЙОН"	"0"	"Всего"	"0"	"Всего"	"0"	"541"
"Число умерших(Человек)"	"2016 год"	"201612"	"КАЗАЛИНСКИЙ РАЙОН"	"0"	"Всего"	"0"	"Всего"	"0"	"452"
"Число умерших(Человек)"	"2010 год"	"201012"	"КАЗАЛИНСКИЙ РАЙОН"	"0"	"Всего"	"0"	"Всего"	"0"	"531"
"Число умерших(Человек)"	"2015 год"	"201512"	"КАЗАЛИНСКИЙ РАЙОН"	"0"	"Всего"	"0"	"Всего"	"0"	"498"
"Число умерших(Человек)"	"2013 год"	"201312"	"КАЗАЛИНСКИЙ РАЙОН"	"0"	"Всего"	"0"	"Всего"	"0"	"493"
"Число умерших(Человек)"	"2014 год"	"201412"	"КАЗАЛИНСКИЙ РАЙОН"	"0"	"Всего"	"0"	"Всего"	"0"	"485"
"Число умерших(Человек)"	"2012 год"	"201212"	"КАЗАЛИНСКИЙ РАЙОН"	"0"	"Всего"	"0"	"Всего"	"0"	"489"
"Число умерших(Человек)"	"2021 год"	"202112"	"КАЗАЛИНСКИЙ РАЙОН"	"0"	"Всего"	"0"	"Всего"	"0"	"557"
"Число умерших(Человек)"	"2020 год"	"202012"	"КАЗАЛИНСКИЙ РАЙОН"	"0"	"Всего"	"0"	"Всего"	"0"	"642"
"Число умерших(Человек)"	"2019 год"	"201912"	"КАЗАЛИНСКИЙ РАЙОН"	"0"	"Всего"	"0"	"Всего"	"0"	"480"
"Число умерших(Человек)"	"2018 год"	"201812"	"КАЗАЛИНСКИЙ РАЙОН"	"0"	"Всего"	"0"	"Всего"	"0"	"437"
"Число умерших(Человек)"	"2022 год"	"202212"	"КАЗАЛИНСКИЙ РАЙОН"	"0"	"Всего"	"0"	"Всего"	"0"	"470"
"Число умерших(Человек)"	"2017 год"	"201712"	"КАЗАЛИНСКИЙ РАЙОН"	"0"	"Всего"	"0"	"Всего"	"0"	"464"
"Число умерших(Человек)"	"2023 год"	"202312"	"КАЗАЛИНСКИЙ РАЙОН"	"0"	"Всего"	"0"	"Всего"	"0"	"471"
"Число умерших(Человек)"	"2024 год"	"202412"	"КАЗАЛИНСКИЙ РАЙОН"	"0"	"Всего"	"0"	"Всего"	"0"	"498"
"Число умерших(Человек)"	"2009 год"	"200912"	"КАЗАЛИНСКИЙ РАЙОН"	"0"	"городская местность"	"0"	"Всего"	"0"	"65"
"Число умерших(Человек)"	"2011 год"	"201112"	"КАЗАЛИНСКИЙ РАЙОН"	"0"	"городская местность"	"0"	"Всего"	"0"	"70"
"Число умерших(Человек)"	"2016 год"	"201612"	"КАЗАЛИНСКИЙ РАЙОН"	"0"	"городская местность"	"0"	"Всего"	"0"	"54"
"Число умерших(Человек)"	"2010 год"	"201012"	"КАЗАЛИНСКИЙ РАЙОН"	"0"	"городская местность"	"0"	"Всего"	"0"	"86"
"Число умерших(Человек)"	"2015 год"	"201512"	"КАЗАЛИНСКИЙ РАЙОН"	"0"	"городская местность"	"0"	"Всего"	"0"	"60"
"Число умерших(Человек)"	"2013 год"	"201312"	"КАЗАЛИНСКИЙ РАЙОН"	"0"	"городская местность"	"0"	"Всего"	"0"	"62"
"Число умерших(Человек)"	"2014 год"	"201412"	"КАЗАЛИНСКИЙ РАЙОН"	"0"	"городская местность"	"0"	"Всего"	"0"	"59"
"Число умерших(Человек)"	"2012 год"	"201212"	"КАЗАЛИНСКИЙ РАЙОН"	"0"	"городская местность"	"0"	"Всего"	"0"	"57"
"Число умерших(Человек)"	"2021 год"	"202112"	"КАЗАЛИНСКИЙ РАЙОН"	"0"	"городская местность"	"0"	"Всего"	"0"	"69"
"Число умерших(Человек)"	"2020 год"	"202012"	"КАЗАЛИНСКИЙ РАЙОН"	"0"	"городская местность"	"0"	"Всего"	"0"	"63"
"Число умерших(Человек)"	"2019 год"	"201912"	"КАЗАЛИНСКИЙ РАЙОН"	"0"	"городская местность"	"0"	"Всего"	"0"	"51"
"Число умерших(Человек)"	"2018 год"	"201812"	"КАЗАЛИНСКИЙ РАЙОН"	"0"	"городская местность"	"0"	"Всего"	"0"	"61"
"Число умерших(Человек)"	"2022 год"	"202212"	"КАЗАЛИНСКИЙ РАЙОН"	"0"	"городская местность"	"0"	"Всего"	"0"	"57"
"Число умерших(Человек)"	"2017 год"	"201712"	"КАЗАЛИНСКИЙ РАЙОН"	"0"	"городская местность"	"0"	"Всего"	"0"	"56"
"Число умерших(Человек)"	"2023 год"	"202312"	"КАЗАЛИНСКИЙ РАЙОН"	"0"	"городская местность"	"0"	"Всего"	"0"	"49"
"Число умерших(Человек)"	"2024 год"	"202412"	"КАЗАЛИНСКИЙ РАЙОН"	"0"	"городская местность"	"0"	"Всего"	"0"	"54"
"Число умерших(Человек)"	"2009 год"	"200912"	"КАЗАЛИНСКИЙ РАЙОН"	"0"	"сельская местность"	"0"	"Всего"	"0"	"489"
"Число умерших(Человек)"	"2011 год"	"201112"	"КАЗАЛИНСКИЙ РАЙОН"	"0"	"сельская местность"	"0"	"Всего"	"0"	"471"
"Число умерших(Человек)"	"2016 год"	"201612"	"КАЗАЛИНСКИЙ РАЙОН"	"0"	"сельская местность"	"0"	"Всего"	"0"	"398"
"Число умерших(Человек)"	"2010 год"	"201012"	"КАЗАЛИНСКИЙ РАЙОН"	"0"	"сельская местность"	"0"	"Всего"	"0"	"445"
"Число умерших(Человек)"	"2015 год"	"201512"	"КАЗАЛИНСКИЙ РАЙОН"	"0"	"сельская местность"	"0"	"Всего"	"0"	"438"
"Число умерших(Человек)"	"2013 год"	"201312"	"КАЗАЛИНСКИЙ РАЙОН"	"0"	"сельская местность"	"0"	"Всего"	"0"	"431"
"Число умерших(Человек)"	"2014 год"	"201412"	"КАЗАЛИНСКИЙ РАЙОН"	"0"	"сельская местность"	"0"	"Всего"	"0"	"426"
"Число умерших(Человек)"	"2012 год"	"201212"	"КАЗАЛИНСКИЙ РАЙОН"	"0"	"сельская местность"	"0"	"Всего"	"0"	"432"
"Число умерших(Человек)"	"2021 год"	"202112"	"КАЗАЛИНСКИЙ РАЙОН"	"0"	"сельская местность"	"0"	"Всего"	"0"	"488"
"Число умерших(Человек)"	"2020 год"	"202012"	"КАЗАЛИНСКИЙ РАЙОН"	"0"	"сельская местность"	"0"	"Всего"	"0"	"579"
"Число умерших(Человек)"	"2019 год"	"201912"	"КАЗАЛИНСКИЙ РАЙОН"	"0"	"сельская местность"	"0"	"Всего"	"0"	"429"
"Число умерших(Человек)"	"2018 год"	"201812"	"КАЗАЛИНСКИЙ РАЙОН"	"0"	"сельская местность"	"0"	"Всего"	"0"	"376"
"Число умерших(Человек)"	"2022 год"	"202212"	"КАЗАЛИНСКИЙ РАЙОН"	"0"	"сельская местность"	"0"	"Всего"	"0"	"413"
"Число умерших(Человек)"	"2017 год"	"201712"	"КАЗАЛИНСКИЙ РАЙОН"	"0"	"сельская местность"	"0"	"Всего"	"0"	"408"
"Число умерших(Человек)"	"2023 год"	"202312"	"КАЗАЛИНСКИЙ РАЙОН"	"0"	"сельская местность"	"0"	"Всего"	"0"	"422"
"Число умерших(Человек)"	"2024 год"	"202412"	"КАЗАЛИНСКИЙ РАЙОН"	"0"	"сельская местность"	"0"	"Всего"	"0"	"444"
"Число умерших(Человек)"	"2009 год"	"200912"	"КАРМАКШИНСКИЙ РАЙОН"	"0"	"Всего"	"0"	"Всего"	"0"	"372"
"Число умерших(Человек)"	"2011 год"	"201112"	"КАРМАКШИНСКИЙ РАЙОН"	"0"	"Всего"	"0"	"Всего"	"0"	"341"
"Число умерших(Человек)"	"2016 год"	"201612"	"КАРМАКШИНСКИЙ РАЙОН"	"0"	"Всего"	"0"	"Всего"	"0"	"367"
"Число умерших(Человек)"	"2010 год"	"201012"	"КАРМАКШИНСКИЙ РАЙОН"	"0"	"Всего"	"0"	"Всего"	"0"	"388"
"Число умерших(Человек)"	"2015 год"	"201512"	"КАРМАКШИНСКИЙ РАЙОН"	"0"	"Всего"	"0"	"Всего"	"0"	"302"
"Число умерших(Человек)"	"2013 год"	"201312"	"КАРМАКШИНСКИЙ РАЙОН"	"0"	"Всего"	"0"	"Всего"	"0"	"340"
"Число умерших(Человек)"	"2014 год"	"201412"	"КАРМАКШИНСКИЙ РАЙОН"	"0"	"Всего"	"0"	"Всего"	"0"	"333"
"Число умерших(Человек)"	"2012 год"	"201212"	"КАРМАКШИНСКИЙ РАЙОН"	"0"	"Всего"	"0"	"Всего"	"0"	"385"
"Число умерших(Человек)"	"2021 год"	"202112"	"КАРМАКШИНСКИЙ РАЙОН"	"0"	"Всего"	"0"	"Всего"	"0"	"405"
"Число умерших(Человек)"	"2020 год"	"202012"	"КАРМАКШИНСКИЙ РАЙОН"	"0"	"Всего"	"0"	"Всего"	"0"	"441"
"Число умерших(Человек)"	"2019 год"	"201912"	"КАРМАКШИНСКИЙ РАЙОН"	"0"	"Всего"	"0"	"Всего"	"0"	"345"
"Число умерших(Человек)"	"2018 год"	"201812"	"КАРМАКШИНСКИЙ РАЙОН"	"0"	"Всего"	"0"	"Всего"	"0"	"354"
"Число умерших(Человек)"	"2022 год"	"202212"	"КАРМАКШИНСКИЙ РАЙОН"	"0"	"Всего"	"0"	"Всего"	"0"	"289"
"Число умерших(Человек)"	"2017 год"	"201712"	"КАРМАКШИНСКИЙ РАЙОН"	"0"	"Всего"	"0"	"Всего"	"0"	"326"
"Число умерших(Человек)"	"2023 год"	"202312"	"КАРМАКШИНСКИЙ РАЙОН"	"0"	"Всего"	"0"	"Всего"	"0"	"316"
"Число умерших(Человек)"	"2024 год"	"202412"	"КАРМАКШИНСКИЙ РАЙОН"	"0"	"Всего"	"0"	"Всего"	"0"	"338"
"Число умерших(Человек)"	"2009 год"	"200912"	"КАРМАКШИНСКИЙ РАЙОН"	"0"	"сельская местность"	"0"	"Всего"	"0"	"372"
"Число умерших(Человек)"	"2011 год"	"201112"	"КАРМАКШИНСКИЙ РАЙОН"	"0"	"сельская местность"	"0"	"Всего"	"0"	"341"
"Число умерших(Человек)"	"2016 год"	"201612"	"КАРМАКШИНСКИЙ РАЙОН"	"0"	"сельская местность"	"0"	"Всего"	"0"	"367"
"Число умерших(Человек)"	"2010 год"	"201012"	"КАРМАКШИНСКИЙ РАЙОН"	"0"	"сельская местность"	"0"	"Всего"	"0"	"388"
"Число умерших(Человек)"	"2015 год"	"201512"	"КАРМАКШИНСКИЙ РАЙОН"	"0"	"сельская местность"	"0"	"Всего"	"0"	"302"
"Число умерших(Человек)"	"2013 год"	"201312"	"КАРМАКШИНСКИЙ РАЙОН"	"0"	"сельская местность"	"0"	"Всего"	"0"	"340"
"Число умерших(Человек)"	"2014 год"	"201412"	"КАРМАКШИНСКИЙ РАЙОН"	"0"	"сельская местность"	"0"	"Всего"	"0"	"333"
"Число умерших(Человек)"	"2012 год"	"201212"	"КАРМАКШИНСКИЙ РАЙОН"	"0"	"сельская местность"	"0"	"Всего"	"0"	"385"
"Число умерших(Человек)"	"2021 год"	"202112"	"КАРМАКШИНСКИЙ РАЙОН"	"0"	"сельская местность"	"0"	"Всего"	"0"	"405"
"Число умерших(Человек)"	"2020 год"	"202012"	"КАРМАКШИНСКИЙ РАЙОН"	"0"	"сельская местность"	"0"	"Всего"	"0"	"441"
"Число умерших(Человек)"	"2019 год"	"201912"	"КАРМАКШИНСКИЙ РАЙОН"	"0"	"сельская местность"	"0"	"Всего"	"0"	"345"
"Число умерших(Человек)"	"2018 год"	"201812"	"КАРМАКШИНСКИЙ РАЙОН"	"0"	"сельская местность"	"0"	"Всего"	"0"	"354"
"Число умерших(Человек)"	"2022 год"	"202212"	"КАРМАКШИНСКИЙ РАЙОН"	"0"	"сельская местность"	"0"	"Всего"	"0"	"289"
"Число умерших(Человек)"	"2017 год"	"201712"	"КАРМАКШИНСКИЙ РАЙОН"	"0"	"сельская местность"	"0"	"Всего"	"0"	"326"
"Число умерших(Человек)"	"2023 год"	"202312"	"КАРМАКШИНСКИЙ РАЙОН"	"0"	"сельская местность"	"0"	"Всего"	"0"	"316"
"Число умерших(Человек)"	"2024 год"	"202412"	"КАРМАКШИНСКИЙ РАЙОН"	"0"	"сельская местность"	"0"	"Всего"	"0"	"338"
"Число умерших(Человек)"	"2009 год"	"200912"	"СЫРДАРЬИНСКИЙ РАЙОН"	"0"	"Всего"	"0"	"Всего"	"0"	"260"
"Число умерших(Человек)"	"2011 год"	"201112"	"СЫРДАРЬИНСКИЙ РАЙОН"	"0"	"Всего"	"0"	"Всего"	"0"	"241"
"Число умерших(Человек)"	"2016 год"	"201612"	"СЫРДАРЬИНСКИЙ РАЙОН"	"0"	"Всего"	"0"	"Всего"	"0"	"244"
"Число умерших(Человек)"	"2010 год"	"201012"	"СЫРДАРЬИНСКИЙ РАЙОН"	"0"	"Всего"	"0"	"Всего"	"0"	"253"
"Число умерших(Человек)"	"2015 год"	"201512"	"СЫРДАРЬИНСКИЙ РАЙОН"	"0"	"Всего"	"0"	"Всего"	"0"	"205"
"Число умерших(Человек)"	"2013 год"	"201312"	"СЫРДАРЬИНСКИЙ РАЙОН"	"0"	"Всего"	"0"	"Всего"	"0"	"227"
"Число умерших(Человек)"	"2014 год"	"201412"	"СЫРДАРЬИНСКИЙ РАЙОН"	"0"	"Всего"	"0"	"Всего"	"0"	"240"
"Число умерших(Человек)"	"2012 год"	"201212"	"СЫРДАРЬИНСКИЙ РАЙОН"	"0"	"Всего"	"0"	"Всего"	"0"	"246"
"Число умерших(Человек)"	"2021 год"	"202112"	"СЫРДАРЬИНСКИЙ РАЙОН"	"0"	"Всего"	"0"	"Всего"	"0"	"291"
"Число умерших(Человек)"	"2020 год"	"202012"	"СЫРДАРЬИНСКИЙ РАЙОН"	"0"	"Всего"	"0"	"Всего"	"0"	"255"
"Число умерших(Человек)"	"2019 год"	"201912"	"СЫРДАРЬИНСКИЙ РАЙОН"	"0"	"Всего"	"0"	"Всего"	"0"	"230"
"Число умерших(Человек)"	"2018 год"	"201812"	"СЫРДАРЬИНСКИЙ РАЙОН"	"0"	"Всего"	"0"	"Всего"	"0"	"241"
"Число умерших(Человек)"	"2022 год"	"202212"	"СЫРДАРЬИНСКИЙ РАЙОН"	"0"	"Всего"	"0"	"Всего"	"0"	"218"
"Число умерших(Человек)"	"2017 год"	"201712"	"СЫРДАРЬИНСКИЙ РАЙОН"	"0"	"Всего"	"0"	"Всего"	"0"	"236"
"Число умерших(Человек)"	"2023 год"	"202312"	"СЫРДАРЬИНСКИЙ РАЙОН"	"0"	"Всего"	"0"	"Всего"	"0"	"225"
"Число умерших(Человек)"	"2024 год"	"202412"	"СЫРДАРЬИНСКИЙ РАЙОН"	"0"	"Всего"	"0"	"Всего"	"0"	"199"
"Число умерших(Человек)"	"2009 год"	"200912"	"СЫРДАРЬИНСКИЙ РАЙОН"	"0"	"сельская местность"	"0"	"Всего"	"0"	"260"
"Число умерших(Человек)"	"2011 год"	"201112"	"СЫРДАРЬИНСКИЙ РАЙОН"	"0"	"сельская местность"	"0"	"Всего"	"0"	"241"
"Число умерших(Человек)"	"2016 год"	"201612"	"СЫРДАРЬИНСКИЙ РАЙОН"	"0"	"сельская местность"	"0"	"Всего"	"0"	"244"
"Число умерших(Человек)"	"2010 год"	"201012"	"СЫРДАРЬИНСКИЙ РАЙОН"	"0"	"сельская местность"	"0"	"Всего"	"0"	"253"
"Число умерших(Человек)"	"2015 год"	"201512"	"СЫРДАРЬИНСКИЙ РАЙОН"	"0"	"сельская местность"	"0"	"Всего"	"0"	"205"
"Число умерших(Человек)"	"2013 год"	"201312"	"СЫРДАРЬИНСКИЙ РАЙОН"	"0"	"сельская местность"	"0"	"Всего"	"0"	"227"
"Число умерших(Человек)"	"2014 год"	"201412"	"СЫРДАРЬИНСКИЙ РАЙОН"	"0"	"сельская местность"	"0"	"Всего"	"0"	"240"
"Число умерших(Человек)"	"2012 год"	"201212"	"СЫРДАРЬИНСКИЙ РАЙОН"	"0"	"сельская местность"	"0"	"Всего"	"0"	"246"
"Число умерших(Человек)"	"2021 год"	"202112"	"СЫРДАРЬИНСКИЙ РАЙОН"	"0"	"сельская местность"	"0"	"Всего"	"0"	"291"
"Число умерших(Человек)"	"2020 год"	"202012"	"СЫРДАРЬИНСКИЙ РАЙОН"	"0"	"сельская местность"	"0"	"Всего"	"0"	"255"
"Число умерших(Человек)"	"2019 год"	"201912"	"СЫРДАРЬИНСКИЙ РАЙОН"	"0"	"сельская местность"	"0"	"Всего"	"0"	"230"
"Число умерших(Человек)"	"2018 год"	"201812"	"СЫРДАРЬИНСКИЙ РАЙОН"	"0"	"сельская местность"	"0"	"Всего"	"0"	"241"
"Число умерших(Человек)"	"2022 год"	"202212"	"СЫРДАРЬИНСКИЙ РАЙОН"	"0"	"сельская местность"	"0"	"Всего"	"0"	"218"
"Число умерших(Человек)"	"2017 год"	"201712"	"СЫРДАРЬИНСКИЙ РАЙОН"	"0"	"сельская местность"	"0"	"Всего"	"0"	"236"
"Число умерших(Человек)"	"2023 год"	"202312"	"СЫРДАРЬИНСКИЙ РАЙОН"	"0"	"сельская местность"	"0"	"Всего"	"0"	"225"
"Число умерших(Человек)"	"2024 год"	"202412"	"СЫРДАРЬИНСКИЙ РАЙОН"	"0"	"сельская местность"	"0"	"Всего"	"0"	"199"
"Число умерших(Человек)"	"2009 год"	"200912"	"ШИЕЛИЙСКИЙ РАЙОН"	"0"	"Всего"	"0"	"Всего"	"0"	"529"
"Число умерших(Человек)"	"2011 год"	"201112"	"ШИЕЛИЙСКИЙ РАЙОН"	"0"	"Всего"	"0"	"Всего"	"0"	"510"
"Число умерших(Человек)"	"2016 год"	"201612"	"ШИЕЛИЙСКИЙ РАЙОН"	"0"	"Всего"	"0"	"Всего"	"0"	"469"
"Число умерших(Человек)"	"2010 год"	"201012"	"ШИЕЛИЙСКИЙ РАЙОН"	"0"	"Всего"	"0"	"Всего"	"0"	"547"
"Число умерших(Человек)"	"2015 год"	"201512"	"ШИЕЛИЙСКИЙ РАЙОН"	"0"	"Всего"	"0"	"Всего"	"0"	"421"
"Число умерших(Человек)"	"2013 год"	"201312"	"ШИЕЛИЙСКИЙ РАЙОН"	"0"	"Всего"	"0"	"Всего"	"0"	"472"
"Число умерших(Человек)"	"2014 год"	"201412"	"ШИЕЛИЙСКИЙ РАЙОН"	"0"	"Всего"	"0"	"Всего"	"0"	"488"
"Число умерших(Человек)"	"2012 год"	"201212"	"ШИЕЛИЙСКИЙ РАЙОН"	"0"	"Всего"	"0"	"Всего"	"0"	"489"
"Число умерших(Человек)"	"2021 год"	"202112"	"ШИЕЛИЙСКИЙ РАЙОН"	"0"	"Всего"	"0"	"Всего"	"0"	"564"
"Число умерших(Человек)"	"2020 год"	"202012"	"ШИЕЛИЙСКИЙ РАЙОН"	"0"	"Всего"	"0"	"Всего"	"0"	"566"
"Число умерших(Человек)"	"2019 год"	"201912"	"ШИЕЛИЙСКИЙ РАЙОН"	"0"	"Всего"	"0"	"Всего"	"0"	"466"
"Число умерших(Человек)"	"2018 год"	"201812"	"ШИЕЛИЙСКИЙ РАЙОН"	"0"	"Всего"	"0"	"Всего"	"0"	"437"
"Число умерших(Человек)"	"2022 год"	"202212"	"ШИЕЛИЙСКИЙ РАЙОН"	"0"	"Всего"	"0"	"Всего"	"0"	"463"
"Число умерших(Человек)"	"2017 год"	"201712"	"ШИЕЛИЙСКИЙ РАЙОН"	"0"	"Всего"	"0"	"Всего"	"0"	"455"
"Число умерших(Человек)"	"2023 год"	"202312"	"ШИЕЛИЙСКИЙ РАЙОН"	"0"	"Всего"	"0"	"Всего"	"0"	"460"
"Число умерших(Человек)"	"2024 год"	"202412"	"ШИЕЛИЙСКИЙ РАЙОН"	"0"	"Всего"	"0"	"Всего"	"0"	"448"
"Число умерших(Человек)"	"2009 год"	"200912"	"ШИЕЛИЙСКИЙ РАЙОН"	"0"	"сельская местность"	"0"	"Всего"	"0"	"529"
"Число умерших(Человек)"	"2011 год"	"201112"	"ШИЕЛИЙСКИЙ РАЙОН"	"0"	"сельская местность"	"0"	"Всего"	"0"	"510"
"Число умерших(Человек)"	"2016 год"	"201612"	"ШИЕЛИЙСКИЙ РАЙОН"	"0"	"сельская местность"	"0"	"Всего"	"0"	"469"
"Число умерших(Человек)"	"2010 год"	"201012"	"ШИЕЛИЙСКИЙ РАЙОН"	"0"	"сельская местность"	"0"	"Всего"	"0"	"547"
"Число умерших(Человек)"	"2015 год"	"201512"	"ШИЕЛИЙСКИЙ РАЙОН"	"0"	"сельская местность"	"0"	"Всего"	"0"	"421"
"Число умерших(Человек)"	"2013 год"	"201312"	"ШИЕЛИЙСКИЙ РАЙОН"	"0"	"сельская местность"	"0"	"Всего"	"0"	"472"
"Число умерших(Человек)"	"2014 год"	"201412"	"ШИЕЛИЙСКИЙ РАЙОН"	"0"	"сельская местность"	"0"	"Всего"	"0"	"488"
"Число умерших(Человек)"	"2012 год"	"201212"	"ШИЕЛИЙСКИЙ РАЙОН"	"0"	"сельская местность"	"0"	"Всего"	"0"	"489"
"Число умерших(Человек)"	"2021 год"	"202112"	"ШИЕЛИЙСКИЙ РАЙОН"	"0"	"сельская местность"	"0"	"Всего"	"0"	"564"
"Число умерших(Человек)"	"2020 год"	"202012"	"ШИЕЛИЙСКИЙ РАЙОН"	"0"	"сельская местность"	"0"	"Всего"	"0"	"566"
"Число умерших(Человек)"	"2019 год"	"201912"	"ШИЕЛИЙСКИЙ РАЙОН"	"0"	"сельская местность"	"0"	"Всего"	"0"	"466"
"Число умерших(Человек)"	"2018 год"	"201812"	"ШИЕЛИЙСКИЙ РАЙОН"	"0"	"сельская местность"	"0"	"Всего"	"0"	"437"
"Число умерших(Человек)"	"2022 год"	"202212"	"ШИЕЛИЙСКИЙ РАЙОН"	"0"	"сельская местность"	"0"	"Всего"	"0"	"463"
"Число умерших(Человек)"	"2017 год"	"201712"	"ШИЕЛИЙСКИЙ РАЙОН"	"0"	"сельская местность"	"0"	"Всего"	"0"	"455"
"Число умерших(Человек)"	"2023 год"	"202312"	"ШИЕЛИЙСКИЙ РАЙОН"	"0"	"сельская местность"	"0"	"Всего"	"0"	"460"
"Число умерших(Человек)"	"2024 год"	"202412"	"ШИЕЛИЙСКИЙ РАЙОН"	"0"	"сельская местность"	"0"	"Всего"	"0"	"448"
"Число умерших(Человек)"	"2009 год"	"200912"	"АКТАУ Г.А."	"0"	"Всего"	"0"	"Всего"	"0"	"1 111"
"Число умерших(Человек)"	"2011 год"	"201112"	"АКТАУ Г.А."	"0"	"Всего"	"0"	"Всего"	"0"	"1 103"
"Число умерших(Человек)"	"2016 год"	"201612"	"АКТАУ Г.А."	"0"	"Всего"	"0"	"Всего"	"0"	"1 100"
"Число умерших(Человек)"	"2010 год"	"201012"	"АКТАУ Г.А."	"0"	"Всего"	"0"	"Всего"	"0"	"1 186"
"Число умерших(Человек)"	"2015 год"	"201512"	"АКТАУ Г.А."	"0"	"Всего"	"0"	"Всего"	"0"	"1 037"
"Число умерших(Человек)"	"2013 год"	"201312"	"АКТАУ Г.А."	"0"	"Всего"	"0"	"Всего"	"0"	"1 066"
"Число умерших(Человек)"	"2014 год"	"201412"	"АКТАУ Г.А."	"0"	"Всего"	"0"	"Всего"	"0"	"1 105"
"Число умерших(Человек)"	"2012 год"	"201212"	"АКТАУ Г.А."	"0"	"Всего"	"0"	"Всего"	"0"	"1 128"
"Число умерших(Человек)"	"2021 год"	"202112"	"АКТАУ Г.А."	"0"	"Всего"	"0"	"Всего"	"0"	"1 948"
"Число умерших(Человек)"	"2020 год"	"202012"	"АКТАУ Г.А."	"0"	"Всего"	"0"	"Всего"	"0"	"1 681"
"Число умерших(Человек)"	"2019 год"	"201912"	"АКТАУ Г.А."	"0"	"Всего"	"0"	"Всего"	"0"	"1 228"
"Число умерших(Человек)"	"2018 год"	"201812"	"АКТАУ Г.А."	"0"	"Всего"	"0"	"Всего"	"0"	"1 199"
"Число умерших(Человек)"	"2022 год"	"202212"	"АКТАУ Г.А."	"0"	"Всего"	"0"	"Всего"	"0"	"1 350"
"Число умерших(Человек)"	"2017 год"	"201712"	"АКТАУ Г.А."	"0"	"Всего"	"0"	"Всего"	"0"	"1 078"
"Число умерших(Человек)"	"2023 год"	"202312"	"АКТАУ Г.А."	"0"	"Всего"	"0"	"Всего"	"0"	"1 273"
"Число умерших(Человек)"	"2024 год"	"202412"	"АКТАУ Г.А."	"0"	"Всего"	"0"	"Всего"	"0"	"1 369"
"Число умерших(Человек)"	"2009 год"	"200912"	"АКТАУ Г.А."	"0"	"городская местность"	"0"	"Всего"	"0"	"1 102"
"Число умерших(Человек)"	"2011 год"	"201112"	"АКТАУ Г.А."	"0"	"городская местность"	"0"	"Всего"	"0"	"1 091"
"Число умерших(Человек)"	"2016 год"	"201612"	"АКТАУ Г.А."	"0"	"городская местность"	"0"	"Всего"	"0"	"1 098"
"Число умерших(Человек)"	"2010 год"	"201012"	"АКТАУ Г.А."	"0"	"городская местность"	"0"	"Всего"	"0"	"1 179"
"Число умерших(Человек)"	"2015 год"	"201512"	"АКТАУ Г.А."	"0"	"городская местность"	"0"	"Всего"	"0"	"1 036"
"Число умерших(Человек)"	"2013 год"	"201312"	"АКТАУ Г.А."	"0"	"городская местность"	"0"	"Всего"	"0"	"1 064"
"Число умерших(Человек)"	"2014 год"	"201412"	"АКТАУ Г.А."	"0"	"городская местность"	"0"	"Всего"	"0"	"1 099"
"Число умерших(Человек)"	"2012 год"	"201212"	"АКТАУ Г.А."	"0"	"городская местность"	"0"	"Всего"	"0"	"1 121"
"Число умерших(Человек)"	"2021 год"	"202112"	"АКТАУ Г.А."	"0"	"городская местность"	"0"	"Всего"	"0"	"1 918"
"Число умерших(Человек)"	"2020 год"	"202012"	"АКТАУ Г.А."	"0"	"городская местность"	"0"	"Всего"	"0"	"1 652"
"Число умерших(Человек)"	"2019 год"	"201912"	"АКТАУ Г.А."	"0"	"городская местность"	"0"	"Всего"	"0"	"1 217"
"Число умерших(Человек)"	"2018 год"	"201812"	"АКТАУ Г.А."	"0"	"городская местность"	"0"	"Всего"	"0"	"1 193"
"Число умерших(Человек)"	"2022 год"	"202212"	"АКТАУ Г.А."	"0"	"городская местность"	"0"	"Всего"	"0"	"1 320"
"Число умерших(Человек)"	"2017 год"	"201712"	"АКТАУ Г.А."	"0"	"городская местность"	"0"	"Всего"	"0"	"1 071"
"Число умерших(Человек)"	"2023 год"	"202312"	"АКТАУ Г.А."	"0"	"городская местность"	"0"	"Всего"	"0"	"1 230"
"Число умерших(Человек)"	"2024 год"	"202412"	"АКТАУ Г.А."	"0"	"городская местность"	"0"	"Всего"	"0"	"1 326"
"Число умерших(Человек)"	"2009 год"	"200912"	"АКТАУ Г.А."	"0"	"сельская местность"	"0"	"Всего"	"0"	"9"
"Число умерших(Человек)"	"2011 год"	"201112"	"АКТАУ Г.А."	"0"	"сельская местность"	"0"	"Всего"	"0"	"12"
"Число умерших(Человек)"	"2016 год"	"201612"	"АКТАУ Г.А."	"0"	"сельская местность"	"0"	"Всего"	"0"	"2"
"Число умерших(Человек)"	"2010 год"	"201012"	"АКТАУ Г.А."	"0"	"сельская местность"	"0"	"Всего"	"0"	"7"
"Число умерших(Человек)"	"2015 год"	"201512"	"АКТАУ Г.А."	"0"	"сельская местность"	"0"	"Всего"	"0"	"1"
"Число умерших(Человек)"	"2013 год"	"201312"	"АКТАУ Г.А."	"0"	"сельская местность"	"0"	"Всего"	"0"	"2"
"Число умерших(Человек)"	"2014 год"	"201412"	"АКТАУ Г.А."	"0"	"сельская местность"	"0"	"Всего"	"0"	"6"
"Число умерших(Человек)"	"2012 год"	"201212"	"АКТАУ Г.А."	"0"	"сельская местность"	"0"	"Всего"	"0"	"7"
"Число умерших(Человек)"	"2021 год"	"202112"	"АКТАУ Г.А."	"0"	"сельская местность"	"0"	"Всего"	"0"	"30"
"Число умерших(Человек)"	"2020 год"	"202012"	"АКТАУ Г.А."	"0"	"сельская местность"	"0"	"Всего"	"0"	"29"
"Число умерших(Человек)"	"2019 год"	"201912"	"АКТАУ Г.А."	"0"	"сельская местность"	"0"	"Всего"	"0"	"11"
"Число умерших(Человек)"	"2018 год"	"201812"	"АКТАУ Г.А."	"0"	"сельская местность"	"0"	"Всего"	"0"	"6"
"Число умерших(Человек)"	"2022 год"	"202212"	"АКТАУ Г.А."	"0"	"сельская местность"	"0"	"Всего"	"0"	"30"
"Число умерших(Человек)"	"2017 год"	"201712"	"АКТАУ Г.А."	"0"	"сельская местность"	"0"	"Всего"	"0"	"7"
"Число умерших(Человек)"	"2023 год"	"202312"	"АКТАУ Г.А."	"0"	"сельская местность"	"0"	"Всего"	"0"	"43"
"Число умерших(Человек)"	"2024 год"	"202412"	"АКТАУ Г.А."	"0"	"сельская местность"	"0"	"Всего"	"0"	"43"
"Число умерших(Человек)"	"2009 год"	"200912"	"ЖАНАОЗЕН Г.А."	"0"	"Всего"	"0"	"Всего"	"0"	"557"
"Число умерших(Человек)"	"2011 год"	"201112"	"ЖАНАОЗЕН Г.А."	"0"	"Всего"	"0"	"Всего"	"0"	"591"
"Число умерших(Человек)"	"2016 год"	"201612"	"ЖАНАОЗЕН Г.А."	"0"	"Всего"	"0"	"Всего"	"0"	"543"
"Число умерших(Человек)"	"2010 год"	"201012"	"ЖАНАОЗЕН Г.А."	"0"	"Всего"	"0"	"Всего"	"0"	"576"
"Число умерших(Человек)"	"2015 год"	"201512"	"ЖАНАОЗЕН Г.А."	"0"	"Всего"	"0"	"Всего"	"0"	"596"
"Число умерших(Человек)"	"2013 год"	"201312"	"ЖАНАОЗЕН Г.А."	"0"	"Всего"	"0"	"Всего"	"0"	"601"
"Число умерших(Человек)"	"2014 год"	"201412"	"ЖАНАОЗЕН Г.А."	"0"	"Всего"	"0"	"Всего"	"0"	"526"
"Число умерших(Человек)"	"2012 год"	"201212"	"ЖАНАОЗЕН Г.А."	"0"	"Всего"	"0"	"Всего"	"0"	"540"
"Число умерших(Человек)"	"2021 год"	"202112"	"ЖАНАОЗЕН Г.А."	"0"	"Всего"	"0"	"Всего"	"0"	"708"
"Число умерших(Человек)"	"2020 год"	"202012"	"ЖАНАОЗЕН Г.А."	"0"	"Всего"	"0"	"Всего"	"0"	"775"
"Число умерших(Человек)"	"2019 год"	"201912"	"ЖАНАОЗЕН Г.А."	"0"	"Всего"	"0"	"Всего"	"0"	"531"
"Число умерших(Человек)"	"2018 год"	"201812"	"ЖАНАОЗЕН Г.А."	"0"	"Всего"	"0"	"Всего"	"0"	"552"
"Число умерших(Человек)"	"2022 год"	"202212"	"ЖАНАОЗЕН Г.А."	"0"	"Всего"	"0"	"Всего"	"0"	"474"
"Число умерших(Человек)"	"2017 год"	"201712"	"ЖАНАОЗЕН Г.А."	"0"	"Всего"	"0"	"Всего"	"0"	"501"
"Число умерших(Человек)"	"2023 год"	"202312"	"ЖАНАОЗЕН Г.А."	"0"	"Всего"	"0"	"Всего"	"0"	"620"
"Число умерших(Человек)"	"2024 год"	"202412"	"ЖАНАОЗЕН Г.А."	"0"	"Всего"	"0"	"Всего"	"0"	"628"
"Число умерших(Человек)"	"2009 год"	"200912"	"ЖАНАОЗЕН Г.А."	"0"	"городская местность"	"0"	"Всего"	"0"	"464"
"Число умерших(Человек)"	"2011 год"	"201112"	"ЖАНАОЗЕН Г.А."	"0"	"городская местность"	"0"	"Всего"	"0"	"509"
"Число умерших(Человек)"	"2016 год"	"201612"	"ЖАНАОЗЕН Г.А."	"0"	"городская местность"	"0"	"Всего"	"0"	"339"
"Число умерших(Человек)"	"2010 год"	"201012"	"ЖАНАОЗЕН Г.А."	"0"	"городская местность"	"0"	"Всего"	"0"	"530"
"Число умерших(Человек)"	"2015 год"	"201512"	"ЖАНАОЗЕН Г.А."	"0"	"городская местность"	"0"	"Всего"	"0"	"389"
"Число умерших(Человек)"	"2013 год"	"201312"	"ЖАНАОЗЕН Г.А."	"0"	"городская местность"	"0"	"Всего"	"0"	"516"
"Число умерших(Человек)"	"2014 год"	"201412"	"ЖАНАОЗЕН Г.А."	"0"	"городская местность"	"0"	"Всего"	"0"	"446"
"Число умерших(Человек)"	"2012 год"	"201212"	"ЖАНАОЗЕН Г.А."	"0"	"городская местность"	"0"	"Всего"	"0"	"472"
"Число умерших(Человек)"	"2021 год"	"202112"	"ЖАНАОЗЕН Г.А."	"0"	"городская местность"	"0"	"Всего"	"0"	"368"
"Число умерших(Человек)"	"2020 год"	"202012"	"ЖАНАОЗЕН Г.А."	"0"	"городская местность"	"0"	"Всего"	"0"	"446"
"Число умерших(Человек)"	"2019 год"	"201912"	"ЖАНАОЗЕН Г.А."	"0"	"городская местность"	"0"	"Всего"	"0"	"318"
"Число умерших(Человек)"	"2018 год"	"201812"	"ЖАНАОЗЕН Г.А."	"0"	"городская местность"	"0"	"Всего"	"0"	"315"
"Число умерших(Человек)"	"2022 год"	"202212"	"ЖАНАОЗЕН Г.А."	"0"	"городская местность"	"0"	"Всего"	"0"	"250"
"Число умерших(Человек)"	"2017 год"	"201712"	"ЖАНАОЗЕН Г.А."	"0"	"городская местность"	"0"	"Всего"	"0"	"307"
"Число умерших(Человек)"	"2023 год"	"202312"	"ЖАНАОЗЕН Г.А."	"0"	"городская местность"	"0"	"Всего"	"0"	"319"
"Число умерших(Человек)"	"2024 год"	"202412"	"ЖАНАОЗЕН Г.А."	"0"	"городская местность"	"0"	"Всего"	"0"	"309"
"Число умерших(Человек)"	"2009 год"	"200912"	"ЖАНАОЗЕН Г.А."	"0"	"сельская местность"	"0"	"Всего"	"0"	"93"
"Число умерших(Человек)"	"2011 год"	"201112"	"ЖАНАОЗЕН Г.А."	"0"	"сельская местность"	"0"	"Всего"	"0"	"82"
"Число умерших(Человек)"	"2016 год"	"201612"	"ЖАНАОЗЕН Г.А."	"0"	"сельская местность"	"0"	"Всего"	"0"	"204"
"Число умерших(Человек)"	"2010 год"	"201012"	"ЖАНАОЗЕН Г.А."	"0"	"сельская местность"	"0"	"Всего"	"0"	"46"
"Число умерших(Человек)"	"2015 год"	"201512"	"ЖАНАОЗЕН Г.А."	"0"	"сельская местность"	"0"	"Всего"	"0"	"207"
"Число умерших(Человек)"	"2013 год"	"201312"	"ЖАНАОЗЕН Г.А."	"0"	"сельская местность"	"0"	"Всего"	"0"	"85"
"Число умерших(Человек)"	"2014 год"	"201412"	"ЖАНАОЗЕН Г.А."	"0"	"сельская местность"	"0"	"Всего"	"0"	"80"
"Число умерших(Человек)"	"2012 год"	"201212"	"ЖАНАОЗЕН Г.А."	"0"	"сельская местность"	"0"	"Всего"	"0"	"68"
"Число умерших(Человек)"	"2021 год"	"202112"	"ЖАНАОЗЕН Г.А."	"0"	"сельская местность"	"0"	"Всего"	"0"	"340"
"Число умерших(Человек)"	"2020 год"	"202012"	"ЖАНАОЗЕН Г.А."	"0"	"сельская местность"	"0"	"Всего"	"0"	"329"
"Число умерших(Человек)"	"2019 год"	"201912"	"ЖАНАОЗЕН Г.А."	"0"	"сельская местность"	"0"	"Всего"	"0"	"213"
"Число умерших(Человек)"	"2018 год"	"201812"	"ЖАНАОЗЕН Г.А."	"0"	"сельская местность"	"0"	"Всего"	"0"	"237"
"Число умерших(Человек)"	"2022 год"	"202212"	"ЖАНАОЗЕН Г.А."	"0"	"сельская местность"	"0"	"Всего"	"0"	"224"
"Число умерших(Человек)"	"2017 год"	"201712"	"ЖАНАОЗЕН Г.А."	"0"	"сельская местность"	"0"	"Всего"	"0"	"194"
"Число умерших(Человек)"	"2023 год"	"202312"	"ЖАНАОЗЕН Г.А."	"0"	"сельская местность"	"0"	"Всего"	"0"	"301"
"Число умерших(Человек)"	"2024 год"	"202412"	"ЖАНАОЗЕН Г.А."	"0"	"сельская местность"	"0"	"Всего"	"0"	"319"
"Число умерших(Человек)"	"2009 год"	"200912"	"БЕЙНЕУСКИЙ РАЙОН"	"0"	"Всего"	"0"	"Всего"	"0"	"241"
"Число умерших(Человек)"	"2011 год"	"201112"	"БЕЙНЕУСКИЙ РАЙОН"	"0"	"Всего"	"0"	"Всего"	"0"	"272"
"Число умерших(Человек)"	"2016 год"	"201612"	"БЕЙНЕУСКИЙ РАЙОН"	"0"	"Всего"	"0"	"Всего"	"0"	"299"
"Число умерших(Человек)"	"2010 год"	"201012"	"БЕЙНЕУСКИЙ РАЙОН"	"0"	"Всего"	"0"	"Всего"	"0"	"304"
"Число умерших(Человек)"	"2015 год"	"201512"	"БЕЙНЕУСКИЙ РАЙОН"	"0"	"Всего"	"0"	"Всего"	"0"	"291"
"Число умерших(Человек)"	"2013 год"	"201312"	"БЕЙНЕУСКИЙ РАЙОН"	"0"	"Всего"	"0"	"Всего"	"0"	"283"
"Число умерших(Человек)"	"2014 год"	"201412"	"БЕЙНЕУСКИЙ РАЙОН"	"0"	"Всего"	"0"	"Всего"	"0"	"287"
"Число умерших(Человек)"	"2012 год"	"201212"	"БЕЙНЕУСКИЙ РАЙОН"	"0"	"Всего"	"0"	"Всего"	"0"	"288"
"Число умерших(Человек)"	"2021 год"	"202112"	"БЕЙНЕУСКИЙ РАЙОН"	"0"	"Всего"	"0"	"Всего"	"0"	"387"
"Число умерших(Человек)"	"2020 год"	"202012"	"БЕЙНЕУСКИЙ РАЙОН"	"0"	"Всего"	"0"	"Всего"	"0"	"381"
"Число умерших(Человек)"	"2019 год"	"201912"	"БЕЙНЕУСКИЙ РАЙОН"	"0"	"Всего"	"0"	"Всего"	"0"	"308"
"Число умерших(Человек)"	"2018 год"	"201812"	"БЕЙНЕУСКИЙ РАЙОН"	"0"	"Всего"	"0"	"Всего"	"0"	"327"
"Число умерших(Человек)"	"2022 год"	"202212"	"БЕЙНЕУСКИЙ РАЙОН"	"0"	"Всего"	"0"	"Всего"	"0"	"286"
"Число умерших(Человек)"	"2017 год"	"201712"	"БЕЙНЕУСКИЙ РАЙОН"	"0"	"Всего"	"0"	"Всего"	"0"	"294"
"Число умерших(Человек)"	"2023 год"	"202312"	"БЕЙНЕУСКИЙ РАЙОН"	"0"	"Всего"	"0"	"Всего"	"0"	"318"
"Число умерших(Человек)"	"2024 год"	"202412"	"БЕЙНЕУСКИЙ РАЙОН"	"0"	"Всего"	"0"	"Всего"	"0"	"323"
"Число умерших(Человек)"	"2009 год"	"200912"	"БЕЙНЕУСКИЙ РАЙОН"	"0"	"сельская местность"	"0"	"Всего"	"0"	"241"
"Число умерших(Человек)"	"2011 год"	"201112"	"БЕЙНЕУСКИЙ РАЙОН"	"0"	"сельская местность"	"0"	"Всего"	"0"	"272"
"Число умерших(Человек)"	"2016 год"	"201612"	"БЕЙНЕУСКИЙ РАЙОН"	"0"	"сельская местность"	"0"	"Всего"	"0"	"299"
"Число умерших(Человек)"	"2010 год"	"201012"	"БЕЙНЕУСКИЙ РАЙОН"	"0"	"сельская местность"	"0"	"Всего"	"0"	"304"
"Число умерших(Человек)"	"2015 год"	"201512"	"БЕЙНЕУСКИЙ РАЙОН"	"0"	"сельская местность"	"0"	"Всего"	"0"	"291"
"Число умерших(Человек)"	"2013 год"	"201312"	"БЕЙНЕУСКИЙ РАЙОН"	"0"	"сельская местность"	"0"	"Всего"	"0"	"283"
"Число умерших(Человек)"	"2014 год"	"201412"	"БЕЙНЕУСКИЙ РАЙОН"	"0"	"сельская местность"	"0"	"Всего"	"0"	"287"
"Число умерших(Человек)"	"2012 год"	"201212"	"БЕЙНЕУСКИЙ РАЙОН"	"0"	"сельская местность"	"0"	"Всего"	"0"	"288"
"Число умерших(Человек)"	"2021 год"	"202112"	"БЕЙНЕУСКИЙ РАЙОН"	"0"	"сельская местность"	"0"	"Всего"	"0"	"387"
"Число умерших(Человек)"	"2020 год"	"202012"	"БЕЙНЕУСКИЙ РАЙОН"	"0"	"сельская местность"	"0"	"Всего"	"0"	"381"
"Число умерших(Человек)"	"2019 год"	"201912"	"БЕЙНЕУСКИЙ РАЙОН"	"0"	"сельская местность"	"0"	"Всего"	"0"	"308"
"Число умерших(Человек)"	"2018 год"	"201812"	"БЕЙНЕУСКИЙ РАЙОН"	"0"	"сельская местность"	"0"	"Всего"	"0"	"327"
"Число умерших(Человек)"	"2022 год"	"202212"	"БЕЙНЕУСКИЙ РАЙОН"	"0"	"сельская местность"	"0"	"Всего"	"0"	"286"
"Число умерших(Человек)"	"2017 год"	"201712"	"БЕЙНЕУСКИЙ РАЙОН"	"0"	"сельская местность"	"0"	"Всего"	"0"	"294"
"Число умерших(Человек)"	"2023 год"	"202312"	"БЕЙНЕУСКИЙ РАЙОН"	"0"	"сельская местность"	"0"	"Всего"	"0"	"318"
"Число умерших(Человек)"	"2024 год"	"202412"	"БЕЙНЕУСКИЙ РАЙОН"	"0"	"сельская местность"	"0"	"Всего"	"0"	"323"
"Число умерших(Человек)"	"2009 год"	"200912"	"КАРАКИЯНСКИЙ РАЙОН"	"0"	"Всего"	"0"	"Всего"	"0"	"165"
"Число умерших(Человек)"	"2011 год"	"201112"	"КАРАКИЯНСКИЙ РАЙОН"	"0"	"Всего"	"0"	"Всего"	"0"	"172"
"Число умерших(Человек)"	"2016 год"	"201612"	"КАРАКИЯНСКИЙ РАЙОН"	"0"	"Всего"	"0"	"Всего"	"0"	"111"
"Число умерших(Человек)"	"2010 год"	"201012"	"КАРАКИЯНСКИЙ РАЙОН"	"0"	"Всего"	"0"	"Всего"	"0"	"162"
"Число умерших(Человек)"	"2015 год"	"201512"	"КАРАКИЯНСКИЙ РАЙОН"	"0"	"Всего"	"0"	"Всего"	"0"	"147"
"Число умерших(Человек)"	"2013 год"	"201312"	"КАРАКИЯНСКИЙ РАЙОН"	"0"	"Всего"	"0"	"Всего"	"0"	"177"
"Число умерших(Человек)"	"2014 год"	"201412"	"КАРАКИЯНСКИЙ РАЙОН"	"0"	"Всего"	"0"	"Всего"	"0"	"170"
"Число умерших(Человек)"	"2012 год"	"201212"	"КАРАКИЯНСКИЙ РАЙОН"	"0"	"Всего"	"0"	"Всего"	"0"	"181"
"Число умерших(Человек)"	"2021 год"	"202112"	"КАРАКИЯНСКИЙ РАЙОН"	"0"	"Всего"	"0"	"Всего"	"0"	"223"
"Число умерших(Человек)"	"2020 год"	"202012"	"КАРАКИЯНСКИЙ РАЙОН"	"0"	"Всего"	"0"	"Всего"	"0"	"215"
"Число умерших(Человек)"	"2019 год"	"201912"	"КАРАКИЯНСКИЙ РАЙОН"	"0"	"Всего"	"0"	"Всего"	"0"	"150"
"Число умерших(Человек)"	"2018 год"	"201812"	"КАРАКИЯНСКИЙ РАЙОН"	"0"	"Всего"	"0"	"Всего"	"0"	"140"
"Число умерших(Человек)"	"2022 год"	"202212"	"КАРАКИЯНСКИЙ РАЙОН"	"0"	"Всего"	"0"	"Всего"	"0"	"132"
"Число умерших(Человек)"	"2017 год"	"201712"	"КАРАКИЯНСКИЙ РАЙОН"	"0"	"Всего"	"0"	"Всего"	"0"	"116"
"Число умерших(Человек)"	"2023 год"	"202312"	"КАРАКИЯНСКИЙ РАЙОН"	"0"	"Всего"	"0"	"Всего"	"0"	"164"
"Число умерших(Человек)"	"2024 год"	"202412"	"КАРАКИЯНСКИЙ РАЙОН"	"0"	"Всего"	"0"	"Всего"	"0"	"180"
"Число умерших(Человек)"	"2009 год"	"200912"	"КАРАКИЯНСКИЙ РАЙОН"	"0"	"сельская местность"	"0"	"Всего"	"0"	"165"
"Число умерших(Человек)"	"2011 год"	"201112"	"КАРАКИЯНСКИЙ РАЙОН"	"0"	"сельская местность"	"0"	"Всего"	"0"	"172"
"Число умерших(Человек)"	"2016 год"	"201612"	"КАРАКИЯНСКИЙ РАЙОН"	"0"	"сельская местность"	"0"	"Всего"	"0"	"111"
"Число умерших(Человек)"	"2010 год"	"201012"	"КАРАКИЯНСКИЙ РАЙОН"	"0"	"сельская местность"	"0"	"Всего"	"0"	"162"
"Число умерших(Человек)"	"2015 год"	"201512"	"КАРАКИЯНСКИЙ РАЙОН"	"0"	"сельская местность"	"0"	"Всего"	"0"	"147"
"Число умерших(Человек)"	"2013 год"	"201312"	"КАРАКИЯНСКИЙ РАЙОН"	"0"	"сельская местность"	"0"	"Всего"	"0"	"177"
"Число умерших(Человек)"	"2014 год"	"201412"	"КАРАКИЯНСКИЙ РАЙОН"	"0"	"сельская местность"	"0"	"Всего"	"0"	"170"
"Число умерших(Человек)"	"2012 год"	"201212"	"КАРАКИЯНСКИЙ РАЙОН"	"0"	"сельская местность"	"0"	"Всего"	"0"	"181"
"Число умерших(Человек)"	"2021 год"	"202112"	"КАРАКИЯНСКИЙ РАЙОН"	"0"	"сельская местность"	"0"	"Всего"	"0"	"223"
"Число умерших(Человек)"	"2020 год"	"202012"	"КАРАКИЯНСКИЙ РАЙОН"	"0"	"сельская местность"	"0"	"Всего"	"0"	"215"
"Число умерших(Человек)"	"2019 год"	"201912"	"КАРАКИЯНСКИЙ РАЙОН"	"0"	"сельская местность"	"0"	"Всего"	"0"	"150"
"Число умерших(Человек)"	"2018 год"	"201812"	"КАРАКИЯНСКИЙ РАЙОН"	"0"	"сельская местность"	"0"	"Всего"	"0"	"140"
"Число умерших(Человек)"	"2022 год"	"202212"	"КАРАКИЯНСКИЙ РАЙОН"	"0"	"сельская местность"	"0"	"Всего"	"0"	"132"
"Число умерших(Человек)"	"2017 год"	"201712"	"КАРАКИЯНСКИЙ РАЙОН"	"0"	"сельская местность"	"0"	"Всего"	"0"	"116"
"Число умерших(Человек)"	"2023 год"	"202312"	"КАРАКИЯНСКИЙ РАЙОН"	"0"	"сельская местность"	"0"	"Всего"	"0"	"164"
"Число умерших(Человек)"	"2024 год"	"202412"	"КАРАКИЯНСКИЙ РАЙОН"	"0"	"сельская местность"	"0"	"Всего"	"0"	"180"
"Число умерших(Человек)"	"2009 год"	"200912"	"МАНГИСТАУСКИЙ РАЙОН"	"0"	"Всего"	"0"	"Всего"	"0"	"207"
"Число умерших(Человек)"	"2011 год"	"201112"	"МАНГИСТАУСКИЙ РАЙОН"	"0"	"Всего"	"0"	"Всего"	"0"	"207"
"Число умерших(Человек)"	"2016 год"	"201612"	"МАНГИСТАУСКИЙ РАЙОН"	"0"	"Всего"	"0"	"Всего"	"0"	"160"
"Число умерших(Человек)"	"2010 год"	"201012"	"МАНГИСТАУСКИЙ РАЙОН"	"0"	"Всего"	"0"	"Всего"	"0"	"192"
"Число умерших(Человек)"	"2015 год"	"201512"	"МАНГИСТАУСКИЙ РАЙОН"	"0"	"Всего"	"0"	"Всего"	"0"	"198"
"Число умерших(Человек)"	"2013 год"	"201312"	"МАНГИСТАУСКИЙ РАЙОН"	"0"	"Всего"	"0"	"Всего"	"0"	"177"
"Число умерших(Человек)"	"2014 год"	"201412"	"МАНГИСТАУСКИЙ РАЙОН"	"0"	"Всего"	"0"	"Всего"	"0"	"169"
"Число умерших(Человек)"	"2012 год"	"201212"	"МАНГИСТАУСКИЙ РАЙОН"	"0"	"Всего"	"0"	"Всего"	"0"	"188"
"Число умерших(Человек)"	"2021 год"	"202112"	"МАНГИСТАУСКИЙ РАЙОН"	"0"	"Всего"	"0"	"Всего"	"0"	"235"
"Число умерших(Человек)"	"2020 год"	"202012"	"МАНГИСТАУСКИЙ РАЙОН"	"0"	"Всего"	"0"	"Всего"	"0"	"239"
"Число умерших(Человек)"	"2019 год"	"201912"	"МАНГИСТАУСКИЙ РАЙОН"	"0"	"Всего"	"0"	"Всего"	"0"	"180"
"Число умерших(Человек)"	"2018 год"	"201812"	"МАНГИСТАУСКИЙ РАЙОН"	"0"	"Всего"	"0"	"Всего"	"0"	"163"
"Число умерших(Человек)"	"2022 год"	"202212"	"МАНГИСТАУСКИЙ РАЙОН"	"0"	"Всего"	"0"	"Всего"	"0"	"138"
"Число умерших(Человек)"	"2017 год"	"201712"	"МАНГИСТАУСКИЙ РАЙОН"	"0"	"Всего"	"0"	"Всего"	"0"	"163"
"Число умерших(Человек)"	"2023 год"	"202312"	"МАНГИСТАУСКИЙ РАЙОН"	"0"	"Всего"	"0"	"Всего"	"0"	"149"
"Число умерших(Человек)"	"2024 год"	"202412"	"МАНГИСТАУСКИЙ РАЙОН"	"0"	"Всего"	"0"	"Всего"	"0"	"187"
"Число умерших(Человек)"	"2009 год"	"200912"	"МАНГИСТАУСКИЙ РАЙОН"	"0"	"сельская местность"	"0"	"Всего"	"0"	"207"
"Число умерших(Человек)"	"2011 год"	"201112"	"МАНГИСТАУСКИЙ РАЙОН"	"0"	"сельская местность"	"0"	"Всего"	"0"	"207"
"Число умерших(Человек)"	"2016 год"	"201612"	"МАНГИСТАУСКИЙ РАЙОН"	"0"	"сельская местность"	"0"	"Всего"	"0"	"160"
"Число умерших(Человек)"	"2010 год"	"201012"	"МАНГИСТАУСКИЙ РАЙОН"	"0"	"сельская местность"	"0"	"Всего"	"0"	"192"
"Число умерших(Человек)"	"2015 год"	"201512"	"МАНГИСТАУСКИЙ РАЙОН"	"0"	"сельская местность"	"0"	"Всего"	"0"	"198"
"Число умерших(Человек)"	"2013 год"	"201312"	"МАНГИСТАУСКИЙ РАЙОН"	"0"	"сельская местность"	"0"	"Всего"	"0"	"177"
"Число умерших(Человек)"	"2014 год"	"201412"	"МАНГИСТАУСКИЙ РАЙОН"	"0"	"сельская местность"	"0"	"Всего"	"0"	"169"
"Число умерших(Человек)"	"2012 год"	"201212"	"МАНГИСТАУСКИЙ РАЙОН"	"0"	"сельская местность"	"0"	"Всего"	"0"	"188"
"Число умерших(Человек)"	"2021 год"	"202112"	"МАНГИСТАУСКИЙ РАЙОН"	"0"	"сельская местность"	"0"	"Всего"	"0"	"235"
"Число умерших(Человек)"	"2020 год"	"202012"	"МАНГИСТАУСКИЙ РАЙОН"	"0"	"сельская местность"	"0"	"Всего"	"0"	"239"
"Число умерших(Человек)"	"2019 год"	"201912"	"МАНГИСТАУСКИЙ РАЙОН"	"0"	"сельская местность"	"0"	"Всего"	"0"	"180"
"Число умерших(Человек)"	"2018 год"	"201812"	"МАНГИСТАУСКИЙ РАЙОН"	"0"	"сельская местность"	"0"	"Всего"	"0"	"163"
"Число умерших(Человек)"	"2022 год"	"202212"	"МАНГИСТАУСКИЙ РАЙОН"	"0"	"сельская местность"	"0"	"Всего"	"0"	"138"
"Число умерших(Человек)"	"2017 год"	"201712"	"МАНГИСТАУСКИЙ РАЙОН"	"0"	"сельская местность"	"0"	"Всего"	"0"	"163"
"Число умерших(Человек)"	"2023 год"	"202312"	"МАНГИСТАУСКИЙ РАЙОН"	"0"	"сельская местность"	"0"	"Всего"	"0"	"149"
"Число умерших(Человек)"	"2024 год"	"202412"	"МАНГИСТАУСКИЙ РАЙОН"	"0"	"сельская местность"	"0"	"Всего"	"0"	"187"
"Число умерших(Человек)"	"2009 год"	"200912"	"АКТОГАЙСКИЙ РАЙОН"	"0"	"Всего"	"0"	"Всего"	"0"	"184"
"Число умерших(Человек)"	"2011 год"	"201112"	"АКТОГАЙСКИЙ РАЙОН"	"0"	"Всего"	"0"	"Всего"	"0"	"165"
"Число умерших(Человек)"	"2016 год"	"201612"	"АКТОГАЙСКИЙ РАЙОН"	"0"	"Всего"	"0"	"Всего"	"0"	"137"
"Число умерших(Человек)"	"2010 год"	"201012"	"АКТОГАЙСКИЙ РАЙОН"	"0"	"Всего"	"0"	"Всего"	"0"	"159"
"Число умерших(Человек)"	"2015 год"	"201512"	"АКТОГАЙСКИЙ РАЙОН"	"0"	"Всего"	"0"	"Всего"	"0"	"135"
"Число умерших(Человек)"	"2013 год"	"201312"	"АКТОГАЙСКИЙ РАЙОН"	"0"	"Всего"	"0"	"Всего"	"0"	"167"
"Число умерших(Человек)"	"2014 год"	"201412"	"АКТОГАЙСКИЙ РАЙОН"	"0"	"Всего"	"0"	"Всего"	"0"	"131"
"Число умерших(Человек)"	"2012 год"	"201212"	"АКТОГАЙСКИЙ РАЙОН"	"0"	"Всего"	"0"	"Всего"	"0"	"130"
"Число умерших(Человек)"	"2021 год"	"202112"	"АКТОГАЙСКИЙ РАЙОН"	"0"	"Всего"	"0"	"Всего"	"0"	"172"
"Число умерших(Человек)"	"2020 год"	"202012"	"АКТОГАЙСКИЙ РАЙОН"	"0"	"Всего"	"0"	"Всего"	"0"	"151"
"Число умерших(Человек)"	"2019 год"	"201912"	"АКТОГАЙСКИЙ РАЙОН"	"0"	"Всего"	"0"	"Всего"	"0"	"122"
"Число умерших(Человек)"	"2018 год"	"201812"	"АКТОГАЙСКИЙ РАЙОН"	"0"	"Всего"	"0"	"Всего"	"0"	"107"
"Число умерших(Человек)"	"2022 год"	"202212"	"АКТОГАЙСКИЙ РАЙОН"	"0"	"Всего"	"0"	"Всего"	"0"	"109"
"Число умерших(Человек)"	"2017 год"	"201712"	"АКТОГАЙСКИЙ РАЙОН"	"0"	"Всего"	"0"	"Всего"	"0"	"108"
"Число умерших(Человек)"	"2023 год"	"202312"	"АКТОГАЙСКИЙ РАЙОН"	"0"	"Всего"	"0"	"Всего"	"0"	"102"
"Число умерших(Человек)"	"2024 год"	"202412"	"АКТОГАЙСКИЙ РАЙОН"	"0"	"Всего"	"0"	"Всего"	"0"	"113"
"Число умерших(Человек)"	"2009 год"	"200912"	"АКТОГАЙСКИЙ РАЙОН"	"0"	"сельская местность"	"0"	"Всего"	"0"	"184"
"Число умерших(Человек)"	"2011 год"	"201112"	"АКТОГАЙСКИЙ РАЙОН"	"0"	"сельская местность"	"0"	"Всего"	"0"	"165"
"Число умерших(Человек)"	"2016 год"	"201612"	"АКТОГАЙСКИЙ РАЙОН"	"0"	"сельская местность"	"0"	"Всего"	"0"	"137"
"Число умерших(Человек)"	"2010 год"	"201012"	"АКТОГАЙСКИЙ РАЙОН"	"0"	"сельская местность"	"0"	"Всего"	"0"	"159"
"Число умерших(Человек)"	"2015 год"	"201512"	"АКТОГАЙСКИЙ РАЙОН"	"0"	"сельская местность"	"0"	"Всего"	"0"	"135"
"Число умерших(Человек)"	"2013 год"	"201312"	"АКТОГАЙСКИЙ РАЙОН"	"0"	"сельская местность"	"0"	"Всего"	"0"	"167"
"Число умерших(Человек)"	"2014 год"	"201412"	"АКТОГАЙСКИЙ РАЙОН"	"0"	"сельская местность"	"0"	"Всего"	"0"	"131"
"Число умерших(Человек)"	"2012 год"	"201212"	"АКТОГАЙСКИЙ РАЙОН"	"0"	"сельская местность"	"0"	"Всего"	"0"	"130"
"Число умерших(Человек)"	"2021 год"	"202112"	"АКТОГАЙСКИЙ РАЙОН"	"0"	"сельская местность"	"0"	"Всего"	"0"	"172"
"Число умерших(Человек)"	"2020 год"	"202012"	"АКТОГАЙСКИЙ РАЙОН"	"0"	"сельская местность"	"0"	"Всего"	"0"	"151"
"Число умерших(Человек)"	"2019 год"	"201912"	"АКТОГАЙСКИЙ РАЙОН"	"0"	"сельская местность"	"0"	"Всего"	"0"	"122"
"Число умерших(Человек)"	"2018 год"	"201812"	"АКТОГАЙСКИЙ РАЙОН"	"0"	"сельская местность"	"0"	"Всего"	"0"	"107"
"Число умерших(Человек)"	"2022 год"	"202212"	"АКТОГАЙСКИЙ РАЙОН"	"0"	"сельская местность"	"0"	"Всего"	"0"	"109"
"Число умерших(Человек)"	"2017 год"	"201712"	"АКТОГАЙСКИЙ РАЙОН"	"0"	"сельская местность"	"0"	"Всего"	"0"	"108"
"Число умерших(Человек)"	"2023 год"	"202312"	"АКТОГАЙСКИЙ РАЙОН"	"0"	"сельская местность"	"0"	"Всего"	"0"	"102"
"Число умерших(Человек)"	"2024 год"	"202412"	"АКТОГАЙСКИЙ РАЙОН"	"0"	"сельская местность"	"0"	"Всего"	"0"	"113"
"Число умерших(Человек)"	"2009 год"	"200912"	"БАЯНАУЛЬСКИЙ РАЙОН"	"0"	"Всего"	"0"	"Всего"	"0"	"210"
"Число умерших(Человек)"	"2011 год"	"201112"	"БАЯНАУЛЬСКИЙ РАЙОН"	"0"	"Всего"	"0"	"Всего"	"0"	"234"
"Число умерших(Человек)"	"2016 год"	"201612"	"БАЯНАУЛЬСКИЙ РАЙОН"	"0"	"Всего"	"0"	"Всего"	"0"	"228"
"Число умерших(Человек)"	"2010 год"	"201012"	"БАЯНАУЛЬСКИЙ РАЙОН"	"0"	"Всего"	"0"	"Всего"	"0"	"237"
"Число умерших(Человек)"	"2015 год"	"201512"	"БАЯНАУЛЬСКИЙ РАЙОН"	"0"	"Всего"	"0"	"Всего"	"0"	"183"
"Число умерших(Человек)"	"2013 год"	"201312"	"БАЯНАУЛЬСКИЙ РАЙОН"	"0"	"Всего"	"0"	"Всего"	"0"	"231"
"Число умерших(Человек)"	"2014 год"	"201412"	"БАЯНАУЛЬСКИЙ РАЙОН"	"0"	"Всего"	"0"	"Всего"	"0"	"228"
"Число умерших(Человек)"	"2012 год"	"201212"	"БАЯНАУЛЬСКИЙ РАЙОН"	"0"	"Всего"	"0"	"Всего"	"0"	"213"
"Число умерших(Человек)"	"2021 год"	"202112"	"БАЯНАУЛЬСКИЙ РАЙОН"	"0"	"Всего"	"0"	"Всего"	"0"	"264"
"Число умерших(Человек)"	"2020 год"	"202012"	"БАЯНАУЛЬСКИЙ РАЙОН"	"0"	"Всего"	"0"	"Всего"	"0"	"222"
"Число умерших(Человек)"	"2019 год"	"201912"	"БАЯНАУЛЬСКИЙ РАЙОН"	"0"	"Всего"	"0"	"Всего"	"0"	"207"
"Число умерших(Человек)"	"2018 год"	"201812"	"БАЯНАУЛЬСКИЙ РАЙОН"	"0"	"Всего"	"0"	"Всего"	"0"	"205"
"Число умерших(Человек)"	"2022 год"	"202212"	"БАЯНАУЛЬСКИЙ РАЙОН"	"0"	"Всего"	"0"	"Всего"	"0"	"201"
"Число умерших(Человек)"	"2017 год"	"201712"	"БАЯНАУЛЬСКИЙ РАЙОН"	"0"	"Всего"	"0"	"Всего"	"0"	"206"
"Число умерших(Человек)"	"2023 год"	"202312"	"БАЯНАУЛЬСКИЙ РАЙОН"	"0"	"Всего"	"0"	"Всего"	"0"	"179"
"Число умерших(Человек)"	"2024 год"	"202412"	"БАЯНАУЛЬСКИЙ РАЙОН"	"0"	"Всего"	"0"	"Всего"	"0"	"183"
"Число умерших(Человек)"	"2009 год"	"200912"	"БАЯНАУЛЬСКИЙ РАЙОН"	"0"	"сельская местность"	"0"	"Всего"	"0"	"210"
"Число умерших(Человек)"	"2011 год"	"201112"	"БАЯНАУЛЬСКИЙ РАЙОН"	"0"	"сельская местность"	"0"	"Всего"	"0"	"234"
"Число умерших(Человек)"	"2016 год"	"201612"	"БАЯНАУЛЬСКИЙ РАЙОН"	"0"	"сельская местность"	"0"	"Всего"	"0"	"228"
"Число умерших(Человек)"	"2010 год"	"201012"	"БАЯНАУЛЬСКИЙ РАЙОН"	"0"	"сельская местность"	"0"	"Всего"	"0"	"237"
"Число умерших(Человек)"	"2015 год"	"201512"	"БАЯНАУЛЬСКИЙ РАЙОН"	"0"	"сельская местность"	"0"	"Всего"	"0"	"183"
"Число умерших(Человек)"	"2013 год"	"201312"	"БАЯНАУЛЬСКИЙ РАЙОН"	"0"	"сельская местность"	"0"	"Всего"	"0"	"231"
"Число умерших(Человек)"	"2014 год"	"201412"	"БАЯНАУЛЬСКИЙ РАЙОН"	"0"	"сельская местность"	"0"	"Всего"	"0"	"228"
"Число умерших(Человек)"	"2012 год"	"201212"	"БАЯНАУЛЬСКИЙ РАЙОН"	"0"	"сельская местность"	"0"	"Всего"	"0"	"213"
"Число умерших(Человек)"	"2021 год"	"202112"	"БАЯНАУЛЬСКИЙ РАЙОН"	"0"	"сельская местность"	"0"	"Всего"	"0"	"264"
"Число умерших(Человек)"	"2020 год"	"202012"	"БАЯНАУЛЬСКИЙ РАЙОН"	"0"	"сельская местность"	"0"	"Всего"	"0"	"222"
"Число умерших(Человек)"	"2019 год"	"201912"	"БАЯНАУЛЬСКИЙ РАЙОН"	"0"	"сельская местность"	"0"	"Всего"	"0"	"207"
"Число умерших(Человек)"	"2018 год"	"201812"	"БАЯНАУЛЬСКИЙ РАЙОН"	"0"	"сельская местность"	"0"	"Всего"	"0"	"205"
"Число умерших(Человек)"	"2022 год"	"202212"	"БАЯНАУЛЬСКИЙ РАЙОН"	"0"	"сельская местность"	"0"	"Всего"	"0"	"201"
"Число умерших(Человек)"	"2017 год"	"201712"	"БАЯНАУЛЬСКИЙ РАЙОН"	"0"	"сельская местность"	"0"	"Всего"	"0"	"206"
"Число умерших(Человек)"	"2023 год"	"202312"	"БАЯНАУЛЬСКИЙ РАЙОН"	"0"	"сельская местность"	"0"	"Всего"	"0"	"179"
"Число умерших(Человек)"	"2024 год"	"202412"	"БАЯНАУЛЬСКИЙ РАЙОН"	"0"	"сельская местность"	"0"	"Всего"	"0"	"183"
"Число умерших(Человек)"	"2009 год"	"200912"	"ЖЕЛЕЗИНСКИЙ РАЙОН"	"0"	"Всего"	"0"	"Всего"	"0"	"210"
"Число умерших(Человек)"	"2011 год"	"201112"	"ЖЕЛЕЗИНСКИЙ РАЙОН"	"0"	"Всего"	"0"	"Всего"	"0"	"253"
"Число умерших(Человек)"	"2016 год"	"201612"	"ЖЕЛЕЗИНСКИЙ РАЙОН"	"0"	"Всего"	"0"	"Всего"	"0"	"197"
"Число умерших(Человек)"	"2010 год"	"201012"	"ЖЕЛЕЗИНСКИЙ РАЙОН"	"0"	"Всего"	"0"	"Всего"	"0"	"233"
"Число умерших(Человек)"	"2015 год"	"201512"	"ЖЕЛЕЗИНСКИЙ РАЙОН"	"0"	"Всего"	"0"	"Всего"	"0"	"201"
"Число умерших(Человек)"	"2013 год"	"201312"	"ЖЕЛЕЗИНСКИЙ РАЙОН"	"0"	"Всего"	"0"	"Всего"	"0"	"218"
"Число умерших(Человек)"	"2014 год"	"201412"	"ЖЕЛЕЗИНСКИЙ РАЙОН"	"0"	"Всего"	"0"	"Всего"	"0"	"197"
"Число умерших(Человек)"	"2012 год"	"201212"	"ЖЕЛЕЗИНСКИЙ РАЙОН"	"0"	"Всего"	"0"	"Всего"	"0"	"229"
"Число умерших(Человек)"	"2021 год"	"202112"	"ЖЕЛЕЗИНСКИЙ РАЙОН"	"0"	"Всего"	"0"	"Всего"	"0"	"210"
"Число умерших(Человек)"	"2020 год"	"202012"	"ЖЕЛЕЗИНСКИЙ РАЙОН"	"0"	"Всего"	"0"	"Всего"	"0"	"209"
"Число умерших(Человек)"	"2019 год"	"201912"	"ЖЕЛЕЗИНСКИЙ РАЙОН"	"0"	"Всего"	"0"	"Всего"	"0"	"181"
"Число умерших(Человек)"	"2018 год"	"201812"	"ЖЕЛЕЗИНСКИЙ РАЙОН"	"0"	"Всего"	"0"	"Всего"	"0"	"159"
"Число умерших(Человек)"	"2022 год"	"202212"	"ЖЕЛЕЗИНСКИЙ РАЙОН"	"0"	"Всего"	"0"	"Всего"	"0"	"185"
"Число умерших(Человек)"	"2017 год"	"201712"	"ЖЕЛЕЗИНСКИЙ РАЙОН"	"0"	"Всего"	"0"	"Всего"	"0"	"182"
"Число умерших(Человек)"	"2023 год"	"202312"	"ЖЕЛЕЗИНСКИЙ РАЙОН"	"0"	"Всего"	"0"	"Всего"	"0"	"170"
"Число умерших(Человек)"	"2024 год"	"202412"	"ЖЕЛЕЗИНСКИЙ РАЙОН"	"0"	"Всего"	"0"	"Всего"	"0"	"189"
"Число умерших(Человек)"	"2009 год"	"200912"	"ЖЕЛЕЗИНСКИЙ РАЙОН"	"0"	"сельская местность"	"0"	"Всего"	"0"	"210"
"Число умерших(Человек)"	"2011 год"	"201112"	"ЖЕЛЕЗИНСКИЙ РАЙОН"	"0"	"сельская местность"	"0"	"Всего"	"0"	"253"
"Число умерших(Человек)"	"2016 год"	"201612"	"ЖЕЛЕЗИНСКИЙ РАЙОН"	"0"	"сельская местность"	"0"	"Всего"	"0"	"197"
"Число умерших(Человек)"	"2010 год"	"201012"	"ЖЕЛЕЗИНСКИЙ РАЙОН"	"0"	"сельская местность"	"0"	"Всего"	"0"	"233"
"Число умерших(Человек)"	"2015 год"	"201512"	"ЖЕЛЕЗИНСКИЙ РАЙОН"	"0"	"сельская местность"	"0"	"Всего"	"0"	"201"
"Число умерших(Человек)"	"2013 год"	"201312"	"ЖЕЛЕЗИНСКИЙ РАЙОН"	"0"	"сельская местность"	"0"	"Всего"	"0"	"218"
"Число умерших(Человек)"	"2014 год"	"201412"	"ЖЕЛЕЗИНСКИЙ РАЙОН"	"0"	"сельская местность"	"0"	"Всего"	"0"	"197"
"Число умерших(Человек)"	"2012 год"	"201212"	"ЖЕЛЕЗИНСКИЙ РАЙОН"	"0"	"сельская местность"	"0"	"Всего"	"0"	"229"
"Число умерших(Человек)"	"2021 год"	"202112"	"ЖЕЛЕЗИНСКИЙ РАЙОН"	"0"	"сельская местность"	"0"	"Всего"	"0"	"210"
"Число умерших(Человек)"	"2020 год"	"202012"	"ЖЕЛЕЗИНСКИЙ РАЙОН"	"0"	"сельская местность"	"0"	"Всего"	"0"	"209"
"Число умерших(Человек)"	"2019 год"	"201912"	"ЖЕЛЕЗИНСКИЙ РАЙОН"	"0"	"сельская местность"	"0"	"Всего"	"0"	"181"
"Число умерших(Человек)"	"2018 год"	"201812"	"ЖЕЛЕЗИНСКИЙ РАЙОН"	"0"	"сельская местность"	"0"	"Всего"	"0"	"159"
"Число умерших(Человек)"	"2022 год"	"202212"	"ЖЕЛЕЗИНСКИЙ РАЙОН"	"0"	"сельская местность"	"0"	"Всего"	"0"	"185"
"Число умерших(Человек)"	"2017 год"	"201712"	"ЖЕЛЕЗИНСКИЙ РАЙОН"	"0"	"сельская местность"	"0"	"Всего"	"0"	"182"
"Число умерших(Человек)"	"2023 год"	"202312"	"ЖЕЛЕЗИНСКИЙ РАЙОН"	"0"	"сельская местность"	"0"	"Всего"	"0"	"170"
"Число умерших(Человек)"	"2024 год"	"202412"	"ЖЕЛЕЗИНСКИЙ РАЙОН"	"0"	"сельская местность"	"0"	"Всего"	"0"	"189"
"Число умерших(Человек)"	"2009 год"	"200912"	"ИРТЫШСКИЙ РАЙОН"	"0"	"Всего"	"0"	"Всего"	"0"	"264"
"Число умерших(Человек)"	"2011 год"	"201112"	"ИРТЫШСКИЙ РАЙОН"	"0"	"Всего"	"0"	"Всего"	"0"	"264"
"Число умерших(Человек)"	"2016 год"	"201612"	"ИРТЫШСКИЙ РАЙОН"	"0"	"Всего"	"0"	"Всего"	"0"	"226"
"Число умерших(Человек)"	"2010 год"	"201012"	"ИРТЫШСКИЙ РАЙОН"	"0"	"Всего"	"0"	"Всего"	"0"	"271"
"Число умерших(Человек)"	"2015 год"	"201512"	"ИРТЫШСКИЙ РАЙОН"	"0"	"Всего"	"0"	"Всего"	"0"	"254"
"Число умерших(Человек)"	"2013 год"	"201312"	"ИРТЫШСКИЙ РАЙОН"	"0"	"Всего"	"0"	"Всего"	"0"	"232"
"Число умерших(Человек)"	"2014 год"	"201412"	"ИРТЫШСКИЙ РАЙОН"	"0"	"Всего"	"0"	"Всего"	"0"	"220"
"Число умерших(Человек)"	"2012 год"	"201212"	"ИРТЫШСКИЙ РАЙОН"	"0"	"Всего"	"0"	"Всего"	"0"	"288"
"Число умерших(Человек)"	"2021 год"	"202112"	"ИРТЫШСКИЙ РАЙОН"	"0"	"Всего"	"0"	"Всего"	"0"	"230"
"Число умерших(Человек)"	"2020 год"	"202012"	"ИРТЫШСКИЙ РАЙОН"	"0"	"Всего"	"0"	"Всего"	"0"	"203"
"Число умерших(Человек)"	"2019 год"	"201912"	"ИРТЫШСКИЙ РАЙОН"	"0"	"Всего"	"0"	"Всего"	"0"	"199"
"Число умерших(Человек)"	"2018 год"	"201812"	"ИРТЫШСКИЙ РАЙОН"	"0"	"Всего"	"0"	"Всего"	"0"	"196"
"Число умерших(Человек)"	"2022 год"	"202212"	"ИРТЫШСКИЙ РАЙОН"	"0"	"Всего"	"0"	"Всего"	"0"	"173"
"Число умерших(Человек)"	"2017 год"	"201712"	"ИРТЫШСКИЙ РАЙОН"	"0"	"Всего"	"0"	"Всего"	"0"	"210"
"Число умерших(Человек)"	"2023 год"	"202312"	"ИРТЫШСКИЙ РАЙОН"	"0"	"Всего"	"0"	"Всего"	"0"	"165"
"Число умерших(Человек)"	"2024 год"	"202412"	"ИРТЫШСКИЙ РАЙОН"	"0"	"Всего"	"0"	"Всего"	"0"	"183"
"Число умерших(Человек)"	"2009 год"	"200912"	"ИРТЫШСКИЙ РАЙОН"	"0"	"сельская местность"	"0"	"Всего"	"0"	"264"
"Число умерших(Человек)"	"2011 год"	"201112"	"ИРТЫШСКИЙ РАЙОН"	"0"	"сельская местность"	"0"	"Всего"	"0"	"264"
"Число умерших(Человек)"	"2016 год"	"201612"	"ИРТЫШСКИЙ РАЙОН"	"0"	"сельская местность"	"0"	"Всего"	"0"	"226"
"Число умерших(Человек)"	"2010 год"	"201012"	"ИРТЫШСКИЙ РАЙОН"	"0"	"сельская местность"	"0"	"Всего"	"0"	"271"
"Число умерших(Человек)"	"2015 год"	"201512"	"ИРТЫШСКИЙ РАЙОН"	"0"	"сельская местность"	"0"	"Всего"	"0"	"254"
"Число умерших(Человек)"	"2013 год"	"201312"	"ИРТЫШСКИЙ РАЙОН"	"0"	"сельская местность"	"0"	"Всего"	"0"	"232"
"Число умерших(Человек)"	"2014 год"	"201412"	"ИРТЫШСКИЙ РАЙОН"	"0"	"сельская местность"	"0"	"Всего"	"0"	"220"
"Число умерших(Человек)"	"2012 год"	"201212"	"ИРТЫШСКИЙ РАЙОН"	"0"	"сельская местность"	"0"	"Всего"	"0"	"288"
"Число умерших(Человек)"	"2021 год"	"202112"	"ИРТЫШСКИЙ РАЙОН"	"0"	"сельская местность"	"0"	"Всего"	"0"	"230"
"Число умерших(Человек)"	"2020 год"	"202012"	"ИРТЫШСКИЙ РАЙОН"	"0"	"сельская местность"	"0"	"Всего"	"0"	"203"
"Число умерших(Человек)"	"2019 год"	"201912"	"ИРТЫШСКИЙ РАЙОН"	"0"	"сельская местность"	"0"	"Всего"	"0"	"199"
"Число умерших(Человек)"	"2018 год"	"201812"	"ИРТЫШСКИЙ РАЙОН"	"0"	"сельская местность"	"0"	"Всего"	"0"	"196"
"Число умерших(Человек)"	"2022 год"	"202212"	"ИРТЫШСКИЙ РАЙОН"	"0"	"сельская местность"	"0"	"Всего"	"0"	"173"
"Число умерших(Человек)"	"2017 год"	"201712"	"ИРТЫШСКИЙ РАЙОН"	"0"	"сельская местность"	"0"	"Всего"	"0"	"210"
"Число умерших(Человек)"	"2023 год"	"202312"	"ИРТЫШСКИЙ РАЙОН"	"0"	"сельская местность"	"0"	"Всего"	"0"	"165"
"Число умерших(Человек)"	"2024 год"	"202412"	"ИРТЫШСКИЙ РАЙОН"	"0"	"сельская местность"	"0"	"Всего"	"0"	"183"
"Число умерших(Человек)"	"2009 год"	"200912"	"РАЙОН ТЕРЕҢКӨЛ"	"0"	"Всего"	"0"	"Всего"	"0"	"272"
"Число умерших(Человек)"	"2011 год"	"201112"	"РАЙОН ТЕРЕҢКӨЛ"	"0"	"Всего"	"0"	"Всего"	"0"	"282"
"Число умерших(Человек)"	"2016 год"	"201612"	"РАЙОН ТЕРЕҢКӨЛ"	"0"	"Всего"	"0"	"Всего"	"0"	"256"
"Число умерших(Человек)"	"2010 год"	"201012"	"РАЙОН ТЕРЕҢКӨЛ"	"0"	"Всего"	"0"	"Всего"	"0"	"301"
"Число умерших(Человек)"	"2015 год"	"201512"	"РАЙОН ТЕРЕҢКӨЛ"	"0"	"Всего"	"0"	"Всего"	"0"	"228"
"Число умерших(Человек)"	"2013 год"	"201312"	"РАЙОН ТЕРЕҢКӨЛ"	"0"	"Всего"	"0"	"Всего"	"0"	"281"
"Число умерших(Человек)"	"2014 год"	"201412"	"РАЙОН ТЕРЕҢКӨЛ"	"0"	"Всего"	"0"	"Всего"	"0"	"253"
"Число умерших(Человек)"	"2012 год"	"201212"	"РАЙОН ТЕРЕҢКӨЛ"	"0"	"Всего"	"0"	"Всего"	"0"	"257"
"Число умерших(Человек)"	"2021 год"	"202112"	"РАЙОН ТЕРЕҢКӨЛ"	"0"	"Всего"	"0"	"Всего"	"0"	"325"
"Число умерших(Человек)"	"2020 год"	"202012"	"РАЙОН ТЕРЕҢКӨЛ"	"0"	"Всего"	"0"	"Всего"	"0"	"249"
"Число умерших(Человек)"	"2019 год"	"201912"	"РАЙОН ТЕРЕҢКӨЛ"	"0"	"Всего"	"0"	"Всего"	"0"	"210"
"Число умерших(Человек)"	"2018 год"	"201812"	"РАЙОН ТЕРЕҢКӨЛ"	"0"	"Всего"	"0"	"Всего"	"0"	"262"
"Число умерших(Человек)"	"2022 год"	"202212"	"РАЙОН ТЕРЕҢКӨЛ"	"0"	"Всего"	"0"	"Всего"	"0"	"211"
"Число умерших(Человек)"	"2017 год"	"201712"	"РАЙОН ТЕРЕҢКӨЛ"	"0"	"Всего"	"0"	"Всего"	"0"	"244"
"Число умерших(Человек)"	"2023 год"	"202312"	"РАЙОН ТЕРЕҢКӨЛ"	"0"	"Всего"	"0"	"Всего"	"0"	"214"
"Число умерших(Человек)"	"2024 год"	"202412"	"РАЙОН ТЕРЕҢКӨЛ"	"0"	"Всего"	"0"	"Всего"	"0"	"198"
"Число умерших(Человек)"	"2009 год"	"200912"	"РАЙОН ТЕРЕҢКӨЛ"	"0"	"сельская местность"	"0"	"Всего"	"0"	"272"
"Число умерших(Человек)"	"2011 год"	"201112"	"РАЙОН ТЕРЕҢКӨЛ"	"0"	"сельская местность"	"0"	"Всего"	"0"	"282"
"Число умерших(Человек)"	"2016 год"	"201612"	"РАЙОН ТЕРЕҢКӨЛ"	"0"	"сельская местность"	"0"	"Всего"	"0"	"256"
"Число умерших(Человек)"	"2010 год"	"201012"	"РАЙОН ТЕРЕҢКӨЛ"	"0"	"сельская местность"	"0"	"Всего"	"0"	"301"
"Число умерших(Человек)"	"2015 год"	"201512"	"РАЙОН ТЕРЕҢКӨЛ"	"0"	"сельская местность"	"0"	"Всего"	"0"	"228"
"Число умерших(Человек)"	"2013 год"	"201312"	"РАЙОН ТЕРЕҢКӨЛ"	"0"	"сельская местность"	"0"	"Всего"	"0"	"281"
"Число умерших(Человек)"	"2014 год"	"201412"	"РАЙОН ТЕРЕҢКӨЛ"	"0"	"сельская местность"	"0"	"Всего"	"0"	"253"
"Число умерших(Человек)"	"2012 год"	"201212"	"РАЙОН ТЕРЕҢКӨЛ"	"0"	"сельская местность"	"0"	"Всего"	"0"	"257"
"Число умерших(Человек)"	"2021 год"	"202112"	"РАЙОН ТЕРЕҢКӨЛ"	"0"	"сельская местность"	"0"	"Всего"	"0"	"325"
"Число умерших(Человек)"	"2020 год"	"202012"	"РАЙОН ТЕРЕҢКӨЛ"	"0"	"сельская местность"	"0"	"Всего"	"0"	"249"
"Число умерших(Человек)"	"2019 год"	"201912"	"РАЙОН ТЕРЕҢКӨЛ"	"0"	"сельская местность"	"0"	"Всего"	"0"	"210"
"Число умерших(Человек)"	"2018 год"	"201812"	"РАЙОН ТЕРЕҢКӨЛ"	"0"	"сельская местность"	"0"	"Всего"	"0"	"262"
"Число умерших(Человек)"	"2022 год"	"202212"	"РАЙОН ТЕРЕҢКӨЛ"	"0"	"сельская местность"	"0"	"Всего"	"0"	"211"
"Число умерших(Человек)"	"2017 год"	"201712"	"РАЙОН ТЕРЕҢКӨЛ"	"0"	"сельская местность"	"0"	"Всего"	"0"	"244"
"Число умерших(Человек)"	"2023 год"	"202312"	"РАЙОН ТЕРЕҢКӨЛ"	"0"	"сельская местность"	"0"	"Всего"	"0"	"214"
"Число умерших(Человек)"	"2024 год"	"202412"	"РАЙОН ТЕРЕҢКӨЛ"	"0"	"сельская местность"	"0"	"Всего"	"0"	"198"
"Число умерших(Человек)"	"2009 год"	"200912"	"РАЙОН АҚҚУЛЫ"	"0"	"Всего"	"0"	"Всего"	"0"	"147"
"Число умерших(Человек)"	"2011 год"	"201112"	"РАЙОН АҚҚУЛЫ"	"0"	"Всего"	"0"	"Всего"	"0"	"151"
"Число умерших(Человек)"	"2016 год"	"201612"	"РАЙОН АҚҚУЛЫ"	"0"	"Всего"	"0"	"Всего"	"0"	"119"
"Число умерших(Человек)"	"2010 год"	"201012"	"РАЙОН АҚҚУЛЫ"	"0"	"Всего"	"0"	"Всего"	"0"	"166"
"Число умерших(Человек)"	"2015 год"	"201512"	"РАЙОН АҚҚУЛЫ"	"0"	"Всего"	"0"	"Всего"	"0"	"122"
"Число умерших(Человек)"	"2013 год"	"201312"	"РАЙОН АҚҚУЛЫ"	"0"	"Всего"	"0"	"Всего"	"0"	"140"
"Число умерших(Человек)"	"2014 год"	"201412"	"РАЙОН АҚҚУЛЫ"	"0"	"Всего"	"0"	"Всего"	"0"	"131"
"Число умерших(Человек)"	"2012 год"	"201212"	"РАЙОН АҚҚУЛЫ"	"0"	"Всего"	"0"	"Всего"	"0"	"148"
"Число умерших(Человек)"	"2021 год"	"202112"	"РАЙОН АҚҚУЛЫ"	"0"	"Всего"	"0"	"Всего"	"0"	"152"
"Число умерших(Человек)"	"2020 год"	"202012"	"РАЙОН АҚҚУЛЫ"	"0"	"Всего"	"0"	"Всего"	"0"	"135"
"Число умерших(Человек)"	"2019 год"	"201912"	"РАЙОН АҚҚУЛЫ"	"0"	"Всего"	"0"	"Всего"	"0"	"119"
"Число умерших(Человек)"	"2018 год"	"201812"	"РАЙОН АҚҚУЛЫ"	"0"	"Всего"	"0"	"Всего"	"0"	"122"
"Число умерших(Человек)"	"2022 год"	"202212"	"РАЙОН АҚҚУЛЫ"	"0"	"Всего"	"0"	"Всего"	"0"	"113"
"Число умерших(Человек)"	"2017 год"	"201712"	"РАЙОН АҚҚУЛЫ"	"0"	"Всего"	"0"	"Всего"	"0"	"116"
"Число умерших(Человек)"	"2023 год"	"202312"	"РАЙОН АҚҚУЛЫ"	"0"	"Всего"	"0"	"Всего"	"0"	"97"
"Число умерших(Человек)"	"2024 год"	"202412"	"РАЙОН АҚҚУЛЫ"	"0"	"Всего"	"0"	"Всего"	"0"	"121"
"Число умерших(Человек)"	"2009 год"	"200912"	"РАЙОН АҚҚУЛЫ"	"0"	"сельская местность"	"0"	"Всего"	"0"	"147"
"Число умерших(Человек)"	"2011 год"	"201112"	"РАЙОН АҚҚУЛЫ"	"0"	"сельская местность"	"0"	"Всего"	"0"	"151"
"Число умерших(Человек)"	"2016 год"	"201612"	"РАЙОН АҚҚУЛЫ"	"0"	"сельская местность"	"0"	"Всего"	"0"	"119"
"Число умерших(Человек)"	"2010 год"	"201012"	"РАЙОН АҚҚУЛЫ"	"0"	"сельская местность"	"0"	"Всего"	"0"	"166"
"Число умерших(Человек)"	"2015 год"	"201512"	"РАЙОН АҚҚУЛЫ"	"0"	"сельская местность"	"0"	"Всего"	"0"	"122"
"Число умерших(Человек)"	"2013 год"	"201312"	"РАЙОН АҚҚУЛЫ"	"0"	"сельская местность"	"0"	"Всего"	"0"	"140"
"Число умерших(Человек)"	"2014 год"	"201412"	"РАЙОН АҚҚУЛЫ"	"0"	"сельская местность"	"0"	"Всего"	"0"	"131"
"Число умерших(Человек)"	"2012 год"	"201212"	"РАЙОН АҚҚУЛЫ"	"0"	"сельская местность"	"0"	"Всего"	"0"	"148"
"Число умерших(Человек)"	"2021 год"	"202112"	"РАЙОН АҚҚУЛЫ"	"0"	"сельская местность"	"0"	"Всего"	"0"	"152"
"Число умерших(Человек)"	"2020 год"	"202012"	"РАЙОН АҚҚУЛЫ"	"0"	"сельская местность"	"0"	"Всего"	"0"	"135"
"Число умерших(Человек)"	"2019 год"	"201912"	"РАЙОН АҚҚУЛЫ"	"0"	"сельская местность"	"0"	"Всего"	"0"	"119"
"Число умерших(Человек)"	"2018 год"	"201812"	"РАЙОН АҚҚУЛЫ"	"0"	"сельская местность"	"0"	"Всего"	"0"	"122"
"Число умерших(Человек)"	"2022 год"	"202212"	"РАЙОН АҚҚУЛЫ"	"0"	"сельская местность"	"0"	"Всего"	"0"	"113"
"Число умерших(Человек)"	"2017 год"	"201712"	"РАЙОН АҚҚУЛЫ"	"0"	"сельская местность"	"0"	"Всего"	"0"	"116"
"Число умерших(Человек)"	"2023 год"	"202312"	"РАЙОН АҚҚУЛЫ"	"0"	"сельская местность"	"0"	"Всего"	"0"	"97"
"Число умерших(Человек)"	"2024 год"	"202412"	"РАЙОН АҚҚУЛЫ"	"0"	"сельская местность"	"0"	"Всего"	"0"	"121"
"Число умерших(Человек)"	"2009 год"	"200912"	"МАЙСКИЙ РАЙОН"	"0"	"Всего"	"0"	"Всего"	"0"	"128"
"Число умерших(Человек)"	"2011 год"	"201112"	"МАЙСКИЙ РАЙОН"	"0"	"Всего"	"0"	"Всего"	"0"	"111"
"Число умерших(Человек)"	"2016 год"	"201612"	"МАЙСКИЙ РАЙОН"	"0"	"Всего"	"0"	"Всего"	"0"	"87"
"Число умерших(Человек)"	"2010 год"	"201012"	"МАЙСКИЙ РАЙОН"	"0"	"Всего"	"0"	"Всего"	"0"	"134"
"Число умерших(Человек)"	"2015 год"	"201512"	"МАЙСКИЙ РАЙОН"	"0"	"Всего"	"0"	"Всего"	"0"	"108"
"Число умерших(Человек)"	"2013 год"	"201312"	"МАЙСКИЙ РАЙОН"	"0"	"Всего"	"0"	"Всего"	"0"	"124"
"Число умерших(Человек)"	"2014 год"	"201412"	"МАЙСКИЙ РАЙОН"	"0"	"Всего"	"0"	"Всего"	"0"	"118"
"Число умерших(Человек)"	"2012 год"	"201212"	"МАЙСКИЙ РАЙОН"	"0"	"Всего"	"0"	"Всего"	"0"	"104"
"Число умерших(Человек)"	"2021 год"	"202112"	"МАЙСКИЙ РАЙОН"	"0"	"Всего"	"0"	"Всего"	"0"	"133"
"Число умерших(Человек)"	"2020 год"	"202012"	"МАЙСКИЙ РАЙОН"	"0"	"Всего"	"0"	"Всего"	"0"	"106"
"Число умерших(Человек)"	"2019 год"	"201912"	"МАЙСКИЙ РАЙОН"	"0"	"Всего"	"0"	"Всего"	"0"	"109"
"Число умерших(Человек)"	"2018 год"	"201812"	"МАЙСКИЙ РАЙОН"	"0"	"Всего"	"0"	"Всего"	"0"	"85"
"Число умерших(Человек)"	"2022 год"	"202212"	"МАЙСКИЙ РАЙОН"	"0"	"Всего"	"0"	"Всего"	"0"	"93"
"Число умерших(Человек)"	"2017 год"	"201712"	"МАЙСКИЙ РАЙОН"	"0"	"Всего"	"0"	"Всего"	"0"	"96"
"Число умерших(Человек)"	"2023 год"	"202312"	"МАЙСКИЙ РАЙОН"	"0"	"Всего"	"0"	"Всего"	"0"	"91"
"Число умерших(Человек)"	"2024 год"	"202412"	"МАЙСКИЙ РАЙОН"	"0"	"Всего"	"0"	"Всего"	"0"	"94"
"Число умерших(Человек)"	"2009 год"	"200912"	"МАЙСКИЙ РАЙОН"	"0"	"сельская местность"	"0"	"Всего"	"0"	"128"
"Число умерших(Человек)"	"2011 год"	"201112"	"МАЙСКИЙ РАЙОН"	"0"	"сельская местность"	"0"	"Всего"	"0"	"111"
"Число умерших(Человек)"	"2016 год"	"201612"	"МАЙСКИЙ РАЙОН"	"0"	"сельская местность"	"0"	"Всего"	"0"	"87"
"Число умерших(Человек)"	"2010 год"	"201012"	"МАЙСКИЙ РАЙОН"	"0"	"сельская местность"	"0"	"Всего"	"0"	"134"
"Число умерших(Человек)"	"2015 год"	"201512"	"МАЙСКИЙ РАЙОН"	"0"	"сельская местность"	"0"	"Всего"	"0"	"108"
"Число умерших(Человек)"	"2013 год"	"201312"	"МАЙСКИЙ РАЙОН"	"0"	"сельская местность"	"0"	"Всего"	"0"	"124"
"Число умерших(Человек)"	"2014 год"	"201412"	"МАЙСКИЙ РАЙОН"	"0"	"сельская местность"	"0"	"Всего"	"0"	"118"
"Число умерших(Человек)"	"2012 год"	"201212"	"МАЙСКИЙ РАЙОН"	"0"	"сельская местность"	"0"	"Всего"	"0"	"104"
"Число умерших(Человек)"	"2021 год"	"202112"	"МАЙСКИЙ РАЙОН"	"0"	"сельская местность"	"0"	"Всего"	"0"	"133"
"Число умерших(Человек)"	"2020 год"	"202012"	"МАЙСКИЙ РАЙОН"	"0"	"сельская местность"	"0"	"Всего"	"0"	"106"
"Число умерших(Человек)"	"2019 год"	"201912"	"МАЙСКИЙ РАЙОН"	"0"	"сельская местность"	"0"	"Всего"	"0"	"109"
"Число умерших(Человек)"	"2018 год"	"201812"	"МАЙСКИЙ РАЙОН"	"0"	"сельская местность"	"0"	"Всего"	"0"	"85"
"Число умерших(Человек)"	"2022 год"	"202212"	"МАЙСКИЙ РАЙОН"	"0"	"сельская местность"	"0"	"Всего"	"0"	"93"
"Число умерших(Человек)"	"2017 год"	"201712"	"МАЙСКИЙ РАЙОН"	"0"	"сельская местность"	"0"	"Всего"	"0"	"96"
"Число умерших(Человек)"	"2023 год"	"202312"	"МАЙСКИЙ РАЙОН"	"0"	"сельская местность"	"0"	"Всего"	"0"	"91"
"Число умерших(Человек)"	"2024 год"	"202412"	"МАЙСКИЙ РАЙОН"	"0"	"сельская местность"	"0"	"Всего"	"0"	"94"
"Число умерших(Человек)"	"2009 год"	"200912"	"ПАВЛОДАРСКИЙ РАЙОН"	"0"	"Всего"	"0"	"Всего"	"0"	"329"
"Число умерших(Человек)"	"2011 год"	"201112"	"ПАВЛОДАРСКИЙ РАЙОН"	"0"	"Всего"	"0"	"Всего"	"0"	"319"
"Число умерших(Человек)"	"2016 год"	"201612"	"ПАВЛОДАРСКИЙ РАЙОН"	"0"	"Всего"	"0"	"Всего"	"0"	"260"
"Число умерших(Человек)"	"2010 год"	"201012"	"ПАВЛОДАРСКИЙ РАЙОН"	"0"	"Всего"	"0"	"Всего"	"0"	"301"
"Число умерших(Человек)"	"2015 год"	"201512"	"ПАВЛОДАРСКИЙ РАЙОН"	"0"	"Всего"	"0"	"Всего"	"0"	"238"
"Число умерших(Человек)"	"2013 год"	"201312"	"ПАВЛОДАРСКИЙ РАЙОН"	"0"	"Всего"	"0"	"Всего"	"0"	"278"
"Число умерших(Человек)"	"2014 год"	"201412"	"ПАВЛОДАРСКИЙ РАЙОН"	"0"	"Всего"	"0"	"Всего"	"0"	"284"
"Число умерших(Человек)"	"2012 год"	"201212"	"ПАВЛОДАРСКИЙ РАЙОН"	"0"	"Всего"	"0"	"Всего"	"0"	"294"
"Число умерших(Человек)"	"2021 год"	"202112"	"ПАВЛОДАРСКИЙ РАЙОН"	"0"	"Всего"	"0"	"Всего"	"0"	"382"
"Число умерших(Человек)"	"2020 год"	"202012"	"ПАВЛОДАРСКИЙ РАЙОН"	"0"	"Всего"	"0"	"Всего"	"0"	"309"
"Число умерших(Человек)"	"2019 год"	"201912"	"ПАВЛОДАРСКИЙ РАЙОН"	"0"	"Всего"	"0"	"Всего"	"0"	"298"
"Число умерших(Человек)"	"2018 год"	"201812"	"ПАВЛОДАРСКИЙ РАЙОН"	"0"	"Всего"	"0"	"Всего"	"0"	"272"
"Число умерших(Человек)"	"2022 год"	"202212"	"ПАВЛОДАРСКИЙ РАЙОН"	"0"	"Всего"	"0"	"Всего"	"0"	"277"
"Число умерших(Человек)"	"2017 год"	"201712"	"ПАВЛОДАРСКИЙ РАЙОН"	"0"	"Всего"	"0"	"Всего"	"0"	"281"
"Число умерших(Человек)"	"2023 год"	"202312"	"ПАВЛОДАРСКИЙ РАЙОН"	"0"	"Всего"	"0"	"Всего"	"0"	"265"
"Число умерших(Человек)"	"2024 год"	"202412"	"ПАВЛОДАРСКИЙ РАЙОН"	"0"	"Всего"	"0"	"Всего"	"0"	"283"
"Число умерших(Человек)"	"2009 год"	"200912"	"ПАВЛОДАРСКИЙ РАЙОН"	"0"	"сельская местность"	"0"	"Всего"	"0"	"329"
"Число умерших(Человек)"	"2011 год"	"201112"	"ПАВЛОДАРСКИЙ РАЙОН"	"0"	"сельская местность"	"0"	"Всего"	"0"	"319"
"Число умерших(Человек)"	"2016 год"	"201612"	"ПАВЛОДАРСКИЙ РАЙОН"	"0"	"сельская местность"	"0"	"Всего"	"0"	"260"
"Число умерших(Человек)"	"2010 год"	"201012"	"ПАВЛОДАРСКИЙ РАЙОН"	"0"	"сельская местность"	"0"	"Всего"	"0"	"301"
"Число умерших(Человек)"	"2015 год"	"201512"	"ПАВЛОДАРСКИЙ РАЙОН"	"0"	"сельская местность"	"0"	"Всего"	"0"	"238"
"Число умерших(Человек)"	"2013 год"	"201312"	"ПАВЛОДАРСКИЙ РАЙОН"	"0"	"сельская местность"	"0"	"Всего"	"0"	"278"
"Число умерших(Человек)"	"2014 год"	"201412"	"ПАВЛОДАРСКИЙ РАЙОН"	"0"	"сельская местность"	"0"	"Всего"	"0"	"284"
"Число умерших(Человек)"	"2012 год"	"201212"	"ПАВЛОДАРСКИЙ РАЙОН"	"0"	"сельская местность"	"0"	"Всего"	"0"	"294"
"Число умерших(Человек)"	"2021 год"	"202112"	"ПАВЛОДАРСКИЙ РАЙОН"	"0"	"сельская местность"	"0"	"Всего"	"0"	"382"
"Число умерших(Человек)"	"2020 год"	"202012"	"ПАВЛОДАРСКИЙ РАЙОН"	"0"	"сельская местность"	"0"	"Всего"	"0"	"309"
"Число умерших(Человек)"	"2019 год"	"201912"	"ПАВЛОДАРСКИЙ РАЙОН"	"0"	"сельская местность"	"0"	"Всего"	"0"	"298"
"Число умерших(Человек)"	"2018 год"	"201812"	"ПАВЛОДАРСКИЙ РАЙОН"	"0"	"сельская местность"	"0"	"Всего"	"0"	"272"
"Число умерших(Человек)"	"2022 год"	"202212"	"ПАВЛОДАРСКИЙ РАЙОН"	"0"	"сельская местность"	"0"	"Всего"	"0"	"277"
"Число умерших(Человек)"	"2017 год"	"201712"	"ПАВЛОДАРСКИЙ РАЙОН"	"0"	"сельская местность"	"0"	"Всего"	"0"	"281"
"Число умерших(Человек)"	"2023 год"	"202312"	"ПАВЛОДАРСКИЙ РАЙОН"	"0"	"сельская местность"	"0"	"Всего"	"0"	"265"
"Число умерших(Человек)"	"2024 год"	"202412"	"ПАВЛОДАРСКИЙ РАЙОН"	"0"	"сельская местность"	"0"	"Всего"	"0"	"283"
"Число умерших(Человек)"	"2009 год"	"200912"	"ОТРАРСКИЙ РАЙОН"	"0"	"Всего"	"0"	"Всего"	"0"	"342"
"Число умерших(Человек)"	"2011 год"	"201112"	"ОТРАРСКИЙ РАЙОН"	"0"	"Всего"	"0"	"Всего"	"0"	"324"
"Число умерших(Человек)"	"2016 год"	"201612"	"ОТРАРСКИЙ РАЙОН"	"0"	"Всего"	"0"	"Всего"	"0"	"288"
"Число умерших(Человек)"	"2010 год"	"201012"	"ОТРАРСКИЙ РАЙОН"	"0"	"Всего"	"0"	"Всего"	"0"	"331"
"Число умерших(Человек)"	"2015 год"	"201512"	"ОТРАРСКИЙ РАЙОН"	"0"	"Всего"	"0"	"Всего"	"0"	"302"
"Число умерших(Человек)"	"2013 год"	"201312"	"ОТРАРСКИЙ РАЙОН"	"0"	"Всего"	"0"	"Всего"	"0"	"293"
"Число умерших(Человек)"	"2014 год"	"201412"	"ОТРАРСКИЙ РАЙОН"	"0"	"Всего"	"0"	"Всего"	"0"	"287"
"Число умерших(Человек)"	"2012 год"	"201212"	"ОТРАРСКИЙ РАЙОН"	"0"	"Всего"	"0"	"Всего"	"0"	"317"
"Число умерших(Человек)"	"2009 год"	"200912"	"ОТРАРСКИЙ РАЙОН"	"0"	"сельская местность"	"0"	"Всего"	"0"	"342"
"Число умерших(Человек)"	"2011 год"	"201112"	"ОТРАРСКИЙ РАЙОН"	"0"	"сельская местность"	"0"	"Всего"	"0"	"324"
"Число умерших(Человек)"	"2016 год"	"201612"	"ОТРАРСКИЙ РАЙОН"	"0"	"сельская местность"	"0"	"Всего"	"0"	"288"
"Число умерших(Человек)"	"2010 год"	"201012"	"ОТРАРСКИЙ РАЙОН"	"0"	"сельская местность"	"0"	"Всего"	"0"	"331"
"Число умерших(Человек)"	"2015 год"	"201512"	"ОТРАРСКИЙ РАЙОН"	"0"	"сельская местность"	"0"	"Всего"	"0"	"302"
"Число умерших(Человек)"	"2013 год"	"201312"	"ОТРАРСКИЙ РАЙОН"	"0"	"сельская местность"	"0"	"Всего"	"0"	"293"
"Число умерших(Человек)"	"2014 год"	"201412"	"ОТРАРСКИЙ РАЙОН"	"0"	"сельская местность"	"0"	"Всего"	"0"	"287"
"Число умерших(Человек)"	"2012 год"	"201212"	"ОТРАРСКИЙ РАЙОН"	"0"	"сельская местность"	"0"	"Всего"	"0"	"317"
"Число умерших(Человек)"	"2009 год"	"200912"	"САЙРАМСКИЙ РАЙОН"	"0"	"Всего"	"0"	"Всего"	"0"	"1 511"
"Число умерших(Человек)"	"2011 год"	"201112"	"САЙРАМСКИЙ РАЙОН"	"0"	"Всего"	"0"	"Всего"	"0"	"1 615"
"Число умерших(Человек)"	"2016 год"	"201612"	"САЙРАМСКИЙ РАЙОН"	"0"	"Всего"	"0"	"Всего"	"0"	"1 011"
"Число умерших(Человек)"	"2010 год"	"201012"	"САЙРАМСКИЙ РАЙОН"	"0"	"Всего"	"0"	"Всего"	"0"	"1 609"
"Число умерших(Человек)"	"2015 год"	"201512"	"САЙРАМСКИЙ РАЙОН"	"0"	"Всего"	"0"	"Всего"	"0"	"991"
"Число умерших(Человек)"	"2013 год"	"201312"	"САЙРАМСКИЙ РАЙОН"	"0"	"Всего"	"0"	"Всего"	"0"	"1 543"
"Число умерших(Человек)"	"2014 год"	"201412"	"САЙРАМСКИЙ РАЙОН"	"0"	"Всего"	"0"	"Всего"	"0"	"1 040"
"Число умерших(Человек)"	"2012 год"	"201212"	"САЙРАМСКИЙ РАЙОН"	"0"	"Всего"	"0"	"Всего"	"0"	"1 571"
"Число умерших(Человек)"	"2009 год"	"200912"	"САЙРАМСКИЙ РАЙОН"	"0"	"сельская местность"	"0"	"Всего"	"0"	"1 511"
"Число умерших(Человек)"	"2011 год"	"201112"	"САЙРАМСКИЙ РАЙОН"	"0"	"сельская местность"	"0"	"Всего"	"0"	"1 615"
"Число умерших(Человек)"	"2016 год"	"201612"	"САЙРАМСКИЙ РАЙОН"	"0"	"сельская местность"	"0"	"Всего"	"0"	"1 011"
"Число умерших(Человек)"	"2010 год"	"201012"	"САЙРАМСКИЙ РАЙОН"	"0"	"сельская местность"	"0"	"Всего"	"0"	"1 609"
"Число умерших(Человек)"	"2015 год"	"201512"	"САЙРАМСКИЙ РАЙОН"	"0"	"сельская местность"	"0"	"Всего"	"0"	"991"
"Число умерших(Человек)"	"2013 год"	"201312"	"САЙРАМСКИЙ РАЙОН"	"0"	"сельская местность"	"0"	"Всего"	"0"	"1 543"
"Число умерших(Человек)"	"2014 год"	"201412"	"САЙРАМСКИЙ РАЙОН"	"0"	"сельская местность"	"0"	"Всего"	"0"	"1 040"
"Число умерших(Человек)"	"2012 год"	"201212"	"САЙРАМСКИЙ РАЙОН"	"0"	"сельская местность"	"0"	"Всего"	"0"	"1 571"
"Число умерших(Человек)"	"2009 год"	"200912"	"САРЫАГАШСКИЙ РАЙОН"	"0"	"Всего"	"0"	"Всего"	"0"	"1 584"
"Число умерших(Человек)"	"2011 год"	"201112"	"САРЫАГАШСКИЙ РАЙОН"	"0"	"Всего"	"0"	"Всего"	"0"	"1 732"
"Число умерших(Человек)"	"2016 год"	"201612"	"САРЫАГАШСКИЙ РАЙОН"	"0"	"Всего"	"0"	"Всего"	"0"	"1 566"
"Число умерших(Человек)"	"2010 год"	"201012"	"САРЫАГАШСКИЙ РАЙОН"	"0"	"Всего"	"0"	"Всего"	"0"	"1 658"
"Число умерших(Человек)"	"2015 год"	"201512"	"САРЫАГАШСКИЙ РАЙОН"	"0"	"Всего"	"0"	"Всего"	"0"	"1 658"
"Число умерших(Человек)"	"2013 год"	"201312"	"САРЫАГАШСКИЙ РАЙОН"	"0"	"Всего"	"0"	"Всего"	"0"	"1 653"
"Число умерших(Человек)"	"2014 год"	"201412"	"САРЫАГАШСКИЙ РАЙОН"	"0"	"Всего"	"0"	"Всего"	"0"	"1 584"
"Число умерших(Человек)"	"2012 год"	"201212"	"САРЫАГАШСКИЙ РАЙОН"	"0"	"Всего"	"0"	"Всего"	"0"	"1 699"
"Число умерших(Человек)"	"2009 год"	"200912"	"САРЫАГАШСКИЙ РАЙОН"	"0"	"городская местность"	"0"	"Всего"	"0"	"407"
"Число умерших(Человек)"	"2011 год"	"201112"	"САРЫАГАШСКИЙ РАЙОН"	"0"	"городская местность"	"0"	"Всего"	"0"	"344"
"Число умерших(Человек)"	"2016 год"	"201612"	"САРЫАГАШСКИЙ РАЙОН"	"0"	"городская местность"	"0"	"Всего"	"0"	"347"
"Число умерших(Человек)"	"2010 год"	"201012"	"САРЫАГАШСКИЙ РАЙОН"	"0"	"городская местность"	"0"	"Всего"	"0"	"300"
"Число умерших(Человек)"	"2015 год"	"201512"	"САРЫАГАШСКИЙ РАЙОН"	"0"	"городская местность"	"0"	"Всего"	"0"	"397"
"Число умерших(Человек)"	"2013 год"	"201312"	"САРЫАГАШСКИЙ РАЙОН"	"0"	"городская местность"	"0"	"Всего"	"0"	"281"
"Число умерших(Человек)"	"2014 год"	"201412"	"САРЫАГАШСКИЙ РАЙОН"	"0"	"городская местность"	"0"	"Всего"	"0"	"338"
"Число умерших(Человек)"	"2012 год"	"201212"	"САРЫАГАШСКИЙ РАЙОН"	"0"	"городская местность"	"0"	"Всего"	"0"	"317"
"Число умерших(Человек)"	"2009 год"	"200912"	"САРЫАГАШСКИЙ РАЙОН"	"0"	"сельская местность"	"0"	"Всего"	"0"	"1 177"
"Число умерших(Человек)"	"2011 год"	"201112"	"САРЫАГАШСКИЙ РАЙОН"	"0"	"сельская местность"	"0"	"Всего"	"0"	"1 388"
"Число умерших(Человек)"	"2016 год"	"201612"	"САРЫАГАШСКИЙ РАЙОН"	"0"	"сельская местность"	"0"	"Всего"	"0"	"1 219"
"Число умерших(Человек)"	"2010 год"	"201012"	"САРЫАГАШСКИЙ РАЙОН"	"0"	"сельская местность"	"0"	"Всего"	"0"	"1 358"
"Число умерших(Человек)"	"2015 год"	"201512"	"САРЫАГАШСКИЙ РАЙОН"	"0"	"сельская местность"	"0"	"Всего"	"0"	"1 261"
"Число умерших(Человек)"	"2013 год"	"201312"	"САРЫАГАШСКИЙ РАЙОН"	"0"	"сельская местность"	"0"	"Всего"	"0"	"1 372"
"Число умерших(Человек)"	"2014 год"	"201412"	"САРЫАГАШСКИЙ РАЙОН"	"0"	"сельская местность"	"0"	"Всего"	"0"	"1 246"
"Число умерших(Человек)"	"2012 год"	"201212"	"САРЫАГАШСКИЙ РАЙОН"	"0"	"сельская местность"	"0"	"Всего"	"0"	"1 382"
"Число умерших(Человек)"	"2009 год"	"200912"	"СУЗАКСКИЙ РАЙОН"	"0"	"Всего"	"0"	"Всего"	"0"	"343"
"Число умерших(Человек)"	"2011 год"	"201112"	"СУЗАКСКИЙ РАЙОН"	"0"	"Всего"	"0"	"Всего"	"0"	"286"
"Число умерших(Человек)"	"2016 год"	"201612"	"СУЗАКСКИЙ РАЙОН"	"0"	"Всего"	"0"	"Всего"	"0"	"323"
"Число умерших(Человек)"	"2010 год"	"201012"	"СУЗАКСКИЙ РАЙОН"	"0"	"Всего"	"0"	"Всего"	"0"	"324"
"Число умерших(Человек)"	"2015 год"	"201512"	"СУЗАКСКИЙ РАЙОН"	"0"	"Всего"	"0"	"Всего"	"0"	"299"
"Число умерших(Человек)"	"2013 год"	"201312"	"СУЗАКСКИЙ РАЙОН"	"0"	"Всего"	"0"	"Всего"	"0"	"335"
"Число умерших(Человек)"	"2014 год"	"201412"	"СУЗАКСКИЙ РАЙОН"	"0"	"Всего"	"0"	"Всего"	"0"	"303"
"Число умерших(Человек)"	"2012 год"	"201212"	"СУЗАКСКИЙ РАЙОН"	"0"	"Всего"	"0"	"Всего"	"0"	"338"
"Число умерших(Человек)"	"2009 год"	"200912"	"СУЗАКСКИЙ РАЙОН"	"0"	"сельская местность"	"0"	"Всего"	"0"	"343"
"Число умерших(Человек)"	"2011 год"	"201112"	"СУЗАКСКИЙ РАЙОН"	"0"	"сельская местность"	"0"	"Всего"	"0"	"286"
"Число умерших(Человек)"	"2016 год"	"201612"	"СУЗАКСКИЙ РАЙОН"	"0"	"сельская местность"	"0"	"Всего"	"0"	"323"
"Число умерших(Человек)"	"2010 год"	"201012"	"СУЗАКСКИЙ РАЙОН"	"0"	"сельская местность"	"0"	"Всего"	"0"	"324"
"Число умерших(Человек)"	"2015 год"	"201512"	"СУЗАКСКИЙ РАЙОН"	"0"	"сельская местность"	"0"	"Всего"	"0"	"299"
"Число умерших(Человек)"	"2013 год"	"201312"	"СУЗАКСКИЙ РАЙОН"	"0"	"сельская местность"	"0"	"Всего"	"0"	"335"
"Число умерших(Человек)"	"2014 год"	"201412"	"СУЗАКСКИЙ РАЙОН"	"0"	"сельская местность"	"0"	"Всего"	"0"	"303"
"Число умерших(Человек)"	"2012 год"	"201212"	"СУЗАКСКИЙ РАЙОН"	"0"	"сельская местность"	"0"	"Всего"	"0"	"338"
"Число умерших(Человек)"	"2009 год"	"200912"	"ТОЛЕБИЙСКИЙ РАЙОН"	"0"	"Всего"	"0"	"Всего"	"0"	"862"
"Число умерших(Человек)"	"2011 год"	"201112"	"ТОЛЕБИЙСКИЙ РАЙОН"	"0"	"Всего"	"0"	"Всего"	"0"	"879"
"Число умерших(Человек)"	"2016 год"	"201612"	"ТОЛЕБИЙСКИЙ РАЙОН"	"0"	"Всего"	"0"	"Всего"	"0"	"678"
"Число умерших(Человек)"	"2010 год"	"201012"	"ТОЛЕБИЙСКИЙ РАЙОН"	"0"	"Всего"	"0"	"Всего"	"0"	"943"
"Число умерших(Человек)"	"2015 год"	"201512"	"ТОЛЕБИЙСКИЙ РАЙОН"	"0"	"Всего"	"0"	"Всего"	"0"	"745"
"Число умерших(Человек)"	"2013 год"	"201312"	"ТОЛЕБИЙСКИЙ РАЙОН"	"0"	"Всего"	"0"	"Всего"	"0"	"858"
"Число умерших(Человек)"	"2014 год"	"201412"	"ТОЛЕБИЙСКИЙ РАЙОН"	"0"	"Всего"	"0"	"Всего"	"0"	"729"
"Число умерших(Человек)"	"2012 год"	"201212"	"ТОЛЕБИЙСКИЙ РАЙОН"	"0"	"Всего"	"0"	"Всего"	"0"	"937"
"Число умерших(Человек)"	"2009 год"	"200912"	"ТОЛЕБИЙСКИЙ РАЙОН"	"0"	"городская местность"	"0"	"Всего"	"0"	"258"
"Число умерших(Человек)"	"2011 год"	"201112"	"ТОЛЕБИЙСКИЙ РАЙОН"	"0"	"городская местность"	"0"	"Всего"	"0"	"257"
"Число умерших(Человек)"	"2016 год"	"201612"	"ТОЛЕБИЙСКИЙ РАЙОН"	"0"	"городская местность"	"0"	"Всего"	"0"	"188"
"Число умерших(Человек)"	"2010 год"	"201012"	"ТОЛЕБИЙСКИЙ РАЙОН"	"0"	"городская местность"	"0"	"Всего"	"0"	"256"
"Число умерших(Человек)"	"2015 год"	"201512"	"ТОЛЕБИЙСКИЙ РАЙОН"	"0"	"городская местность"	"0"	"Всего"	"0"	"260"
"Число умерших(Человек)"	"2013 год"	"201312"	"ТОЛЕБИЙСКИЙ РАЙОН"	"0"	"городская местность"	"0"	"Всего"	"0"	"222"
"Число умерших(Человек)"	"2014 год"	"201412"	"ТОЛЕБИЙСКИЙ РАЙОН"	"0"	"городская местность"	"0"	"Всего"	"0"	"206"
"Число умерших(Человек)"	"2012 год"	"201212"	"ТОЛЕБИЙСКИЙ РАЙОН"	"0"	"городская местность"	"0"	"Всего"	"0"	"246"
"Число умерших(Человек)"	"2009 год"	"200912"	"ТОЛЕБИЙСКИЙ РАЙОН"	"0"	"сельская местность"	"0"	"Всего"	"0"	"604"
"Число умерших(Человек)"	"2011 год"	"201112"	"ТОЛЕБИЙСКИЙ РАЙОН"	"0"	"сельская местность"	"0"	"Всего"	"0"	"622"
"Число умерших(Человек)"	"2016 год"	"201612"	"ТОЛЕБИЙСКИЙ РАЙОН"	"0"	"сельская местность"	"0"	"Всего"	"0"	"490"
"Число умерших(Человек)"	"2010 год"	"201012"	"ТОЛЕБИЙСКИЙ РАЙОН"	"0"	"сельская местность"	"0"	"Всего"	"0"	"687"
"Число умерших(Человек)"	"2015 год"	"201512"	"ТОЛЕБИЙСКИЙ РАЙОН"	"0"	"сельская местность"	"0"	"Всего"	"0"	"485"
"Число умерших(Человек)"	"2013 год"	"201312"	"ТОЛЕБИЙСКИЙ РАЙОН"	"0"	"сельская местность"	"0"	"Всего"	"0"	"636"
"Число умерших(Человек)"	"2014 год"	"201412"	"ТОЛЕБИЙСКИЙ РАЙОН"	"0"	"сельская местность"	"0"	"Всего"	"0"	"523"
"Число умерших(Человек)"	"2012 год"	"201212"	"ТОЛЕБИЙСКИЙ РАЙОН"	"0"	"сельская местность"	"0"	"Всего"	"0"	"691"
"Число умерших(Человек)"	"2009 год"	"200912"	"ТЮЛЬКУБАССКИЙ РАЙОН"	"0"	"Всего"	"0"	"Всего"	"0"	"681"
"Число умерших(Человек)"	"2011 год"	"201112"	"ТЮЛЬКУБАССКИЙ РАЙОН"	"0"	"Всего"	"0"	"Всего"	"0"	"692"
"Число умерших(Человек)"	"2016 год"	"201612"	"ТЮЛЬКУБАССКИЙ РАЙОН"	"0"	"Всего"	"0"	"Всего"	"0"	"710"
"Число умерших(Человек)"	"2010 год"	"201012"	"ТЮЛЬКУБАССКИЙ РАЙОН"	"0"	"Всего"	"0"	"Всего"	"0"	"713"
"Число умерших(Человек)"	"2015 год"	"201512"	"ТЮЛЬКУБАССКИЙ РАЙОН"	"0"	"Всего"	"0"	"Всего"	"0"	"694"
"Число умерших(Человек)"	"2013 год"	"201312"	"ТЮЛЬКУБАССКИЙ РАЙОН"	"0"	"Всего"	"0"	"Всего"	"0"	"679"
"Число умерших(Человек)"	"2014 год"	"201412"	"ТЮЛЬКУБАССКИЙ РАЙОН"	"0"	"Всего"	"0"	"Всего"	"0"	"704"
"Число умерших(Человек)"	"2012 год"	"201212"	"ТЮЛЬКУБАССКИЙ РАЙОН"	"0"	"Всего"	"0"	"Всего"	"0"	"636"
"Число умерших(Человек)"	"2009 год"	"200912"	"ТЮЛЬКУБАССКИЙ РАЙОН"	"0"	"сельская местность"	"0"	"Всего"	"0"	"681"
"Число умерших(Человек)"	"2011 год"	"201112"	"ТЮЛЬКУБАССКИЙ РАЙОН"	"0"	"сельская местность"	"0"	"Всего"	"0"	"692"
"Число умерших(Человек)"	"2016 год"	"201612"	"ТЮЛЬКУБАССКИЙ РАЙОН"	"0"	"сельская местность"	"0"	"Всего"	"0"	"710"
"Число умерших(Человек)"	"2010 год"	"201012"	"ТЮЛЬКУБАССКИЙ РАЙОН"	"0"	"сельская местность"	"0"	"Всего"	"0"	"713"
"Число умерших(Человек)"	"2015 год"	"201512"	"ТЮЛЬКУБАССКИЙ РАЙОН"	"0"	"сельская местность"	"0"	"Всего"	"0"	"694"
"Число умерших(Человек)"	"2013 год"	"201312"	"ТЮЛЬКУБАССКИЙ РАЙОН"	"0"	"сельская местность"	"0"	"Всего"	"0"	"679"
"Число умерших(Человек)"	"2014 год"	"201412"	"ТЮЛЬКУБАССКИЙ РАЙОН"	"0"	"сельская местность"	"0"	"Всего"	"0"	"704"
"Число умерших(Человек)"	"2012 год"	"201212"	"ТЮЛЬКУБАССКИЙ РАЙОН"	"0"	"сельская местность"	"0"	"Всего"	"0"	"636"
"Число умерших(Человек)"	"2009 год"	"200912"	"ШАРДАРИНСКИЙ РАЙОН"	"0"	"Всего"	"0"	"Всего"	"0"	"409"
"Число умерших(Человек)"	"2011 год"	"201112"	"ШАРДАРИНСКИЙ РАЙОН"	"0"	"Всего"	"0"	"Всего"	"0"	"418"
"Число умерших(Человек)"	"2016 год"	"201612"	"ШАРДАРИНСКИЙ РАЙОН"	"0"	"Всего"	"0"	"Всего"	"0"	"386"
"Число умерших(Человек)"	"2010 год"	"201012"	"ШАРДАРИНСКИЙ РАЙОН"	"0"	"Всего"	"0"	"Всего"	"0"	"455"
"Число умерших(Человек)"	"2015 год"	"201512"	"ШАРДАРИНСКИЙ РАЙОН"	"0"	"Всего"	"0"	"Всего"	"0"	"394"
"Число умерших(Человек)"	"2013 год"	"201312"	"ШАРДАРИНСКИЙ РАЙОН"	"0"	"Всего"	"0"	"Всего"	"0"	"412"
"Число умерших(Человек)"	"2014 год"	"201412"	"ШАРДАРИНСКИЙ РАЙОН"	"0"	"Всего"	"0"	"Всего"	"0"	"388"
"Число умерших(Человек)"	"2012 год"	"201212"	"ШАРДАРИНСКИЙ РАЙОН"	"0"	"Всего"	"0"	"Всего"	"0"	"420"
"Число умерших(Человек)"	"2009 год"	"200912"	"ШАРДАРИНСКИЙ РАЙОН"	"0"	"городская местность"	"0"	"Всего"	"0"	"196"
"Число умерших(Человек)"	"2011 год"	"201112"	"ШАРДАРИНСКИЙ РАЙОН"	"0"	"городская местность"	"0"	"Всего"	"0"	"253"
"Число умерших(Человек)"	"2016 год"	"201612"	"ШАРДАРИНСКИЙ РАЙОН"	"0"	"городская местность"	"0"	"Всего"	"0"	"190"
"Число умерших(Человек)"	"2010 год"	"201012"	"ШАРДАРИНСКИЙ РАЙОН"	"0"	"городская местность"	"0"	"Всего"	"0"	"198"
"Число умерших(Человек)"	"2015 год"	"201512"	"ШАРДАРИНСКИЙ РАЙОН"	"0"	"городская местность"	"0"	"Всего"	"0"	"181"
"Число умерших(Человек)"	"2013 год"	"201312"	"ШАРДАРИНСКИЙ РАЙОН"	"0"	"городская местность"	"0"	"Всего"	"0"	"206"
"Число умерших(Человек)"	"2014 год"	"201412"	"ШАРДАРИНСКИЙ РАЙОН"	"0"	"городская местность"	"0"	"Всего"	"0"	"174"
"Число умерших(Человек)"	"2012 год"	"201212"	"ШАРДАРИНСКИЙ РАЙОН"	"0"	"городская местность"	"0"	"Всего"	"0"	"184"
"Число умерших(Человек)"	"2009 год"	"200912"	"ШАРДАРИНСКИЙ РАЙОН"	"0"	"сельская местность"	"0"	"Всего"	"0"	"213"
"Число умерших(Человек)"	"2011 год"	"201112"	"ШАРДАРИНСКИЙ РАЙОН"	"0"	"сельская местность"	"0"	"Всего"	"0"	"165"
"Число умерших(Человек)"	"2016 год"	"201612"	"ШАРДАРИНСКИЙ РАЙОН"	"0"	"сельская местность"	"0"	"Всего"	"0"	"196"
"Число умерших(Человек)"	"2010 год"	"201012"	"ШАРДАРИНСКИЙ РАЙОН"	"0"	"сельская местность"	"0"	"Всего"	"0"	"257"
"Число умерших(Человек)"	"2015 год"	"201512"	"ШАРДАРИНСКИЙ РАЙОН"	"0"	"сельская местность"	"0"	"Всего"	"0"	"213"
"Число умерших(Человек)"	"2013 год"	"201312"	"ШАРДАРИНСКИЙ РАЙОН"	"0"	"сельская местность"	"0"	"Всего"	"0"	"206"
"Число умерших(Человек)"	"2014 год"	"201412"	"ШАРДАРИНСКИЙ РАЙОН"	"0"	"сельская местность"	"0"	"Всего"	"0"	"214"
"Число умерших(Человек)"	"2012 год"	"201212"	"ШАРДАРИНСКИЙ РАЙОН"	"0"	"сельская местность"	"0"	"Всего"	"0"	"236"
"Число умерших(Человек)"	"2009 год"	"200912"	"ПАВЛОДАР Г.А."	"0"	"Всего"	"0"	"Всего"	"0"	"3 669"
"Число умерших(Человек)"	"2011 год"	"201112"	"ПАВЛОДАР Г.А."	"0"	"Всего"	"0"	"Всего"	"0"	"3 716"
"Число умерших(Человек)"	"2016 год"	"201612"	"ПАВЛОДАР Г.А."	"0"	"Всего"	"0"	"Всего"	"0"	"3 464"
"Число умерших(Человек)"	"2010 год"	"201012"	"ПАВЛОДАР Г.А."	"0"	"Всего"	"0"	"Всего"	"0"	"3 735"
"Число умерших(Человек)"	"2015 год"	"201512"	"ПАВЛОДАР Г.А."	"0"	"Всего"	"0"	"Всего"	"0"	"3 511"
"Число умерших(Человек)"	"2013 год"	"201312"	"ПАВЛОДАР Г.А."	"0"	"Всего"	"0"	"Всего"	"0"	"3 508"
"Число умерших(Человек)"	"2014 год"	"201412"	"ПАВЛОДАР Г.А."	"0"	"Всего"	"0"	"Всего"	"0"	"3 447"
"Число умерших(Человек)"	"2012 год"	"201212"	"ПАВЛОДАР Г.А."	"0"	"Всего"	"0"	"Всего"	"0"	"3 756"
"Число умерших(Человек)"	"2021 год"	"202112"	"ПАВЛОДАР Г.А."	"0"	"Всего"	"0"	"Всего"	"0"	"5 130"
"Число умерших(Человек)"	"2020 год"	"202012"	"ПАВЛОДАР Г.А."	"0"	"Всего"	"0"	"Всего"	"0"	"4 300"
"Число умерших(Человек)"	"2019 год"	"201912"	"ПАВЛОДАР Г.А."	"0"	"Всего"	"0"	"Всего"	"0"	"3 536"
"Число умерших(Человек)"	"2018 год"	"201812"	"ПАВЛОДАР Г.А."	"0"	"Всего"	"0"	"Всего"	"0"	"3 511"
"Число умерших(Человек)"	"2022 год"	"202212"	"ПАВЛОДАР Г.А."	"0"	"Всего"	"0"	"Всего"	"0"	"3 629"
"Число умерших(Человек)"	"2017 год"	"201712"	"ПАВЛОДАР Г.А."	"0"	"Всего"	"0"	"Всего"	"0"	"3 531"
"Число умерших(Человек)"	"2023 год"	"202312"	"ПАВЛОДАР Г.А."	"0"	"Всего"	"0"	"Всего"	"0"	"3 340"
"Число умерших(Человек)"	"2024 год"	"202412"	"ПАВЛОДАР Г.А."	"0"	"Всего"	"0"	"Всего"	"0"	"3 485"
"Число умерших(Человек)"	"2009 год"	"200912"	"ПАВЛОДАР Г.А."	"0"	"городская местность"	"0"	"Всего"	"0"	"3 571"
"Число умерших(Человек)"	"2011 год"	"201112"	"ПАВЛОДАР Г.А."	"0"	"городская местность"	"0"	"Всего"	"0"	"3 615"
"Число умерших(Человек)"	"2016 год"	"201612"	"ПАВЛОДАР Г.А."	"0"	"городская местность"	"0"	"Всего"	"0"	"3 382"
"Число умерших(Человек)"	"2010 год"	"201012"	"ПАВЛОДАР Г.А."	"0"	"городская местность"	"0"	"Всего"	"0"	"3 650"
"Число умерших(Человек)"	"2015 год"	"201512"	"ПАВЛОДАР Г.А."	"0"	"городская местность"	"0"	"Всего"	"0"	"3 388"
"Число умерших(Человек)"	"2013 год"	"201312"	"ПАВЛОДАР Г.А."	"0"	"городская местность"	"0"	"Всего"	"0"	"3 438"
"Число умерших(Человек)"	"2014 год"	"201412"	"ПАВЛОДАР Г.А."	"0"	"городская местность"	"0"	"Всего"	"0"	"3 338"
"Число умерших(Человек)"	"2012 год"	"201212"	"ПАВЛОДАР Г.А."	"0"	"городская местность"	"0"	"Всего"	"0"	"3 691"
"Число умерших(Человек)"	"2021 год"	"202112"	"ПАВЛОДАР Г.А."	"0"	"городская местность"	"0"	"Всего"	"0"	"4 923"
"Число умерших(Человек)"	"2020 год"	"202012"	"ПАВЛОДАР Г.А."	"0"	"городская местность"	"0"	"Всего"	"0"	"4 144"
"Число умерших(Человек)"	"2019 год"	"201912"	"ПАВЛОДАР Г.А."	"0"	"городская местность"	"0"	"Всего"	"0"	"3 409"
"Число умерших(Человек)"	"2018 год"	"201812"	"ПАВЛОДАР Г.А."	"0"	"городская местность"	"0"	"Всего"	"0"	"3 414"
"Число умерших(Человек)"	"2022 год"	"202212"	"ПАВЛОДАР Г.А."	"0"	"городская местность"	"0"	"Всего"	"0"	"3 483"
"Число умерших(Человек)"	"2017 год"	"201712"	"ПАВЛОДАР Г.А."	"0"	"городская местность"	"0"	"Всего"	"0"	"3 431"
"Число умерших(Человек)"	"2023 год"	"202312"	"ПАВЛОДАР Г.А."	"0"	"городская местность"	"0"	"Всего"	"0"	"3 206"
"Число умерших(Человек)"	"2024 год"	"202412"	"ПАВЛОДАР Г.А."	"0"	"городская местность"	"0"	"Всего"	"0"	"3 339"
"Число умерших(Человек)"	"2009 год"	"200912"	"ПАВЛОДАР Г.А."	"0"	"сельская местность"	"0"	"Всего"	"0"	"98"
"Число умерших(Человек)"	"2011 год"	"201112"	"ПАВЛОДАР Г.А."	"0"	"сельская местность"	"0"	"Всего"	"0"	"101"
"Число умерших(Человек)"	"2016 год"	"201612"	"ПАВЛОДАР Г.А."	"0"	"сельская местность"	"0"	"Всего"	"0"	"82"
"Число умерших(Человек)"	"2010 год"	"201012"	"ПАВЛОДАР Г.А."	"0"	"сельская местность"	"0"	"Всего"	"0"	"85"
"Число умерших(Человек)"	"2015 год"	"201512"	"ПАВЛОДАР Г.А."	"0"	"сельская местность"	"0"	"Всего"	"0"	"123"
"Число умерших(Человек)"	"2013 год"	"201312"	"ПАВЛОДАР Г.А."	"0"	"сельская местность"	"0"	"Всего"	"0"	"70"
"Число умерших(Человек)"	"2014 год"	"201412"	"ПАВЛОДАР Г.А."	"0"	"сельская местность"	"0"	"Всего"	"0"	"109"
"Число умерших(Человек)"	"2012 год"	"201212"	"ПАВЛОДАР Г.А."	"0"	"сельская местность"	"0"	"Всего"	"0"	"65"
"Число умерших(Человек)"	"2021 год"	"202112"	"ПАВЛОДАР Г.А."	"0"	"сельская местность"	"0"	"Всего"	"0"	"207"
"Число умерших(Человек)"	"2020 год"	"202012"	"ПАВЛОДАР Г.А."	"0"	"сельская местность"	"0"	"Всего"	"0"	"156"
"Число умерших(Человек)"	"2019 год"	"201912"	"ПАВЛОДАР Г.А."	"0"	"сельская местность"	"0"	"Всего"	"0"	"127"
"Число умерших(Человек)"	"2018 год"	"201812"	"ПАВЛОДАР Г.А."	"0"	"сельская местность"	"0"	"Всего"	"0"	"97"
"Число умерших(Человек)"	"2022 год"	"202212"	"ПАВЛОДАР Г.А."	"0"	"сельская местность"	"0"	"Всего"	"0"	"146"
"Число умерших(Человек)"	"2017 год"	"201712"	"ПАВЛОДАР Г.А."	"0"	"сельская местность"	"0"	"Всего"	"0"	"100"
"Число умерших(Человек)"	"2023 год"	"202312"	"ПАВЛОДАР Г.А."	"0"	"сельская местность"	"0"	"Всего"	"0"	"134"
"Число умерших(Человек)"	"2024 год"	"202412"	"ПАВЛОДАР Г.А."	"0"	"сельская местность"	"0"	"Всего"	"0"	"146"
"Число умерших(Человек)"	"2009 год"	"200912"	"АКСУ Г.А."	"0"	"Всего"	"0"	"Всего"	"0"	"809"
"Число умерших(Человек)"	"2011 год"	"201112"	"АКСУ Г.А."	"0"	"Всего"	"0"	"Всего"	"0"	"814"
"Число умерших(Человек)"	"2016 год"	"201612"	"АКСУ Г.А."	"0"	"Всего"	"0"	"Всего"	"0"	"703"
"Число умерших(Человек)"	"2010 год"	"201012"	"АКСУ Г.А."	"0"	"Всего"	"0"	"Всего"	"0"	"835"
"Число умерших(Человек)"	"2015 год"	"201512"	"АКСУ Г.А."	"0"	"Всего"	"0"	"Всего"	"0"	"765"
"Число умерших(Человек)"	"2013 год"	"201312"	"АКСУ Г.А."	"0"	"Всего"	"0"	"Всего"	"0"	"743"
"Число умерших(Человек)"	"2014 год"	"201412"	"АКСУ Г.А."	"0"	"Всего"	"0"	"Всего"	"0"	"788"
"Число умерших(Человек)"	"2012 год"	"201212"	"АКСУ Г.А."	"0"	"Всего"	"0"	"Всего"	"0"	"840"
"Число умерших(Человек)"	"2021 год"	"202112"	"АКСУ Г.А."	"0"	"Всего"	"0"	"Всего"	"0"	"1 000"
"Число умерших(Человек)"	"2020 год"	"202012"	"АКСУ Г.А."	"0"	"Всего"	"0"	"Всего"	"0"	"868"
"Число умерших(Человек)"	"2019 год"	"201912"	"АКСУ Г.А."	"0"	"Всего"	"0"	"Всего"	"0"	"758"
"Число умерших(Человек)"	"2018 год"	"201812"	"АКСУ Г.А."	"0"	"Всего"	"0"	"Всего"	"0"	"753"
"Число умерших(Человек)"	"2022 год"	"202212"	"АКСУ Г.А."	"0"	"Всего"	"0"	"Всего"	"0"	"764"
"Число умерших(Человек)"	"2017 год"	"201712"	"АКСУ Г.А."	"0"	"Всего"	"0"	"Всего"	"0"	"738"
"Число умерших(Человек)"	"2023 год"	"202312"	"АКСУ Г.А."	"0"	"Всего"	"0"	"Всего"	"0"	"696"
"Число умерших(Человек)"	"2024 год"	"202412"	"АКСУ Г.А."	"0"	"Всего"	"0"	"Всего"	"0"	"743"
"Число умерших(Человек)"	"2009 год"	"200912"	"АКСУ Г.А."	"0"	"городская местность"	"0"	"Всего"	"0"	"577"
"Число умерших(Человек)"	"2011 год"	"201112"	"АКСУ Г.А."	"0"	"городская местность"	"0"	"Всего"	"0"	"591"
"Число умерших(Человек)"	"2016 год"	"201612"	"АКСУ Г.А."	"0"	"городская местность"	"0"	"Всего"	"0"	"530"
"Число умерших(Человек)"	"2010 год"	"201012"	"АКСУ Г.А."	"0"	"городская местность"	"0"	"Всего"	"0"	"587"
"Число умерших(Человек)"	"2015 год"	"201512"	"АКСУ Г.А."	"0"	"городская местность"	"0"	"Всего"	"0"	"567"
"Число умерших(Человек)"	"2013 год"	"201312"	"АКСУ Г.А."	"0"	"городская местность"	"0"	"Всего"	"0"	"537"
"Число умерших(Человек)"	"2014 год"	"201412"	"АКСУ Г.А."	"0"	"городская местность"	"0"	"Всего"	"0"	"548"
"Число умерших(Человек)"	"2012 год"	"201212"	"АКСУ Г.А."	"0"	"городская местность"	"0"	"Всего"	"0"	"617"
"Число умерших(Человек)"	"2021 год"	"202112"	"АКСУ Г.А."	"0"	"городская местность"	"0"	"Всего"	"0"	"782"
"Число умерших(Человек)"	"2020 год"	"202012"	"АКСУ Г.А."	"0"	"городская местность"	"0"	"Всего"	"0"	"671"
"Число умерших(Человек)"	"2019 год"	"201912"	"АКСУ Г.А."	"0"	"городская местность"	"0"	"Всего"	"0"	"573"
"Число умерших(Человек)"	"2018 год"	"201812"	"АКСУ Г.А."	"0"	"городская местность"	"0"	"Всего"	"0"	"564"
"Число умерших(Человек)"	"2022 год"	"202212"	"АКСУ Г.А."	"0"	"городская местность"	"0"	"Всего"	"0"	"570"
"Число умерших(Человек)"	"2017 год"	"201712"	"АКСУ Г.А."	"0"	"городская местность"	"0"	"Всего"	"0"	"548"
"Число умерших(Человек)"	"2023 год"	"202312"	"АКСУ Г.А."	"0"	"городская местность"	"0"	"Всего"	"0"	"524"
"Число умерших(Человек)"	"2024 год"	"202412"	"АКСУ Г.А."	"0"	"городская местность"	"0"	"Всего"	"0"	"580"
"Число умерших(Человек)"	"2009 год"	"200912"	"АКСУ Г.А."	"0"	"сельская местность"	"0"	"Всего"	"0"	"232"
"Число умерших(Человек)"	"2011 год"	"201112"	"АКСУ Г.А."	"0"	"сельская местность"	"0"	"Всего"	"0"	"223"
"Число умерших(Человек)"	"2016 год"	"201612"	"АКСУ Г.А."	"0"	"сельская местность"	"0"	"Всего"	"0"	"173"
"Число умерших(Человек)"	"2010 год"	"201012"	"АКСУ Г.А."	"0"	"сельская местность"	"0"	"Всего"	"0"	"248"
"Число умерших(Человек)"	"2015 год"	"201512"	"АКСУ Г.А."	"0"	"сельская местность"	"0"	"Всего"	"0"	"198"
"Число умерших(Человек)"	"2013 год"	"201312"	"АКСУ Г.А."	"0"	"сельская местность"	"0"	"Всего"	"0"	"206"
"Число умерших(Человек)"	"2014 год"	"201412"	"АКСУ Г.А."	"0"	"сельская местность"	"0"	"Всего"	"0"	"240"
"Число умерших(Человек)"	"2012 год"	"201212"	"АКСУ Г.А."	"0"	"сельская местность"	"0"	"Всего"	"0"	"223"
"Число умерших(Человек)"	"2021 год"	"202112"	"АКСУ Г.А."	"0"	"сельская местность"	"0"	"Всего"	"0"	"218"
"Число умерших(Человек)"	"2020 год"	"202012"	"АКСУ Г.А."	"0"	"сельская местность"	"0"	"Всего"	"0"	"197"
"Число умерших(Человек)"	"2019 год"	"201912"	"АКСУ Г.А."	"0"	"сельская местность"	"0"	"Всего"	"0"	"185"
"Число умерших(Человек)"	"2018 год"	"201812"	"АКСУ Г.А."	"0"	"сельская местность"	"0"	"Всего"	"0"	"189"
"Число умерших(Человек)"	"2022 год"	"202212"	"АКСУ Г.А."	"0"	"сельская местность"	"0"	"Всего"	"0"	"194"
"Число умерших(Человек)"	"2017 год"	"201712"	"АКСУ Г.А."	"0"	"сельская местность"	"0"	"Всего"	"0"	"190"
"Число умерших(Человек)"	"2023 год"	"202312"	"АКСУ Г.А."	"0"	"сельская местность"	"0"	"Всего"	"0"	"172"
"Число умерших(Человек)"	"2024 год"	"202412"	"АКСУ Г.А."	"0"	"сельская местность"	"0"	"Всего"	"0"	"163"
"Число умерших(Человек)"	"2009 год"	"200912"	"ЭКИБАСТУЗ Г.А."	"0"	"Всего"	"0"	"Всего"	"0"	"1 295"
"Число умерших(Человек)"	"2011 год"	"201112"	"ЭКИБАСТУЗ Г.А."	"0"	"Всего"	"0"	"Всего"	"0"	"1 439"
"Число умерших(Человек)"	"2016 год"	"201612"	"ЭКИБАСТУЗ Г.А."	"0"	"Всего"	"0"	"Всего"	"0"	"1 285"
"Число умерших(Человек)"	"2010 год"	"201012"	"ЭКИБАСТУЗ Г.А."	"0"	"Всего"	"0"	"Всего"	"0"	"1 435"
"Число умерших(Человек)"	"2015 год"	"201512"	"ЭКИБАСТУЗ Г.А."	"0"	"Всего"	"0"	"Всего"	"0"	"1 223"
"Число умерших(Человек)"	"2013 год"	"201312"	"ЭКИБАСТУЗ Г.А."	"0"	"Всего"	"0"	"Всего"	"0"	"1 277"
"Число умерших(Человек)"	"2014 год"	"201412"	"ЭКИБАСТУЗ Г.А."	"0"	"Всего"	"0"	"Всего"	"0"	"1 313"
"Число умерших(Человек)"	"2012 год"	"201212"	"ЭКИБАСТУЗ Г.А."	"0"	"Всего"	"0"	"Всего"	"0"	"1 407"
"Число умерших(Человек)"	"2021 год"	"202112"	"ЭКИБАСТУЗ Г.А."	"0"	"Всего"	"0"	"Всего"	"0"	"1 844"
"Число умерших(Человек)"	"2020 год"	"202012"	"ЭКИБАСТУЗ Г.А."	"0"	"Всего"	"0"	"Всего"	"0"	"1 523"
"Число умерших(Человек)"	"2019 год"	"201912"	"ЭКИБАСТУЗ Г.А."	"0"	"Всего"	"0"	"Всего"	"0"	"1 276"
"Число умерших(Человек)"	"2018 год"	"201812"	"ЭКИБАСТУЗ Г.А."	"0"	"Всего"	"0"	"Всего"	"0"	"1 322"
"Число умерших(Человек)"	"2022 год"	"202212"	"ЭКИБАСТУЗ Г.А."	"0"	"Всего"	"0"	"Всего"	"0"	"1 396"
"Число умерших(Человек)"	"2017 год"	"201712"	"ЭКИБАСТУЗ Г.А."	"0"	"Всего"	"0"	"Всего"	"0"	"1 203"
"Число умерших(Человек)"	"2023 год"	"202312"	"ЭКИБАСТУЗ Г.А."	"0"	"Всего"	"0"	"Всего"	"0"	"1 283"
"Число умерших(Человек)"	"2024 год"	"202412"	"ЭКИБАСТУЗ Г.А."	"0"	"Всего"	"0"	"Всего"	"0"	"1 283"
"Число умерших(Человек)"	"2009 год"	"200912"	"ЭКИБАСТУЗ Г.А."	"0"	"городская местность"	"0"	"Всего"	"0"	"1 218"
"Число умерших(Человек)"	"2011 год"	"201112"	"ЭКИБАСТУЗ Г.А."	"0"	"городская местность"	"0"	"Всего"	"0"	"1 352"
"Число умерших(Человек)"	"2016 год"	"201612"	"ЭКИБАСТУЗ Г.А."	"0"	"городская местность"	"0"	"Всего"	"0"	"1 230"
"Число умерших(Человек)"	"2010 год"	"201012"	"ЭКИБАСТУЗ Г.А."	"0"	"городская местность"	"0"	"Всего"	"0"	"1 340"
"Число умерших(Человек)"	"2015 год"	"201512"	"ЭКИБАСТУЗ Г.А."	"0"	"городская местность"	"0"	"Всего"	"0"	"1 161"
"Число умерших(Человек)"	"2013 год"	"201312"	"ЭКИБАСТУЗ Г.А."	"0"	"городская местность"	"0"	"Всего"	"0"	"1 210"
"Число умерших(Человек)"	"2014 год"	"201412"	"ЭКИБАСТУЗ Г.А."	"0"	"городская местность"	"0"	"Всего"	"0"	"1 254"
"Число умерших(Человек)"	"2012 год"	"201212"	"ЭКИБАСТУЗ Г.А."	"0"	"городская местность"	"0"	"Всего"	"0"	"1 324"
"Число умерших(Человек)"	"2021 год"	"202112"	"ЭКИБАСТУЗ Г.А."	"0"	"городская местность"	"0"	"Всего"	"0"	"1 776"
"Число умерших(Человек)"	"2020 год"	"202012"	"ЭКИБАСТУЗ Г.А."	"0"	"городская местность"	"0"	"Всего"	"0"	"1 481"
"Число умерших(Человек)"	"2019 год"	"201912"	"ЭКИБАСТУЗ Г.А."	"0"	"городская местность"	"0"	"Всего"	"0"	"1 230"
"Число умерших(Человек)"	"2018 год"	"201812"	"ЭКИБАСТУЗ Г.А."	"0"	"городская местность"	"0"	"Всего"	"0"	"1 268"
"Число умерших(Человек)"	"2022 год"	"202212"	"ЭКИБАСТУЗ Г.А."	"0"	"городская местность"	"0"	"Всего"	"0"	"1 341"
"Число умерших(Человек)"	"2017 год"	"201712"	"ЭКИБАСТУЗ Г.А."	"0"	"городская местность"	"0"	"Всего"	"0"	"1 135"
"Число умерших(Человек)"	"2023 год"	"202312"	"ЭКИБАСТУЗ Г.А."	"0"	"городская местность"	"0"	"Всего"	"0"	"1 238"
"Число умерших(Человек)"	"2024 год"	"202412"	"ЭКИБАСТУЗ Г.А."	"0"	"городская местность"	"0"	"Всего"	"0"	"1 233"
"Число умерших(Человек)"	"2009 год"	"200912"	"ЭКИБАСТУЗ Г.А."	"0"	"сельская местность"	"0"	"Всего"	"0"	"77"
"Число умерших(Человек)"	"2011 год"	"201112"	"ЭКИБАСТУЗ Г.А."	"0"	"сельская местность"	"0"	"Всего"	"0"	"87"
"Число умерших(Человек)"	"2016 год"	"201612"	"ЭКИБАСТУЗ Г.А."	"0"	"сельская местность"	"0"	"Всего"	"0"	"55"
"Число умерших(Человек)"	"2010 год"	"201012"	"ЭКИБАСТУЗ Г.А."	"0"	"сельская местность"	"0"	"Всего"	"0"	"95"
"Число умерших(Человек)"	"2015 год"	"201512"	"ЭКИБАСТУЗ Г.А."	"0"	"сельская местность"	"0"	"Всего"	"0"	"62"
"Число умерших(Человек)"	"2013 год"	"201312"	"ЭКИБАСТУЗ Г.А."	"0"	"сельская местность"	"0"	"Всего"	"0"	"67"
"Число умерших(Человек)"	"2014 год"	"201412"	"ЭКИБАСТУЗ Г.А."	"0"	"сельская местность"	"0"	"Всего"	"0"	"59"
"Число умерших(Человек)"	"2012 год"	"201212"	"ЭКИБАСТУЗ Г.А."	"0"	"сельская местность"	"0"	"Всего"	"0"	"83"
"Число умерших(Человек)"	"2021 год"	"202112"	"ЭКИБАСТУЗ Г.А."	"0"	"сельская местность"	"0"	"Всего"	"0"	"68"
"Число умерших(Человек)"	"2020 год"	"202012"	"ЭКИБАСТУЗ Г.А."	"0"	"сельская местность"	"0"	"Всего"	"0"	"42"
"Число умерших(Человек)"	"2019 год"	"201912"	"ЭКИБАСТУЗ Г.А."	"0"	"сельская местность"	"0"	"Всего"	"0"	"46"
"Число умерших(Человек)"	"2018 год"	"201812"	"ЭКИБАСТУЗ Г.А."	"0"	"сельская местность"	"0"	"Всего"	"0"	"54"
"Число умерших(Человек)"	"2022 год"	"202212"	"ЭКИБАСТУЗ Г.А."	"0"	"сельская местность"	"0"	"Всего"	"0"	"55"
"Число умерших(Человек)"	"2017 год"	"201712"	"ЭКИБАСТУЗ Г.А."	"0"	"сельская местность"	"0"	"Всего"	"0"	"68"
"Число умерших(Человек)"	"2023 год"	"202312"	"ЭКИБАСТУЗ Г.А."	"0"	"сельская местность"	"0"	"Всего"	"0"	"45"
"Число умерших(Человек)"	"2024 год"	"202412"	"ЭКИБАСТУЗ Г.А."	"0"	"сельская местность"	"0"	"Всего"	"0"	"50"
"Число умерших(Человек)"	"2009 год"	"200912"	"МАМЛЮТСКИЙ РАЙОН"	"0"	"городская местность"	"0"	"Всего"	"0"	"117"
"Число умерших(Человек)"	"2011 год"	"201112"	"МАМЛЮТСКИЙ РАЙОН"	"0"	"городская местность"	"0"	"Всего"	"0"	"120"
"Число умерших(Человек)"	"2016 год"	"201612"	"МАМЛЮТСКИЙ РАЙОН"	"0"	"городская местность"	"0"	"Всего"	"0"	"91"
"Число умерших(Человек)"	"2010 год"	"201012"	"МАМЛЮТСКИЙ РАЙОН"	"0"	"городская местность"	"0"	"Всего"	"0"	"108"
"Число умерших(Человек)"	"2015 год"	"201512"	"МАМЛЮТСКИЙ РАЙОН"	"0"	"городская местность"	"0"	"Всего"	"0"	"103"
"Число умерших(Человек)"	"2013 год"	"201312"	"МАМЛЮТСКИЙ РАЙОН"	"0"	"городская местность"	"0"	"Всего"	"0"	"102"
"Число умерших(Человек)"	"2014 год"	"201412"	"МАМЛЮТСКИЙ РАЙОН"	"0"	"городская местность"	"0"	"Всего"	"0"	"111"
"Число умерших(Человек)"	"2012 год"	"201212"	"МАМЛЮТСКИЙ РАЙОН"	"0"	"городская местность"	"0"	"Всего"	"0"	"141"
"Число умерших(Человек)"	"2021 год"	"202112"	"МАМЛЮТСКИЙ РАЙОН"	"0"	"городская местность"	"0"	"Всего"	"0"	"113"
"Число умерших(Человек)"	"2020 год"	"202012"	"МАМЛЮТСКИЙ РАЙОН"	"0"	"городская местность"	"0"	"Всего"	"0"	"98"
"Число умерших(Человек)"	"2019 год"	"201912"	"МАМЛЮТСКИЙ РАЙОН"	"0"	"городская местность"	"0"	"Всего"	"0"	"116"
"Число умерших(Человек)"	"2018 год"	"201812"	"МАМЛЮТСКИЙ РАЙОН"	"0"	"городская местность"	"0"	"Всего"	"0"	"91"
"Число умерших(Человек)"	"2022 год"	"202212"	"МАМЛЮТСКИЙ РАЙОН"	"0"	"городская местность"	"0"	"Всего"	"0"	"96"
"Число умерших(Человек)"	"2017 год"	"201712"	"МАМЛЮТСКИЙ РАЙОН"	"0"	"городская местность"	"0"	"Всего"	"0"	"105"
"Число умерших(Человек)"	"2023 год"	"202312"	"МАМЛЮТСКИЙ РАЙОН"	"0"	"городская местность"	"0"	"Всего"	"0"	"93"
"Число умерших(Человек)"	"2024 год"	"202412"	"МАМЛЮТСКИЙ РАЙОН"	"0"	"городская местность"	"0"	"Всего"	"0"	"97"
"Число умерших(Человек)"	"2009 год"	"200912"	"МАМЛЮТСКИЙ РАЙОН"	"0"	"сельская местность"	"0"	"Всего"	"0"	"198"
"Число умерших(Человек)"	"2011 год"	"201112"	"МАМЛЮТСКИЙ РАЙОН"	"0"	"сельская местность"	"0"	"Всего"	"0"	"184"
"Число умерших(Человек)"	"2016 год"	"201612"	"МАМЛЮТСКИЙ РАЙОН"	"0"	"сельская местность"	"0"	"Всего"	"0"	"146"
"Число умерших(Человек)"	"2010 год"	"201012"	"МАМЛЮТСКИЙ РАЙОН"	"0"	"сельская местность"	"0"	"Всего"	"0"	"209"
"Число умерших(Человек)"	"2015 год"	"201512"	"МАМЛЮТСКИЙ РАЙОН"	"0"	"сельская местность"	"0"	"Всего"	"0"	"164"
"Число умерших(Человек)"	"2013 год"	"201312"	"МАМЛЮТСКИЙ РАЙОН"	"0"	"сельская местность"	"0"	"Всего"	"0"	"202"
"Число умерших(Человек)"	"2014 год"	"201412"	"МАМЛЮТСКИЙ РАЙОН"	"0"	"сельская местность"	"0"	"Всего"	"0"	"135"
"Число умерших(Человек)"	"2012 год"	"201212"	"МАМЛЮТСКИЙ РАЙОН"	"0"	"сельская местность"	"0"	"Всего"	"0"	"170"
"Число умерших(Человек)"	"2021 год"	"202112"	"МАМЛЮТСКИЙ РАЙОН"	"0"	"сельская местность"	"0"	"Всего"	"0"	"143"
"Число умерших(Человек)"	"2020 год"	"202012"	"МАМЛЮТСКИЙ РАЙОН"	"0"	"сельская местность"	"0"	"Всего"	"0"	"133"
"Число умерших(Человек)"	"2019 год"	"201912"	"МАМЛЮТСКИЙ РАЙОН"	"0"	"сельская местность"	"0"	"Всего"	"0"	"118"
"Число умерших(Человек)"	"2018 год"	"201812"	"МАМЛЮТСКИЙ РАЙОН"	"0"	"сельская местность"	"0"	"Всего"	"0"	"134"
"Число умерших(Человек)"	"2022 год"	"202212"	"МАМЛЮТСКИЙ РАЙОН"	"0"	"сельская местность"	"0"	"Всего"	"0"	"111"
"Число умерших(Человек)"	"2017 год"	"201712"	"МАМЛЮТСКИЙ РАЙОН"	"0"	"сельская местность"	"0"	"Всего"	"0"	"142"
"Число умерших(Человек)"	"2023 год"	"202312"	"МАМЛЮТСКИЙ РАЙОН"	"0"	"сельская местность"	"0"	"Всего"	"0"	"131"
"Число умерших(Человек)"	"2024 год"	"202412"	"МАМЛЮТСКИЙ РАЙОН"	"0"	"сельская местность"	"0"	"Всего"	"0"	"122"
"Число умерших(Человек)"	"2009 год"	"200912"	"МАМЛЮТСКИЙ РАЙОН"	"0"	"Всего"	"0"	"Всего"	"0"	"315"
"Число умерших(Человек)"	"2011 год"	"201112"	"МАМЛЮТСКИЙ РАЙОН"	"0"	"Всего"	"0"	"Всего"	"0"	"304"
"Число умерших(Человек)"	"2016 год"	"201612"	"МАМЛЮТСКИЙ РАЙОН"	"0"	"Всего"	"0"	"Всего"	"0"	"237"
"Число умерших(Человек)"	"2010 год"	"201012"	"МАМЛЮТСКИЙ РАЙОН"	"0"	"Всего"	"0"	"Всего"	"0"	"317"
"Число умерших(Человек)"	"2015 год"	"201512"	"МАМЛЮТСКИЙ РАЙОН"	"0"	"Всего"	"0"	"Всего"	"0"	"267"
"Число умерших(Человек)"	"2013 год"	"201312"	"МАМЛЮТСКИЙ РАЙОН"	"0"	"Всего"	"0"	"Всего"	"0"	"304"
"Число умерших(Человек)"	"2014 год"	"201412"	"МАМЛЮТСКИЙ РАЙОН"	"0"	"Всего"	"0"	"Всего"	"0"	"246"
"Число умерших(Человек)"	"2012 год"	"201212"	"МАМЛЮТСКИЙ РАЙОН"	"0"	"Всего"	"0"	"Всего"	"0"	"311"
"Число умерших(Человек)"	"2021 год"	"202112"	"МАМЛЮТСКИЙ РАЙОН"	"0"	"Всего"	"0"	"Всего"	"0"	"256"
"Число умерших(Человек)"	"2020 год"	"202012"	"МАМЛЮТСКИЙ РАЙОН"	"0"	"Всего"	"0"	"Всего"	"0"	"231"
"Число умерших(Человек)"	"2019 год"	"201912"	"МАМЛЮТСКИЙ РАЙОН"	"0"	"Всего"	"0"	"Всего"	"0"	"234"
"Число умерших(Человек)"	"2018 год"	"201812"	"МАМЛЮТСКИЙ РАЙОН"	"0"	"Всего"	"0"	"Всего"	"0"	"225"
"Число умерших(Человек)"	"2022 год"	"202212"	"МАМЛЮТСКИЙ РАЙОН"	"0"	"Всего"	"0"	"Всего"	"0"	"207"
"Число умерших(Человек)"	"2017 год"	"201712"	"МАМЛЮТСКИЙ РАЙОН"	"0"	"Всего"	"0"	"Всего"	"0"	"247"
"Число умерших(Человек)"	"2023 год"	"202312"	"МАМЛЮТСКИЙ РАЙОН"	"0"	"Всего"	"0"	"Всего"	"0"	"224"
"Число умерших(Человек)"	"2024 год"	"202412"	"МАМЛЮТСКИЙ РАЙОН"	"0"	"Всего"	"0"	"Всего"	"0"	"219"
"Число умерших(Человек)"	"2009 год"	"200912"	"РАЙОН ШАЛ АКЫНА"	"0"	"Всего"	"0"	"Всего"	"0"	"340"
"Число умерших(Человек)"	"2011 год"	"201112"	"РАЙОН ШАЛ АКЫНА"	"0"	"Всего"	"0"	"Всего"	"0"	"345"
"Число умерших(Человек)"	"2016 год"	"201612"	"РАЙОН ШАЛ АКЫНА"	"0"	"Всего"	"0"	"Всего"	"0"	"255"
"Число умерших(Человек)"	"2010 год"	"201012"	"РАЙОН ШАЛ АКЫНА"	"0"	"Всего"	"0"	"Всего"	"0"	"349"
"Число умерших(Человек)"	"2015 год"	"201512"	"РАЙОН ШАЛ АКЫНА"	"0"	"Всего"	"0"	"Всего"	"0"	"275"
"Число умерших(Человек)"	"2013 год"	"201312"	"РАЙОН ШАЛ АКЫНА"	"0"	"Всего"	"0"	"Всего"	"0"	"295"
"Число умерших(Человек)"	"2014 год"	"201412"	"РАЙОН ШАЛ АКЫНА"	"0"	"Всего"	"0"	"Всего"	"0"	"275"
"Число умерших(Человек)"	"2012 год"	"201212"	"РАЙОН ШАЛ АКЫНА"	"0"	"Всего"	"0"	"Всего"	"0"	"361"
"Число умерших(Человек)"	"2021 год"	"202112"	"РАЙОН ШАЛ АКЫНА"	"0"	"Всего"	"0"	"Всего"	"0"	"323"
"Число умерших(Человек)"	"2020 год"	"202012"	"РАЙОН ШАЛ АКЫНА"	"0"	"Всего"	"0"	"Всего"	"0"	"251"
"Число умерших(Человек)"	"2019 год"	"201912"	"РАЙОН ШАЛ АКЫНА"	"0"	"Всего"	"0"	"Всего"	"0"	"258"
"Число умерших(Человек)"	"2018 год"	"201812"	"РАЙОН ШАЛ АКЫНА"	"0"	"Всего"	"0"	"Всего"	"0"	"275"
"Число умерших(Человек)"	"2022 год"	"202212"	"РАЙОН ШАЛ АКЫНА"	"0"	"Всего"	"0"	"Всего"	"0"	"252"
"Число умерших(Человек)"	"2017 год"	"201712"	"РАЙОН ШАЛ АКЫНА"	"0"	"Всего"	"0"	"Всего"	"0"	"266"
"Число умерших(Человек)"	"2023 год"	"202312"	"РАЙОН ШАЛ АКЫНА"	"0"	"Всего"	"0"	"Всего"	"0"	"239"
"Число умерших(Человек)"	"2024 год"	"202412"	"РАЙОН ШАЛ АКЫНА"	"0"	"Всего"	"0"	"Всего"	"0"	"253"
"Число умерших(Человек)"	"2009 год"	"200912"	"РАЙОН ШАЛ АКЫНА"	"0"	"городская местность"	"0"	"Всего"	"0"	"120"
"Число умерших(Человек)"	"2011 год"	"201112"	"РАЙОН ШАЛ АКЫНА"	"0"	"городская местность"	"0"	"Всего"	"0"	"131"
"Число умерших(Человек)"	"2016 год"	"201612"	"РАЙОН ШАЛ АКЫНА"	"0"	"городская местность"	"0"	"Всего"	"0"	"95"
"Число умерших(Человек)"	"2010 год"	"201012"	"РАЙОН ШАЛ АКЫНА"	"0"	"городская местность"	"0"	"Всего"	"0"	"140"
"Число умерших(Человек)"	"2015 год"	"201512"	"РАЙОН ШАЛ АКЫНА"	"0"	"городская местность"	"0"	"Всего"	"0"	"100"
"Число умерших(Человек)"	"2013 год"	"201312"	"РАЙОН ШАЛ АКЫНА"	"0"	"городская местность"	"0"	"Всего"	"0"	"124"
"Число умерших(Человек)"	"2014 год"	"201412"	"РАЙОН ШАЛ АКЫНА"	"0"	"городская местность"	"0"	"Всего"	"0"	"89"
"Число умерших(Человек)"	"2012 год"	"201212"	"РАЙОН ШАЛ АКЫНА"	"0"	"городская местность"	"0"	"Всего"	"0"	"137"
"Число умерших(Человек)"	"2021 год"	"202112"	"РАЙОН ШАЛ АКЫНА"	"0"	"городская местность"	"0"	"Всего"	"0"	"141"
"Число умерших(Человек)"	"2020 год"	"202012"	"РАЙОН ШАЛ АКЫНА"	"0"	"городская местность"	"0"	"Всего"	"0"	"104"
"Число умерших(Человек)"	"2019 год"	"201912"	"РАЙОН ШАЛ АКЫНА"	"0"	"городская местность"	"0"	"Всего"	"0"	"102"
"Число умерших(Человек)"	"2018 год"	"201812"	"РАЙОН ШАЛ АКЫНА"	"0"	"городская местность"	"0"	"Всего"	"0"	"96"
"Число умерших(Человек)"	"2022 год"	"202212"	"РАЙОН ШАЛ АКЫНА"	"0"	"городская местность"	"0"	"Всего"	"0"	"116"
"Число умерших(Человек)"	"2017 год"	"201712"	"РАЙОН ШАЛ АКЫНА"	"0"	"городская местность"	"0"	"Всего"	"0"	"100"
"Число умерших(Человек)"	"2023 год"	"202312"	"РАЙОН ШАЛ АКЫНА"	"0"	"городская местность"	"0"	"Всего"	"0"	"108"
"Число умерших(Человек)"	"2024 год"	"202412"	"РАЙОН ШАЛ АКЫНА"	"0"	"городская местность"	"0"	"Всего"	"0"	"109"
"Число умерших(Человек)"	"2009 год"	"200912"	"РАЙОН ШАЛ АКЫНА"	"0"	"сельская местность"	"0"	"Всего"	"0"	"220"
"Число умерших(Человек)"	"2011 год"	"201112"	"РАЙОН ШАЛ АКЫНА"	"0"	"сельская местность"	"0"	"Всего"	"0"	"214"
"Число умерших(Человек)"	"2016 год"	"201612"	"РАЙОН ШАЛ АКЫНА"	"0"	"сельская местность"	"0"	"Всего"	"0"	"160"
"Число умерших(Человек)"	"2010 год"	"201012"	"РАЙОН ШАЛ АКЫНА"	"0"	"сельская местность"	"0"	"Всего"	"0"	"209"
"Число умерших(Человек)"	"2015 год"	"201512"	"РАЙОН ШАЛ АКЫНА"	"0"	"сельская местность"	"0"	"Всего"	"0"	"175"
"Число умерших(Человек)"	"2013 год"	"201312"	"РАЙОН ШАЛ АКЫНА"	"0"	"сельская местность"	"0"	"Всего"	"0"	"171"
"Число умерших(Человек)"	"2014 год"	"201412"	"РАЙОН ШАЛ АКЫНА"	"0"	"сельская местность"	"0"	"Всего"	"0"	"186"
"Число умерших(Человек)"	"2012 год"	"201212"	"РАЙОН ШАЛ АКЫНА"	"0"	"сельская местность"	"0"	"Всего"	"0"	"224"
"Число умерших(Человек)"	"2021 год"	"202112"	"РАЙОН ШАЛ АКЫНА"	"0"	"сельская местность"	"0"	"Всего"	"0"	"182"
"Число умерших(Человек)"	"2020 год"	"202012"	"РАЙОН ШАЛ АКЫНА"	"0"	"сельская местность"	"0"	"Всего"	"0"	"147"
"Число умерших(Человек)"	"2019 год"	"201912"	"РАЙОН ШАЛ АКЫНА"	"0"	"сельская местность"	"0"	"Всего"	"0"	"156"
"Число умерших(Человек)"	"2018 год"	"201812"	"РАЙОН ШАЛ АКЫНА"	"0"	"сельская местность"	"0"	"Всего"	"0"	"179"
"Число умерших(Человек)"	"2022 год"	"202212"	"РАЙОН ШАЛ АКЫНА"	"0"	"сельская местность"	"0"	"Всего"	"0"	"136"
"Число умерших(Человек)"	"2017 год"	"201712"	"РАЙОН ШАЛ АКЫНА"	"0"	"сельская местность"	"0"	"Всего"	"0"	"166"
"Число умерших(Человек)"	"2023 год"	"202312"	"РАЙОН ШАЛ АКЫНА"	"0"	"сельская местность"	"0"	"Всего"	"0"	"131"
"Число умерших(Человек)"	"2024 год"	"202412"	"РАЙОН ШАЛ АКЫНА"	"0"	"сельская местность"	"0"	"Всего"	"0"	"144"
"Число умерших(Человек)"	"2009 год"	"200912"	"АККАЙЫНСКИЙ РАЙОН"	"0"	"Всего"	"0"	"Всего"	"0"	"388"
"Число умерших(Человек)"	"2011 год"	"201112"	"АККАЙЫНСКИЙ РАЙОН"	"0"	"Всего"	"0"	"Всего"	"0"	"389"
"Число умерших(Человек)"	"2016 год"	"201612"	"АККАЙЫНСКИЙ РАЙОН"	"0"	"Всего"	"0"	"Всего"	"0"	"319"
"Число умерших(Человек)"	"2010 год"	"201012"	"АККАЙЫНСКИЙ РАЙОН"	"0"	"Всего"	"0"	"Всего"	"0"	"365"
"Число умерших(Человек)"	"2015 год"	"201512"	"АККАЙЫНСКИЙ РАЙОН"	"0"	"Всего"	"0"	"Всего"	"0"	"320"
"Число умерших(Человек)"	"2013 год"	"201312"	"АККАЙЫНСКИЙ РАЙОН"	"0"	"Всего"	"0"	"Всего"	"0"	"348"
"Число умерших(Человек)"	"2014 год"	"201412"	"АККАЙЫНСКИЙ РАЙОН"	"0"	"Всего"	"0"	"Всего"	"0"	"326"
"Число умерших(Человек)"	"2012 год"	"201212"	"АККАЙЫНСКИЙ РАЙОН"	"0"	"Всего"	"0"	"Всего"	"0"	"407"
"Число умерших(Человек)"	"2021 год"	"202112"	"АККАЙЫНСКИЙ РАЙОН"	"0"	"Всего"	"0"	"Всего"	"0"	"381"
"Число умерших(Человек)"	"2020 год"	"202012"	"АККАЙЫНСКИЙ РАЙОН"	"0"	"Всего"	"0"	"Всего"	"0"	"333"
"Число умерших(Человек)"	"2019 год"	"201912"	"АККАЙЫНСКИЙ РАЙОН"	"0"	"Всего"	"0"	"Всего"	"0"	"318"
"Число умерших(Человек)"	"2018 год"	"201812"	"АККАЙЫНСКИЙ РАЙОН"	"0"	"Всего"	"0"	"Всего"	"0"	"305"
"Число умерших(Человек)"	"2022 год"	"202212"	"АККАЙЫНСКИЙ РАЙОН"	"0"	"Всего"	"0"	"Всего"	"0"	"247"
"Число умерших(Человек)"	"2017 год"	"201712"	"АККАЙЫНСКИЙ РАЙОН"	"0"	"Всего"	"0"	"Всего"	"0"	"322"
"Число умерших(Человек)"	"2023 год"	"202312"	"АККАЙЫНСКИЙ РАЙОН"	"0"	"Всего"	"0"	"Всего"	"0"	"244"
"Число умерших(Человек)"	"2024 год"	"202412"	"АККАЙЫНСКИЙ РАЙОН"	"0"	"Всего"	"0"	"Всего"	"0"	"267"
"Число умерших(Человек)"	"2009 год"	"200912"	"АККАЙЫНСКИЙ РАЙОН"	"0"	"сельская местность"	"0"	"Всего"	"0"	"388"
"Число умерших(Человек)"	"2011 год"	"201112"	"АККАЙЫНСКИЙ РАЙОН"	"0"	"сельская местность"	"0"	"Всего"	"0"	"389"
"Число умерших(Человек)"	"2016 год"	"201612"	"АККАЙЫНСКИЙ РАЙОН"	"0"	"сельская местность"	"0"	"Всего"	"0"	"319"
"Число умерших(Человек)"	"2010 год"	"201012"	"АККАЙЫНСКИЙ РАЙОН"	"0"	"сельская местность"	"0"	"Всего"	"0"	"365"
"Число умерших(Человек)"	"2015 год"	"201512"	"АККАЙЫНСКИЙ РАЙОН"	"0"	"сельская местность"	"0"	"Всего"	"0"	"320"
"Число умерших(Человек)"	"2013 год"	"201312"	"АККАЙЫНСКИЙ РАЙОН"	"0"	"сельская местность"	"0"	"Всего"	"0"	"348"
"Число умерших(Человек)"	"2014 год"	"201412"	"АККАЙЫНСКИЙ РАЙОН"	"0"	"сельская местность"	"0"	"Всего"	"0"	"326"
"Число умерших(Человек)"	"2012 год"	"201212"	"АККАЙЫНСКИЙ РАЙОН"	"0"	"сельская местность"	"0"	"Всего"	"0"	"407"
"Число умерших(Человек)"	"2021 год"	"202112"	"АККАЙЫНСКИЙ РАЙОН"	"0"	"сельская местность"	"0"	"Всего"	"0"	"381"
"Число умерших(Человек)"	"2020 год"	"202012"	"АККАЙЫНСКИЙ РАЙОН"	"0"	"сельская местность"	"0"	"Всего"	"0"	"333"
"Число умерших(Человек)"	"2019 год"	"201912"	"АККАЙЫНСКИЙ РАЙОН"	"0"	"сельская местность"	"0"	"Всего"	"0"	"318"
"Число умерших(Человек)"	"2018 год"	"201812"	"АККАЙЫНСКИЙ РАЙОН"	"0"	"сельская местность"	"0"	"Всего"	"0"	"305"
"Число умерших(Человек)"	"2022 год"	"202212"	"АККАЙЫНСКИЙ РАЙОН"	"0"	"сельская местность"	"0"	"Всего"	"0"	"247"
"Число умерших(Человек)"	"2017 год"	"201712"	"АККАЙЫНСКИЙ РАЙОН"	"0"	"сельская местность"	"0"	"Всего"	"0"	"322"
"Число умерших(Человек)"	"2023 год"	"202312"	"АККАЙЫНСКИЙ РАЙОН"	"0"	"сельская местность"	"0"	"Всего"	"0"	"244"
"Число умерших(Человек)"	"2024 год"	"202412"	"АККАЙЫНСКИЙ РАЙОН"	"0"	"сельская местность"	"0"	"Всего"	"0"	"267"
"Число умерших(Человек)"	"2009 год"	"200912"	"ТАЙЫНШИНСКИЙ РАЙОН"	"0"	"Всего"	"0"	"Всего"	"0"	"633"
"Число умерших(Человек)"	"2011 год"	"201112"	"ТАЙЫНШИНСКИЙ РАЙОН"	"0"	"Всего"	"0"	"Всего"	"0"	"636"
"Число умерших(Человек)"	"2016 год"	"201612"	"ТАЙЫНШИНСКИЙ РАЙОН"	"0"	"Всего"	"0"	"Всего"	"0"	"508"
"Число умерших(Человек)"	"2010 год"	"201012"	"ТАЙЫНШИНСКИЙ РАЙОН"	"0"	"Всего"	"0"	"Всего"	"0"	"639"
"Число умерших(Человек)"	"2015 год"	"201512"	"ТАЙЫНШИНСКИЙ РАЙОН"	"0"	"Всего"	"0"	"Всего"	"0"	"547"
"Число умерших(Человек)"	"2013 год"	"201312"	"ТАЙЫНШИНСКИЙ РАЙОН"	"0"	"Всего"	"0"	"Всего"	"0"	"582"
"Число умерших(Человек)"	"2014 год"	"201412"	"ТАЙЫНШИНСКИЙ РАЙОН"	"0"	"Всего"	"0"	"Всего"	"0"	"565"
"Число умерших(Человек)"	"2012 год"	"201212"	"ТАЙЫНШИНСКИЙ РАЙОН"	"0"	"Всего"	"0"	"Всего"	"0"	"705"
"Число умерших(Человек)"	"2021 год"	"202112"	"ТАЙЫНШИНСКИЙ РАЙОН"	"0"	"Всего"	"0"	"Всего"	"0"	"607"
"Число умерших(Человек)"	"2020 год"	"202012"	"ТАЙЫНШИНСКИЙ РАЙОН"	"0"	"Всего"	"0"	"Всего"	"0"	"557"
"Число умерших(Человек)"	"2019 год"	"201912"	"ТАЙЫНШИНСКИЙ РАЙОН"	"0"	"Всего"	"0"	"Всего"	"0"	"497"
"Число умерших(Человек)"	"2018 год"	"201812"	"ТАЙЫНШИНСКИЙ РАЙОН"	"0"	"Всего"	"0"	"Всего"	"0"	"556"
"Число умерших(Человек)"	"2022 год"	"202212"	"ТАЙЫНШИНСКИЙ РАЙОН"	"0"	"Всего"	"0"	"Всего"	"0"	"420"
"Число умерших(Человек)"	"2017 год"	"201712"	"ТАЙЫНШИНСКИЙ РАЙОН"	"0"	"Всего"	"0"	"Всего"	"0"	"524"
"Число умерших(Человек)"	"2023 год"	"202312"	"ТАЙЫНШИНСКИЙ РАЙОН"	"0"	"Всего"	"0"	"Всего"	"0"	"474"
"Число умерших(Человек)"	"2024 год"	"202412"	"ТАЙЫНШИНСКИЙ РАЙОН"	"0"	"Всего"	"0"	"Всего"	"0"	"424"
"Число умерших(Человек)"	"2009 год"	"200912"	"ТАЙЫНШИНСКИЙ РАЙОН"	"0"	"городская местность"	"0"	"Всего"	"0"	"152"
"Число умерших(Человек)"	"2011 год"	"201112"	"ТАЙЫНШИНСКИЙ РАЙОН"	"0"	"городская местность"	"0"	"Всего"	"0"	"184"
"Число умерших(Человек)"	"2016 год"	"201612"	"ТАЙЫНШИНСКИЙ РАЙОН"	"0"	"городская местность"	"0"	"Всего"	"0"	"176"
"Число умерших(Человек)"	"2010 год"	"201012"	"ТАЙЫНШИНСКИЙ РАЙОН"	"0"	"городская местность"	"0"	"Всего"	"0"	"194"
"Число умерших(Человек)"	"2015 год"	"201512"	"ТАЙЫНШИНСКИЙ РАЙОН"	"0"	"городская местность"	"0"	"Всего"	"0"	"168"
"Число умерших(Человек)"	"2013 год"	"201312"	"ТАЙЫНШИНСКИЙ РАЙОН"	"0"	"городская местность"	"0"	"Всего"	"0"	"177"
"Число умерших(Человек)"	"2014 год"	"201412"	"ТАЙЫНШИНСКИЙ РАЙОН"	"0"	"городская местность"	"0"	"Всего"	"0"	"171"
"Число умерших(Человек)"	"2012 год"	"201212"	"ТАЙЫНШИНСКИЙ РАЙОН"	"0"	"городская местность"	"0"	"Всего"	"0"	"190"
"Число умерших(Человек)"	"2021 год"	"202112"	"ТАЙЫНШИНСКИЙ РАЙОН"	"0"	"городская местность"	"0"	"Всего"	"0"	"215"
"Число умерших(Человек)"	"2020 год"	"202012"	"ТАЙЫНШИНСКИЙ РАЙОН"	"0"	"городская местность"	"0"	"Всего"	"0"	"185"
"Число умерших(Человек)"	"2019 год"	"201912"	"ТАЙЫНШИНСКИЙ РАЙОН"	"0"	"городская местность"	"0"	"Всего"	"0"	"174"
"Число умерших(Человек)"	"2018 год"	"201812"	"ТАЙЫНШИНСКИЙ РАЙОН"	"0"	"городская местность"	"0"	"Всего"	"0"	"173"
"Число умерших(Человек)"	"2022 год"	"202212"	"ТАЙЫНШИНСКИЙ РАЙОН"	"0"	"городская местность"	"0"	"Всего"	"0"	"157"
"Число умерших(Человек)"	"2017 год"	"201712"	"ТАЙЫНШИНСКИЙ РАЙОН"	"0"	"городская местность"	"0"	"Всего"	"0"	"157"
"Число умерших(Человек)"	"2023 год"	"202312"	"ТАЙЫНШИНСКИЙ РАЙОН"	"0"	"городская местность"	"0"	"Всего"	"0"	"174"
"Число умерших(Человек)"	"2024 год"	"202412"	"ТАЙЫНШИНСКИЙ РАЙОН"	"0"	"городская местность"	"0"	"Всего"	"0"	"153"
"Число умерших(Человек)"	"2009 год"	"200912"	"ТАЙЫНШИНСКИЙ РАЙОН"	"0"	"сельская местность"	"0"	"Всего"	"0"	"481"
"Число умерших(Человек)"	"2011 год"	"201112"	"ТАЙЫНШИНСКИЙ РАЙОН"	"0"	"сельская местность"	"0"	"Всего"	"0"	"452"
"Число умерших(Человек)"	"2016 год"	"201612"	"ТАЙЫНШИНСКИЙ РАЙОН"	"0"	"сельская местность"	"0"	"Всего"	"0"	"332"
"Число умерших(Человек)"	"2010 год"	"201012"	"ТАЙЫНШИНСКИЙ РАЙОН"	"0"	"сельская местность"	"0"	"Всего"	"0"	"445"
"Число умерших(Человек)"	"2015 год"	"201512"	"ТАЙЫНШИНСКИЙ РАЙОН"	"0"	"сельская местность"	"0"	"Всего"	"0"	"379"
"Число умерших(Человек)"	"2013 год"	"201312"	"ТАЙЫНШИНСКИЙ РАЙОН"	"0"	"сельская местность"	"0"	"Всего"	"0"	"405"
"Число умерших(Человек)"	"2014 год"	"201412"	"ТАЙЫНШИНСКИЙ РАЙОН"	"0"	"сельская местность"	"0"	"Всего"	"0"	"394"
"Число умерших(Человек)"	"2012 год"	"201212"	"ТАЙЫНШИНСКИЙ РАЙОН"	"0"	"сельская местность"	"0"	"Всего"	"0"	"515"
"Число умерших(Человек)"	"2021 год"	"202112"	"ТАЙЫНШИНСКИЙ РАЙОН"	"0"	"сельская местность"	"0"	"Всего"	"0"	"392"
"Число умерших(Человек)"	"2020 год"	"202012"	"ТАЙЫНШИНСКИЙ РАЙОН"	"0"	"сельская местность"	"0"	"Всего"	"0"	"372"
"Число умерших(Человек)"	"2019 год"	"201912"	"ТАЙЫНШИНСКИЙ РАЙОН"	"0"	"сельская местность"	"0"	"Всего"	"0"	"323"
"Число умерших(Человек)"	"2018 год"	"201812"	"ТАЙЫНШИНСКИЙ РАЙОН"	"0"	"сельская местность"	"0"	"Всего"	"0"	"383"
"Число умерших(Человек)"	"2022 год"	"202212"	"ТАЙЫНШИНСКИЙ РАЙОН"	"0"	"сельская местность"	"0"	"Всего"	"0"	"263"
"Число умерших(Человек)"	"2017 год"	"201712"	"ТАЙЫНШИНСКИЙ РАЙОН"	"0"	"сельская местность"	"0"	"Всего"	"0"	"367"
"Число умерших(Человек)"	"2023 год"	"202312"	"ТАЙЫНШИНСКИЙ РАЙОН"	"0"	"сельская местность"	"0"	"Всего"	"0"	"300"
"Число умерших(Человек)"	"2024 год"	"202412"	"ТАЙЫНШИНСКИЙ РАЙОН"	"0"	"сельская местность"	"0"	"Всего"	"0"	"271"
"Число умерших(Человек)"	"2009 год"	"200912"	"ТИМИРЯЗЕВСКИЙ РАЙОН"	"0"	"Всего"	"0"	"Всего"	"0"	"167"
"Число умерших(Человек)"	"2011 год"	"201112"	"ТИМИРЯЗЕВСКИЙ РАЙОН"	"0"	"Всего"	"0"	"Всего"	"0"	"198"
"Число умерших(Человек)"	"2016 год"	"201612"	"ТИМИРЯЗЕВСКИЙ РАЙОН"	"0"	"Всего"	"0"	"Всего"	"0"	"152"
"Число умерших(Человек)"	"2010 год"	"201012"	"ТИМИРЯЗЕВСКИЙ РАЙОН"	"0"	"Всего"	"0"	"Всего"	"0"	"174"
"Число умерших(Человек)"	"2015 год"	"201512"	"ТИМИРЯЗЕВСКИЙ РАЙОН"	"0"	"Всего"	"0"	"Всего"	"0"	"132"
"Число умерших(Человек)"	"2013 год"	"201312"	"ТИМИРЯЗЕВСКИЙ РАЙОН"	"0"	"Всего"	"0"	"Всего"	"0"	"156"
"Число умерших(Человек)"	"2014 год"	"201412"	"ТИМИРЯЗЕВСКИЙ РАЙОН"	"0"	"Всего"	"0"	"Всего"	"0"	"128"
"Число умерших(Человек)"	"2012 год"	"201212"	"ТИМИРЯЗЕВСКИЙ РАЙОН"	"0"	"Всего"	"0"	"Всего"	"0"	"151"
"Число умерших(Человек)"	"2021 год"	"202112"	"ТИМИРЯЗЕВСКИЙ РАЙОН"	"0"	"Всего"	"0"	"Всего"	"0"	"144"
"Число умерших(Человек)"	"2020 год"	"202012"	"ТИМИРЯЗЕВСКИЙ РАЙОН"	"0"	"Всего"	"0"	"Всего"	"0"	"144"
"Число умерших(Человек)"	"2019 год"	"201912"	"ТИМИРЯЗЕВСКИЙ РАЙОН"	"0"	"Всего"	"0"	"Всего"	"0"	"139"
"Число умерших(Человек)"	"2018 год"	"201812"	"ТИМИРЯЗЕВСКИЙ РАЙОН"	"0"	"Всего"	"0"	"Всего"	"0"	"130"
"Число умерших(Человек)"	"2022 год"	"202212"	"ТИМИРЯЗЕВСКИЙ РАЙОН"	"0"	"Всего"	"0"	"Всего"	"0"	"116"
"Число умерших(Человек)"	"2017 год"	"201712"	"ТИМИРЯЗЕВСКИЙ РАЙОН"	"0"	"Всего"	"0"	"Всего"	"0"	"133"
"Число умерших(Человек)"	"2023 год"	"202312"	"ТИМИРЯЗЕВСКИЙ РАЙОН"	"0"	"Всего"	"0"	"Всего"	"0"	"113"
"Число умерших(Человек)"	"2024 год"	"202412"	"ТИМИРЯЗЕВСКИЙ РАЙОН"	"0"	"Всего"	"0"	"Всего"	"0"	"110"
"Число умерших(Человек)"	"2009 год"	"200912"	"ТИМИРЯЗЕВСКИЙ РАЙОН"	"0"	"сельская местность"	"0"	"Всего"	"0"	"167"
"Число умерших(Человек)"	"2011 год"	"201112"	"ТИМИРЯЗЕВСКИЙ РАЙОН"	"0"	"сельская местность"	"0"	"Всего"	"0"	"198"
"Число умерших(Человек)"	"2016 год"	"201612"	"ТИМИРЯЗЕВСКИЙ РАЙОН"	"0"	"сельская местность"	"0"	"Всего"	"0"	"152"
"Число умерших(Человек)"	"2010 год"	"201012"	"ТИМИРЯЗЕВСКИЙ РАЙОН"	"0"	"сельская местность"	"0"	"Всего"	"0"	"174"
"Число умерших(Человек)"	"2015 год"	"201512"	"ТИМИРЯЗЕВСКИЙ РАЙОН"	"0"	"сельская местность"	"0"	"Всего"	"0"	"132"
"Число умерших(Человек)"	"2013 год"	"201312"	"ТИМИРЯЗЕВСКИЙ РАЙОН"	"0"	"сельская местность"	"0"	"Всего"	"0"	"156"
"Число умерших(Человек)"	"2014 год"	"201412"	"ТИМИРЯЗЕВСКИЙ РАЙОН"	"0"	"сельская местность"	"0"	"Всего"	"0"	"128"
"Число умерших(Человек)"	"2012 год"	"201212"	"ТИМИРЯЗЕВСКИЙ РАЙОН"	"0"	"сельская местность"	"0"	"Всего"	"0"	"151"
"Число умерших(Человек)"	"2021 год"	"202112"	"ТИМИРЯЗЕВСКИЙ РАЙОН"	"0"	"сельская местность"	"0"	"Всего"	"0"	"144"
"Число умерших(Человек)"	"2020 год"	"202012"	"ТИМИРЯЗЕВСКИЙ РАЙОН"	"0"	"сельская местность"	"0"	"Всего"	"0"	"144"
"Число умерших(Человек)"	"2019 год"	"201912"	"ТИМИРЯЗЕВСКИЙ РАЙОН"	"0"	"сельская местность"	"0"	"Всего"	"0"	"139"
"Число умерших(Человек)"	"2018 год"	"201812"	"ТИМИРЯЗЕВСКИЙ РАЙОН"	"0"	"сельская местность"	"0"	"Всего"	"0"	"130"
"Число умерших(Человек)"	"2022 год"	"202212"	"ТИМИРЯЗЕВСКИЙ РАЙОН"	"0"	"сельская местность"	"0"	"Всего"	"0"	"116"
"Число умерших(Человек)"	"2017 год"	"201712"	"ТИМИРЯЗЕВСКИЙ РАЙОН"	"0"	"сельская местность"	"0"	"Всего"	"0"	"133"
"Число умерших(Человек)"	"2023 год"	"202312"	"ТИМИРЯЗЕВСКИЙ РАЙОН"	"0"	"сельская местность"	"0"	"Всего"	"0"	"113"
"Число умерших(Человек)"	"2024 год"	"202412"	"ТИМИРЯЗЕВСКИЙ РАЙОН"	"0"	"сельская местность"	"0"	"Всего"	"0"	"110"
"Число умерших(Человек)"	"2009 год"	"200912"	"УАЛИХАНОВСКИЙ РАЙОН"	"0"	"Всего"	"0"	"Всего"	"0"	"172"
"Число умерших(Человек)"	"2011 год"	"201112"	"УАЛИХАНОВСКИЙ РАЙОН"	"0"	"Всего"	"0"	"Всего"	"0"	"186"
"Число умерших(Человек)"	"2016 год"	"201612"	"УАЛИХАНОВСКИЙ РАЙОН"	"0"	"Всего"	"0"	"Всего"	"0"	"123"
"Число умерших(Человек)"	"2010 год"	"201012"	"УАЛИХАНОВСКИЙ РАЙОН"	"0"	"Всего"	"0"	"Всего"	"0"	"150"
"Число умерших(Человек)"	"2015 год"	"201512"	"УАЛИХАНОВСКИЙ РАЙОН"	"0"	"Всего"	"0"	"Всего"	"0"	"109"
"Число умерших(Человек)"	"2013 год"	"201312"	"УАЛИХАНОВСКИЙ РАЙОН"	"0"	"Всего"	"0"	"Всего"	"0"	"183"
"Число умерших(Человек)"	"2014 год"	"201412"	"УАЛИХАНОВСКИЙ РАЙОН"	"0"	"Всего"	"0"	"Всего"	"0"	"127"
"Число умерших(Человек)"	"2012 год"	"201212"	"УАЛИХАНОВСКИЙ РАЙОН"	"0"	"Всего"	"0"	"Всего"	"0"	"148"
"Число умерших(Человек)"	"2021 год"	"202112"	"УАЛИХАНОВСКИЙ РАЙОН"	"0"	"Всего"	"0"	"Всего"	"0"	"133"
"Число умерших(Человек)"	"2020 год"	"202012"	"УАЛИХАНОВСКИЙ РАЙОН"	"0"	"Всего"	"0"	"Всего"	"0"	"126"
"Число умерших(Человек)"	"2019 год"	"201912"	"УАЛИХАНОВСКИЙ РАЙОН"	"0"	"Всего"	"0"	"Всего"	"0"	"116"
"Число умерших(Человек)"	"2018 год"	"201812"	"УАЛИХАНОВСКИЙ РАЙОН"	"0"	"Всего"	"0"	"Всего"	"0"	"124"
"Число умерших(Человек)"	"2022 год"	"202212"	"УАЛИХАНОВСКИЙ РАЙОН"	"0"	"Всего"	"0"	"Всего"	"0"	"99"
"Число умерших(Человек)"	"2017 год"	"201712"	"УАЛИХАНОВСКИЙ РАЙОН"	"0"	"Всего"	"0"	"Всего"	"0"	"121"
"Число умерших(Человек)"	"2023 год"	"202312"	"УАЛИХАНОВСКИЙ РАЙОН"	"0"	"Всего"	"0"	"Всего"	"0"	"107"
"Число умерших(Человек)"	"2024 год"	"202412"	"УАЛИХАНОВСКИЙ РАЙОН"	"0"	"Всего"	"0"	"Всего"	"0"	"99"
"Число умерших(Человек)"	"2009 год"	"200912"	"УАЛИХАНОВСКИЙ РАЙОН"	"0"	"сельская местность"	"0"	"Всего"	"0"	"172"
"Число умерших(Человек)"	"2011 год"	"201112"	"УАЛИХАНОВСКИЙ РАЙОН"	"0"	"сельская местность"	"0"	"Всего"	"0"	"186"
"Число умерших(Человек)"	"2016 год"	"201612"	"УАЛИХАНОВСКИЙ РАЙОН"	"0"	"сельская местность"	"0"	"Всего"	"0"	"123"
"Число умерших(Человек)"	"2010 год"	"201012"	"УАЛИХАНОВСКИЙ РАЙОН"	"0"	"сельская местность"	"0"	"Всего"	"0"	"150"
"Число умерших(Человек)"	"2015 год"	"201512"	"УАЛИХАНОВСКИЙ РАЙОН"	"0"	"сельская местность"	"0"	"Всего"	"0"	"109"
"Число умерших(Человек)"	"2013 год"	"201312"	"УАЛИХАНОВСКИЙ РАЙОН"	"0"	"сельская местность"	"0"	"Всего"	"0"	"183"
"Число умерших(Человек)"	"2014 год"	"201412"	"УАЛИХАНОВСКИЙ РАЙОН"	"0"	"сельская местность"	"0"	"Всего"	"0"	"127"
"Число умерших(Человек)"	"2012 год"	"201212"	"УАЛИХАНОВСКИЙ РАЙОН"	"0"	"сельская местность"	"0"	"Всего"	"0"	"148"
"Число умерших(Человек)"	"2021 год"	"202112"	"УАЛИХАНОВСКИЙ РАЙОН"	"0"	"сельская местность"	"0"	"Всего"	"0"	"133"
"Число умерших(Человек)"	"2020 год"	"202012"	"УАЛИХАНОВСКИЙ РАЙОН"	"0"	"сельская местность"	"0"	"Всего"	"0"	"126"
"Число умерших(Человек)"	"2019 год"	"201912"	"УАЛИХАНОВСКИЙ РАЙОН"	"0"	"сельская местность"	"0"	"Всего"	"0"	"116"
"Число умерших(Человек)"	"2018 год"	"201812"	"УАЛИХАНОВСКИЙ РАЙОН"	"0"	"сельская местность"	"0"	"Всего"	"0"	"124"
"Число умерших(Человек)"	"2022 год"	"202212"	"УАЛИХАНОВСКИЙ РАЙОН"	"0"	"сельская местность"	"0"	"Всего"	"0"	"99"
"Число умерших(Человек)"	"2017 год"	"201712"	"УАЛИХАНОВСКИЙ РАЙОН"	"0"	"сельская местность"	"0"	"Всего"	"0"	"121"
"Число умерших(Человек)"	"2023 год"	"202312"	"УАЛИХАНОВСКИЙ РАЙОН"	"0"	"сельская местность"	"0"	"Всего"	"0"	"107"
"Число умерших(Человек)"	"2024 год"	"202412"	"УАЛИХАНОВСКИЙ РАЙОН"	"0"	"сельская местность"	"0"	"Всего"	"0"	"99"
"Число умерших(Человек)"	"2009 год"	"200912"	"РАЙОН ИМ.ГАБИТА МУСРЕПОВА"	"0"	"Всего"	"0"	"Всего"	"0"	"551"
"Число умерших(Человек)"	"2011 год"	"201112"	"РАЙОН ИМ.ГАБИТА МУСРЕПОВА"	"0"	"Всего"	"0"	"Всего"	"0"	"566"
"Число умерших(Человек)"	"2016 год"	"201612"	"РАЙОН ИМ.ГАБИТА МУСРЕПОВА"	"0"	"Всего"	"0"	"Всего"	"0"	"435"
"Число умерших(Человек)"	"2010 год"	"201012"	"РАЙОН ИМ.ГАБИТА МУСРЕПОВА"	"0"	"Всего"	"0"	"Всего"	"0"	"553"
"Число умерших(Человек)"	"2015 год"	"201512"	"РАЙОН ИМ.ГАБИТА МУСРЕПОВА"	"0"	"Всего"	"0"	"Всего"	"0"	"477"
"Число умерших(Человек)"	"2013 год"	"201312"	"РАЙОН ИМ.ГАБИТА МУСРЕПОВА"	"0"	"Всего"	"0"	"Всего"	"0"	"526"
"Число умерших(Человек)"	"2014 год"	"201412"	"РАЙОН ИМ.ГАБИТА МУСРЕПОВА"	"0"	"Всего"	"0"	"Всего"	"0"	"509"
"Число умерших(Человек)"	"2012 год"	"201212"	"РАЙОН ИМ.ГАБИТА МУСРЕПОВА"	"0"	"Всего"	"0"	"Всего"	"0"	"518"
"Число умерших(Человек)"	"2021 год"	"202112"	"РАЙОН ИМ.ГАБИТА МУСРЕПОВА"	"0"	"Всего"	"0"	"Всего"	"0"	"574"
"Число умерших(Человек)"	"2020 год"	"202012"	"РАЙОН ИМ.ГАБИТА МУСРЕПОВА"	"0"	"Всего"	"0"	"Всего"	"0"	"482"
"Число умерших(Человек)"	"2019 год"	"201912"	"РАЙОН ИМ.ГАБИТА МУСРЕПОВА"	"0"	"Всего"	"0"	"Всего"	"0"	"469"
"Число умерших(Человек)"	"2018 год"	"201812"	"РАЙОН ИМ.ГАБИТА МУСРЕПОВА"	"0"	"Всего"	"0"	"Всего"	"0"	"456"
"Число умерших(Человек)"	"2022 год"	"202212"	"РАЙОН ИМ.ГАБИТА МУСРЕПОВА"	"0"	"Всего"	"0"	"Всего"	"0"	"415"
"Число умерших(Человек)"	"2017 год"	"201712"	"РАЙОН ИМ.ГАБИТА МУСРЕПОВА"	"0"	"Всего"	"0"	"Всего"	"0"	"460"
"Число умерших(Человек)"	"2023 год"	"202312"	"РАЙОН ИМ.ГАБИТА МУСРЕПОВА"	"0"	"Всего"	"0"	"Всего"	"0"	"429"
"Число умерших(Человек)"	"2024 год"	"202412"	"РАЙОН ИМ.ГАБИТА МУСРЕПОВА"	"0"	"Всего"	"0"	"Всего"	"0"	"378"
"Число умерших(Человек)"	"2009 год"	"200912"	"РАЙОН ИМ.ГАБИТА МУСРЕПОВА"	"0"	"сельская местность"	"0"	"Всего"	"0"	"551"
"Число умерших(Человек)"	"2011 год"	"201112"	"РАЙОН ИМ.ГАБИТА МУСРЕПОВА"	"0"	"сельская местность"	"0"	"Всего"	"0"	"566"
"Число умерших(Человек)"	"2016 год"	"201612"	"РАЙОН ИМ.ГАБИТА МУСРЕПОВА"	"0"	"сельская местность"	"0"	"Всего"	"0"	"435"
"Число умерших(Человек)"	"2010 год"	"201012"	"РАЙОН ИМ.ГАБИТА МУСРЕПОВА"	"0"	"сельская местность"	"0"	"Всего"	"0"	"553"
"Число умерших(Человек)"	"2015 год"	"201512"	"РАЙОН ИМ.ГАБИТА МУСРЕПОВА"	"0"	"сельская местность"	"0"	"Всего"	"0"	"477"
"Число умерших(Человек)"	"2013 год"	"201312"	"РАЙОН ИМ.ГАБИТА МУСРЕПОВА"	"0"	"сельская местность"	"0"	"Всего"	"0"	"526"
"Число умерших(Человек)"	"2014 год"	"201412"	"РАЙОН ИМ.ГАБИТА МУСРЕПОВА"	"0"	"сельская местность"	"0"	"Всего"	"0"	"509"
"Число умерших(Человек)"	"2012 год"	"201212"	"РАЙОН ИМ.ГАБИТА МУСРЕПОВА"	"0"	"сельская местность"	"0"	"Всего"	"0"	"518"
"Число умерших(Человек)"	"2021 год"	"202112"	"РАЙОН ИМ.ГАБИТА МУСРЕПОВА"	"0"	"сельская местность"	"0"	"Всего"	"0"	"574"
"Число умерших(Человек)"	"2020 год"	"202012"	"РАЙОН ИМ.ГАБИТА МУСРЕПОВА"	"0"	"сельская местность"	"0"	"Всего"	"0"	"482"
"Число умерших(Человек)"	"2019 год"	"201912"	"РАЙОН ИМ.ГАБИТА МУСРЕПОВА"	"0"	"сельская местность"	"0"	"Всего"	"0"	"469"
"Число умерших(Человек)"	"2018 год"	"201812"	"РАЙОН ИМ.ГАБИТА МУСРЕПОВА"	"0"	"сельская местность"	"0"	"Всего"	"0"	"456"
"Число умерших(Человек)"	"2022 год"	"202212"	"РАЙОН ИМ.ГАБИТА МУСРЕПОВА"	"0"	"сельская местность"	"0"	"Всего"	"0"	"415"
"Число умерших(Человек)"	"2017 год"	"201712"	"РАЙОН ИМ.ГАБИТА МУСРЕПОВА"	"0"	"сельская местность"	"0"	"Всего"	"0"	"460"
"Число умерших(Человек)"	"2023 год"	"202312"	"РАЙОН ИМ.ГАБИТА МУСРЕПОВА"	"0"	"сельская местность"	"0"	"Всего"	"0"	"429"
"Число умерших(Человек)"	"2024 год"	"202412"	"РАЙОН ИМ.ГАБИТА МУСРЕПОВА"	"0"	"сельская местность"	"0"	"Всего"	"0"	"378"
"Число умерших(Человек)"	"2009 год"	"200912"	"УСТЬ-КАМЕНОГОРСК Г.А."	"0"	"сельская местность"	"0"	"Всего"	"0"	"100"
"Число умерших(Человек)"	"2011 год"	"201112"	"УСТЬ-КАМЕНОГОРСК Г.А."	"0"	"сельская местность"	"0"	"Всего"	"0"	"134"
"Число умерших(Человек)"	"2016 год"	"201612"	"УСТЬ-КАМЕНОГОРСК Г.А."	"0"	"сельская местность"	"0"	"Всего"	"0"	"32"
"Число умерших(Человек)"	"2010 год"	"201012"	"УСТЬ-КАМЕНОГОРСК Г.А."	"0"	"сельская местность"	"0"	"Всего"	"0"	"111"
"Число умерших(Человек)"	"2015 год"	"201512"	"УСТЬ-КАМЕНОГОРСК Г.А."	"0"	"сельская местность"	"0"	"Всего"	"0"	"22"
"Число умерших(Человек)"	"2013 год"	"201312"	"УСТЬ-КАМЕНОГОРСК Г.А."	"0"	"сельская местность"	"0"	"Всего"	"0"	"70"
"Число умерших(Человек)"	"2014 год"	"201412"	"УСТЬ-КАМЕНОГОРСК Г.А."	"0"	"сельская местность"	"0"	"Всего"	"0"	"33"
"Число умерших(Человек)"	"2012 год"	"201212"	"УСТЬ-КАМЕНОГОРСК Г.А."	"0"	"сельская местность"	"0"	"Всего"	"0"	"122"
"Число умерших(Человек)"	"2021 год"	"202112"	"УСТЬ-КАМЕНОГОРСК Г.А."	"0"	"сельская местность"	"0"	"Всего"	"0"	"134"
"Число умерших(Человек)"	"2020 год"	"202012"	"УСТЬ-КАМЕНОГОРСК Г.А."	"0"	"сельская местность"	"0"	"Всего"	"0"	"342"
"Число умерших(Человек)"	"2019 год"	"201912"	"УСТЬ-КАМЕНОГОРСК Г.А."	"0"	"сельская местность"	"0"	"Всего"	"0"	"63"
"Число умерших(Человек)"	"2018 год"	"201812"	"УСТЬ-КАМЕНОГОРСК Г.А."	"0"	"сельская местность"	"0"	"Всего"	"0"	"38"
"Число умерших(Человек)"	"2022 год"	"202212"	"УСТЬ-КАМЕНОГОРСК Г.А."	"0"	"сельская местность"	"0"	"Всего"	"0"	"106"
"Число умерших(Человек)"	"2017 год"	"201712"	"УСТЬ-КАМЕНОГОРСК Г.А."	"0"	"сельская местность"	"0"	"Всего"	"0"	"38"
"Число умерших(Человек)"	"2023 год"	"202312"	"УСТЬ-КАМЕНОГОРСК Г.А."	"0"	"сельская местность"	"0"	"Всего"	"0"	"127"
"Число умерших(Человек)"	"2024 год"	"202412"	"УСТЬ-КАМЕНОГОРСК Г.А."	"0"	"сельская местность"	"0"	"Всего"	"0"	"131"
"Число умерших(Человек)"	"2009 год"	"200912"	"УСТЬ-КАМЕНОГОРСК Г.А."	"0"	"Всего"	"0"	"Всего"	"0"	"4 017"
"Число умерших(Человек)"	"2011 год"	"201112"	"УСТЬ-КАМЕНОГОРСК Г.А."	"0"	"Всего"	"0"	"Всего"	"0"	"3 980"
"Число умерших(Человек)"	"2016 год"	"201612"	"УСТЬ-КАМЕНОГОРСК Г.А."	"0"	"Всего"	"0"	"Всего"	"0"	"3 563"
"Число умерших(Человек)"	"2010 год"	"201012"	"УСТЬ-КАМЕНОГОРСК Г.А."	"0"	"Всего"	"0"	"Всего"	"0"	"4 040"
"Число умерших(Человек)"	"2015 год"	"201512"	"УСТЬ-КАМЕНОГОРСК Г.А."	"0"	"Всего"	"0"	"Всего"	"0"	"3 556"
"Число умерших(Человек)"	"2013 год"	"201312"	"УСТЬ-КАМЕНОГОРСК Г.А."	"0"	"Всего"	"0"	"Всего"	"0"	"3 703"
"Число умерших(Человек)"	"2014 год"	"201412"	"УСТЬ-КАМЕНОГОРСК Г.А."	"0"	"Всего"	"0"	"Всего"	"0"	"3 604"
"Число умерших(Человек)"	"2012 год"	"201212"	"УСТЬ-КАМЕНОГОРСК Г.А."	"0"	"Всего"	"0"	"Всего"	"0"	"3 823"
"Число умерших(Человек)"	"2021 год"	"202112"	"УСТЬ-КАМЕНОГОРСК Г.А."	"0"	"Всего"	"0"	"Всего"	"0"	"5 067"
"Число умерших(Человек)"	"2020 год"	"202012"	"УСТЬ-КАМЕНОГОРСК Г.А."	"0"	"Всего"	"0"	"Всего"	"0"	"4 376"
"Число умерших(Человек)"	"2019 год"	"201912"	"УСТЬ-КАМЕНОГОРСК Г.А."	"0"	"Всего"	"0"	"Всего"	"0"	"3 709"
"Число умерших(Человек)"	"2018 год"	"201812"	"УСТЬ-КАМЕНОГОРСК Г.А."	"0"	"Всего"	"0"	"Всего"	"0"	"3 520"
"Число умерших(Человек)"	"2022 год"	"202212"	"УСТЬ-КАМЕНОГОРСК Г.А."	"0"	"Всего"	"0"	"Всего"	"0"	"3 673"
"Число умерших(Человек)"	"2017 год"	"201712"	"УСТЬ-КАМЕНОГОРСК Г.А."	"0"	"Всего"	"0"	"Всего"	"0"	"3 400"
"Число умерших(Человек)"	"2023 год"	"202312"	"УСТЬ-КАМЕНОГОРСК Г.А."	"0"	"Всего"	"0"	"Всего"	"0"	"3 425"
"Число умерших(Человек)"	"2024 год"	"202412"	"УСТЬ-КАМЕНОГОРСК Г.А."	"0"	"Всего"	"0"	"Всего"	"0"	"3 572"
"Число умерших(Человек)"	"2009 год"	"200912"	"УСТЬ-КАМЕНОГОРСК Г.А."	"0"	"городская местность"	"0"	"Всего"	"0"	"3 917"
"Число умерших(Человек)"	"2011 год"	"201112"	"УСТЬ-КАМЕНОГОРСК Г.А."	"0"	"городская местность"	"0"	"Всего"	"0"	"3 846"
"Число умерших(Человек)"	"2016 год"	"201612"	"УСТЬ-КАМЕНОГОРСК Г.А."	"0"	"городская местность"	"0"	"Всего"	"0"	"3 531"
"Число умерших(Человек)"	"2010 год"	"201012"	"УСТЬ-КАМЕНОГОРСК Г.А."	"0"	"городская местность"	"0"	"Всего"	"0"	"3 929"
"Число умерших(Человек)"	"2015 год"	"201512"	"УСТЬ-КАМЕНОГОРСК Г.А."	"0"	"городская местность"	"0"	"Всего"	"0"	"3 534"
"Число умерших(Человек)"	"2013 год"	"201312"	"УСТЬ-КАМЕНОГОРСК Г.А."	"0"	"городская местность"	"0"	"Всего"	"0"	"3 633"
"Число умерших(Человек)"	"2014 год"	"201412"	"УСТЬ-КАМЕНОГОРСК Г.А."	"0"	"городская местность"	"0"	"Всего"	"0"	"3 571"
"Число умерших(Человек)"	"2012 год"	"201212"	"УСТЬ-КАМЕНОГОРСК Г.А."	"0"	"городская местность"	"0"	"Всего"	"0"	"3 701"
"Число умерших(Человек)"	"2021 год"	"202112"	"УСТЬ-КАМЕНОГОРСК Г.А."	"0"	"городская местность"	"0"	"Всего"	"0"	"4 933"
"Число умерших(Человек)"	"2020 год"	"202012"	"УСТЬ-КАМЕНОГОРСК Г.А."	"0"	"городская местность"	"0"	"Всего"	"0"	"4 034"
"Число умерших(Человек)"	"2019 год"	"201912"	"УСТЬ-КАМЕНОГОРСК Г.А."	"0"	"городская местность"	"0"	"Всего"	"0"	"3 646"
"Число умерших(Человек)"	"2018 год"	"201812"	"УСТЬ-КАМЕНОГОРСК Г.А."	"0"	"городская местность"	"0"	"Всего"	"0"	"3 482"
"Число умерших(Человек)"	"2022 год"	"202212"	"УСТЬ-КАМЕНОГОРСК Г.А."	"0"	"городская местность"	"0"	"Всего"	"0"	"3 567"
"Число умерших(Человек)"	"2017 год"	"201712"	"УСТЬ-КАМЕНОГОРСК Г.А."	"0"	"городская местность"	"0"	"Всего"	"0"	"3 362"
"Число умерших(Человек)"	"2023 год"	"202312"	"УСТЬ-КАМЕНОГОРСК Г.А."	"0"	"городская местность"	"0"	"Всего"	"0"	"3 298"
"Число умерших(Человек)"	"2024 год"	"202412"	"УСТЬ-КАМЕНОГОРСК Г.А."	"0"	"городская местность"	"0"	"Всего"	"0"	"3 441"
"Число умерших(Человек)"	"2009 год"	"200912"	"АЯГОЗ Г.А."	"0"	"Всего"	"0"	"Всего"	"0"	"349"
"Число умерших(Человек)"	"2011 год"	"201112"	"АЯГОЗ Г.А."	"0"	"Всего"	"0"	"Всего"	"0"	"367"
"Число умерших(Человек)"	"2010 год"	"201012"	"АЯГОЗ Г.А."	"0"	"Всего"	"0"	"Всего"	"0"	"329"
"Число умерших(Человек)"	"2013 год"	"201312"	"АЯГОЗ Г.А."	"0"	"Всего"	"0"	"Всего"	"0"	"311"
"Число умерших(Человек)"	"2012 год"	"201212"	"АЯГОЗ Г.А."	"0"	"Всего"	"0"	"Всего"	"0"	"350"
"Число умерших(Человек)"	"2009 год"	"200912"	"АЯГОЗ Г.А."	"0"	"городская местность"	"0"	"Всего"	"0"	"347"
"Число умерших(Человек)"	"2011 год"	"201112"	"АЯГОЗ Г.А."	"0"	"городская местность"	"0"	"Всего"	"0"	"364"
"Число умерших(Человек)"	"2010 год"	"201012"	"АЯГОЗ Г.А."	"0"	"городская местность"	"0"	"Всего"	"0"	"326"
"Число умерших(Человек)"	"2013 год"	"201312"	"АЯГОЗ Г.А."	"0"	"городская местность"	"0"	"Всего"	"0"	"311"
"Число умерших(Человек)"	"2012 год"	"201212"	"АЯГОЗ Г.А."	"0"	"городская местность"	"0"	"Всего"	"0"	"348"
"Число умерших(Человек)"	"2009 год"	"200912"	"АЯГОЗ Г.А."	"0"	"сельская местность"	"0"	"Всего"	"0"	"2"
"Число умерших(Человек)"	"2011 год"	"201112"	"АЯГОЗ Г.А."	"0"	"сельская местность"	"0"	"Всего"	"0"	"3"
"Число умерших(Человек)"	"2010 год"	"201012"	"АЯГОЗ Г.А."	"0"	"сельская местность"	"0"	"Всего"	"0"	"3"
"Число умерших(Человек)"	"2012 год"	"201212"	"АЯГОЗ Г.А."	"0"	"сельская местность"	"0"	"Всего"	"0"	"2"
"Число умерших(Человек)"	"2009 год"	"200912"	"Г.А.АЛТАЙ"	"0"	"Всего"	"0"	"Всего"	"0"	"791"
"Число умерших(Человек)"	"2011 год"	"201112"	"Г.А.АЛТАЙ"	"0"	"Всего"	"0"	"Всего"	"0"	"789"
"Число умерших(Человек)"	"2010 год"	"201012"	"Г.А.АЛТАЙ"	"0"	"Всего"	"0"	"Всего"	"0"	"741"
"Число умерших(Человек)"	"2013 год"	"201312"	"Г.А.АЛТАЙ"	"0"	"Всего"	"0"	"Всего"	"0"	"630"
"Число умерших(Человек)"	"2012 год"	"201212"	"Г.А.АЛТАЙ"	"0"	"Всего"	"0"	"Всего"	"0"	"642"
"Число умерших(Человек)"	"2009 год"	"200912"	"Г.А.АЛТАЙ"	"0"	"городская местность"	"0"	"Всего"	"0"	"791"
"Число умерших(Человек)"	"2011 год"	"201112"	"Г.А.АЛТАЙ"	"0"	"городская местность"	"0"	"Всего"	"0"	"789"
"Число умерших(Человек)"	"2010 год"	"201012"	"Г.А.АЛТАЙ"	"0"	"городская местность"	"0"	"Всего"	"0"	"741"
"Число умерших(Человек)"	"2013 год"	"201312"	"Г.А.АЛТАЙ"	"0"	"городская местность"	"0"	"Всего"	"0"	"630"
"Число умерших(Человек)"	"2012 год"	"201212"	"Г.А.АЛТАЙ"	"0"	"городская местность"	"0"	"Всего"	"0"	"642"
"Число умерших(Человек)"	"2009 год"	"200912"	"КУРЧАТОВ Г.А."	"0"	"Всего"	"0"	"Всего"	"0"	"99"
"Число умерших(Человек)"	"2011 год"	"201112"	"КУРЧАТОВ Г.А."	"0"	"Всего"	"0"	"Всего"	"0"	"82"
"Число умерших(Человек)"	"2016 год"	"201612"	"КУРЧАТОВ Г.А."	"0"	"Всего"	"0"	"Всего"	"0"	"97"
"Число умерших(Человек)"	"2010 год"	"201012"	"КУРЧАТОВ Г.А."	"0"	"Всего"	"0"	"Всего"	"0"	"85"
"Число умерших(Человек)"	"2015 год"	"201512"	"КУРЧАТОВ Г.А."	"0"	"Всего"	"0"	"Всего"	"0"	"103"
"Число умерших(Человек)"	"2013 год"	"201312"	"КУРЧАТОВ Г.А."	"0"	"Всего"	"0"	"Всего"	"0"	"89"
"Число умерших(Человек)"	"2014 год"	"201412"	"КУРЧАТОВ Г.А."	"0"	"Всего"	"0"	"Всего"	"0"	"78"
"Число умерших(Человек)"	"2012 год"	"201212"	"КУРЧАТОВ Г.А."	"0"	"Всего"	"0"	"Всего"	"0"	"84"
"Число умерших(Человек)"	"2021 год"	"202112"	"КУРЧАТОВ Г.А."	"0"	"Всего"	"0"	"Всего"	"0"	"125"
"Число умерших(Человек)"	"2020 год"	"202012"	"КУРЧАТОВ Г.А."	"0"	"Всего"	"0"	"Всего"	"0"	"115"
"Число умерших(Человек)"	"2019 год"	"201912"	"КУРЧАТОВ Г.А."	"0"	"Всего"	"0"	"Всего"	"0"	"86"
"Число умерших(Человек)"	"2018 год"	"201812"	"КУРЧАТОВ Г.А."	"0"	"Всего"	"0"	"Всего"	"0"	"95"
"Число умерших(Человек)"	"2022 год"	"202212"	"КУРЧАТОВ Г.А."	"0"	"Всего"	"0"	"Всего"	"0"	"101"
"Число умерших(Человек)"	"2017 год"	"201712"	"КУРЧАТОВ Г.А."	"0"	"Всего"	"0"	"Всего"	"0"	"88"
"Число умерших(Человек)"	"2023 год"	"202312"	"КУРЧАТОВ Г.А."	"0"	"Всего"	"0"	"Всего"	"0"	"79"
"Число умерших(Человек)"	"2024 год"	"202412"	"КУРЧАТОВ Г.А."	"0"	"Всего"	"0"	"Всего"	"0"	"87"
"Число умерших(Человек)"	"2009 год"	"200912"	"КУРЧАТОВ Г.А."	"0"	"городская местность"	"0"	"Всего"	"0"	"99"
"Число умерших(Человек)"	"2011 год"	"201112"	"КУРЧАТОВ Г.А."	"0"	"городская местность"	"0"	"Всего"	"0"	"82"
"Число умерших(Человек)"	"2016 год"	"201612"	"КУРЧАТОВ Г.А."	"0"	"городская местность"	"0"	"Всего"	"0"	"97"
"Число умерших(Человек)"	"2010 год"	"201012"	"КУРЧАТОВ Г.А."	"0"	"городская местность"	"0"	"Всего"	"0"	"85"
"Число умерших(Человек)"	"2015 год"	"201512"	"КУРЧАТОВ Г.А."	"0"	"городская местность"	"0"	"Всего"	"0"	"103"
"Число умерших(Человек)"	"2013 год"	"201312"	"КУРЧАТОВ Г.А."	"0"	"городская местность"	"0"	"Всего"	"0"	"89"
"Число умерших(Человек)"	"2014 год"	"201412"	"КУРЧАТОВ Г.А."	"0"	"городская местность"	"0"	"Всего"	"0"	"78"
"Число умерших(Человек)"	"2012 год"	"201212"	"КУРЧАТОВ Г.А."	"0"	"городская местность"	"0"	"Всего"	"0"	"84"
"Число умерших(Человек)"	"2021 год"	"202112"	"КУРЧАТОВ Г.А."	"0"	"городская местность"	"0"	"Всего"	"0"	"125"
"Число умерших(Человек)"	"2020 год"	"202012"	"КУРЧАТОВ Г.А."	"0"	"городская местность"	"0"	"Всего"	"0"	"115"
"Число умерших(Человек)"	"2019 год"	"201912"	"КУРЧАТОВ Г.А."	"0"	"городская местность"	"0"	"Всего"	"0"	"86"
"Число умерших(Человек)"	"2018 год"	"201812"	"КУРЧАТОВ Г.А."	"0"	"городская местность"	"0"	"Всего"	"0"	"95"
"Число умерших(Человек)"	"2022 год"	"202212"	"КУРЧАТОВ Г.А."	"0"	"городская местность"	"0"	"Всего"	"0"	"101"
"Число умерших(Человек)"	"2017 год"	"201712"	"КУРЧАТОВ Г.А."	"0"	"городская местность"	"0"	"Всего"	"0"	"88"
"Число умерших(Человек)"	"2023 год"	"202312"	"КУРЧАТОВ Г.А."	"0"	"городская местность"	"0"	"Всего"	"0"	"79"
"Число умерших(Человек)"	"2024 год"	"202412"	"КУРЧАТОВ Г.А."	"0"	"городская местность"	"0"	"Всего"	"0"	"87"
"Число умерших(Человек)"	"2009 год"	"200912"	"УСПЕНСКИЙ РАЙОН"	"0"	"Всего"	"0"	"Всего"	"0"	"182"
"Число умерших(Человек)"	"2011 год"	"201112"	"УСПЕНСКИЙ РАЙОН"	"0"	"Всего"	"0"	"Всего"	"0"	"154"
"Число умерших(Человек)"	"2016 год"	"201612"	"УСПЕНСКИЙ РАЙОН"	"0"	"Всего"	"0"	"Всего"	"0"	"131"
"Число умерших(Человек)"	"2010 год"	"201012"	"УСПЕНСКИЙ РАЙОН"	"0"	"Всего"	"0"	"Всего"	"0"	"185"
"Число умерших(Человек)"	"2015 год"	"201512"	"УСПЕНСКИЙ РАЙОН"	"0"	"Всего"	"0"	"Всего"	"0"	"141"
"Число умерших(Человек)"	"2013 год"	"201312"	"УСПЕНСКИЙ РАЙОН"	"0"	"Всего"	"0"	"Всего"	"0"	"145"
"Число умерших(Человек)"	"2014 год"	"201412"	"УСПЕНСКИЙ РАЙОН"	"0"	"Всего"	"0"	"Всего"	"0"	"179"
"Число умерших(Человек)"	"2012 год"	"201212"	"УСПЕНСКИЙ РАЙОН"	"0"	"Всего"	"0"	"Всего"	"0"	"164"
"Число умерших(Человек)"	"2021 год"	"202112"	"УСПЕНСКИЙ РАЙОН"	"0"	"Всего"	"0"	"Всего"	"0"	"205"
"Число умерших(Человек)"	"2020 год"	"202012"	"УСПЕНСКИЙ РАЙОН"	"0"	"Всего"	"0"	"Всего"	"0"	"180"
"Число умерших(Человек)"	"2019 год"	"201912"	"УСПЕНСКИЙ РАЙОН"	"0"	"Всего"	"0"	"Всего"	"0"	"126"
"Число умерших(Человек)"	"2018 год"	"201812"	"УСПЕНСКИЙ РАЙОН"	"0"	"Всего"	"0"	"Всего"	"0"	"128"
"Число умерших(Человек)"	"2022 год"	"202212"	"УСПЕНСКИЙ РАЙОН"	"0"	"Всего"	"0"	"Всего"	"0"	"137"
"Число умерших(Человек)"	"2017 год"	"201712"	"УСПЕНСКИЙ РАЙОН"	"0"	"Всего"	"0"	"Всего"	"0"	"152"
"Число умерших(Человек)"	"2023 год"	"202312"	"УСПЕНСКИЙ РАЙОН"	"0"	"Всего"	"0"	"Всего"	"0"	"126"
"Число умерших(Человек)"	"2024 год"	"202412"	"УСПЕНСКИЙ РАЙОН"	"0"	"Всего"	"0"	"Всего"	"0"	"118"
"Число умерших(Человек)"	"2009 год"	"200912"	"УСПЕНСКИЙ РАЙОН"	"0"	"сельская местность"	"0"	"Всего"	"0"	"182"
"Число умерших(Человек)"	"2011 год"	"201112"	"УСПЕНСКИЙ РАЙОН"	"0"	"сельская местность"	"0"	"Всего"	"0"	"154"
"Число умерших(Человек)"	"2016 год"	"201612"	"УСПЕНСКИЙ РАЙОН"	"0"	"сельская местность"	"0"	"Всего"	"0"	"131"
"Число умерших(Человек)"	"2010 год"	"201012"	"УСПЕНСКИЙ РАЙОН"	"0"	"сельская местность"	"0"	"Всего"	"0"	"185"
"Число умерших(Человек)"	"2015 год"	"201512"	"УСПЕНСКИЙ РАЙОН"	"0"	"сельская местность"	"0"	"Всего"	"0"	"141"
"Число умерших(Человек)"	"2013 год"	"201312"	"УСПЕНСКИЙ РАЙОН"	"0"	"сельская местность"	"0"	"Всего"	"0"	"145"
"Число умерших(Человек)"	"2014 год"	"201412"	"УСПЕНСКИЙ РАЙОН"	"0"	"сельская местность"	"0"	"Всего"	"0"	"179"
"Число умерших(Человек)"	"2012 год"	"201212"	"УСПЕНСКИЙ РАЙОН"	"0"	"сельская местность"	"0"	"Всего"	"0"	"164"
"Число умерших(Человек)"	"2021 год"	"202112"	"УСПЕНСКИЙ РАЙОН"	"0"	"сельская местность"	"0"	"Всего"	"0"	"205"
"Число умерших(Человек)"	"2020 год"	"202012"	"УСПЕНСКИЙ РАЙОН"	"0"	"сельская местность"	"0"	"Всего"	"0"	"180"
"Число умерших(Человек)"	"2019 год"	"201912"	"УСПЕНСКИЙ РАЙОН"	"0"	"сельская местность"	"0"	"Всего"	"0"	"126"
"Число умерших(Человек)"	"2018 год"	"201812"	"УСПЕНСКИЙ РАЙОН"	"0"	"сельская местность"	"0"	"Всего"	"0"	"128"
"Число умерших(Человек)"	"2022 год"	"202212"	"УСПЕНСКИЙ РАЙОН"	"0"	"сельская местность"	"0"	"Всего"	"0"	"137"
"Число умерших(Человек)"	"2017 год"	"201712"	"УСПЕНСКИЙ РАЙОН"	"0"	"сельская местность"	"0"	"Всего"	"0"	"152"
"Число умерших(Человек)"	"2023 год"	"202312"	"УСПЕНСКИЙ РАЙОН"	"0"	"сельская местность"	"0"	"Всего"	"0"	"126"
"Число умерших(Человек)"	"2024 год"	"202412"	"УСПЕНСКИЙ РАЙОН"	"0"	"сельская местность"	"0"	"Всего"	"0"	"118"
"Число умерших(Человек)"	"2009 год"	"200912"	"ЩЕРБАКТИНСКИЙ РАЙОН"	"0"	"Всего"	"0"	"Всего"	"0"	"244"
"Число умерших(Человек)"	"2011 год"	"201112"	"ЩЕРБАКТИНСКИЙ РАЙОН"	"0"	"Всего"	"0"	"Всего"	"0"	"273"
"Число умерших(Человек)"	"2016 год"	"201612"	"ЩЕРБАКТИНСКИЙ РАЙОН"	"0"	"Всего"	"0"	"Всего"	"0"	"223"
"Число умерших(Человек)"	"2010 год"	"201012"	"ЩЕРБАКТИНСКИЙ РАЙОН"	"0"	"Всего"	"0"	"Всего"	"0"	"264"
"Число умерших(Человек)"	"2015 год"	"201512"	"ЩЕРБАКТИНСКИЙ РАЙОН"	"0"	"Всего"	"0"	"Всего"	"0"	"237"
"Число умерших(Человек)"	"2013 год"	"201312"	"ЩЕРБАКТИНСКИЙ РАЙОН"	"0"	"Всего"	"0"	"Всего"	"0"	"232"
"Число умерших(Человек)"	"2014 год"	"201412"	"ЩЕРБАКТИНСКИЙ РАЙОН"	"0"	"Всего"	"0"	"Всего"	"0"	"242"
"Число умерших(Человек)"	"2012 год"	"201212"	"ЩЕРБАКТИНСКИЙ РАЙОН"	"0"	"Всего"	"0"	"Всего"	"0"	"247"
"Число умерших(Человек)"	"2021 год"	"202112"	"ЩЕРБАКТИНСКИЙ РАЙОН"	"0"	"Всего"	"0"	"Всего"	"0"	"275"
"Число умерших(Человек)"	"2020 год"	"202012"	"ЩЕРБАКТИНСКИЙ РАЙОН"	"0"	"Всего"	"0"	"Всего"	"0"	"249"
"Число умерших(Человек)"	"2019 год"	"201912"	"ЩЕРБАКТИНСКИЙ РАЙОН"	"0"	"Всего"	"0"	"Всего"	"0"	"236"
"Число умерших(Человек)"	"2018 год"	"201812"	"ЩЕРБАКТИНСКИЙ РАЙОН"	"0"	"Всего"	"0"	"Всего"	"0"	"238"
"Число умерших(Человек)"	"2022 год"	"202212"	"ЩЕРБАКТИНСКИЙ РАЙОН"	"0"	"Всего"	"0"	"Всего"	"0"	"223"
"Число умерших(Человек)"	"2017 год"	"201712"	"ЩЕРБАКТИНСКИЙ РАЙОН"	"0"	"Всего"	"0"	"Всего"	"0"	"210"
"Число умерших(Человек)"	"2023 год"	"202312"	"ЩЕРБАКТИНСКИЙ РАЙОН"	"0"	"Всего"	"0"	"Всего"	"0"	"204"
"Число умерших(Человек)"	"2024 год"	"202412"	"ЩЕРБАКТИНСКИЙ РАЙОН"	"0"	"Всего"	"0"	"Всего"	"0"	"202"
"Число умерших(Человек)"	"2009 год"	"200912"	"ЩЕРБАКТИНСКИЙ РАЙОН"	"0"	"сельская местность"	"0"	"Всего"	"0"	"244"
"Число умерших(Человек)"	"2011 год"	"201112"	"ЩЕРБАКТИНСКИЙ РАЙОН"	"0"	"сельская местность"	"0"	"Всего"	"0"	"273"
"Число умерших(Человек)"	"2016 год"	"201612"	"ЩЕРБАКТИНСКИЙ РАЙОН"	"0"	"сельская местность"	"0"	"Всего"	"0"	"223"
"Число умерших(Человек)"	"2010 год"	"201012"	"ЩЕРБАКТИНСКИЙ РАЙОН"	"0"	"сельская местность"	"0"	"Всего"	"0"	"264"
"Число умерших(Человек)"	"2015 год"	"201512"	"ЩЕРБАКТИНСКИЙ РАЙОН"	"0"	"сельская местность"	"0"	"Всего"	"0"	"237"
"Число умерших(Человек)"	"2013 год"	"201312"	"ЩЕРБАКТИНСКИЙ РАЙОН"	"0"	"сельская местность"	"0"	"Всего"	"0"	"232"
"Число умерших(Человек)"	"2014 год"	"201412"	"ЩЕРБАКТИНСКИЙ РАЙОН"	"0"	"сельская местность"	"0"	"Всего"	"0"	"242"
"Число умерших(Человек)"	"2012 год"	"201212"	"ЩЕРБАКТИНСКИЙ РАЙОН"	"0"	"сельская местность"	"0"	"Всего"	"0"	"247"
"Число умерших(Человек)"	"2021 год"	"202112"	"ЩЕРБАКТИНСКИЙ РАЙОН"	"0"	"сельская местность"	"0"	"Всего"	"0"	"275"
"Число умерших(Человек)"	"2020 год"	"202012"	"ЩЕРБАКТИНСКИЙ РАЙОН"	"0"	"сельская местность"	"0"	"Всего"	"0"	"249"
"Число умерших(Человек)"	"2019 год"	"201912"	"ЩЕРБАКТИНСКИЙ РАЙОН"	"0"	"сельская местность"	"0"	"Всего"	"0"	"236"
"Число умерших(Человек)"	"2018 год"	"201812"	"ЩЕРБАКТИНСКИЙ РАЙОН"	"0"	"сельская местность"	"0"	"Всего"	"0"	"238"
"Число умерших(Человек)"	"2022 год"	"202212"	"ЩЕРБАКТИНСКИЙ РАЙОН"	"0"	"сельская местность"	"0"	"Всего"	"0"	"223"
"Число умерших(Человек)"	"2017 год"	"201712"	"ЩЕРБАКТИНСКИЙ РАЙОН"	"0"	"сельская местность"	"0"	"Всего"	"0"	"210"
"Число умерших(Человек)"	"2023 год"	"202312"	"ЩЕРБАКТИНСКИЙ РАЙОН"	"0"	"сельская местность"	"0"	"Всего"	"0"	"204"
"Число умерших(Человек)"	"2024 год"	"202412"	"ЩЕРБАКТИНСКИЙ РАЙОН"	"0"	"сельская местность"	"0"	"Всего"	"0"	"202"
"Число умерших(Человек)"	"2009 год"	"200912"	"ПЕТРОПАВЛОВСК Г.А."	"0"	"Всего"	"0"	"Всего"	"0"	"2 729"
"Число умерших(Человек)"	"2011 год"	"201112"	"ПЕТРОПАВЛОВСК Г.А."	"0"	"Всего"	"0"	"Всего"	"0"	"2 810"
"Число умерших(Человек)"	"2016 год"	"201612"	"ПЕТРОПАВЛОВСК Г.А."	"0"	"Всего"	"0"	"Всего"	"0"	"2 505"
"Число умерших(Человек)"	"2010 год"	"201012"	"ПЕТРОПАВЛОВСК Г.А."	"0"	"Всего"	"0"	"Всего"	"0"	"2 804"
"Число умерших(Человек)"	"2015 год"	"201512"	"ПЕТРОПАВЛОВСК Г.А."	"0"	"Всего"	"0"	"Всего"	"0"	"2 473"
"Число умерших(Человек)"	"2013 год"	"201312"	"ПЕТРОПАВЛОВСК Г.А."	"0"	"Всего"	"0"	"Всего"	"0"	"2 749"
"Число умерших(Человек)"	"2014 год"	"201412"	"ПЕТРОПАВЛОВСК Г.А."	"0"	"Всего"	"0"	"Всего"	"0"	"2 462"
"Число умерших(Человек)"	"2012 год"	"201212"	"ПЕТРОПАВЛОВСК Г.А."	"0"	"Всего"	"0"	"Всего"	"0"	"2 734"
"Число умерших(Человек)"	"2021 год"	"202112"	"ПЕТРОПАВЛОВСК Г.А."	"0"	"Всего"	"0"	"Всего"	"0"	"3 403"
"Число умерших(Человек)"	"2020 год"	"202012"	"ПЕТРОПАВЛОВСК Г.А."	"0"	"Всего"	"0"	"Всего"	"0"	"3 056"
"Число умерших(Человек)"	"2019 год"	"201912"	"ПЕТРОПАВЛОВСК Г.А."	"0"	"Всего"	"0"	"Всего"	"0"	"2 543"
"Число умерших(Человек)"	"2018 год"	"201812"	"ПЕТРОПАВЛОВСК Г.А."	"0"	"Всего"	"0"	"Всего"	"0"	"2 442"
"Число умерших(Человек)"	"2022 год"	"202212"	"ПЕТРОПАВЛОВСК Г.А."	"0"	"Всего"	"0"	"Всего"	"0"	"2 587"
"Число умерших(Человек)"	"2017 год"	"201712"	"ПЕТРОПАВЛОВСК Г.А."	"0"	"Всего"	"0"	"Всего"	"0"	"2 454"
"Число умерших(Человек)"	"2023 год"	"202312"	"ПЕТРОПАВЛОВСК Г.А."	"0"	"Всего"	"0"	"Всего"	"0"	"2 269"
"Число умерших(Человек)"	"2024 год"	"202412"	"ПЕТРОПАВЛОВСК Г.А."	"0"	"Всего"	"0"	"Всего"	"0"	"2 495"
"Число умерших(Человек)"	"2009 год"	"200912"	"ПЕТРОПАВЛОВСК Г.А."	"0"	"городская местность"	"0"	"Всего"	"0"	"2 729"
"Число умерших(Человек)"	"2011 год"	"201112"	"ПЕТРОПАВЛОВСК Г.А."	"0"	"городская местность"	"0"	"Всего"	"0"	"2 803"
"Число умерших(Человек)"	"2016 год"	"201612"	"ПЕТРОПАВЛОВСК Г.А."	"0"	"городская местность"	"0"	"Всего"	"0"	"2 499"
"Число умерших(Человек)"	"2010 год"	"201012"	"ПЕТРОПАВЛОВСК Г.А."	"0"	"городская местность"	"0"	"Всего"	"0"	"2 795"
"Число умерших(Человек)"	"2015 год"	"201512"	"ПЕТРОПАВЛОВСК Г.А."	"0"	"городская местность"	"0"	"Всего"	"0"	"2 471"
"Число умерших(Человек)"	"2013 год"	"201312"	"ПЕТРОПАВЛОВСК Г.А."	"0"	"городская местность"	"0"	"Всего"	"0"	"2 744"
"Число умерших(Человек)"	"2014 год"	"201412"	"ПЕТРОПАВЛОВСК Г.А."	"0"	"городская местность"	"0"	"Всего"	"0"	"2 454"
"Число умерших(Человек)"	"2012 год"	"201212"	"ПЕТРОПАВЛОВСК Г.А."	"0"	"городская местность"	"0"	"Всего"	"0"	"2 726"
"Число умерших(Человек)"	"2021 год"	"202112"	"ПЕТРОПАВЛОВСК Г.А."	"0"	"городская местность"	"0"	"Всего"	"0"	"3 403"
"Число умерших(Человек)"	"2020 год"	"202012"	"ПЕТРОПАВЛОВСК Г.А."	"0"	"городская местность"	"0"	"Всего"	"0"	"3 056"
"Число умерших(Человек)"	"2019 год"	"201912"	"ПЕТРОПАВЛОВСК Г.А."	"0"	"городская местность"	"0"	"Всего"	"0"	"2 543"
"Число умерших(Человек)"	"2018 год"	"201812"	"ПЕТРОПАВЛОВСК Г.А."	"0"	"городская местность"	"0"	"Всего"	"0"	"2 442"
"Число умерших(Человек)"	"2022 год"	"202212"	"ПЕТРОПАВЛОВСК Г.А."	"0"	"городская местность"	"0"	"Всего"	"0"	"2 587"
"Число умерших(Человек)"	"2017 год"	"201712"	"ПЕТРОПАВЛОВСК Г.А."	"0"	"городская местность"	"0"	"Всего"	"0"	"2 454"
"Число умерших(Человек)"	"2023 год"	"202312"	"ПЕТРОПАВЛОВСК Г.А."	"0"	"городская местность"	"0"	"Всего"	"0"	"2 269"
"Число умерших(Человек)"	"2024 год"	"202412"	"ПЕТРОПАВЛОВСК Г.А."	"0"	"городская местность"	"0"	"Всего"	"0"	"2 495"
"Число умерших(Человек)"	"2011 год"	"201112"	"ПЕТРОПАВЛОВСК Г.А."	"0"	"сельская местность"	"0"	"Всего"	"0"	"7"
"Число умерших(Человек)"	"2016 год"	"201612"	"ПЕТРОПАВЛОВСК Г.А."	"0"	"сельская местность"	"0"	"Всего"	"0"	"6"
"Число умерших(Человек)"	"2010 год"	"201012"	"ПЕТРОПАВЛОВСК Г.А."	"0"	"сельская местность"	"0"	"Всего"	"0"	"9"
"Число умерших(Человек)"	"2015 год"	"201512"	"ПЕТРОПАВЛОВСК Г.А."	"0"	"сельская местность"	"0"	"Всего"	"0"	"2"
"Число умерших(Человек)"	"2013 год"	"201312"	"ПЕТРОПАВЛОВСК Г.А."	"0"	"сельская местность"	"0"	"Всего"	"0"	"5"
"Число умерших(Человек)"	"2014 год"	"201412"	"ПЕТРОПАВЛОВСК Г.А."	"0"	"сельская местность"	"0"	"Всего"	"0"	"8"
"Число умерших(Человек)"	"2012 год"	"201212"	"ПЕТРОПАВЛОВСК Г.А."	"0"	"сельская местность"	"0"	"Всего"	"0"	"8"
"Число умерших(Человек)"	"2009 год"	"200912"	"АЙЫРТАУСКИЙ РАЙОН"	"0"	"Всего"	"0"	"Всего"	"0"	"613"
"Число умерших(Человек)"	"2011 год"	"201112"	"АЙЫРТАУСКИЙ РАЙОН"	"0"	"Всего"	"0"	"Всего"	"0"	"551"
"Число умерших(Человек)"	"2016 год"	"201612"	"АЙЫРТАУСКИЙ РАЙОН"	"0"	"Всего"	"0"	"Всего"	"0"	"453"
"Число умерших(Человек)"	"2010 год"	"201012"	"АЙЫРТАУСКИЙ РАЙОН"	"0"	"Всего"	"0"	"Всего"	"0"	"604"
"Число умерших(Человек)"	"2015 год"	"201512"	"АЙЫРТАУСКИЙ РАЙОН"	"0"	"Всего"	"0"	"Всего"	"0"	"437"
"Число умерших(Человек)"	"2013 год"	"201312"	"АЙЫРТАУСКИЙ РАЙОН"	"0"	"Всего"	"0"	"Всего"	"0"	"518"
"Число умерших(Человек)"	"2014 год"	"201412"	"АЙЫРТАУСКИЙ РАЙОН"	"0"	"Всего"	"0"	"Всего"	"0"	"494"
"Число умерших(Человек)"	"2012 год"	"201212"	"АЙЫРТАУСКИЙ РАЙОН"	"0"	"Всего"	"0"	"Всего"	"0"	"578"
"Число умерших(Человек)"	"2021 год"	"202112"	"АЙЫРТАУСКИЙ РАЙОН"	"0"	"Всего"	"0"	"Всего"	"0"	"521"
"Число умерших(Человек)"	"2020 год"	"202012"	"АЙЫРТАУСКИЙ РАЙОН"	"0"	"Всего"	"0"	"Всего"	"0"	"483"
"Число умерших(Человек)"	"2019 год"	"201912"	"АЙЫРТАУСКИЙ РАЙОН"	"0"	"Всего"	"0"	"Всего"	"0"	"430"
"Число умерших(Человек)"	"2018 год"	"201812"	"АЙЫРТАУСКИЙ РАЙОН"	"0"	"Всего"	"0"	"Всего"	"0"	"429"
"Число умерших(Человек)"	"2022 год"	"202212"	"АЙЫРТАУСКИЙ РАЙОН"	"0"	"Всего"	"0"	"Всего"	"0"	"434"
"Число умерших(Человек)"	"2017 год"	"201712"	"АЙЫРТАУСКИЙ РАЙОН"	"0"	"Всего"	"0"	"Всего"	"0"	"486"
"Число умерших(Человек)"	"2023 год"	"202312"	"АЙЫРТАУСКИЙ РАЙОН"	"0"	"Всего"	"0"	"Всего"	"0"	"389"
"Число умерших(Человек)"	"2024 год"	"202412"	"АЙЫРТАУСКИЙ РАЙОН"	"0"	"Всего"	"0"	"Всего"	"0"	"397"
"Число умерших(Человек)"	"2009 год"	"200912"	"АЙЫРТАУСКИЙ РАЙОН"	"0"	"сельская местность"	"0"	"Всего"	"0"	"613"
"Число умерших(Человек)"	"2011 год"	"201112"	"АЙЫРТАУСКИЙ РАЙОН"	"0"	"сельская местность"	"0"	"Всего"	"0"	"551"
"Число умерших(Человек)"	"2016 год"	"201612"	"АЙЫРТАУСКИЙ РАЙОН"	"0"	"сельская местность"	"0"	"Всего"	"0"	"453"
"Число умерших(Человек)"	"2010 год"	"201012"	"АЙЫРТАУСКИЙ РАЙОН"	"0"	"сельская местность"	"0"	"Всего"	"0"	"604"
"Число умерших(Человек)"	"2015 год"	"201512"	"АЙЫРТАУСКИЙ РАЙОН"	"0"	"сельская местность"	"0"	"Всего"	"0"	"437"
"Число умерших(Человек)"	"2013 год"	"201312"	"АЙЫРТАУСКИЙ РАЙОН"	"0"	"сельская местность"	"0"	"Всего"	"0"	"518"
"Число умерших(Человек)"	"2014 год"	"201412"	"АЙЫРТАУСКИЙ РАЙОН"	"0"	"сельская местность"	"0"	"Всего"	"0"	"494"
"Число умерших(Человек)"	"2012 год"	"201212"	"АЙЫРТАУСКИЙ РАЙОН"	"0"	"сельская местность"	"0"	"Всего"	"0"	"578"
"Число умерших(Человек)"	"2021 год"	"202112"	"АЙЫРТАУСКИЙ РАЙОН"	"0"	"сельская местность"	"0"	"Всего"	"0"	"521"
"Число умерших(Человек)"	"2020 год"	"202012"	"АЙЫРТАУСКИЙ РАЙОН"	"0"	"сельская местность"	"0"	"Всего"	"0"	"483"
"Число умерших(Человек)"	"2019 год"	"201912"	"АЙЫРТАУСКИЙ РАЙОН"	"0"	"сельская местность"	"0"	"Всего"	"0"	"430"
"Число умерших(Человек)"	"2018 год"	"201812"	"АЙЫРТАУСКИЙ РАЙОН"	"0"	"сельская местность"	"0"	"Всего"	"0"	"429"
"Число умерших(Человек)"	"2022 год"	"202212"	"АЙЫРТАУСКИЙ РАЙОН"	"0"	"сельская местность"	"0"	"Всего"	"0"	"434"
"Число умерших(Человек)"	"2017 год"	"201712"	"АЙЫРТАУСКИЙ РАЙОН"	"0"	"сельская местность"	"0"	"Всего"	"0"	"486"
"Число умерших(Человек)"	"2023 год"	"202312"	"АЙЫРТАУСКИЙ РАЙОН"	"0"	"сельская местность"	"0"	"Всего"	"0"	"389"
"Число умерших(Человек)"	"2024 год"	"202412"	"АЙЫРТАУСКИЙ РАЙОН"	"0"	"сельская местность"	"0"	"Всего"	"0"	"397"
"Число умерших(Человек)"	"2009 год"	"200912"	"АКЖАРСКИЙ РАЙОН"	"0"	"Всего"	"0"	"Всего"	"0"	"220"
"Число умерших(Человек)"	"2011 год"	"201112"	"АКЖАРСКИЙ РАЙОН"	"0"	"Всего"	"0"	"Всего"	"0"	"221"
"Число умерших(Человек)"	"2016 год"	"201612"	"АКЖАРСКИЙ РАЙОН"	"0"	"Всего"	"0"	"Всего"	"0"	"145"
"Число умерших(Человек)"	"2010 год"	"201012"	"АКЖАРСКИЙ РАЙОН"	"0"	"Всего"	"0"	"Всего"	"0"	"187"
"Число умерших(Человек)"	"2015 год"	"201512"	"АКЖАРСКИЙ РАЙОН"	"0"	"Всего"	"0"	"Всего"	"0"	"161"
"Число умерших(Человек)"	"2013 год"	"201312"	"АКЖАРСКИЙ РАЙОН"	"0"	"Всего"	"0"	"Всего"	"0"	"148"
"Число умерших(Человек)"	"2014 год"	"201412"	"АКЖАРСКИЙ РАЙОН"	"0"	"Всего"	"0"	"Всего"	"0"	"162"
"Число умерших(Человек)"	"2012 год"	"201212"	"АКЖАРСКИЙ РАЙОН"	"0"	"Всего"	"0"	"Всего"	"0"	"164"
"Число умерших(Человек)"	"2021 год"	"202112"	"АКЖАРСКИЙ РАЙОН"	"0"	"Всего"	"0"	"Всего"	"0"	"175"
"Число умерших(Человек)"	"2020 год"	"202012"	"АКЖАРСКИЙ РАЙОН"	"0"	"Всего"	"0"	"Всего"	"0"	"147"
"Число умерших(Человек)"	"2019 год"	"201912"	"АКЖАРСКИЙ РАЙОН"	"0"	"Всего"	"0"	"Всего"	"0"	"136"
"Число умерших(Человек)"	"2018 год"	"201812"	"АКЖАРСКИЙ РАЙОН"	"0"	"Всего"	"0"	"Всего"	"0"	"154"
"Число умерших(Человек)"	"2022 год"	"202212"	"АКЖАРСКИЙ РАЙОН"	"0"	"Всего"	"0"	"Всего"	"0"	"106"
"Число умерших(Человек)"	"2017 год"	"201712"	"АКЖАРСКИЙ РАЙОН"	"0"	"Всего"	"0"	"Всего"	"0"	"139"
"Число умерших(Человек)"	"2023 год"	"202312"	"АКЖАРСКИЙ РАЙОН"	"0"	"Всего"	"0"	"Всего"	"0"	"123"
"Число умерших(Человек)"	"2024 год"	"202412"	"АКЖАРСКИЙ РАЙОН"	"0"	"Всего"	"0"	"Всего"	"0"	"113"
"Число умерших(Человек)"	"2009 год"	"200912"	"АКЖАРСКИЙ РАЙОН"	"0"	"сельская местность"	"0"	"Всего"	"0"	"220"
"Число умерших(Человек)"	"2011 год"	"201112"	"АКЖАРСКИЙ РАЙОН"	"0"	"сельская местность"	"0"	"Всего"	"0"	"221"
"Число умерших(Человек)"	"2016 год"	"201612"	"АКЖАРСКИЙ РАЙОН"	"0"	"сельская местность"	"0"	"Всего"	"0"	"145"
"Число умерших(Человек)"	"2010 год"	"201012"	"АКЖАРСКИЙ РАЙОН"	"0"	"сельская местность"	"0"	"Всего"	"0"	"187"
"Число умерших(Человек)"	"2015 год"	"201512"	"АКЖАРСКИЙ РАЙОН"	"0"	"сельская местность"	"0"	"Всего"	"0"	"161"
"Число умерших(Человек)"	"2013 год"	"201312"	"АКЖАРСКИЙ РАЙОН"	"0"	"сельская местность"	"0"	"Всего"	"0"	"148"
"Число умерших(Человек)"	"2014 год"	"201412"	"АКЖАРСКИЙ РАЙОН"	"0"	"сельская местность"	"0"	"Всего"	"0"	"162"
"Число умерших(Человек)"	"2012 год"	"201212"	"АКЖАРСКИЙ РАЙОН"	"0"	"сельская местность"	"0"	"Всего"	"0"	"164"
"Число умерших(Человек)"	"2021 год"	"202112"	"АКЖАРСКИЙ РАЙОН"	"0"	"сельская местность"	"0"	"Всего"	"0"	"175"
"Число умерших(Человек)"	"2020 год"	"202012"	"АКЖАРСКИЙ РАЙОН"	"0"	"сельская местность"	"0"	"Всего"	"0"	"147"
"Число умерших(Человек)"	"2019 год"	"201912"	"АКЖАРСКИЙ РАЙОН"	"0"	"сельская местность"	"0"	"Всего"	"0"	"136"
"Число умерших(Человек)"	"2018 год"	"201812"	"АКЖАРСКИЙ РАЙОН"	"0"	"сельская местность"	"0"	"Всего"	"0"	"154"
"Число умерших(Человек)"	"2022 год"	"202212"	"АКЖАРСКИЙ РАЙОН"	"0"	"сельская местность"	"0"	"Всего"	"0"	"106"
"Число умерших(Человек)"	"2017 год"	"201712"	"АКЖАРСКИЙ РАЙОН"	"0"	"сельская местность"	"0"	"Всего"	"0"	"139"
"Число умерших(Человек)"	"2023 год"	"202312"	"АКЖАРСКИЙ РАЙОН"	"0"	"сельская местность"	"0"	"Всего"	"0"	"123"
"Число умерших(Человек)"	"2024 год"	"202412"	"АКЖАРСКИЙ РАЙОН"	"0"	"сельская местность"	"0"	"Всего"	"0"	"113"
"Число умерших(Человек)"	"2009 год"	"200912"	"РАЙОН МАГЖАНА ЖУМАБАЕВА"	"0"	"Всего"	"0"	"Всего"	"0"	"518"
"Число умерших(Человек)"	"2011 год"	"201112"	"РАЙОН МАГЖАНА ЖУМАБАЕВА"	"0"	"Всего"	"0"	"Всего"	"0"	"527"
"Число умерших(Человек)"	"2016 год"	"201612"	"РАЙОН МАГЖАНА ЖУМАБАЕВА"	"0"	"Всего"	"0"	"Всего"	"0"	"423"
"Число умерших(Человек)"	"2010 год"	"201012"	"РАЙОН МАГЖАНА ЖУМАБАЕВА"	"0"	"Всего"	"0"	"Всего"	"0"	"502"
"Число умерших(Человек)"	"2015 год"	"201512"	"РАЙОН МАГЖАНА ЖУМАБАЕВА"	"0"	"Всего"	"0"	"Всего"	"0"	"429"
"Число умерших(Человек)"	"2013 год"	"201312"	"РАЙОН МАГЖАНА ЖУМАБАЕВА"	"0"	"Всего"	"0"	"Всего"	"0"	"499"
"Число умерших(Человек)"	"2014 год"	"201412"	"РАЙОН МАГЖАНА ЖУМАБАЕВА"	"0"	"Всего"	"0"	"Всего"	"0"	"428"
"Число умерших(Человек)"	"2012 год"	"201212"	"РАЙОН МАГЖАНА ЖУМАБАЕВА"	"0"	"Всего"	"0"	"Всего"	"0"	"518"
"Число умерших(Человек)"	"2021 год"	"202112"	"РАЙОН МАГЖАНА ЖУМАБАЕВА"	"0"	"Всего"	"0"	"Всего"	"0"	"496"
"Число умерших(Человек)"	"2020 год"	"202012"	"РАЙОН МАГЖАНА ЖУМАБАЕВА"	"0"	"Всего"	"0"	"Всего"	"0"	"450"
"Число умерших(Человек)"	"2019 год"	"201912"	"РАЙОН МАГЖАНА ЖУМАБАЕВА"	"0"	"Всего"	"0"	"Всего"	"0"	"410"
"Число умерших(Человек)"	"2018 год"	"201812"	"РАЙОН МАГЖАНА ЖУМАБАЕВА"	"0"	"Всего"	"0"	"Всего"	"0"	"402"
"Число умерших(Человек)"	"2022 год"	"202212"	"РАЙОН МАГЖАНА ЖУМАБАЕВА"	"0"	"Всего"	"0"	"Всего"	"0"	"356"
"Число умерших(Человек)"	"2017 год"	"201712"	"РАЙОН МАГЖАНА ЖУМАБАЕВА"	"0"	"Всего"	"0"	"Всего"	"0"	"386"
"Число умерших(Человек)"	"2023 год"	"202312"	"РАЙОН МАГЖАНА ЖУМАБАЕВА"	"0"	"Всего"	"0"	"Всего"	"0"	"346"
"Число умерших(Человек)"	"2024 год"	"202412"	"РАЙОН МАГЖАНА ЖУМАБАЕВА"	"0"	"Всего"	"0"	"Всего"	"0"	"341"
"Число умерших(Человек)"	"2009 год"	"200912"	"РАЙОН МАГЖАНА ЖУМАБАЕВА"	"0"	"городская местность"	"0"	"Всего"	"0"	"126"
"Число умерших(Человек)"	"2011 год"	"201112"	"РАЙОН МАГЖАНА ЖУМАБАЕВА"	"0"	"городская местность"	"0"	"Всего"	"0"	"160"
"Число умерших(Человек)"	"2016 год"	"201612"	"РАЙОН МАГЖАНА ЖУМАБАЕВА"	"0"	"городская местность"	"0"	"Всего"	"0"	"99"
"Число умерших(Человек)"	"2010 год"	"201012"	"РАЙОН МАГЖАНА ЖУМАБАЕВА"	"0"	"городская местность"	"0"	"Всего"	"0"	"135"
"Число умерших(Человек)"	"2015 год"	"201512"	"РАЙОН МАГЖАНА ЖУМАБАЕВА"	"0"	"городская местность"	"0"	"Всего"	"0"	"123"
"Число умерших(Человек)"	"2013 год"	"201312"	"РАЙОН МАГЖАНА ЖУМАБАЕВА"	"0"	"городская местность"	"0"	"Всего"	"0"	"125"
"Число умерших(Человек)"	"2014 год"	"201412"	"РАЙОН МАГЖАНА ЖУМАБАЕВА"	"0"	"городская местность"	"0"	"Всего"	"0"	"120"
"Число умерших(Человек)"	"2012 год"	"201212"	"РАЙОН МАГЖАНА ЖУМАБАЕВА"	"0"	"городская местность"	"0"	"Всего"	"0"	"146"
"Число умерших(Человек)"	"2021 год"	"202112"	"РАЙОН МАГЖАНА ЖУМАБАЕВА"	"0"	"городская местность"	"0"	"Всего"	"0"	"174"
"Число умерших(Человек)"	"2020 год"	"202012"	"РАЙОН МАГЖАНА ЖУМАБАЕВА"	"0"	"городская местность"	"0"	"Всего"	"0"	"149"
"Число умерших(Человек)"	"2019 год"	"201912"	"РАЙОН МАГЖАНА ЖУМАБАЕВА"	"0"	"городская местность"	"0"	"Всего"	"0"	"114"
"Число умерших(Человек)"	"2018 год"	"201812"	"РАЙОН МАГЖАНА ЖУМАБАЕВА"	"0"	"городская местность"	"0"	"Всего"	"0"	"122"
"Число умерших(Человек)"	"2022 год"	"202212"	"РАЙОН МАГЖАНА ЖУМАБАЕВА"	"0"	"городская местность"	"0"	"Всего"	"0"	"112"
"Число умерших(Человек)"	"2017 год"	"201712"	"РАЙОН МАГЖАНА ЖУМАБАЕВА"	"0"	"городская местность"	"0"	"Всего"	"0"	"109"
"Число умерших(Человек)"	"2023 год"	"202312"	"РАЙОН МАГЖАНА ЖУМАБАЕВА"	"0"	"городская местность"	"0"	"Всего"	"0"	"111"
"Число умерших(Человек)"	"2024 год"	"202412"	"РАЙОН МАГЖАНА ЖУМАБАЕВА"	"0"	"городская местность"	"0"	"Всего"	"0"	"108"
"Число умерших(Человек)"	"2009 год"	"200912"	"РАЙОН МАГЖАНА ЖУМАБАЕВА"	"0"	"сельская местность"	"0"	"Всего"	"0"	"392"
"Число умерших(Человек)"	"2011 год"	"201112"	"РАЙОН МАГЖАНА ЖУМАБАЕВА"	"0"	"сельская местность"	"0"	"Всего"	"0"	"367"
"Число умерших(Человек)"	"2016 год"	"201612"	"РАЙОН МАГЖАНА ЖУМАБАЕВА"	"0"	"сельская местность"	"0"	"Всего"	"0"	"324"
"Число умерших(Человек)"	"2010 год"	"201012"	"РАЙОН МАГЖАНА ЖУМАБАЕВА"	"0"	"сельская местность"	"0"	"Всего"	"0"	"367"
"Число умерших(Человек)"	"2015 год"	"201512"	"РАЙОН МАГЖАНА ЖУМАБАЕВА"	"0"	"сельская местность"	"0"	"Всего"	"0"	"306"
"Число умерших(Человек)"	"2013 год"	"201312"	"РАЙОН МАГЖАНА ЖУМАБАЕВА"	"0"	"сельская местность"	"0"	"Всего"	"0"	"374"
"Число умерших(Человек)"	"2014 год"	"201412"	"РАЙОН МАГЖАНА ЖУМАБАЕВА"	"0"	"сельская местность"	"0"	"Всего"	"0"	"308"
"Число умерших(Человек)"	"2012 год"	"201212"	"РАЙОН МАГЖАНА ЖУМАБАЕВА"	"0"	"сельская местность"	"0"	"Всего"	"0"	"372"
"Число умерших(Человек)"	"2021 год"	"202112"	"РАЙОН МАГЖАНА ЖУМАБАЕВА"	"0"	"сельская местность"	"0"	"Всего"	"0"	"322"
"Число умерших(Человек)"	"2020 год"	"202012"	"РАЙОН МАГЖАНА ЖУМАБАЕВА"	"0"	"сельская местность"	"0"	"Всего"	"0"	"301"
"Число умерших(Человек)"	"2019 год"	"201912"	"РАЙОН МАГЖАНА ЖУМАБАЕВА"	"0"	"сельская местность"	"0"	"Всего"	"0"	"296"
"Число умерших(Человек)"	"2018 год"	"201812"	"РАЙОН МАГЖАНА ЖУМАБАЕВА"	"0"	"сельская местность"	"0"	"Всего"	"0"	"280"
"Число умерших(Человек)"	"2022 год"	"202212"	"РАЙОН МАГЖАНА ЖУМАБАЕВА"	"0"	"сельская местность"	"0"	"Всего"	"0"	"244"
"Число умерших(Человек)"	"2017 год"	"201712"	"РАЙОН МАГЖАНА ЖУМАБАЕВА"	"0"	"сельская местность"	"0"	"Всего"	"0"	"277"
"Число умерших(Человек)"	"2023 год"	"202312"	"РАЙОН МАГЖАНА ЖУМАБАЕВА"	"0"	"сельская местность"	"0"	"Всего"	"0"	"235"
"Число умерших(Человек)"	"2024 год"	"202412"	"РАЙОН МАГЖАНА ЖУМАБАЕВА"	"0"	"сельская местность"	"0"	"Всего"	"0"	"233"
"Число умерших(Человек)"	"2009 год"	"200912"	"ЕСИЛЬСКИЙ РАЙОН"	"0"	"Всего"	"0"	"Всего"	"0"	"363"
"Число умерших(Человек)"	"2011 год"	"201112"	"ЕСИЛЬСКИЙ РАЙОН"	"0"	"Всего"	"0"	"Всего"	"0"	"401"
"Число умерших(Человек)"	"2016 год"	"201612"	"ЕСИЛЬСКИЙ РАЙОН"	"0"	"Всего"	"0"	"Всего"	"0"	"361"
"Число умерших(Человек)"	"2010 год"	"201012"	"ЕСИЛЬСКИЙ РАЙОН"	"0"	"Всего"	"0"	"Всего"	"0"	"427"
"Число умерших(Человек)"	"2015 год"	"201512"	"ЕСИЛЬСКИЙ РАЙОН"	"0"	"Всего"	"0"	"Всего"	"0"	"327"
"Число умерших(Человек)"	"2013 год"	"201312"	"ЕСИЛЬСКИЙ РАЙОН"	"0"	"Всего"	"0"	"Всего"	"0"	"378"
"Число умерших(Человек)"	"2014 год"	"201412"	"ЕСИЛЬСКИЙ РАЙОН"	"0"	"Всего"	"0"	"Всего"	"0"	"319"
"Число умерших(Человек)"	"2012 год"	"201212"	"ЕСИЛЬСКИЙ РАЙОН"	"0"	"Всего"	"0"	"Всего"	"0"	"389"
"Число умерших(Человек)"	"2021 год"	"202112"	"ЕСИЛЬСКИЙ РАЙОН"	"0"	"Всего"	"0"	"Всего"	"0"	"416"
"Число умерших(Человек)"	"2020 год"	"202012"	"ЕСИЛЬСКИЙ РАЙОН"	"0"	"Всего"	"0"	"Всего"	"0"	"350"
"Число умерших(Человек)"	"2019 год"	"201912"	"ЕСИЛЬСКИЙ РАЙОН"	"0"	"Всего"	"0"	"Всего"	"0"	"300"
"Число умерших(Человек)"	"2018 год"	"201812"	"ЕСИЛЬСКИЙ РАЙОН"	"0"	"Всего"	"0"	"Всего"	"0"	"291"
"Число умерших(Человек)"	"2022 год"	"202212"	"ЕСИЛЬСКИЙ РАЙОН"	"0"	"Всего"	"0"	"Всего"	"0"	"317"
"Число умерших(Человек)"	"2017 год"	"201712"	"ЕСИЛЬСКИЙ РАЙОН"	"0"	"Всего"	"0"	"Всего"	"0"	"322"
"Число умерших(Человек)"	"2023 год"	"202312"	"ЕСИЛЬСКИЙ РАЙОН"	"0"	"Всего"	"0"	"Всего"	"0"	"278"
"Число умерших(Человек)"	"2024 год"	"202412"	"ЕСИЛЬСКИЙ РАЙОН"	"0"	"Всего"	"0"	"Всего"	"0"	"253"
"Число умерших(Человек)"	"2009 год"	"200912"	"ЕСИЛЬСКИЙ РАЙОН"	"0"	"сельская местность"	"0"	"Всего"	"0"	"363"
"Число умерших(Человек)"	"2011 год"	"201112"	"ЕСИЛЬСКИЙ РАЙОН"	"0"	"сельская местность"	"0"	"Всего"	"0"	"401"
"Число умерших(Человек)"	"2016 год"	"201612"	"ЕСИЛЬСКИЙ РАЙОН"	"0"	"сельская местность"	"0"	"Всего"	"0"	"361"
"Число умерших(Человек)"	"2010 год"	"201012"	"ЕСИЛЬСКИЙ РАЙОН"	"0"	"сельская местность"	"0"	"Всего"	"0"	"427"
"Число умерших(Человек)"	"2015 год"	"201512"	"ЕСИЛЬСКИЙ РАЙОН"	"0"	"сельская местность"	"0"	"Всего"	"0"	"327"
"Число умерших(Человек)"	"2013 год"	"201312"	"ЕСИЛЬСКИЙ РАЙОН"	"0"	"сельская местность"	"0"	"Всего"	"0"	"378"
"Число умерших(Человек)"	"2014 год"	"201412"	"ЕСИЛЬСКИЙ РАЙОН"	"0"	"сельская местность"	"0"	"Всего"	"0"	"319"
"Число умерших(Человек)"	"2012 год"	"201212"	"ЕСИЛЬСКИЙ РАЙОН"	"0"	"сельская местность"	"0"	"Всего"	"0"	"389"
"Число умерших(Человек)"	"2021 год"	"202112"	"ЕСИЛЬСКИЙ РАЙОН"	"0"	"сельская местность"	"0"	"Всего"	"0"	"416"
"Число умерших(Человек)"	"2020 год"	"202012"	"ЕСИЛЬСКИЙ РАЙОН"	"0"	"сельская местность"	"0"	"Всего"	"0"	"350"
"Число умерших(Человек)"	"2019 год"	"201912"	"ЕСИЛЬСКИЙ РАЙОН"	"0"	"сельская местность"	"0"	"Всего"	"0"	"300"
"Число умерших(Человек)"	"2018 год"	"201812"	"ЕСИЛЬСКИЙ РАЙОН"	"0"	"сельская местность"	"0"	"Всего"	"0"	"291"
"Число умерших(Человек)"	"2022 год"	"202212"	"ЕСИЛЬСКИЙ РАЙОН"	"0"	"сельская местность"	"0"	"Всего"	"0"	"317"
"Число умерших(Человек)"	"2017 год"	"201712"	"ЕСИЛЬСКИЙ РАЙОН"	"0"	"сельская местность"	"0"	"Всего"	"0"	"322"
"Число умерших(Человек)"	"2023 год"	"202312"	"ЕСИЛЬСКИЙ РАЙОН"	"0"	"сельская местность"	"0"	"Всего"	"0"	"278"
"Число умерших(Человек)"	"2024 год"	"202412"	"ЕСИЛЬСКИЙ РАЙОН"	"0"	"сельская местность"	"0"	"Всего"	"0"	"253"
"Число умерших(Человек)"	"2009 год"	"200912"	"ЖАМБЫЛСКИЙ РАЙОН"	"0"	"Всего"	"0"	"Всего"	"0"	"347"
"Число умерших(Человек)"	"2011 год"	"201112"	"ЖАМБЫЛСКИЙ РАЙОН"	"0"	"Всего"	"0"	"Всего"	"0"	"355"
"Число умерших(Человек)"	"2016 год"	"201612"	"ЖАМБЫЛСКИЙ РАЙОН"	"0"	"Всего"	"0"	"Всего"	"0"	"296"
"Число умерших(Человек)"	"2010 год"	"201012"	"ЖАМБЫЛСКИЙ РАЙОН"	"0"	"Всего"	"0"	"Всего"	"0"	"349"
"Число умерших(Человек)"	"2015 год"	"201512"	"ЖАМБЫЛСКИЙ РАЙОН"	"0"	"Всего"	"0"	"Всего"	"0"	"233"
"Число умерших(Человек)"	"2013 год"	"201312"	"ЖАМБЫЛСКИЙ РАЙОН"	"0"	"Всего"	"0"	"Всего"	"0"	"318"
"Число умерших(Человек)"	"2014 год"	"201412"	"ЖАМБЫЛСКИЙ РАЙОН"	"0"	"Всего"	"0"	"Всего"	"0"	"333"
"Число умерших(Человек)"	"2012 год"	"201212"	"ЖАМБЫЛСКИЙ РАЙОН"	"0"	"Всего"	"0"	"Всего"	"0"	"317"
"Число умерших(Человек)"	"2021 год"	"202112"	"ЖАМБЫЛСКИЙ РАЙОН"	"0"	"Всего"	"0"	"Всего"	"0"	"320"
"Число умерших(Человек)"	"2020 год"	"202012"	"ЖАМБЫЛСКИЙ РАЙОН"	"0"	"Всего"	"0"	"Всего"	"0"	"314"
"Число умерших(Человек)"	"2019 год"	"201912"	"ЖАМБЫЛСКИЙ РАЙОН"	"0"	"Всего"	"0"	"Всего"	"0"	"285"
"Число умерших(Человек)"	"2018 год"	"201812"	"ЖАМБЫЛСКИЙ РАЙОН"	"0"	"Всего"	"0"	"Всего"	"0"	"269"
"Число умерших(Человек)"	"2022 год"	"202212"	"ЖАМБЫЛСКИЙ РАЙОН"	"0"	"Всего"	"0"	"Всего"	"0"	"190"
"Число умерших(Человек)"	"2017 год"	"201712"	"ЖАМБЫЛСКИЙ РАЙОН"	"0"	"Всего"	"0"	"Всего"	"0"	"267"
"Число умерших(Человек)"	"2023 год"	"202312"	"ЖАМБЫЛСКИЙ РАЙОН"	"0"	"Всего"	"0"	"Всего"	"0"	"197"
"Число умерших(Человек)"	"2024 год"	"202412"	"ЖАМБЫЛСКИЙ РАЙОН"	"0"	"Всего"	"0"	"Всего"	"0"	"223"
"Число умерших(Человек)"	"2009 год"	"200912"	"ЖАМБЫЛСКИЙ РАЙОН"	"0"	"сельская местность"	"0"	"Всего"	"0"	"347"
"Число умерших(Человек)"	"2011 год"	"201112"	"ЖАМБЫЛСКИЙ РАЙОН"	"0"	"сельская местность"	"0"	"Всего"	"0"	"355"
"Число умерших(Человек)"	"2016 год"	"201612"	"ЖАМБЫЛСКИЙ РАЙОН"	"0"	"сельская местность"	"0"	"Всего"	"0"	"296"
"Число умерших(Человек)"	"2010 год"	"201012"	"ЖАМБЫЛСКИЙ РАЙОН"	"0"	"сельская местность"	"0"	"Всего"	"0"	"349"
"Число умерших(Человек)"	"2015 год"	"201512"	"ЖАМБЫЛСКИЙ РАЙОН"	"0"	"сельская местность"	"0"	"Всего"	"0"	"233"
"Число умерших(Человек)"	"2013 год"	"201312"	"ЖАМБЫЛСКИЙ РАЙОН"	"0"	"сельская местность"	"0"	"Всего"	"0"	"318"
"Число умерших(Человек)"	"2014 год"	"201412"	"ЖАМБЫЛСКИЙ РАЙОН"	"0"	"сельская местность"	"0"	"Всего"	"0"	"333"
"Число умерших(Человек)"	"2012 год"	"201212"	"ЖАМБЫЛСКИЙ РАЙОН"	"0"	"сельская местность"	"0"	"Всего"	"0"	"317"
"Число умерших(Человек)"	"2021 год"	"202112"	"ЖАМБЫЛСКИЙ РАЙОН"	"0"	"сельская местность"	"0"	"Всего"	"0"	"320"
"Число умерших(Человек)"	"2020 год"	"202012"	"ЖАМБЫЛСКИЙ РАЙОН"	"0"	"сельская местность"	"0"	"Всего"	"0"	"314"
"Число умерших(Человек)"	"2019 год"	"201912"	"ЖАМБЫЛСКИЙ РАЙОН"	"0"	"сельская местность"	"0"	"Всего"	"0"	"285"
"Число умерших(Человек)"	"2018 год"	"201812"	"ЖАМБЫЛСКИЙ РАЙОН"	"0"	"сельская местность"	"0"	"Всего"	"0"	"269"
"Число умерших(Человек)"	"2022 год"	"202212"	"ЖАМБЫЛСКИЙ РАЙОН"	"0"	"сельская местность"	"0"	"Всего"	"0"	"190"
"Число умерших(Человек)"	"2017 год"	"201712"	"ЖАМБЫЛСКИЙ РАЙОН"	"0"	"сельская местность"	"0"	"Всего"	"0"	"267"
"Число умерших(Человек)"	"2023 год"	"202312"	"ЖАМБЫЛСКИЙ РАЙОН"	"0"	"сельская местность"	"0"	"Всего"	"0"	"197"
"Число умерших(Человек)"	"2024 год"	"202412"	"ЖАМБЫЛСКИЙ РАЙОН"	"0"	"сельская местность"	"0"	"Всего"	"0"	"223"
"Число умерших(Человек)"	"2009 год"	"200912"	"КЫЗЫЛЖАРСКИЙ РАЙОН"	"0"	"Всего"	"0"	"Всего"	"0"	"588"
"Число умерших(Человек)"	"2011 год"	"201112"	"КЫЗЫЛЖАРСКИЙ РАЙОН"	"0"	"Всего"	"0"	"Всего"	"0"	"596"
"Число умерших(Человек)"	"2016 год"	"201612"	"КЫЗЫЛЖАРСКИЙ РАЙОН"	"0"	"Всего"	"0"	"Всего"	"0"	"532"
"Число умерших(Человек)"	"2010 год"	"201012"	"КЫЗЫЛЖАРСКИЙ РАЙОН"	"0"	"Всего"	"0"	"Всего"	"0"	"604"
"Число умерших(Человек)"	"2015 год"	"201512"	"КЫЗЫЛЖАРСКИЙ РАЙОН"	"0"	"Всего"	"0"	"Всего"	"0"	"535"
"Число умерших(Человек)"	"2013 год"	"201312"	"КЫЗЫЛЖАРСКИЙ РАЙОН"	"0"	"Всего"	"0"	"Всего"	"0"	"585"
"Число умерших(Человек)"	"2014 год"	"201412"	"КЫЗЫЛЖАРСКИЙ РАЙОН"	"0"	"Всего"	"0"	"Всего"	"0"	"574"
"Число умерших(Человек)"	"2012 год"	"201212"	"КЫЗЫЛЖАРСКИЙ РАЙОН"	"0"	"Всего"	"0"	"Всего"	"0"	"589"
"Число умерших(Человек)"	"2021 год"	"202112"	"КЫЗЫЛЖАРСКИЙ РАЙОН"	"0"	"Всего"	"0"	"Всего"	"0"	"672"
"Число умерших(Человек)"	"2020 год"	"202012"	"КЫЗЫЛЖАРСКИЙ РАЙОН"	"0"	"Всего"	"0"	"Всего"	"0"	"588"
"Число умерших(Человек)"	"2019 год"	"201912"	"КЫЗЫЛЖАРСКИЙ РАЙОН"	"0"	"Всего"	"0"	"Всего"	"0"	"556"
"Число умерших(Человек)"	"2018 год"	"201812"	"КЫЗЫЛЖАРСКИЙ РАЙОН"	"0"	"Всего"	"0"	"Всего"	"0"	"506"
"Число умерших(Человек)"	"2022 год"	"202212"	"КЫЗЫЛЖАРСКИЙ РАЙОН"	"0"	"Всего"	"0"	"Всего"	"0"	"495"
"Число умерших(Человек)"	"2017 год"	"201712"	"КЫЗЫЛЖАРСКИЙ РАЙОН"	"0"	"Всего"	"0"	"Всего"	"0"	"513"
"Число умерших(Человек)"	"2023 год"	"202312"	"КЫЗЫЛЖАРСКИЙ РАЙОН"	"0"	"Всего"	"0"	"Всего"	"0"	"481"
"Число умерших(Человек)"	"2024 год"	"202412"	"КЫЗЫЛЖАРСКИЙ РАЙОН"	"0"	"Всего"	"0"	"Всего"	"0"	"482"
"Число умерших(Человек)"	"2009 год"	"200912"	"КЫЗЫЛЖАРСКИЙ РАЙОН"	"0"	"сельская местность"	"0"	"Всего"	"0"	"588"
"Число умерших(Человек)"	"2011 год"	"201112"	"КЫЗЫЛЖАРСКИЙ РАЙОН"	"0"	"сельская местность"	"0"	"Всего"	"0"	"596"
"Число умерших(Человек)"	"2016 год"	"201612"	"КЫЗЫЛЖАРСКИЙ РАЙОН"	"0"	"сельская местность"	"0"	"Всего"	"0"	"532"
"Число умерших(Человек)"	"2010 год"	"201012"	"КЫЗЫЛЖАРСКИЙ РАЙОН"	"0"	"сельская местность"	"0"	"Всего"	"0"	"604"
"Число умерших(Человек)"	"2015 год"	"201512"	"КЫЗЫЛЖАРСКИЙ РАЙОН"	"0"	"сельская местность"	"0"	"Всего"	"0"	"535"
"Число умерших(Человек)"	"2013 год"	"201312"	"КЫЗЫЛЖАРСКИЙ РАЙОН"	"0"	"сельская местность"	"0"	"Всего"	"0"	"585"
"Число умерших(Человек)"	"2014 год"	"201412"	"КЫЗЫЛЖАРСКИЙ РАЙОН"	"0"	"сельская местность"	"0"	"Всего"	"0"	"574"
"Число умерших(Человек)"	"2012 год"	"201212"	"КЫЗЫЛЖАРСКИЙ РАЙОН"	"0"	"сельская местность"	"0"	"Всего"	"0"	"589"
"Число умерших(Человек)"	"2021 год"	"202112"	"КЫЗЫЛЖАРСКИЙ РАЙОН"	"0"	"сельская местность"	"0"	"Всего"	"0"	"672"
"Число умерших(Человек)"	"2020 год"	"202012"	"КЫЗЫЛЖАРСКИЙ РАЙОН"	"0"	"сельская местность"	"0"	"Всего"	"0"	"588"
"Число умерших(Человек)"	"2019 год"	"201912"	"КЫЗЫЛЖАРСКИЙ РАЙОН"	"0"	"сельская местность"	"0"	"Всего"	"0"	"556"
"Число умерших(Человек)"	"2018 год"	"201812"	"КЫЗЫЛЖАРСКИЙ РАЙОН"	"0"	"сельская местность"	"0"	"Всего"	"0"	"506"
"Число умерших(Человек)"	"2022 год"	"202212"	"КЫЗЫЛЖАРСКИЙ РАЙОН"	"0"	"сельская местность"	"0"	"Всего"	"0"	"495"
"Число умерших(Человек)"	"2017 год"	"201712"	"КЫЗЫЛЖАРСКИЙ РАЙОН"	"0"	"сельская местность"	"0"	"Всего"	"0"	"513"
"Число умерших(Человек)"	"2023 год"	"202312"	"КЫЗЫЛЖАРСКИЙ РАЙОН"	"0"	"сельская местность"	"0"	"Всего"	"0"	"481"
"Число умерших(Человек)"	"2024 год"	"202412"	"КЫЗЫЛЖАРСКИЙ РАЙОН"	"0"	"сельская местность"	"0"	"Всего"	"0"	"482"
"Число умерших(Человек)"	"2009 год"	"200912"	"ТАРБАГАТАЙСКИЙ РАЙОН"	"0"	"Всего"	"0"	"Всего"	"0"	"421"
"Число умерших(Человек)"	"2011 год"	"201112"	"ТАРБАГАТАЙСКИЙ РАЙОН"	"0"	"Всего"	"0"	"Всего"	"0"	"456"
"Число умерших(Человек)"	"2016 год"	"201612"	"ТАРБАГАТАЙСКИЙ РАЙОН"	"0"	"Всего"	"0"	"Всего"	"0"	"360"
"Число умерших(Человек)"	"2010 год"	"201012"	"ТАРБАГАТАЙСКИЙ РАЙОН"	"0"	"Всего"	"0"	"Всего"	"0"	"449"
"Число умерших(Человек)"	"2015 год"	"201512"	"ТАРБАГАТАЙСКИЙ РАЙОН"	"0"	"Всего"	"0"	"Всего"	"0"	"339"
"Число умерших(Человек)"	"2013 год"	"201312"	"ТАРБАГАТАЙСКИЙ РАЙОН"	"0"	"Всего"	"0"	"Всего"	"0"	"341"
"Число умерших(Человек)"	"2014 год"	"201412"	"ТАРБАГАТАЙСКИЙ РАЙОН"	"0"	"Всего"	"0"	"Всего"	"0"	"360"
"Число умерших(Человек)"	"2012 год"	"201212"	"ТАРБАГАТАЙСКИЙ РАЙОН"	"0"	"Всего"	"0"	"Всего"	"0"	"446"
"Число умерших(Человек)"	"2021 год"	"202112"	"ТАРБАГАТАЙСКИЙ РАЙОН"	"0"	"Всего"	"0"	"Всего"	"0"	"376"
"Число умерших(Человек)"	"2020 год"	"202012"	"ТАРБАГАТАЙСКИЙ РАЙОН"	"0"	"Всего"	"0"	"Всего"	"0"	"380"
"Число умерших(Человек)"	"2019 год"	"201912"	"ТАРБАГАТАЙСКИЙ РАЙОН"	"0"	"Всего"	"0"	"Всего"	"0"	"312"
"Число умерших(Человек)"	"2018 год"	"201812"	"ТАРБАГАТАЙСКИЙ РАЙОН"	"0"	"Всего"	"0"	"Всего"	"0"	"355"
"Число умерших(Человек)"	"2022 год"	"202212"	"ТАРБАГАТАЙСКИЙ РАЙОН"	"0"	"Всего"	"0"	"Всего"	"0"	"143"
"Число умерших(Человек)"	"2017 год"	"201712"	"ТАРБАГАТАЙСКИЙ РАЙОН"	"0"	"Всего"	"0"	"Всего"	"0"	"350"
"Число умерших(Человек)"	"2023 год"	"202312"	"ТАРБАГАТАЙСКИЙ РАЙОН"	"0"	"Всего"	"0"	"Всего"	"0"	"120"
"Число умерших(Человек)"	"2024 год"	"202412"	"ТАРБАГАТАЙСКИЙ РАЙОН"	"0"	"Всего"	"0"	"Всего"	"0"	"169"
"Число умерших(Человек)"	"2009 год"	"200912"	"ТАРБАГАТАЙСКИЙ РАЙОН"	"0"	"сельская местность"	"0"	"Всего"	"0"	"421"
"Число умерших(Человек)"	"2011 год"	"201112"	"ТАРБАГАТАЙСКИЙ РАЙОН"	"0"	"сельская местность"	"0"	"Всего"	"0"	"456"
"Число умерших(Человек)"	"2016 год"	"201612"	"ТАРБАГАТАЙСКИЙ РАЙОН"	"0"	"сельская местность"	"0"	"Всего"	"0"	"360"
"Число умерших(Человек)"	"2010 год"	"201012"	"ТАРБАГАТАЙСКИЙ РАЙОН"	"0"	"сельская местность"	"0"	"Всего"	"0"	"449"
"Число умерших(Человек)"	"2015 год"	"201512"	"ТАРБАГАТАЙСКИЙ РАЙОН"	"0"	"сельская местность"	"0"	"Всего"	"0"	"339"
"Число умерших(Человек)"	"2013 год"	"201312"	"ТАРБАГАТАЙСКИЙ РАЙОН"	"0"	"сельская местность"	"0"	"Всего"	"0"	"341"
"Число умерших(Человек)"	"2014 год"	"201412"	"ТАРБАГАТАЙСКИЙ РАЙОН"	"0"	"сельская местность"	"0"	"Всего"	"0"	"360"
"Число умерших(Человек)"	"2012 год"	"201212"	"ТАРБАГАТАЙСКИЙ РАЙОН"	"0"	"сельская местность"	"0"	"Всего"	"0"	"446"
"Число умерших(Человек)"	"2021 год"	"202112"	"ТАРБАГАТАЙСКИЙ РАЙОН"	"0"	"сельская местность"	"0"	"Всего"	"0"	"376"
"Число умерших(Человек)"	"2020 год"	"202012"	"ТАРБАГАТАЙСКИЙ РАЙОН"	"0"	"сельская местность"	"0"	"Всего"	"0"	"380"
"Число умерших(Человек)"	"2019 год"	"201912"	"ТАРБАГАТАЙСКИЙ РАЙОН"	"0"	"сельская местность"	"0"	"Всего"	"0"	"312"
"Число умерших(Человек)"	"2018 год"	"201812"	"ТАРБАГАТАЙСКИЙ РАЙОН"	"0"	"сельская местность"	"0"	"Всего"	"0"	"355"
"Число умерших(Человек)"	"2022 год"	"202212"	"ТАРБАГАТАЙСКИЙ РАЙОН"	"0"	"сельская местность"	"0"	"Всего"	"0"	"143"
"Число умерших(Человек)"	"2017 год"	"201712"	"ТАРБАГАТАЙСКИЙ РАЙОН"	"0"	"сельская местность"	"0"	"Всего"	"0"	"350"
"Число умерших(Человек)"	"2023 год"	"202312"	"ТАРБАГАТАЙСКИЙ РАЙОН"	"0"	"сельская местность"	"0"	"Всего"	"0"	"120"
"Число умерших(Человек)"	"2024 год"	"202412"	"ТАРБАГАТАЙСКИЙ РАЙОН"	"0"	"сельская местность"	"0"	"Всего"	"0"	"169"
"Число умерших(Человек)"	"2009 год"	"200912"	"УЛАНСКИЙ РАЙОН"	"0"	"Всего"	"0"	"Всего"	"0"	"432"
"Число умерших(Человек)"	"2011 год"	"201112"	"УЛАНСКИЙ РАЙОН"	"0"	"Всего"	"0"	"Всего"	"0"	"409"
"Число умерших(Человек)"	"2016 год"	"201612"	"УЛАНСКИЙ РАЙОН"	"0"	"Всего"	"0"	"Всего"	"0"	"396"
"Число умерших(Человек)"	"2010 год"	"201012"	"УЛАНСКИЙ РАЙОН"	"0"	"Всего"	"0"	"Всего"	"0"	"449"
"Число умерших(Человек)"	"2015 год"	"201512"	"УЛАНСКИЙ РАЙОН"	"0"	"Всего"	"0"	"Всего"	"0"	"384"
"Число умерших(Человек)"	"2013 год"	"201312"	"УЛАНСКИЙ РАЙОН"	"0"	"Всего"	"0"	"Всего"	"0"	"380"
"Число умерших(Человек)"	"2014 год"	"201412"	"УЛАНСКИЙ РАЙОН"	"0"	"Всего"	"0"	"Всего"	"0"	"402"
"Число умерших(Человек)"	"2012 год"	"201212"	"УЛАНСКИЙ РАЙОН"	"0"	"Всего"	"0"	"Всего"	"0"	"390"
"Число умерших(Человек)"	"2021 год"	"202112"	"УЛАНСКИЙ РАЙОН"	"0"	"Всего"	"0"	"Всего"	"0"	"456"
"Число умерших(Человек)"	"2020 год"	"202012"	"УЛАНСКИЙ РАЙОН"	"0"	"Всего"	"0"	"Всего"	"0"	"389"
"Число умерших(Человек)"	"2019 год"	"201912"	"УЛАНСКИЙ РАЙОН"	"0"	"Всего"	"0"	"Всего"	"0"	"371"
"Число умерших(Человек)"	"2018 год"	"201812"	"УЛАНСКИЙ РАЙОН"	"0"	"Всего"	"0"	"Всего"	"0"	"373"
"Число умерших(Человек)"	"2022 год"	"202212"	"УЛАНСКИЙ РАЙОН"	"0"	"Всего"	"0"	"Всего"	"0"	"379"
"Число умерших(Человек)"	"2017 год"	"201712"	"УЛАНСКИЙ РАЙОН"	"0"	"Всего"	"0"	"Всего"	"0"	"376"
"Число умерших(Человек)"	"2023 год"	"202312"	"УЛАНСКИЙ РАЙОН"	"0"	"Всего"	"0"	"Всего"	"0"	"375"
"Число умерших(Человек)"	"2024 год"	"202412"	"УЛАНСКИЙ РАЙОН"	"0"	"Всего"	"0"	"Всего"	"0"	"321"
"Число умерших(Человек)"	"2009 год"	"200912"	"УЛАНСКИЙ РАЙОН"	"0"	"сельская местность"	"0"	"Всего"	"0"	"432"
"Число умерших(Человек)"	"2011 год"	"201112"	"УЛАНСКИЙ РАЙОН"	"0"	"сельская местность"	"0"	"Всего"	"0"	"409"
"Число умерших(Человек)"	"2016 год"	"201612"	"УЛАНСКИЙ РАЙОН"	"0"	"сельская местность"	"0"	"Всего"	"0"	"396"
"Число умерших(Человек)"	"2010 год"	"201012"	"УЛАНСКИЙ РАЙОН"	"0"	"сельская местность"	"0"	"Всего"	"0"	"449"
"Число умерших(Человек)"	"2015 год"	"201512"	"УЛАНСКИЙ РАЙОН"	"0"	"сельская местность"	"0"	"Всего"	"0"	"384"
"Число умерших(Человек)"	"2013 год"	"201312"	"УЛАНСКИЙ РАЙОН"	"0"	"сельская местность"	"0"	"Всего"	"0"	"380"
"Число умерших(Человек)"	"2014 год"	"201412"	"УЛАНСКИЙ РАЙОН"	"0"	"сельская местность"	"0"	"Всего"	"0"	"402"
"Число умерших(Человек)"	"2012 год"	"201212"	"УЛАНСКИЙ РАЙОН"	"0"	"сельская местность"	"0"	"Всего"	"0"	"390"
"Число умерших(Человек)"	"2021 год"	"202112"	"УЛАНСКИЙ РАЙОН"	"0"	"сельская местность"	"0"	"Всего"	"0"	"456"
"Число умерших(Человек)"	"2020 год"	"202012"	"УЛАНСКИЙ РАЙОН"	"0"	"сельская местность"	"0"	"Всего"	"0"	"389"
"Число умерших(Человек)"	"2019 год"	"201912"	"УЛАНСКИЙ РАЙОН"	"0"	"сельская местность"	"0"	"Всего"	"0"	"371"
"Число умерших(Человек)"	"2018 год"	"201812"	"УЛАНСКИЙ РАЙОН"	"0"	"сельская местность"	"0"	"Всего"	"0"	"373"
"Число умерших(Человек)"	"2022 год"	"202212"	"УЛАНСКИЙ РАЙОН"	"0"	"сельская местность"	"0"	"Всего"	"0"	"379"
"Число умерших(Человек)"	"2017 год"	"201712"	"УЛАНСКИЙ РАЙОН"	"0"	"сельская местность"	"0"	"Всего"	"0"	"376"
"Число умерших(Человек)"	"2023 год"	"202312"	"УЛАНСКИЙ РАЙОН"	"0"	"сельская местность"	"0"	"Всего"	"0"	"375"
"Число умерших(Человек)"	"2024 год"	"202412"	"УЛАНСКИЙ РАЙОН"	"0"	"сельская местность"	"0"	"Всего"	"0"	"321"
"Число умерших(Человек)"	"2009 год"	"200912"	"УРДЖАРСКИЙ РАЙОН"	"0"	"Всего"	"0"	"Всего"	"0"	"721"
"Число умерших(Человек)"	"2011 год"	"201112"	"УРДЖАРСКИЙ РАЙОН"	"0"	"Всего"	"0"	"Всего"	"0"	"754"
"Число умерших(Человек)"	"2016 год"	"201612"	"УРДЖАРСКИЙ РАЙОН"	"0"	"Всего"	"0"	"Всего"	"0"	"636"
"Число умерших(Человек)"	"2010 год"	"201012"	"УРДЖАРСКИЙ РАЙОН"	"0"	"Всего"	"0"	"Всего"	"0"	"824"
"Число умерших(Человек)"	"2015 год"	"201512"	"УРДЖАРСКИЙ РАЙОН"	"0"	"Всего"	"0"	"Всего"	"0"	"696"
"Число умерших(Человек)"	"2013 год"	"201312"	"УРДЖАРСКИЙ РАЙОН"	"0"	"Всего"	"0"	"Всего"	"0"	"782"
"Число умерших(Человек)"	"2014 год"	"201412"	"УРДЖАРСКИЙ РАЙОН"	"0"	"Всего"	"0"	"Всего"	"0"	"634"
"Число умерших(Человек)"	"2012 год"	"201212"	"УРДЖАРСКИЙ РАЙОН"	"0"	"Всего"	"0"	"Всего"	"0"	"776"
"Число умерших(Человек)"	"2021 год"	"202112"	"УРДЖАРСКИЙ РАЙОН"	"0"	"Всего"	"0"	"Всего"	"0"	"772"
"Число умерших(Человек)"	"2020 год"	"202012"	"УРДЖАРСКИЙ РАЙОН"	"0"	"Всего"	"0"	"Всего"	"0"	"673"
"Число умерших(Человек)"	"2019 год"	"201912"	"УРДЖАРСКИЙ РАЙОН"	"0"	"Всего"	"0"	"Всего"	"0"	"594"
"Число умерших(Человек)"	"2018 год"	"201812"	"УРДЖАРСКИЙ РАЙОН"	"0"	"Всего"	"0"	"Всего"	"0"	"588"
"Число умерших(Человек)"	"2022 год"	"202212"	"УРДЖАРСКИЙ РАЙОН"	"0"	"Всего"	"0"	"Всего"	"0"	"585"
"Число умерших(Человек)"	"2017 год"	"201712"	"УРДЖАРСКИЙ РАЙОН"	"0"	"Всего"	"0"	"Всего"	"0"	"638"
"Число умерших(Человек)"	"2023 год"	"202312"	"УРДЖАРСКИЙ РАЙОН"	"0"	"Всего"	"0"	"Всего"	"0"	"570"
"Число умерших(Человек)"	"2024 год"	"202412"	"УРДЖАРСКИЙ РАЙОН"	"0"	"Всего"	"0"	"Всего"	"0"	"366"
"Число умерших(Человек)"	"2009 год"	"200912"	"УРДЖАРСКИЙ РАЙОН"	"0"	"сельская местность"	"0"	"Всего"	"0"	"721"
"Число умерших(Человек)"	"2011 год"	"201112"	"УРДЖАРСКИЙ РАЙОН"	"0"	"сельская местность"	"0"	"Всего"	"0"	"754"
"Число умерших(Человек)"	"2016 год"	"201612"	"УРДЖАРСКИЙ РАЙОН"	"0"	"сельская местность"	"0"	"Всего"	"0"	"636"
"Число умерших(Человек)"	"2010 год"	"201012"	"УРДЖАРСКИЙ РАЙОН"	"0"	"сельская местность"	"0"	"Всего"	"0"	"824"
"Число умерших(Человек)"	"2015 год"	"201512"	"УРДЖАРСКИЙ РАЙОН"	"0"	"сельская местность"	"0"	"Всего"	"0"	"696"
"Число умерших(Человек)"	"2013 год"	"201312"	"УРДЖАРСКИЙ РАЙОН"	"0"	"сельская местность"	"0"	"Всего"	"0"	"782"
"Число умерших(Человек)"	"2014 год"	"201412"	"УРДЖАРСКИЙ РАЙОН"	"0"	"сельская местность"	"0"	"Всего"	"0"	"634"
"Число умерших(Человек)"	"2012 год"	"201212"	"УРДЖАРСКИЙ РАЙОН"	"0"	"сельская местность"	"0"	"Всего"	"0"	"776"
"Число умерших(Человек)"	"2021 год"	"202112"	"УРДЖАРСКИЙ РАЙОН"	"0"	"сельская местность"	"0"	"Всего"	"0"	"772"
"Число умерших(Человек)"	"2020 год"	"202012"	"УРДЖАРСКИЙ РАЙОН"	"0"	"сельская местность"	"0"	"Всего"	"0"	"673"
"Число умерших(Человек)"	"2019 год"	"201912"	"УРДЖАРСКИЙ РАЙОН"	"0"	"сельская местность"	"0"	"Всего"	"0"	"594"
"Число умерших(Человек)"	"2018 год"	"201812"	"УРДЖАРСКИЙ РАЙОН"	"0"	"сельская местность"	"0"	"Всего"	"0"	"588"
"Число умерших(Человек)"	"2022 год"	"202212"	"УРДЖАРСКИЙ РАЙОН"	"0"	"сельская местность"	"0"	"Всего"	"0"	"585"
"Число умерших(Человек)"	"2017 год"	"201712"	"УРДЖАРСКИЙ РАЙОН"	"0"	"сельская местность"	"0"	"Всего"	"0"	"638"
"Число умерших(Человек)"	"2023 год"	"202312"	"УРДЖАРСКИЙ РАЙОН"	"0"	"сельская местность"	"0"	"Всего"	"0"	"570"
"Число умерших(Человек)"	"2024 год"	"202412"	"УРДЖАРСКИЙ РАЙОН"	"0"	"сельская местность"	"0"	"Всего"	"0"	"366"
"Число умерших(Человек)"	"2009 год"	"200912"	"ШЕМОНАИХИНСКИЙ РАЙОН"	"0"	"Всего"	"0"	"Всего"	"0"	"828"
"Число умерших(Человек)"	"2011 год"	"201112"	"ШЕМОНАИХИНСКИЙ РАЙОН"	"0"	"Всего"	"0"	"Всего"	"0"	"834"
"Число умерших(Человек)"	"2016 год"	"201612"	"ШЕМОНАИХИНСКИЙ РАЙОН"	"0"	"Всего"	"0"	"Всего"	"0"	"680"
"Число умерших(Человек)"	"2010 год"	"201012"	"ШЕМОНАИХИНСКИЙ РАЙОН"	"0"	"Всего"	"0"	"Всего"	"0"	"866"
"Число умерших(Человек)"	"2015 год"	"201512"	"ШЕМОНАИХИНСКИЙ РАЙОН"	"0"	"Всего"	"0"	"Всего"	"0"	"685"
"Число умерших(Человек)"	"2013 год"	"201312"	"ШЕМОНАИХИНСКИЙ РАЙОН"	"0"	"Всего"	"0"	"Всего"	"0"	"742"
"Число умерших(Человек)"	"2014 год"	"201412"	"ШЕМОНАИХИНСКИЙ РАЙОН"	"0"	"Всего"	"0"	"Всего"	"0"	"754"
"Число умерших(Человек)"	"2012 год"	"201212"	"ШЕМОНАИХИНСКИЙ РАЙОН"	"0"	"Всего"	"0"	"Всего"	"0"	"858"
"Число умерших(Человек)"	"2021 год"	"202112"	"ШЕМОНАИХИНСКИЙ РАЙОН"	"0"	"Всего"	"0"	"Всего"	"0"	"803"
"Число умерших(Человек)"	"2020 год"	"202012"	"ШЕМОНАИХИНСКИЙ РАЙОН"	"0"	"Всего"	"0"	"Всего"	"0"	"742"
"Число умерших(Человек)"	"2019 год"	"201912"	"ШЕМОНАИХИНСКИЙ РАЙОН"	"0"	"Всего"	"0"	"Всего"	"0"	"668"
"Число умерших(Человек)"	"2018 год"	"201812"	"ШЕМОНАИХИНСКИЙ РАЙОН"	"0"	"Всего"	"0"	"Всего"	"0"	"771"
"Число умерших(Человек)"	"2022 год"	"202212"	"ШЕМОНАИХИНСКИЙ РАЙОН"	"0"	"Всего"	"0"	"Всего"	"0"	"665"
"Число умерших(Человек)"	"2017 год"	"201712"	"ШЕМОНАИХИНСКИЙ РАЙОН"	"0"	"Всего"	"0"	"Всего"	"0"	"659"
"Число умерших(Человек)"	"2023 год"	"202312"	"ШЕМОНАИХИНСКИЙ РАЙОН"	"0"	"Всего"	"0"	"Всего"	"0"	"617"
"Число умерших(Человек)"	"2024 год"	"202412"	"ШЕМОНАИХИНСКИЙ РАЙОН"	"0"	"Всего"	"0"	"Всего"	"0"	"658"
"Число умерших(Человек)"	"2009 год"	"200912"	"ШЕМОНАИХИНСКИЙ РАЙОН"	"0"	"городская местность"	"0"	"Всего"	"0"	"316"
"Число умерших(Человек)"	"2011 год"	"201112"	"ШЕМОНАИХИНСКИЙ РАЙОН"	"0"	"городская местность"	"0"	"Всего"	"0"	"305"
"Число умерших(Человек)"	"2016 год"	"201612"	"ШЕМОНАИХИНСКИЙ РАЙОН"	"0"	"городская местность"	"0"	"Всего"	"0"	"263"
"Число умерших(Человек)"	"2010 год"	"201012"	"ШЕМОНАИХИНСКИЙ РАЙОН"	"0"	"городская местность"	"0"	"Всего"	"0"	"322"
"Число умерших(Человек)"	"2015 год"	"201512"	"ШЕМОНАИХИНСКИЙ РАЙОН"	"0"	"городская местность"	"0"	"Всего"	"0"	"240"
"Число умерших(Человек)"	"2013 год"	"201312"	"ШЕМОНАИХИНСКИЙ РАЙОН"	"0"	"городская местность"	"0"	"Всего"	"0"	"269"
"Число умерших(Человек)"	"2014 год"	"201412"	"ШЕМОНАИХИНСКИЙ РАЙОН"	"0"	"городская местность"	"0"	"Всего"	"0"	"287"
"Число умерших(Человек)"	"2012 год"	"201212"	"ШЕМОНАИХИНСКИЙ РАЙОН"	"0"	"городская местность"	"0"	"Всего"	"0"	"317"
"Число умерших(Человек)"	"2021 год"	"202112"	"ШЕМОНАИХИНСКИЙ РАЙОН"	"0"	"городская местность"	"0"	"Всего"	"0"	"338"
"Число умерших(Человек)"	"2020 год"	"202012"	"ШЕМОНАИХИНСКИЙ РАЙОН"	"0"	"городская местность"	"0"	"Всего"	"0"	"305"
"Число умерших(Человек)"	"2019 год"	"201912"	"ШЕМОНАИХИНСКИЙ РАЙОН"	"0"	"городская местность"	"0"	"Всего"	"0"	"250"
"Число умерших(Человек)"	"2018 год"	"201812"	"ШЕМОНАИХИНСКИЙ РАЙОН"	"0"	"городская местность"	"0"	"Всего"	"0"	"257"
"Число умерших(Человек)"	"2022 год"	"202212"	"ШЕМОНАИХИНСКИЙ РАЙОН"	"0"	"городская местность"	"0"	"Всего"	"0"	"261"
"Число умерших(Человек)"	"2017 год"	"201712"	"ШЕМОНАИХИНСКИЙ РАЙОН"	"0"	"городская местность"	"0"	"Всего"	"0"	"241"
"Число умерших(Человек)"	"2023 год"	"202312"	"ШЕМОНАИХИНСКИЙ РАЙОН"	"0"	"городская местность"	"0"	"Всего"	"0"	"236"
"Число умерших(Человек)"	"2024 год"	"202412"	"ШЕМОНАИХИНСКИЙ РАЙОН"	"0"	"городская местность"	"0"	"Всего"	"0"	"245"
"Число умерших(Человек)"	"2009 год"	"200912"	"ШЕМОНАИХИНСКИЙ РАЙОН"	"0"	"сельская местность"	"0"	"Всего"	"0"	"512"
"Число умерших(Человек)"	"2011 год"	"201112"	"ШЕМОНАИХИНСКИЙ РАЙОН"	"0"	"сельская местность"	"0"	"Всего"	"0"	"529"
"Число умерших(Человек)"	"2016 год"	"201612"	"ШЕМОНАИХИНСКИЙ РАЙОН"	"0"	"сельская местность"	"0"	"Всего"	"0"	"417"
"Число умерших(Человек)"	"2010 год"	"201012"	"ШЕМОНАИХИНСКИЙ РАЙОН"	"0"	"сельская местность"	"0"	"Всего"	"0"	"544"
"Число умерших(Человек)"	"2015 год"	"201512"	"ШЕМОНАИХИНСКИЙ РАЙОН"	"0"	"сельская местность"	"0"	"Всего"	"0"	"445"
"Число умерших(Человек)"	"2013 год"	"201312"	"ШЕМОНАИХИНСКИЙ РАЙОН"	"0"	"сельская местность"	"0"	"Всего"	"0"	"473"
"Число умерших(Человек)"	"2014 год"	"201412"	"ШЕМОНАИХИНСКИЙ РАЙОН"	"0"	"сельская местность"	"0"	"Всего"	"0"	"467"
"Число умерших(Человек)"	"2012 год"	"201212"	"ШЕМОНАИХИНСКИЙ РАЙОН"	"0"	"сельская местность"	"0"	"Всего"	"0"	"541"
"Число умерших(Человек)"	"2021 год"	"202112"	"ШЕМОНАИХИНСКИЙ РАЙОН"	"0"	"сельская местность"	"0"	"Всего"	"0"	"465"
"Число умерших(Человек)"	"2020 год"	"202012"	"ШЕМОНАИХИНСКИЙ РАЙОН"	"0"	"сельская местность"	"0"	"Всего"	"0"	"437"
"Число умерших(Человек)"	"2019 год"	"201912"	"ШЕМОНАИХИНСКИЙ РАЙОН"	"0"	"сельская местность"	"0"	"Всего"	"0"	"418"
"Число умерших(Человек)"	"2018 год"	"201812"	"ШЕМОНАИХИНСКИЙ РАЙОН"	"0"	"сельская местность"	"0"	"Всего"	"0"	"514"
"Число умерших(Человек)"	"2022 год"	"202212"	"ШЕМОНАИХИНСКИЙ РАЙОН"	"0"	"сельская местность"	"0"	"Всего"	"0"	"404"
"Число умерших(Человек)"	"2017 год"	"201712"	"ШЕМОНАИХИНСКИЙ РАЙОН"	"0"	"сельская местность"	"0"	"Всего"	"0"	"418"
"Число умерших(Человек)"	"2023 год"	"202312"	"ШЕМОНАИХИНСКИЙ РАЙОН"	"0"	"сельская местность"	"0"	"Всего"	"0"	"381"
"Число умерших(Человек)"	"2024 год"	"202412"	"ШЕМОНАИХИНСКИЙ РАЙОН"	"0"	"сельская местность"	"0"	"Всего"	"0"	"413"
"Число умерших(Человек)"	"2009 год"	"200912"	"РАЙОН АЛМАТЫ"	"0"	"Всего"	"0"	"Всего"	"0"	"1 472"
"Число умерших(Человек)"	"2011 год"	"201112"	"РАЙОН АЛМАТЫ"	"0"	"Всего"	"0"	"Всего"	"0"	"1 601"
"Число умерших(Человек)"	"2016 год"	"201612"	"РАЙОН АЛМАТЫ"	"0"	"Всего"	"0"	"Всего"	"0"	"1 945"
"Число умерших(Человек)"	"2010 год"	"201012"	"РАЙОН АЛМАТЫ"	"0"	"Всего"	"0"	"Всего"	"0"	"1 452"
"Число умерших(Человек)"	"2015 год"	"201512"	"РАЙОН АЛМАТЫ"	"0"	"Всего"	"0"	"Всего"	"0"	"1 831"
"Число умерших(Человек)"	"2013 год"	"201312"	"РАЙОН АЛМАТЫ"	"0"	"Всего"	"0"	"Всего"	"0"	"1 735"
"Число умерших(Человек)"	"2014 год"	"201412"	"РАЙОН АЛМАТЫ"	"0"	"Всего"	"0"	"Всего"	"0"	"1 723"
"Число умерших(Человек)"	"2012 год"	"201212"	"РАЙОН АЛМАТЫ"	"0"	"Всего"	"0"	"Всего"	"0"	"1 763"
"Число умерших(Человек)"	"2021 год"	"202112"	"РАЙОН АЛМАТЫ"	"0"	"Всего"	"0"	"Всего"	"0"	"2 175"
"Число умерших(Человек)"	"2020 год"	"202012"	"РАЙОН АЛМАТЫ"	"0"	"Всего"	"0"	"Всего"	"0"	"1 869"
"Число умерших(Человек)"	"2019 год"	"201912"	"РАЙОН АЛМАТЫ"	"0"	"Всего"	"0"	"Всего"	"0"	"1 308"
"Число умерших(Человек)"	"2018 год"	"201812"	"РАЙОН АЛМАТЫ"	"0"	"Всего"	"0"	"Всего"	"0"	"1 497"
"Число умерших(Человек)"	"2022 год"	"202212"	"РАЙОН АЛМАТЫ"	"0"	"Всего"	"0"	"Всего"	"0"	"1 588"
"Число умерших(Человек)"	"2017 год"	"201712"	"РАЙОН АЛМАТЫ"	"0"	"Всего"	"0"	"Всего"	"0"	"1 360"
"Число умерших(Человек)"	"2023 год"	"202312"	"РАЙОН АЛМАТЫ"	"0"	"Всего"	"0"	"Всего"	"0"	"1 702"
"Число умерших(Человек)"	"2024 год"	"202412"	"РАЙОН АЛМАТЫ"	"0"	"Всего"	"0"	"Всего"	"0"	"1 712"
"Число умерших(Человек)"	"2009 год"	"200912"	"РАЙОН АЛМАТЫ"	"0"	"городская местность"	"0"	"Всего"	"0"	"1 472"
"Число умерших(Человек)"	"2011 год"	"201112"	"РАЙОН АЛМАТЫ"	"0"	"городская местность"	"0"	"Всего"	"0"	"1 601"
"Число умерших(Человек)"	"2016 год"	"201612"	"РАЙОН АЛМАТЫ"	"0"	"городская местность"	"0"	"Всего"	"0"	"1 945"
"Число умерших(Человек)"	"2010 год"	"201012"	"РАЙОН АЛМАТЫ"	"0"	"городская местность"	"0"	"Всего"	"0"	"1 452"
"Число умерших(Человек)"	"2015 год"	"201512"	"РАЙОН АЛМАТЫ"	"0"	"городская местность"	"0"	"Всего"	"0"	"1 831"
"Число умерших(Человек)"	"2013 год"	"201312"	"РАЙОН АЛМАТЫ"	"0"	"городская местность"	"0"	"Всего"	"0"	"1 735"
"Число умерших(Человек)"	"2014 год"	"201412"	"РАЙОН АЛМАТЫ"	"0"	"городская местность"	"0"	"Всего"	"0"	"1 723"
"Число умерших(Человек)"	"2012 год"	"201212"	"РАЙОН АЛМАТЫ"	"0"	"городская местность"	"0"	"Всего"	"0"	"1 763"
"Число умерших(Человек)"	"2021 год"	"202112"	"РАЙОН АЛМАТЫ"	"0"	"городская местность"	"0"	"Всего"	"0"	"2 175"
"Число умерших(Человек)"	"2020 год"	"202012"	"РАЙОН АЛМАТЫ"	"0"	"городская местность"	"0"	"Всего"	"0"	"1 869"
"Число умерших(Человек)"	"2019 год"	"201912"	"РАЙОН АЛМАТЫ"	"0"	"городская местность"	"0"	"Всего"	"0"	"1 308"
"Число умерших(Человек)"	"2018 год"	"201812"	"РАЙОН АЛМАТЫ"	"0"	"городская местность"	"0"	"Всего"	"0"	"1 497"
"Число умерших(Человек)"	"2022 год"	"202212"	"РАЙОН АЛМАТЫ"	"0"	"городская местность"	"0"	"Всего"	"0"	"1 588"
"Число умерших(Человек)"	"2017 год"	"201712"	"РАЙОН АЛМАТЫ"	"0"	"городская местность"	"0"	"Всего"	"0"	"1 360"
"Число умерших(Человек)"	"2023 год"	"202312"	"РАЙОН АЛМАТЫ"	"0"	"городская местность"	"0"	"Всего"	"0"	"1 702"
"Число умерших(Человек)"	"2024 год"	"202412"	"РАЙОН АЛМАТЫ"	"0"	"городская местность"	"0"	"Всего"	"0"	"1 712"
"Число умерших(Человек)"	"2009 год"	"200912"	"РИДДЕР Г.А."	"0"	"Всего"	"0"	"Всего"	"0"	"1 100"
"Число умерших(Человек)"	"2011 год"	"201112"	"РИДДЕР Г.А."	"0"	"Всего"	"0"	"Всего"	"0"	"1 093"
"Число умерших(Человек)"	"2016 год"	"201612"	"РИДДЕР Г.А."	"0"	"Всего"	"0"	"Всего"	"0"	"888"
"Число умерших(Человек)"	"2010 год"	"201012"	"РИДДЕР Г.А."	"0"	"Всего"	"0"	"Всего"	"0"	"1 133"
"Число умерших(Человек)"	"2015 год"	"201512"	"РИДДЕР Г.А."	"0"	"Всего"	"0"	"Всего"	"0"	"866"
"Число умерших(Человек)"	"2013 год"	"201312"	"РИДДЕР Г.А."	"0"	"Всего"	"0"	"Всего"	"0"	"959"
"Число умерших(Человек)"	"2014 год"	"201412"	"РИДДЕР Г.А."	"0"	"Всего"	"0"	"Всего"	"0"	"894"
"Число умерших(Человек)"	"2012 год"	"201212"	"РИДДЕР Г.А."	"0"	"Всего"	"0"	"Всего"	"0"	"1 055"
"Число умерших(Человек)"	"2021 год"	"202112"	"РИДДЕР Г.А."	"0"	"Всего"	"0"	"Всего"	"0"	"1 102"
"Число умерших(Человек)"	"2020 год"	"202012"	"РИДДЕР Г.А."	"0"	"Всего"	"0"	"Всего"	"0"	"986"
"Число умерших(Человек)"	"2019 год"	"201912"	"РИДДЕР Г.А."	"0"	"Всего"	"0"	"Всего"	"0"	"872"
"Число умерших(Человек)"	"2018 год"	"201812"	"РИДДЕР Г.А."	"0"	"Всего"	"0"	"Всего"	"0"	"872"
"Число умерших(Человек)"	"2022 год"	"202212"	"РИДДЕР Г.А."	"0"	"Всего"	"0"	"Всего"	"0"	"907"
"Число умерших(Человек)"	"2017 год"	"201712"	"РИДДЕР Г.А."	"0"	"Всего"	"0"	"Всего"	"0"	"849"
"Число умерших(Человек)"	"2023 год"	"202312"	"РИДДЕР Г.А."	"0"	"Всего"	"0"	"Всего"	"0"	"864"
"Число умерших(Человек)"	"2024 год"	"202412"	"РИДДЕР Г.А."	"0"	"Всего"	"0"	"Всего"	"0"	"824"
"Число умерших(Человек)"	"2009 год"	"200912"	"РИДДЕР Г.А."	"0"	"городская местность"	"0"	"Всего"	"0"	"1 087"
"Число умерших(Человек)"	"2011 год"	"201112"	"РИДДЕР Г.А."	"0"	"городская местность"	"0"	"Всего"	"0"	"1 073"
"Число умерших(Человек)"	"2016 год"	"201612"	"РИДДЕР Г.А."	"0"	"городская местность"	"0"	"Всего"	"0"	"873"
"Число умерших(Человек)"	"2010 год"	"201012"	"РИДДЕР Г.А."	"0"	"городская местность"	"0"	"Всего"	"0"	"1 125"
"Число умерших(Человек)"	"2015 год"	"201512"	"РИДДЕР Г.А."	"0"	"городская местность"	"0"	"Всего"	"0"	"843"
"Число умерших(Человек)"	"2013 год"	"201312"	"РИДДЕР Г.А."	"0"	"городская местность"	"0"	"Всего"	"0"	"951"
"Число умерших(Человек)"	"2014 год"	"201412"	"РИДДЕР Г.А."	"0"	"городская местность"	"0"	"Всего"	"0"	"878"
"Число умерших(Человек)"	"2012 год"	"201212"	"РИДДЕР Г.А."	"0"	"городская местность"	"0"	"Всего"	"0"	"1 030"
"Число умерших(Человек)"	"2021 год"	"202112"	"РИДДЕР Г.А."	"0"	"городская местность"	"0"	"Всего"	"0"	"1 072"
"Число умерших(Человек)"	"2020 год"	"202012"	"РИДДЕР Г.А."	"0"	"городская местность"	"0"	"Всего"	"0"	"936"
"Число умерших(Человек)"	"2019 год"	"201912"	"РИДДЕР Г.А."	"0"	"городская местность"	"0"	"Всего"	"0"	"833"
"Число умерших(Человек)"	"2018 год"	"201812"	"РИДДЕР Г.А."	"0"	"городская местность"	"0"	"Всего"	"0"	"847"
"Число умерших(Человек)"	"2022 год"	"202212"	"РИДДЕР Г.А."	"0"	"городская местность"	"0"	"Всего"	"0"	"875"
"Число умерших(Человек)"	"2017 год"	"201712"	"РИДДЕР Г.А."	"0"	"городская местность"	"0"	"Всего"	"0"	"843"
"Число умерших(Человек)"	"2023 год"	"202312"	"РИДДЕР Г.А."	"0"	"городская местность"	"0"	"Всего"	"0"	"822"
"Число умерших(Человек)"	"2024 год"	"202412"	"РИДДЕР Г.А."	"0"	"городская местность"	"0"	"Всего"	"0"	"779"
"Число умерших(Человек)"	"2009 год"	"200912"	"РИДДЕР Г.А."	"0"	"сельская местность"	"0"	"Всего"	"0"	"13"
"Число умерших(Человек)"	"2011 год"	"201112"	"РИДДЕР Г.А."	"0"	"сельская местность"	"0"	"Всего"	"0"	"20"
"Число умерших(Человек)"	"2016 год"	"201612"	"РИДДЕР Г.А."	"0"	"сельская местность"	"0"	"Всего"	"0"	"15"
"Число умерших(Человек)"	"2010 год"	"201012"	"РИДДЕР Г.А."	"0"	"сельская местность"	"0"	"Всего"	"0"	"8"
"Число умерших(Человек)"	"2015 год"	"201512"	"РИДДЕР Г.А."	"0"	"сельская местность"	"0"	"Всего"	"0"	"23"
"Число умерших(Человек)"	"2013 год"	"201312"	"РИДДЕР Г.А."	"0"	"сельская местность"	"0"	"Всего"	"0"	"8"
"Число умерших(Человек)"	"2014 год"	"201412"	"РИДДЕР Г.А."	"0"	"сельская местность"	"0"	"Всего"	"0"	"16"
"Число умерших(Человек)"	"2012 год"	"201212"	"РИДДЕР Г.А."	"0"	"сельская местность"	"0"	"Всего"	"0"	"25"
"Число умерших(Человек)"	"2021 год"	"202112"	"РИДДЕР Г.А."	"0"	"сельская местность"	"0"	"Всего"	"0"	"30"
"Число умерших(Человек)"	"2020 год"	"202012"	"РИДДЕР Г.А."	"0"	"сельская местность"	"0"	"Всего"	"0"	"50"
"Число умерших(Человек)"	"2019 год"	"201912"	"РИДДЕР Г.А."	"0"	"сельская местность"	"0"	"Всего"	"0"	"39"
"Число умерших(Человек)"	"2018 год"	"201812"	"РИДДЕР Г.А."	"0"	"сельская местность"	"0"	"Всего"	"0"	"25"
"Число умерших(Человек)"	"2022 год"	"202212"	"РИДДЕР Г.А."	"0"	"сельская местность"	"0"	"Всего"	"0"	"32"
"Число умерших(Человек)"	"2017 год"	"201712"	"РИДДЕР Г.А."	"0"	"сельская местность"	"0"	"Всего"	"0"	"6"
"Число умерших(Человек)"	"2023 год"	"202312"	"РИДДЕР Г.А."	"0"	"сельская местность"	"0"	"Всего"	"0"	"42"
"Число умерших(Человек)"	"2024 год"	"202412"	"РИДДЕР Г.А."	"0"	"сельская местность"	"0"	"Всего"	"0"	"45"
"Число умерших(Человек)"	"2009 год"	"200912"	"СЕМЕЙ Г.А."	"0"	"Всего"	"0"	"Всего"	"0"	"3 152"
"Число умерших(Человек)"	"2011 год"	"201112"	"СЕМЕЙ Г.А."	"0"	"Всего"	"0"	"Всего"	"0"	"3 256"
"Число умерших(Человек)"	"2016 год"	"201612"	"СЕМЕЙ Г.А."	"0"	"Всего"	"0"	"Всего"	"0"	"2 871"
"Число умерших(Человек)"	"2010 год"	"201012"	"СЕМЕЙ Г.А."	"0"	"Всего"	"0"	"Всего"	"0"	"3 351"
"Число умерших(Человек)"	"2015 год"	"201512"	"СЕМЕЙ Г.А."	"0"	"Всего"	"0"	"Всего"	"0"	"2 966"
"Число умерших(Человек)"	"2013 год"	"201312"	"СЕМЕЙ Г.А."	"0"	"Всего"	"0"	"Всего"	"0"	"3 075"
"Число умерших(Человек)"	"2014 год"	"201412"	"СЕМЕЙ Г.А."	"0"	"Всего"	"0"	"Всего"	"0"	"2 900"
"Число умерших(Человек)"	"2012 год"	"201212"	"СЕМЕЙ Г.А."	"0"	"Всего"	"0"	"Всего"	"0"	"3 239"
"Число умерших(Человек)"	"2021 год"	"202112"	"СЕМЕЙ Г.А."	"0"	"Всего"	"0"	"Всего"	"0"	"4 177"
"Число умерших(Человек)"	"2020 год"	"202012"	"СЕМЕЙ Г.А."	"0"	"Всего"	"0"	"Всего"	"0"	"3 644"
"Число умерших(Человек)"	"2019 год"	"201912"	"СЕМЕЙ Г.А."	"0"	"Всего"	"0"	"Всего"	"0"	"2 936"
"Число умерших(Человек)"	"2018 год"	"201812"	"СЕМЕЙ Г.А."	"0"	"Всего"	"0"	"Всего"	"0"	"2 937"
"Число умерших(Человек)"	"2022 год"	"202212"	"СЕМЕЙ Г.А."	"0"	"Всего"	"0"	"Всего"	"0"	"3 006"
"Число умерших(Человек)"	"2017 год"	"201712"	"СЕМЕЙ Г.А."	"0"	"Всего"	"0"	"Всего"	"0"	"2 888"
"Число умерших(Человек)"	"2023 год"	"202312"	"СЕМЕЙ Г.А."	"0"	"Всего"	"0"	"Всего"	"0"	"3 021"
"Число умерших(Человек)"	"2024 год"	"202412"	"СЕМЕЙ Г.А."	"0"	"Всего"	"0"	"Всего"	"0"	"2 887"
"Число умерших(Человек)"	"2009 год"	"200912"	"СЕМЕЙ Г.А."	"0"	"городская местность"	"0"	"Всего"	"0"	"2 960"
"Число умерших(Человек)"	"2011 год"	"201112"	"СЕМЕЙ Г.А."	"0"	"городская местность"	"0"	"Всего"	"0"	"3 065"
"Число умерших(Человек)"	"2016 год"	"201612"	"СЕМЕЙ Г.А."	"0"	"городская местность"	"0"	"Всего"	"0"	"2 706"
"Число умерших(Человек)"	"2010 год"	"201012"	"СЕМЕЙ Г.А."	"0"	"городская местность"	"0"	"Всего"	"0"	"3 127"
"Число умерших(Человек)"	"2015 год"	"201512"	"СЕМЕЙ Г.А."	"0"	"городская местность"	"0"	"Всего"	"0"	"2 809"
"Число умерших(Человек)"	"2013 год"	"201312"	"СЕМЕЙ Г.А."	"0"	"городская местность"	"0"	"Всего"	"0"	"2 895"
"Число умерших(Человек)"	"2014 год"	"201412"	"СЕМЕЙ Г.А."	"0"	"городская местность"	"0"	"Всего"	"0"	"2 745"
"Число умерших(Человек)"	"2012 год"	"201212"	"СЕМЕЙ Г.А."	"0"	"городская местность"	"0"	"Всего"	"0"	"3 075"
"Число умерших(Человек)"	"2021 год"	"202112"	"СЕМЕЙ Г.А."	"0"	"городская местность"	"0"	"Всего"	"0"	"3 975"
"Число умерших(Человек)"	"2020 год"	"202012"	"СЕМЕЙ Г.А."	"0"	"городская местность"	"0"	"Всего"	"0"	"3 477"
"Число умерших(Человек)"	"2019 год"	"201912"	"СЕМЕЙ Г.А."	"0"	"городская местность"	"0"	"Всего"	"0"	"2 770"
"Число умерших(Человек)"	"2018 год"	"201812"	"СЕМЕЙ Г.А."	"0"	"городская местность"	"0"	"Всего"	"0"	"2 775"
"Число умерших(Человек)"	"2022 год"	"202212"	"СЕМЕЙ Г.А."	"0"	"городская местность"	"0"	"Всего"	"0"	"2 864"
"Число умерших(Человек)"	"2017 год"	"201712"	"СЕМЕЙ Г.А."	"0"	"городская местность"	"0"	"Всего"	"0"	"2 707"
"Число умерших(Человек)"	"2023 год"	"202312"	"СЕМЕЙ Г.А."	"0"	"городская местность"	"0"	"Всего"	"0"	"2 892"
"Число умерших(Человек)"	"2024 год"	"202412"	"СЕМЕЙ Г.А."	"0"	"городская местность"	"0"	"Всего"	"0"	"2 887"
"Число умерших(Человек)"	"2009 год"	"200912"	"СЕМЕЙ Г.А."	"0"	"сельская местность"	"0"	"Всего"	"0"	"192"
"Число умерших(Человек)"	"2011 год"	"201112"	"СЕМЕЙ Г.А."	"0"	"сельская местность"	"0"	"Всего"	"0"	"191"
"Число умерших(Человек)"	"2016 год"	"201612"	"СЕМЕЙ Г.А."	"0"	"сельская местность"	"0"	"Всего"	"0"	"165"
"Число умерших(Человек)"	"2010 год"	"201012"	"СЕМЕЙ Г.А."	"0"	"сельская местность"	"0"	"Всего"	"0"	"224"
"Число умерших(Человек)"	"2015 год"	"201512"	"СЕМЕЙ Г.А."	"0"	"сельская местность"	"0"	"Всего"	"0"	"157"
"Число умерших(Человек)"	"2013 год"	"201312"	"СЕМЕЙ Г.А."	"0"	"сельская местность"	"0"	"Всего"	"0"	"180"
"Число умерших(Человек)"	"2014 год"	"201412"	"СЕМЕЙ Г.А."	"0"	"сельская местность"	"0"	"Всего"	"0"	"155"
"Число умерших(Человек)"	"2012 год"	"201212"	"СЕМЕЙ Г.А."	"0"	"сельская местность"	"0"	"Всего"	"0"	"164"
"Число умерших(Человек)"	"2021 год"	"202112"	"СЕМЕЙ Г.А."	"0"	"сельская местность"	"0"	"Всего"	"0"	"202"
"Число умерших(Человек)"	"2020 год"	"202012"	"СЕМЕЙ Г.А."	"0"	"сельская местность"	"0"	"Всего"	"0"	"167"
"Число умерших(Человек)"	"2019 год"	"201912"	"СЕМЕЙ Г.А."	"0"	"сельская местность"	"0"	"Всего"	"0"	"166"
"Число умерших(Человек)"	"2018 год"	"201812"	"СЕМЕЙ Г.А."	"0"	"сельская местность"	"0"	"Всего"	"0"	"162"
"Число умерших(Человек)"	"2022 год"	"202212"	"СЕМЕЙ Г.А."	"0"	"сельская местность"	"0"	"Всего"	"0"	"142"
"Число умерших(Человек)"	"2017 год"	"201712"	"СЕМЕЙ Г.А."	"0"	"сельская местность"	"0"	"Всего"	"0"	"181"
"Число умерших(Человек)"	"2023 год"	"202312"	"СЕМЕЙ Г.А."	"0"	"сельская местность"	"0"	"Всего"	"0"	"129"
"Число умерших(Человек)"	"2009 год"	"200912"	"АБАЙСКИЙ РАЙОН"	"0"	"Всего"	"0"	"Всего"	"0"	"127"
"Число умерших(Человек)"	"2011 год"	"201112"	"АБАЙСКИЙ РАЙОН"	"0"	"Всего"	"0"	"Всего"	"0"	"125"
"Число умерших(Человек)"	"2016 год"	"201612"	"АБАЙСКИЙ РАЙОН"	"0"	"Всего"	"0"	"Всего"	"0"	"111"
"Число умерших(Человек)"	"2010 год"	"201012"	"АБАЙСКИЙ РАЙОН"	"0"	"Всего"	"0"	"Всего"	"0"	"109"
"Число умерших(Человек)"	"2015 год"	"201512"	"АБАЙСКИЙ РАЙОН"	"0"	"Всего"	"0"	"Всего"	"0"	"117"
"Число умерших(Человек)"	"2013 год"	"201312"	"АБАЙСКИЙ РАЙОН"	"0"	"Всего"	"0"	"Всего"	"0"	"124"
"Число умерших(Человек)"	"2014 год"	"201412"	"АБАЙСКИЙ РАЙОН"	"0"	"Всего"	"0"	"Всего"	"0"	"114"
"Число умерших(Человек)"	"2012 год"	"201212"	"АБАЙСКИЙ РАЙОН"	"0"	"Всего"	"0"	"Всего"	"0"	"142"
"Число умерших(Человек)"	"2021 год"	"202112"	"АБАЙСКИЙ РАЙОН"	"0"	"Всего"	"0"	"Всего"	"0"	"158"
"Число умерших(Человек)"	"2020 год"	"202012"	"АБАЙСКИЙ РАЙОН"	"0"	"Всего"	"0"	"Всего"	"0"	"163"
"Число умерших(Человек)"	"2019 год"	"201912"	"АБАЙСКИЙ РАЙОН"	"0"	"Всего"	"0"	"Всего"	"0"	"109"
"Число умерших(Человек)"	"2018 год"	"201812"	"АБАЙСКИЙ РАЙОН"	"0"	"Всего"	"0"	"Всего"	"0"	"119"
"Число умерших(Человек)"	"2022 год"	"202212"	"АБАЙСКИЙ РАЙОН"	"0"	"Всего"	"0"	"Всего"	"0"	"112"
"Число умерших(Человек)"	"2017 год"	"201712"	"АБАЙСКИЙ РАЙОН"	"0"	"Всего"	"0"	"Всего"	"0"	"110"
"Число умерших(Человек)"	"2023 год"	"202312"	"АБАЙСКИЙ РАЙОН"	"0"	"Всего"	"0"	"Всего"	"0"	"115"
"Число умерших(Человек)"	"2024 год"	"202412"	"АБАЙСКИЙ РАЙОН"	"0"	"Всего"	"0"	"Всего"	"0"	"99"
"Число умерших(Человек)"	"2009 год"	"200912"	"АБАЙСКИЙ РАЙОН"	"0"	"сельская местность"	"0"	"Всего"	"0"	"127"
"Число умерших(Человек)"	"2011 год"	"201112"	"АБАЙСКИЙ РАЙОН"	"0"	"сельская местность"	"0"	"Всего"	"0"	"125"
"Число умерших(Человек)"	"2016 год"	"201612"	"АБАЙСКИЙ РАЙОН"	"0"	"сельская местность"	"0"	"Всего"	"0"	"111"
"Число умерших(Человек)"	"2010 год"	"201012"	"АБАЙСКИЙ РАЙОН"	"0"	"сельская местность"	"0"	"Всего"	"0"	"109"
"Число умерших(Человек)"	"2015 год"	"201512"	"АБАЙСКИЙ РАЙОН"	"0"	"сельская местность"	"0"	"Всего"	"0"	"117"
"Число умерших(Человек)"	"2013 год"	"201312"	"АБАЙСКИЙ РАЙОН"	"0"	"сельская местность"	"0"	"Всего"	"0"	"124"
"Число умерших(Человек)"	"2014 год"	"201412"	"АБАЙСКИЙ РАЙОН"	"0"	"сельская местность"	"0"	"Всего"	"0"	"114"
"Число умерших(Человек)"	"2012 год"	"201212"	"АБАЙСКИЙ РАЙОН"	"0"	"сельская местность"	"0"	"Всего"	"0"	"142"
"Число умерших(Человек)"	"2021 год"	"202112"	"АБАЙСКИЙ РАЙОН"	"0"	"сельская местность"	"0"	"Всего"	"0"	"158"
"Число умерших(Человек)"	"2020 год"	"202012"	"АБАЙСКИЙ РАЙОН"	"0"	"сельская местность"	"0"	"Всего"	"0"	"163"
"Число умерших(Человек)"	"2019 год"	"201912"	"АБАЙСКИЙ РАЙОН"	"0"	"сельская местность"	"0"	"Всего"	"0"	"109"
"Число умерших(Человек)"	"2018 год"	"201812"	"АБАЙСКИЙ РАЙОН"	"0"	"сельская местность"	"0"	"Всего"	"0"	"119"
"Число умерших(Человек)"	"2022 год"	"202212"	"АБАЙСКИЙ РАЙОН"	"0"	"сельская местность"	"0"	"Всего"	"0"	"112"
"Число умерших(Человек)"	"2017 год"	"201712"	"АБАЙСКИЙ РАЙОН"	"0"	"сельская местность"	"0"	"Всего"	"0"	"110"
"Число умерших(Человек)"	"2023 год"	"202312"	"АБАЙСКИЙ РАЙОН"	"0"	"сельская местность"	"0"	"Всего"	"0"	"115"
"Число умерших(Человек)"	"2024 год"	"202412"	"АБАЙСКИЙ РАЙОН"	"0"	"сельская местность"	"0"	"Всего"	"0"	"99"
"Число умерших(Человек)"	"2009 год"	"200912"	"АЯГОЗСКИЙ РАЙОН"	"0"	"Всего"	"0"	"Всего"	"0"	"284"
"Число умерших(Человек)"	"2011 год"	"201112"	"АЯГОЗСКИЙ РАЙОН"	"0"	"Всего"	"0"	"Всего"	"0"	"246"
"Число умерших(Человек)"	"2016 год"	"201612"	"АЯГОЗСКИЙ РАЙОН"	"0"	"Всего"	"0"	"Всего"	"0"	"526"
"Число умерших(Человек)"	"2010 год"	"201012"	"АЯГОЗСКИЙ РАЙОН"	"0"	"Всего"	"0"	"Всего"	"0"	"273"
"Число умерших(Человек)"	"2015 год"	"201512"	"АЯГОЗСКИЙ РАЙОН"	"0"	"Всего"	"0"	"Всего"	"0"	"556"
"Число умерших(Человек)"	"2013 год"	"201312"	"АЯГОЗСКИЙ РАЙОН"	"0"	"Всего"	"0"	"Всего"	"0"	"228"
"Число умерших(Человек)"	"2014 год"	"201412"	"АЯГОЗСКИЙ РАЙОН"	"0"	"Всего"	"0"	"Всего"	"0"	"539"
"Число умерших(Человек)"	"2012 год"	"201212"	"АЯГОЗСКИЙ РАЙОН"	"0"	"Всего"	"0"	"Всего"	"0"	"243"
"Число умерших(Человек)"	"2021 год"	"202112"	"АЯГОЗСКИЙ РАЙОН"	"0"	"Всего"	"0"	"Всего"	"0"	"637"
"Число умерших(Человек)"	"2020 год"	"202012"	"АЯГОЗСКИЙ РАЙОН"	"0"	"Всего"	"0"	"Всего"	"0"	"604"
"Число умерших(Человек)"	"2019 год"	"201912"	"АЯГОЗСКИЙ РАЙОН"	"0"	"Всего"	"0"	"Всего"	"0"	"468"
"Число умерших(Человек)"	"2018 год"	"201812"	"АЯГОЗСКИЙ РАЙОН"	"0"	"Всего"	"0"	"Всего"	"0"	"442"
"Число умерших(Человек)"	"2022 год"	"202212"	"АЯГОЗСКИЙ РАЙОН"	"0"	"Всего"	"0"	"Всего"	"0"	"414"
"Число умерших(Человек)"	"2017 год"	"201712"	"АЯГОЗСКИЙ РАЙОН"	"0"	"Всего"	"0"	"Всего"	"0"	"517"
"Число умерших(Человек)"	"2023 год"	"202312"	"АЯГОЗСКИЙ РАЙОН"	"0"	"Всего"	"0"	"Всего"	"0"	"458"
"Число умерших(Человек)"	"2024 год"	"202412"	"АЯГОЗСКИЙ РАЙОН"	"0"	"Всего"	"0"	"Всего"	"0"	"469"
"Число умерших(Человек)"	"2009 год"	"200912"	"АЯГОЗСКИЙ РАЙОН"	"0"	"сельская местность"	"0"	"Всего"	"0"	"284"
"Число умерших(Человек)"	"2011 год"	"201112"	"АЯГОЗСКИЙ РАЙОН"	"0"	"сельская местность"	"0"	"Всего"	"0"	"246"
"Число умерших(Человек)"	"2016 год"	"201612"	"АЯГОЗСКИЙ РАЙОН"	"0"	"сельская местность"	"0"	"Всего"	"0"	"209"
"Число умерших(Человек)"	"2010 год"	"201012"	"АЯГОЗСКИЙ РАЙОН"	"0"	"сельская местность"	"0"	"Всего"	"0"	"272"
"Число умерших(Человек)"	"2015 год"	"201512"	"АЯГОЗСКИЙ РАЙОН"	"0"	"сельская местность"	"0"	"Всего"	"0"	"226"
"Число умерших(Человек)"	"2013 год"	"201312"	"АЯГОЗСКИЙ РАЙОН"	"0"	"сельская местность"	"0"	"Всего"	"0"	"228"
"Число умерших(Человек)"	"2014 год"	"201412"	"АЯГОЗСКИЙ РАЙОН"	"0"	"сельская местность"	"0"	"Всего"	"0"	"224"
"Число умерших(Человек)"	"2012 год"	"201212"	"АЯГОЗСКИЙ РАЙОН"	"0"	"сельская местность"	"0"	"Всего"	"0"	"243"
"Число умерших(Человек)"	"2021 год"	"202112"	"АЯГОЗСКИЙ РАЙОН"	"0"	"сельская местность"	"0"	"Всего"	"0"	"237"
"Число умерших(Человек)"	"2020 год"	"202012"	"АЯГОЗСКИЙ РАЙОН"	"0"	"сельская местность"	"0"	"Всего"	"0"	"231"
"Число умерших(Человек)"	"2019 год"	"201912"	"АЯГОЗСКИЙ РАЙОН"	"0"	"сельская местность"	"0"	"Всего"	"0"	"177"
"Число умерших(Человек)"	"2018 год"	"201812"	"АЯГОЗСКИЙ РАЙОН"	"0"	"сельская местность"	"0"	"Всего"	"0"	"192"
"Число умерших(Человек)"	"2022 год"	"202212"	"АЯГОЗСКИЙ РАЙОН"	"0"	"сельская местность"	"0"	"Всего"	"0"	"146"
"Число умерших(Человек)"	"2017 год"	"201712"	"АЯГОЗСКИЙ РАЙОН"	"0"	"сельская местность"	"0"	"Всего"	"0"	"225"
"Число умерших(Человек)"	"2023 год"	"202312"	"АЯГОЗСКИЙ РАЙОН"	"0"	"сельская местность"	"0"	"Всего"	"0"	"165"
"Число умерших(Человек)"	"2024 год"	"202412"	"АЯГОЗСКИЙ РАЙОН"	"0"	"сельская местность"	"0"	"Всего"	"0"	"196"
"Число умерших(Человек)"	"2009 год"	"200912"	"БЕСКАРАГАЙСКИЙ РАЙОН"	"0"	"Всего"	"0"	"Всего"	"0"	"295"
"Число умерших(Человек)"	"2011 год"	"201112"	"БЕСКАРАГАЙСКИЙ РАЙОН"	"0"	"Всего"	"0"	"Всего"	"0"	"303"
"Число умерших(Человек)"	"2016 год"	"201612"	"БЕСКАРАГАЙСКИЙ РАЙОН"	"0"	"Всего"	"0"	"Всего"	"0"	"256"
"Число умерших(Человек)"	"2010 год"	"201012"	"БЕСКАРАГАЙСКИЙ РАЙОН"	"0"	"Всего"	"0"	"Всего"	"0"	"294"
"Число умерших(Человек)"	"2015 год"	"201512"	"БЕСКАРАГАЙСКИЙ РАЙОН"	"0"	"Всего"	"0"	"Всего"	"0"	"260"
"Число умерших(Человек)"	"2013 год"	"201312"	"БЕСКАРАГАЙСКИЙ РАЙОН"	"0"	"Всего"	"0"	"Всего"	"0"	"292"
"Число умерших(Человек)"	"2014 год"	"201412"	"БЕСКАРАГАЙСКИЙ РАЙОН"	"0"	"Всего"	"0"	"Всего"	"0"	"236"
"Число умерших(Человек)"	"2012 год"	"201212"	"БЕСКАРАГАЙСКИЙ РАЙОН"	"0"	"Всего"	"0"	"Всего"	"0"	"304"
"Число умерших(Человек)"	"2021 год"	"202112"	"БЕСКАРАГАЙСКИЙ РАЙОН"	"0"	"Всего"	"0"	"Всего"	"0"	"306"
"Число умерших(Человек)"	"2020 год"	"202012"	"БЕСКАРАГАЙСКИЙ РАЙОН"	"0"	"Всего"	"0"	"Всего"	"0"	"276"
"Число умерших(Человек)"	"2019 год"	"201912"	"БЕСКАРАГАЙСКИЙ РАЙОН"	"0"	"Всего"	"0"	"Всего"	"0"	"232"
"Число умерших(Человек)"	"2018 год"	"201812"	"БЕСКАРАГАЙСКИЙ РАЙОН"	"0"	"Всего"	"0"	"Всего"	"0"	"258"
"Число умерших(Человек)"	"2022 год"	"202212"	"БЕСКАРАГАЙСКИЙ РАЙОН"	"0"	"Всего"	"0"	"Всего"	"0"	"233"
"Число умерших(Человек)"	"2017 год"	"201712"	"БЕСКАРАГАЙСКИЙ РАЙОН"	"0"	"Всего"	"0"	"Всего"	"0"	"250"
"Число умерших(Человек)"	"2023 год"	"202312"	"БЕСКАРАГАЙСКИЙ РАЙОН"	"0"	"Всего"	"0"	"Всего"	"0"	"210"
"Число умерших(Человек)"	"2024 год"	"202412"	"БЕСКАРАГАЙСКИЙ РАЙОН"	"0"	"Всего"	"0"	"Всего"	"0"	"206"
"Число умерших(Человек)"	"2009 год"	"200912"	"БЕСКАРАГАЙСКИЙ РАЙОН"	"0"	"сельская местность"	"0"	"Всего"	"0"	"295"
"Число умерших(Человек)"	"2011 год"	"201112"	"БЕСКАРАГАЙСКИЙ РАЙОН"	"0"	"сельская местность"	"0"	"Всего"	"0"	"303"
"Число умерших(Человек)"	"2016 год"	"201612"	"БЕСКАРАГАЙСКИЙ РАЙОН"	"0"	"сельская местность"	"0"	"Всего"	"0"	"256"
"Число умерших(Человек)"	"2010 год"	"201012"	"БЕСКАРАГАЙСКИЙ РАЙОН"	"0"	"сельская местность"	"0"	"Всего"	"0"	"294"
"Число умерших(Человек)"	"2015 год"	"201512"	"БЕСКАРАГАЙСКИЙ РАЙОН"	"0"	"сельская местность"	"0"	"Всего"	"0"	"260"
"Число умерших(Человек)"	"2013 год"	"201312"	"БЕСКАРАГАЙСКИЙ РАЙОН"	"0"	"сельская местность"	"0"	"Всего"	"0"	"292"
"Число умерших(Человек)"	"2014 год"	"201412"	"БЕСКАРАГАЙСКИЙ РАЙОН"	"0"	"сельская местность"	"0"	"Всего"	"0"	"236"
"Число умерших(Человек)"	"2012 год"	"201212"	"БЕСКАРАГАЙСКИЙ РАЙОН"	"0"	"сельская местность"	"0"	"Всего"	"0"	"304"
"Число умерших(Человек)"	"2021 год"	"202112"	"БЕСКАРАГАЙСКИЙ РАЙОН"	"0"	"сельская местность"	"0"	"Всего"	"0"	"306"
"Число умерших(Человек)"	"2020 год"	"202012"	"БЕСКАРАГАЙСКИЙ РАЙОН"	"0"	"сельская местность"	"0"	"Всего"	"0"	"276"
"Число умерших(Человек)"	"2019 год"	"201912"	"БЕСКАРАГАЙСКИЙ РАЙОН"	"0"	"сельская местность"	"0"	"Всего"	"0"	"232"
"Число умерших(Человек)"	"2018 год"	"201812"	"БЕСКАРАГАЙСКИЙ РАЙОН"	"0"	"сельская местность"	"0"	"Всего"	"0"	"258"
"Число умерших(Человек)"	"2022 год"	"202212"	"БЕСКАРАГАЙСКИЙ РАЙОН"	"0"	"сельская местность"	"0"	"Всего"	"0"	"233"
"Число умерших(Человек)"	"2017 год"	"201712"	"БЕСКАРАГАЙСКИЙ РАЙОН"	"0"	"сельская местность"	"0"	"Всего"	"0"	"250"
"Число умерших(Человек)"	"2023 год"	"202312"	"БЕСКАРАГАЙСКИЙ РАЙОН"	"0"	"сельская местность"	"0"	"Всего"	"0"	"210"
"Число умерших(Человек)"	"2024 год"	"202412"	"БЕСКАРАГАЙСКИЙ РАЙОН"	"0"	"сельская местность"	"0"	"Всего"	"0"	"206"
"Число умерших(Человек)"	"2009 год"	"200912"	"БОРОДУЛИХИНСКИЙ РАЙОН"	"0"	"Всего"	"0"	"Всего"	"0"	"486"
"Число умерших(Человек)"	"2011 год"	"201112"	"БОРОДУЛИХИНСКИЙ РАЙОН"	"0"	"Всего"	"0"	"Всего"	"0"	"452"
"Число умерших(Человек)"	"2016 год"	"201612"	"БОРОДУЛИХИНСКИЙ РАЙОН"	"0"	"Всего"	"0"	"Всего"	"0"	"408"
"Число умерших(Человек)"	"2010 год"	"201012"	"БОРОДУЛИХИНСКИЙ РАЙОН"	"0"	"Всего"	"0"	"Всего"	"0"	"492"
"Число умерших(Человек)"	"2015 год"	"201512"	"БОРОДУЛИХИНСКИЙ РАЙОН"	"0"	"Всего"	"0"	"Всего"	"0"	"415"
"Число умерших(Человек)"	"2013 год"	"201312"	"БОРОДУЛИХИНСКИЙ РАЙОН"	"0"	"Всего"	"0"	"Всего"	"0"	"440"
"Число умерших(Человек)"	"2014 год"	"201412"	"БОРОДУЛИХИНСКИЙ РАЙОН"	"0"	"Всего"	"0"	"Всего"	"0"	"444"
"Число умерших(Человек)"	"2012 год"	"201212"	"БОРОДУЛИХИНСКИЙ РАЙОН"	"0"	"Всего"	"0"	"Всего"	"0"	"448"
"Число умерших(Человек)"	"2021 год"	"202112"	"БОРОДУЛИХИНСКИЙ РАЙОН"	"0"	"Всего"	"0"	"Всего"	"0"	"505"
"Число умерших(Человек)"	"2020 год"	"202012"	"БОРОДУЛИХИНСКИЙ РАЙОН"	"0"	"Всего"	"0"	"Всего"	"0"	"472"
"Число умерших(Человек)"	"2019 год"	"201912"	"БОРОДУЛИХИНСКИЙ РАЙОН"	"0"	"Всего"	"0"	"Всего"	"0"	"399"
"Число умерших(Человек)"	"2018 год"	"201812"	"БОРОДУЛИХИНСКИЙ РАЙОН"	"0"	"Всего"	"0"	"Всего"	"0"	"386"
"Число умерших(Человек)"	"2022 год"	"202212"	"БОРОДУЛИХИНСКИЙ РАЙОН"	"0"	"Всего"	"0"	"Всего"	"0"	"421"
"Число умерших(Человек)"	"2017 год"	"201712"	"БОРОДУЛИХИНСКИЙ РАЙОН"	"0"	"Всего"	"0"	"Всего"	"0"	"411"
"Число умерших(Человек)"	"2023 год"	"202312"	"БОРОДУЛИХИНСКИЙ РАЙОН"	"0"	"Всего"	"0"	"Всего"	"0"	"398"
"Число умерших(Человек)"	"2024 год"	"202412"	"БОРОДУЛИХИНСКИЙ РАЙОН"	"0"	"Всего"	"0"	"Всего"	"0"	"360"
"Число умерших(Человек)"	"2009 год"	"200912"	"БОРОДУЛИХИНСКИЙ РАЙОН"	"0"	"сельская местность"	"0"	"Всего"	"0"	"486"
"Число умерших(Человек)"	"2011 год"	"201112"	"БОРОДУЛИХИНСКИЙ РАЙОН"	"0"	"сельская местность"	"0"	"Всего"	"0"	"452"
"Число умерших(Человек)"	"2016 год"	"201612"	"БОРОДУЛИХИНСКИЙ РАЙОН"	"0"	"сельская местность"	"0"	"Всего"	"0"	"408"
"Число умерших(Человек)"	"2010 год"	"201012"	"БОРОДУЛИХИНСКИЙ РАЙОН"	"0"	"сельская местность"	"0"	"Всего"	"0"	"492"
"Число умерших(Человек)"	"2015 год"	"201512"	"БОРОДУЛИХИНСКИЙ РАЙОН"	"0"	"сельская местность"	"0"	"Всего"	"0"	"415"
"Число умерших(Человек)"	"2013 год"	"201312"	"БОРОДУЛИХИНСКИЙ РАЙОН"	"0"	"сельская местность"	"0"	"Всего"	"0"	"440"
"Число умерших(Человек)"	"2014 год"	"201412"	"БОРОДУЛИХИНСКИЙ РАЙОН"	"0"	"сельская местность"	"0"	"Всего"	"0"	"444"
"Число умерших(Человек)"	"2012 год"	"201212"	"БОРОДУЛИХИНСКИЙ РАЙОН"	"0"	"сельская местность"	"0"	"Всего"	"0"	"448"
"Число умерших(Человек)"	"2021 год"	"202112"	"БОРОДУЛИХИНСКИЙ РАЙОН"	"0"	"сельская местность"	"0"	"Всего"	"0"	"505"
"Число умерших(Человек)"	"2020 год"	"202012"	"БОРОДУЛИХИНСКИЙ РАЙОН"	"0"	"сельская местность"	"0"	"Всего"	"0"	"472"
"Число умерших(Человек)"	"2019 год"	"201912"	"БОРОДУЛИХИНСКИЙ РАЙОН"	"0"	"сельская местность"	"0"	"Всего"	"0"	"399"
"Число умерших(Человек)"	"2018 год"	"201812"	"БОРОДУЛИХИНСКИЙ РАЙОН"	"0"	"сельская местность"	"0"	"Всего"	"0"	"386"
"Число умерших(Человек)"	"2022 год"	"202212"	"БОРОДУЛИХИНСКИЙ РАЙОН"	"0"	"сельская местность"	"0"	"Всего"	"0"	"421"
"Число умерших(Человек)"	"2017 год"	"201712"	"БОРОДУЛИХИНСКИЙ РАЙОН"	"0"	"сельская местность"	"0"	"Всего"	"0"	"411"
"Число умерших(Человек)"	"2023 год"	"202312"	"БОРОДУЛИХИНСКИЙ РАЙОН"	"0"	"сельская местность"	"0"	"Всего"	"0"	"398"
"Число умерших(Человек)"	"2024 год"	"202412"	"БОРОДУЛИХИНСКИЙ РАЙОН"	"0"	"сельская местность"	"0"	"Всего"	"0"	"360"
"Число умерших(Человек)"	"2009 год"	"200912"	"ГЛУБОКОВСКИЙ РАЙОН"	"0"	"Всего"	"0"	"Всего"	"0"	"1 008"
"Число умерших(Человек)"	"2011 год"	"201112"	"ГЛУБОКОВСКИЙ РАЙОН"	"0"	"Всего"	"0"	"Всего"	"0"	"1 055"
"Число умерших(Человек)"	"2016 год"	"201612"	"ГЛУБОКОВСКИЙ РАЙОН"	"0"	"Всего"	"0"	"Всего"	"0"	"902"
"Число умерших(Человек)"	"2010 год"	"201012"	"ГЛУБОКОВСКИЙ РАЙОН"	"0"	"Всего"	"0"	"Всего"	"0"	"1 054"
"Число умерших(Человек)"	"2015 год"	"201512"	"ГЛУБОКОВСКИЙ РАЙОН"	"0"	"Всего"	"0"	"Всего"	"0"	"945"
"Число умерших(Человек)"	"2013 год"	"201312"	"ГЛУБОКОВСКИЙ РАЙОН"	"0"	"Всего"	"0"	"Всего"	"0"	"935"
"Число умерших(Человек)"	"2014 год"	"201412"	"ГЛУБОКОВСКИЙ РАЙОН"	"0"	"Всего"	"0"	"Всего"	"0"	"853"
"Число умерших(Человек)"	"2012 год"	"201212"	"ГЛУБОКОВСКИЙ РАЙОН"	"0"	"Всего"	"0"	"Всего"	"0"	"1 008"
"Число умерших(Человек)"	"2021 год"	"202112"	"ГЛУБОКОВСКИЙ РАЙОН"	"0"	"Всего"	"0"	"Всего"	"0"	"1 036"
"Число умерших(Человек)"	"2020 год"	"202012"	"ГЛУБОКОВСКИЙ РАЙОН"	"0"	"Всего"	"0"	"Всего"	"0"	"952"
"Число умерших(Человек)"	"2019 год"	"201912"	"ГЛУБОКОВСКИЙ РАЙОН"	"0"	"Всего"	"0"	"Всего"	"0"	"892"
"Число умерших(Человек)"	"2018 год"	"201812"	"ГЛУБОКОВСКИЙ РАЙОН"	"0"	"Всего"	"0"	"Всего"	"0"	"872"
"Число умерших(Человек)"	"2022 год"	"202212"	"ГЛУБОКОВСКИЙ РАЙОН"	"0"	"Всего"	"0"	"Всего"	"0"	"836"
"Число умерших(Человек)"	"2017 год"	"201712"	"ГЛУБОКОВСКИЙ РАЙОН"	"0"	"Всего"	"0"	"Всего"	"0"	"851"
"Число умерших(Человек)"	"2023 год"	"202312"	"ГЛУБОКОВСКИЙ РАЙОН"	"0"	"Всего"	"0"	"Всего"	"0"	"759"
"Число умерших(Человек)"	"2024 год"	"202412"	"ГЛУБОКОВСКИЙ РАЙОН"	"0"	"Всего"	"0"	"Всего"	"0"	"776"
"Число умерших(Человек)"	"2009 год"	"200912"	"ГЛУБОКОВСКИЙ РАЙОН"	"0"	"сельская местность"	"0"	"Всего"	"0"	"1 008"
"Число умерших(Человек)"	"2011 год"	"201112"	"ГЛУБОКОВСКИЙ РАЙОН"	"0"	"сельская местность"	"0"	"Всего"	"0"	"1 055"
"Число умерших(Человек)"	"2016 год"	"201612"	"ГЛУБОКОВСКИЙ РАЙОН"	"0"	"сельская местность"	"0"	"Всего"	"0"	"902"
"Число умерших(Человек)"	"2010 год"	"201012"	"ГЛУБОКОВСКИЙ РАЙОН"	"0"	"сельская местность"	"0"	"Всего"	"0"	"1 054"
"Число умерших(Человек)"	"2015 год"	"201512"	"ГЛУБОКОВСКИЙ РАЙОН"	"0"	"сельская местность"	"0"	"Всего"	"0"	"945"
"Число умерших(Человек)"	"2013 год"	"201312"	"ГЛУБОКОВСКИЙ РАЙОН"	"0"	"сельская местность"	"0"	"Всего"	"0"	"935"
"Число умерших(Человек)"	"2014 год"	"201412"	"ГЛУБОКОВСКИЙ РАЙОН"	"0"	"сельская местность"	"0"	"Всего"	"0"	"853"
"Число умерших(Человек)"	"2012 год"	"201212"	"ГЛУБОКОВСКИЙ РАЙОН"	"0"	"сельская местность"	"0"	"Всего"	"0"	"1 008"
"Число умерших(Человек)"	"2021 год"	"202112"	"ГЛУБОКОВСКИЙ РАЙОН"	"0"	"сельская местность"	"0"	"Всего"	"0"	"1 036"
"Число умерших(Человек)"	"2020 год"	"202012"	"ГЛУБОКОВСКИЙ РАЙОН"	"0"	"сельская местность"	"0"	"Всего"	"0"	"952"
"Число умерших(Человек)"	"2019 год"	"201912"	"ГЛУБОКОВСКИЙ РАЙОН"	"0"	"сельская местность"	"0"	"Всего"	"0"	"892"
"Число умерших(Человек)"	"2018 год"	"201812"	"ГЛУБОКОВСКИЙ РАЙОН"	"0"	"сельская местность"	"0"	"Всего"	"0"	"872"
"Число умерших(Человек)"	"2022 год"	"202212"	"ГЛУБОКОВСКИЙ РАЙОН"	"0"	"сельская местность"	"0"	"Всего"	"0"	"836"
"Число умерших(Человек)"	"2017 год"	"201712"	"ГЛУБОКОВСКИЙ РАЙОН"	"0"	"сельская местность"	"0"	"Всего"	"0"	"851"
"Число умерших(Человек)"	"2023 год"	"202312"	"ГЛУБОКОВСКИЙ РАЙОН"	"0"	"сельская местность"	"0"	"Всего"	"0"	"759"
"Число умерших(Человек)"	"2024 год"	"202412"	"ГЛУБОКОВСКИЙ РАЙОН"	"0"	"сельская местность"	"0"	"Всего"	"0"	"776"
"Число умерших(Человек)"	"2009 год"	"200912"	"ЖАРМИНСКИЙ РАЙОН"	"0"	"Всего"	"0"	"Всего"	"0"	"450"
"Число умерших(Человек)"	"2011 год"	"201112"	"ЖАРМИНСКИЙ РАЙОН"	"0"	"Всего"	"0"	"Всего"	"0"	"461"
"Число умерших(Человек)"	"2016 год"	"201612"	"ЖАРМИНСКИЙ РАЙОН"	"0"	"Всего"	"0"	"Всего"	"0"	"384"
"Число умерших(Человек)"	"2010 год"	"201012"	"ЖАРМИНСКИЙ РАЙОН"	"0"	"Всего"	"0"	"Всего"	"0"	"472"
"Число умерших(Человек)"	"2015 год"	"201512"	"ЖАРМИНСКИЙ РАЙОН"	"0"	"Всего"	"0"	"Всего"	"0"	"404"
"Число умерших(Человек)"	"2013 год"	"201312"	"ЖАРМИНСКИЙ РАЙОН"	"0"	"Всего"	"0"	"Всего"	"0"	"426"
"Число умерших(Человек)"	"2014 год"	"201412"	"ЖАРМИНСКИЙ РАЙОН"	"0"	"Всего"	"0"	"Всего"	"0"	"388"
"Число умерших(Человек)"	"2012 год"	"201212"	"ЖАРМИНСКИЙ РАЙОН"	"0"	"Всего"	"0"	"Всего"	"0"	"442"
"Число умерших(Человек)"	"2021 год"	"202112"	"ЖАРМИНСКИЙ РАЙОН"	"0"	"Всего"	"0"	"Всего"	"0"	"406"
"Число умерших(Человек)"	"2020 год"	"202012"	"ЖАРМИНСКИЙ РАЙОН"	"0"	"Всего"	"0"	"Всего"	"0"	"381"
"Число умерших(Человек)"	"2019 год"	"201912"	"ЖАРМИНСКИЙ РАЙОН"	"0"	"Всего"	"0"	"Всего"	"0"	"367"
"Число умерших(Человек)"	"2018 год"	"201812"	"ЖАРМИНСКИЙ РАЙОН"	"0"	"Всего"	"0"	"Всего"	"0"	"388"
"Число умерших(Человек)"	"2022 год"	"202212"	"ЖАРМИНСКИЙ РАЙОН"	"0"	"Всего"	"0"	"Всего"	"0"	"333"
"Число умерших(Человек)"	"2017 год"	"201712"	"ЖАРМИНСКИЙ РАЙОН"	"0"	"Всего"	"0"	"Всего"	"0"	"365"
"Число умерших(Человек)"	"2023 год"	"202312"	"ЖАРМИНСКИЙ РАЙОН"	"0"	"Всего"	"0"	"Всего"	"0"	"304"
"Число умерших(Человек)"	"2024 год"	"202412"	"ЖАРМИНСКИЙ РАЙОН"	"0"	"Всего"	"0"	"Всего"	"0"	"316"
"Число умерших(Человек)"	"2009 год"	"200912"	"ЖАРМИНСКИЙ РАЙОН"	"0"	"городская местность"	"0"	"Всего"	"0"	"86"
"Число умерших(Человек)"	"2011 год"	"201112"	"ЖАРМИНСКИЙ РАЙОН"	"0"	"городская местность"	"0"	"Всего"	"0"	"76"
"Число умерших(Человек)"	"2016 год"	"201612"	"ЖАРМИНСКИЙ РАЙОН"	"0"	"городская местность"	"0"	"Всего"	"0"	"76"
"Число умерших(Человек)"	"2010 год"	"201012"	"ЖАРМИНСКИЙ РАЙОН"	"0"	"городская местность"	"0"	"Всего"	"0"	"97"
"Число умерших(Человек)"	"2015 год"	"201512"	"ЖАРМИНСКИЙ РАЙОН"	"0"	"городская местность"	"0"	"Всего"	"0"	"86"
"Число умерших(Человек)"	"2013 год"	"201312"	"ЖАРМИНСКИЙ РАЙОН"	"0"	"городская местность"	"0"	"Всего"	"0"	"82"
"Число умерших(Человек)"	"2014 год"	"201412"	"ЖАРМИНСКИЙ РАЙОН"	"0"	"городская местность"	"0"	"Всего"	"0"	"68"
"Число умерших(Человек)"	"2012 год"	"201212"	"ЖАРМИНСКИЙ РАЙОН"	"0"	"городская местность"	"0"	"Всего"	"0"	"98"
"Число умерших(Человек)"	"2021 год"	"202112"	"ЖАРМИНСКИЙ РАЙОН"	"0"	"городская местность"	"0"	"Всего"	"0"	"90"
"Число умерших(Человек)"	"2020 год"	"202012"	"ЖАРМИНСКИЙ РАЙОН"	"0"	"городская местность"	"0"	"Всего"	"0"	"81"
"Число умерших(Человек)"	"2019 год"	"201912"	"ЖАРМИНСКИЙ РАЙОН"	"0"	"городская местность"	"0"	"Всего"	"0"	"71"
"Число умерших(Человек)"	"2018 год"	"201812"	"ЖАРМИНСКИЙ РАЙОН"	"0"	"городская местность"	"0"	"Всего"	"0"	"65"
"Число умерших(Человек)"	"2022 год"	"202212"	"ЖАРМИНСКИЙ РАЙОН"	"0"	"городская местность"	"0"	"Всего"	"0"	"59"
"Число умерших(Человек)"	"2017 год"	"201712"	"ЖАРМИНСКИЙ РАЙОН"	"0"	"городская местность"	"0"	"Всего"	"0"	"67"
"Число умерших(Человек)"	"2023 год"	"202312"	"ЖАРМИНСКИЙ РАЙОН"	"0"	"городская местность"	"0"	"Всего"	"0"	"61"
"Число умерших(Человек)"	"2024 год"	"202412"	"ЖАРМИНСКИЙ РАЙОН"	"0"	"городская местность"	"0"	"Всего"	"0"	"59"
"Число умерших(Человек)"	"2009 год"	"200912"	"ЖАРМИНСКИЙ РАЙОН"	"0"	"сельская местность"	"0"	"Всего"	"0"	"364"
"Число умерших(Человек)"	"2011 год"	"201112"	"ЖАРМИНСКИЙ РАЙОН"	"0"	"сельская местность"	"0"	"Всего"	"0"	"385"
"Число умерших(Человек)"	"2016 год"	"201612"	"ЖАРМИНСКИЙ РАЙОН"	"0"	"сельская местность"	"0"	"Всего"	"0"	"308"
"Число умерших(Человек)"	"2010 год"	"201012"	"ЖАРМИНСКИЙ РАЙОН"	"0"	"сельская местность"	"0"	"Всего"	"0"	"375"
"Число умерших(Человек)"	"2015 год"	"201512"	"ЖАРМИНСКИЙ РАЙОН"	"0"	"сельская местность"	"0"	"Всего"	"0"	"318"
"Число умерших(Человек)"	"2013 год"	"201312"	"ЖАРМИНСКИЙ РАЙОН"	"0"	"сельская местность"	"0"	"Всего"	"0"	"344"
"Число умерших(Человек)"	"2014 год"	"201412"	"ЖАРМИНСКИЙ РАЙОН"	"0"	"сельская местность"	"0"	"Всего"	"0"	"320"
"Число умерших(Человек)"	"2012 год"	"201212"	"ЖАРМИНСКИЙ РАЙОН"	"0"	"сельская местность"	"0"	"Всего"	"0"	"344"
"Число умерших(Человек)"	"2021 год"	"202112"	"ЖАРМИНСКИЙ РАЙОН"	"0"	"сельская местность"	"0"	"Всего"	"0"	"316"
"Число умерших(Человек)"	"2020 год"	"202012"	"ЖАРМИНСКИЙ РАЙОН"	"0"	"сельская местность"	"0"	"Всего"	"0"	"300"
"Число умерших(Человек)"	"2019 год"	"201912"	"ЖАРМИНСКИЙ РАЙОН"	"0"	"сельская местность"	"0"	"Всего"	"0"	"296"
"Число умерших(Человек)"	"2018 год"	"201812"	"ЖАРМИНСКИЙ РАЙОН"	"0"	"сельская местность"	"0"	"Всего"	"0"	"323"
"Число умерших(Человек)"	"2022 год"	"202212"	"ЖАРМИНСКИЙ РАЙОН"	"0"	"сельская местность"	"0"	"Всего"	"0"	"274"
"Число умерших(Человек)"	"2017 год"	"201712"	"ЖАРМИНСКИЙ РАЙОН"	"0"	"сельская местность"	"0"	"Всего"	"0"	"298"
"Число умерших(Человек)"	"2023 год"	"202312"	"ЖАРМИНСКИЙ РАЙОН"	"0"	"сельская местность"	"0"	"Всего"	"0"	"243"
"Число умерших(Человек)"	"2024 год"	"202412"	"ЖАРМИНСКИЙ РАЙОН"	"0"	"сельская местность"	"0"	"Всего"	"0"	"257"
"Число умерших(Человек)"	"2009 год"	"200912"	"ЗАЙСАНСКИЙ РАЙОН"	"0"	"Всего"	"0"	"Всего"	"0"	"308"
"Число умерших(Человек)"	"2011 год"	"201112"	"ЗАЙСАНСКИЙ РАЙОН"	"0"	"Всего"	"0"	"Всего"	"0"	"296"
"Число умерших(Человек)"	"2016 год"	"201612"	"ЗАЙСАНСКИЙ РАЙОН"	"0"	"Всего"	"0"	"Всего"	"0"	"276"
"Число умерших(Человек)"	"2010 год"	"201012"	"ЗАЙСАНСКИЙ РАЙОН"	"0"	"Всего"	"0"	"Всего"	"0"	"318"
"Число умерших(Человек)"	"2015 год"	"201512"	"ЗАЙСАНСКИЙ РАЙОН"	"0"	"Всего"	"0"	"Всего"	"0"	"293"
"Число умерших(Человек)"	"2013 год"	"201312"	"ЗАЙСАНСКИЙ РАЙОН"	"0"	"Всего"	"0"	"Всего"	"0"	"255"
"Число умерших(Человек)"	"2014 год"	"201412"	"ЗАЙСАНСКИЙ РАЙОН"	"0"	"Всего"	"0"	"Всего"	"0"	"285"
"Число умерших(Человек)"	"2012 год"	"201212"	"ЗАЙСАНСКИЙ РАЙОН"	"0"	"Всего"	"0"	"Всего"	"0"	"321"
"Число умерших(Человек)"	"2021 год"	"202112"	"ЗАЙСАНСКИЙ РАЙОН"	"0"	"Всего"	"0"	"Всего"	"0"	"344"
"Число умерших(Человек)"	"2020 год"	"202012"	"ЗАЙСАНСКИЙ РАЙОН"	"0"	"Всего"	"0"	"Всего"	"0"	"317"
"Число умерших(Человек)"	"2019 год"	"201912"	"ЗАЙСАНСКИЙ РАЙОН"	"0"	"Всего"	"0"	"Всего"	"0"	"238"
"Число умерших(Человек)"	"2018 год"	"201812"	"ЗАЙСАНСКИЙ РАЙОН"	"0"	"Всего"	"0"	"Всего"	"0"	"277"
"Число умерших(Человек)"	"2022 год"	"202212"	"ЗАЙСАНСКИЙ РАЙОН"	"0"	"Всего"	"0"	"Всего"	"0"	"267"
"Число умерших(Человек)"	"2017 год"	"201712"	"ЗАЙСАНСКИЙ РАЙОН"	"0"	"Всего"	"0"	"Всего"	"0"	"280"
"Число умерших(Человек)"	"2023 год"	"202312"	"ЗАЙСАНСКИЙ РАЙОН"	"0"	"Всего"	"0"	"Всего"	"0"	"239"
"Число умерших(Человек)"	"2024 год"	"202412"	"ЗАЙСАНСКИЙ РАЙОН"	"0"	"Всего"	"0"	"Всего"	"0"	"239"
"Число умерших(Человек)"	"2009 год"	"200912"	"ЗАЙСАНСКИЙ РАЙОН"	"0"	"городская местность"	"0"	"Всего"	"0"	"135"
"Число умерших(Человек)"	"2011 год"	"201112"	"ЗАЙСАНСКИЙ РАЙОН"	"0"	"городская местность"	"0"	"Всего"	"0"	"140"
"Число умерших(Человек)"	"2016 год"	"201612"	"ЗАЙСАНСКИЙ РАЙОН"	"0"	"городская местность"	"0"	"Всего"	"0"	"135"
"Число умерших(Человек)"	"2010 год"	"201012"	"ЗАЙСАНСКИЙ РАЙОН"	"0"	"городская местность"	"0"	"Всего"	"0"	"146"
"Число умерших(Человек)"	"2015 год"	"201512"	"ЗАЙСАНСКИЙ РАЙОН"	"0"	"городская местность"	"0"	"Всего"	"0"	"124"
"Число умерших(Человек)"	"2013 год"	"201312"	"ЗАЙСАНСКИЙ РАЙОН"	"0"	"городская местность"	"0"	"Всего"	"0"	"117"
"Число умерших(Человек)"	"2014 год"	"201412"	"ЗАЙСАНСКИЙ РАЙОН"	"0"	"городская местность"	"0"	"Всего"	"0"	"133"
"Число умерших(Человек)"	"2012 год"	"201212"	"ЗАЙСАНСКИЙ РАЙОН"	"0"	"городская местность"	"0"	"Всего"	"0"	"145"
"Число умерших(Человек)"	"2021 год"	"202112"	"ЗАЙСАНСКИЙ РАЙОН"	"0"	"городская местность"	"0"	"Всего"	"0"	"185"
"Число умерших(Человек)"	"2020 год"	"202012"	"ЗАЙСАНСКИЙ РАЙОН"	"0"	"городская местность"	"0"	"Всего"	"0"	"182"
"Число умерших(Человек)"	"2019 год"	"201912"	"ЗАЙСАНСКИЙ РАЙОН"	"0"	"городская местность"	"0"	"Всего"	"0"	"129"
"Число умерших(Человек)"	"2018 год"	"201812"	"ЗАЙСАНСКИЙ РАЙОН"	"0"	"городская местность"	"0"	"Всего"	"0"	"126"
"Число умерших(Человек)"	"2022 год"	"202212"	"ЗАЙСАНСКИЙ РАЙОН"	"0"	"городская местность"	"0"	"Всего"	"0"	"143"
"Число умерших(Человек)"	"2017 год"	"201712"	"ЗАЙСАНСКИЙ РАЙОН"	"0"	"городская местность"	"0"	"Всего"	"0"	"125"
"Число умерших(Человек)"	"2023 год"	"202312"	"ЗАЙСАНСКИЙ РАЙОН"	"0"	"городская местность"	"0"	"Всего"	"0"	"110"
"Число умерших(Человек)"	"2024 год"	"202412"	"ЗАЙСАНСКИЙ РАЙОН"	"0"	"городская местность"	"0"	"Всего"	"0"	"120"
"Число умерших(Человек)"	"2009 год"	"200912"	"ЗАЙСАНСКИЙ РАЙОН"	"0"	"сельская местность"	"0"	"Всего"	"0"	"173"
"Число умерших(Человек)"	"2011 год"	"201112"	"ЗАЙСАНСКИЙ РАЙОН"	"0"	"сельская местность"	"0"	"Всего"	"0"	"156"
"Число умерших(Человек)"	"2016 год"	"201612"	"ЗАЙСАНСКИЙ РАЙОН"	"0"	"сельская местность"	"0"	"Всего"	"0"	"141"
"Число умерших(Человек)"	"2010 год"	"201012"	"ЗАЙСАНСКИЙ РАЙОН"	"0"	"сельская местность"	"0"	"Всего"	"0"	"172"
"Число умерших(Человек)"	"2015 год"	"201512"	"ЗАЙСАНСКИЙ РАЙОН"	"0"	"сельская местность"	"0"	"Всего"	"0"	"169"
"Число умерших(Человек)"	"2013 год"	"201312"	"ЗАЙСАНСКИЙ РАЙОН"	"0"	"сельская местность"	"0"	"Всего"	"0"	"138"
"Число умерших(Человек)"	"2014 год"	"201412"	"ЗАЙСАНСКИЙ РАЙОН"	"0"	"сельская местность"	"0"	"Всего"	"0"	"152"
"Число умерших(Человек)"	"2012 год"	"201212"	"ЗАЙСАНСКИЙ РАЙОН"	"0"	"сельская местность"	"0"	"Всего"	"0"	"176"
"Число умерших(Человек)"	"2021 год"	"202112"	"ЗАЙСАНСКИЙ РАЙОН"	"0"	"сельская местность"	"0"	"Всего"	"0"	"159"
"Число умерших(Человек)"	"2020 год"	"202012"	"ЗАЙСАНСКИЙ РАЙОН"	"0"	"сельская местность"	"0"	"Всего"	"0"	"135"
"Число умерших(Человек)"	"2019 год"	"201912"	"ЗАЙСАНСКИЙ РАЙОН"	"0"	"сельская местность"	"0"	"Всего"	"0"	"109"
"Число умерших(Человек)"	"2018 год"	"201812"	"ЗАЙСАНСКИЙ РАЙОН"	"0"	"сельская местность"	"0"	"Всего"	"0"	"151"
"Число умерших(Человек)"	"2022 год"	"202212"	"ЗАЙСАНСКИЙ РАЙОН"	"0"	"сельская местность"	"0"	"Всего"	"0"	"124"
"Число умерших(Человек)"	"2017 год"	"201712"	"ЗАЙСАНСКИЙ РАЙОН"	"0"	"сельская местность"	"0"	"Всего"	"0"	"155"
"Число умерших(Человек)"	"2023 год"	"202312"	"ЗАЙСАНСКИЙ РАЙОН"	"0"	"сельская местность"	"0"	"Всего"	"0"	"129"
"Число умерших(Человек)"	"2024 год"	"202412"	"ЗАЙСАНСКИЙ РАЙОН"	"0"	"сельская местность"	"0"	"Всего"	"0"	"119"
"Число умерших(Человек)"	"2009 год"	"200912"	"РАЙОН АЛТАЙ"	"0"	"Всего"	"0"	"Всего"	"0"	"695"
"Число умерших(Человек)"	"2011 год"	"201112"	"РАЙОН АЛТАЙ"	"0"	"Всего"	"0"	"Всего"	"0"	"668"
"Число умерших(Человек)"	"2016 год"	"201612"	"РАЙОН АЛТАЙ"	"0"	"Всего"	"0"	"Всего"	"0"	"1 189"
"Число умерших(Человек)"	"2010 год"	"201012"	"РАЙОН АЛТАЙ"	"0"	"Всего"	"0"	"Всего"	"0"	"718"
"Число умерших(Человек)"	"2015 год"	"201512"	"РАЙОН АЛТАЙ"	"0"	"Всего"	"0"	"Всего"	"0"	"1 131"
"Число умерших(Человек)"	"2013 год"	"201312"	"РАЙОН АЛТАЙ"	"0"	"Всего"	"0"	"Всего"	"0"	"640"
"Число умерших(Человек)"	"2014 год"	"201412"	"РАЙОН АЛТАЙ"	"0"	"Всего"	"0"	"Всего"	"0"	"1 139"
"Число умерших(Человек)"	"2012 год"	"201212"	"РАЙОН АЛТАЙ"	"0"	"Всего"	"0"	"Всего"	"0"	"665"
"Число умерших(Человек)"	"2021 год"	"202112"	"РАЙОН АЛТАЙ"	"0"	"Всего"	"0"	"Всего"	"0"	"1 481"
"Число умерших(Человек)"	"2020 год"	"202012"	"РАЙОН АЛТАЙ"	"0"	"Всего"	"0"	"Всего"	"0"	"1 177"
"Число умерших(Человек)"	"2019 год"	"201912"	"РАЙОН АЛТАЙ"	"0"	"Всего"	"0"	"Всего"	"0"	"1 178"
"Число умерших(Человек)"	"2018 год"	"201812"	"РАЙОН АЛТАЙ"	"0"	"Всего"	"0"	"Всего"	"0"	"1 140"
"Число умерших(Человек)"	"2022 год"	"202212"	"РАЙОН АЛТАЙ"	"0"	"Всего"	"0"	"Всего"	"0"	"1 009"
"Число умерших(Человек)"	"2017 год"	"201712"	"РАЙОН АЛТАЙ"	"0"	"Всего"	"0"	"Всего"	"0"	"1 163"
"Число умерших(Человек)"	"2023 год"	"202312"	"РАЙОН АЛТАЙ"	"0"	"Всего"	"0"	"Всего"	"0"	"1 031"
"Число умерших(Человек)"	"2024 год"	"202412"	"РАЙОН АЛТАЙ"	"0"	"Всего"	"0"	"Всего"	"0"	"1 007"
"Число умерших(Человек)"	"2009 год"	"200912"	"РАЙОН АЛТАЙ"	"0"	"городская местность"	"0"	"Всего"	"0"	"157"
"Число умерших(Человек)"	"2011 год"	"201112"	"РАЙОН АЛТАЙ"	"0"	"городская местность"	"0"	"Всего"	"0"	"149"
"Число умерших(Человек)"	"2016 год"	"201612"	"РАЙОН АЛТАЙ"	"0"	"городская местность"	"0"	"Всего"	"0"	"732"
"Число умерших(Человек)"	"2010 год"	"201012"	"РАЙОН АЛТАЙ"	"0"	"городская местность"	"0"	"Всего"	"0"	"150"
"Число умерших(Человек)"	"2015 год"	"201512"	"РАЙОН АЛТАЙ"	"0"	"городская местность"	"0"	"Всего"	"0"	"734"
"Число умерших(Человек)"	"2013 год"	"201312"	"РАЙОН АЛТАЙ"	"0"	"городская местность"	"0"	"Всего"	"0"	"171"
"Число умерших(Человек)"	"2014 год"	"201412"	"РАЙОН АЛТАЙ"	"0"	"городская местность"	"0"	"Всего"	"0"	"728"
"Число умерших(Человек)"	"2012 год"	"201212"	"РАЙОН АЛТАЙ"	"0"	"городская местность"	"0"	"Всего"	"0"	"161"
"Число умерших(Человек)"	"2021 год"	"202112"	"РАЙОН АЛТАЙ"	"0"	"городская местность"	"0"	"Всего"	"0"	"1 006"
"Число умерших(Человек)"	"2020 год"	"202012"	"РАЙОН АЛТАЙ"	"0"	"городская местность"	"0"	"Всего"	"0"	"780"
"Число умерших(Человек)"	"2019 год"	"201912"	"РАЙОН АЛТАЙ"	"0"	"городская местность"	"0"	"Всего"	"0"	"787"
"Число умерших(Человек)"	"2018 год"	"201812"	"РАЙОН АЛТАЙ"	"0"	"городская местность"	"0"	"Всего"	"0"	"737"
"Число умерших(Человек)"	"2022 год"	"202212"	"РАЙОН АЛТАЙ"	"0"	"городская местность"	"0"	"Всего"	"0"	"693"
"Число умерших(Человек)"	"2017 год"	"201712"	"РАЙОН АЛТАЙ"	"0"	"городская местность"	"0"	"Всего"	"0"	"758"
"Число умерших(Человек)"	"2023 год"	"202312"	"РАЙОН АЛТАЙ"	"0"	"городская местность"	"0"	"Всего"	"0"	"666"
"Число умерших(Человек)"	"2024 год"	"202412"	"РАЙОН АЛТАЙ"	"0"	"городская местность"	"0"	"Всего"	"0"	"663"
"Число умерших(Человек)"	"2009 год"	"200912"	"РАЙОН АЛТАЙ"	"0"	"сельская местность"	"0"	"Всего"	"0"	"538"
"Число умерших(Человек)"	"2011 год"	"201112"	"РАЙОН АЛТАЙ"	"0"	"сельская местность"	"0"	"Всего"	"0"	"519"
"Число умерших(Человек)"	"2016 год"	"201612"	"РАЙОН АЛТАЙ"	"0"	"сельская местность"	"0"	"Всего"	"0"	"457"
"Число умерших(Человек)"	"2010 год"	"201012"	"РАЙОН АЛТАЙ"	"0"	"сельская местность"	"0"	"Всего"	"0"	"568"
"Число умерших(Человек)"	"2015 год"	"201512"	"РАЙОН АЛТАЙ"	"0"	"сельская местность"	"0"	"Всего"	"0"	"397"
"Число умерших(Человек)"	"2013 год"	"201312"	"РАЙОН АЛТАЙ"	"0"	"сельская местность"	"0"	"Всего"	"0"	"469"
"Число умерших(Человек)"	"2014 год"	"201412"	"РАЙОН АЛТАЙ"	"0"	"сельская местность"	"0"	"Всего"	"0"	"411"
"Число умерших(Человек)"	"2012 год"	"201212"	"РАЙОН АЛТАЙ"	"0"	"сельская местность"	"0"	"Всего"	"0"	"504"
"Число умерших(Человек)"	"2021 год"	"202112"	"РАЙОН АЛТАЙ"	"0"	"сельская местность"	"0"	"Всего"	"0"	"475"
"Число умерших(Человек)"	"2020 год"	"202012"	"РАЙОН АЛТАЙ"	"0"	"сельская местность"	"0"	"Всего"	"0"	"397"
"Число умерших(Человек)"	"2019 год"	"201912"	"РАЙОН АЛТАЙ"	"0"	"сельская местность"	"0"	"Всего"	"0"	"391"
"Число умерших(Человек)"	"2018 год"	"201812"	"РАЙОН АЛТАЙ"	"0"	"сельская местность"	"0"	"Всего"	"0"	"403"
"Число умерших(Человек)"	"2022 год"	"202212"	"РАЙОН АЛТАЙ"	"0"	"сельская местность"	"0"	"Всего"	"0"	"316"
"Число умерших(Человек)"	"2017 год"	"201712"	"РАЙОН АЛТАЙ"	"0"	"сельская местность"	"0"	"Всего"	"0"	"405"
"Число умерших(Человек)"	"2023 год"	"202312"	"РАЙОН АЛТАЙ"	"0"	"сельская местность"	"0"	"Всего"	"0"	"365"
"Число умерших(Человек)"	"2024 год"	"202412"	"РАЙОН АЛТАЙ"	"0"	"сельская местность"	"0"	"Всего"	"0"	"344"
"Число умерших(Человек)"	"2009 год"	"200912"	"КОКПЕКТИНСКИЙ РАЙОН"	"0"	"Всего"	"0"	"Всего"	"0"	"389"
"Число умерших(Человек)"	"2011 год"	"201112"	"КОКПЕКТИНСКИЙ РАЙОН"	"0"	"Всего"	"0"	"Всего"	"0"	"403"
"Число умерших(Человек)"	"2016 год"	"201612"	"КОКПЕКТИНСКИЙ РАЙОН"	"0"	"Всего"	"0"	"Всего"	"0"	"305"
"Число умерших(Человек)"	"2010 год"	"201012"	"КОКПЕКТИНСКИЙ РАЙОН"	"0"	"Всего"	"0"	"Всего"	"0"	"423"
"Число умерших(Человек)"	"2015 год"	"201512"	"КОКПЕКТИНСКИЙ РАЙОН"	"0"	"Всего"	"0"	"Всего"	"0"	"324"
"Число умерших(Человек)"	"2013 год"	"201312"	"КОКПЕКТИНСКИЙ РАЙОН"	"0"	"Всего"	"0"	"Всего"	"0"	"336"
"Число умерших(Человек)"	"2014 год"	"201412"	"КОКПЕКТИНСКИЙ РАЙОН"	"0"	"Всего"	"0"	"Всего"	"0"	"352"
"Число умерших(Человек)"	"2012 год"	"201212"	"КОКПЕКТИНСКИЙ РАЙОН"	"0"	"Всего"	"0"	"Всего"	"0"	"372"
"Число умерших(Человек)"	"2021 год"	"202112"	"КОКПЕКТИНСКИЙ РАЙОН"	"0"	"Всего"	"0"	"Всего"	"0"	"391"
"Число умерших(Человек)"	"2020 год"	"202012"	"КОКПЕКТИНСКИЙ РАЙОН"	"0"	"Всего"	"0"	"Всего"	"0"	"332"
"Число умерших(Человек)"	"2019 год"	"201912"	"КОКПЕКТИНСКИЙ РАЙОН"	"0"	"Всего"	"0"	"Всего"	"0"	"324"
"Число умерших(Человек)"	"2018 год"	"201812"	"КОКПЕКТИНСКИЙ РАЙОН"	"0"	"Всего"	"0"	"Всего"	"0"	"293"
"Число умерших(Человек)"	"2022 год"	"202212"	"КОКПЕКТИНСКИЙ РАЙОН"	"0"	"Всего"	"0"	"Всего"	"0"	"117"
"Число умерших(Человек)"	"2017 год"	"201712"	"КОКПЕКТИНСКИЙ РАЙОН"	"0"	"Всего"	"0"	"Всего"	"0"	"298"
"Число умерших(Человек)"	"2023 год"	"202312"	"КОКПЕКТИНСКИЙ РАЙОН"	"0"	"Всего"	"0"	"Всего"	"0"	"107"
"Число умерших(Человек)"	"2024 год"	"202412"	"КОКПЕКТИНСКИЙ РАЙОН"	"0"	"Всего"	"0"	"Всего"	"0"	"124"
"Число умерших(Человек)"	"2009 год"	"200912"	"КОКПЕКТИНСКИЙ РАЙОН"	"0"	"сельская местность"	"0"	"Всего"	"0"	"389"
"Число умерших(Человек)"	"2011 год"	"201112"	"КОКПЕКТИНСКИЙ РАЙОН"	"0"	"сельская местность"	"0"	"Всего"	"0"	"403"
"Число умерших(Человек)"	"2016 год"	"201612"	"КОКПЕКТИНСКИЙ РАЙОН"	"0"	"сельская местность"	"0"	"Всего"	"0"	"305"
"Число умерших(Человек)"	"2010 год"	"201012"	"КОКПЕКТИНСКИЙ РАЙОН"	"0"	"сельская местность"	"0"	"Всего"	"0"	"423"
"Число умерших(Человек)"	"2015 год"	"201512"	"КОКПЕКТИНСКИЙ РАЙОН"	"0"	"сельская местность"	"0"	"Всего"	"0"	"324"
"Число умерших(Человек)"	"2013 год"	"201312"	"КОКПЕКТИНСКИЙ РАЙОН"	"0"	"сельская местность"	"0"	"Всего"	"0"	"336"
"Число умерших(Человек)"	"2014 год"	"201412"	"КОКПЕКТИНСКИЙ РАЙОН"	"0"	"сельская местность"	"0"	"Всего"	"0"	"352"
"Число умерших(Человек)"	"2012 год"	"201212"	"КОКПЕКТИНСКИЙ РАЙОН"	"0"	"сельская местность"	"0"	"Всего"	"0"	"372"
"Число умерших(Человек)"	"2021 год"	"202112"	"КОКПЕКТИНСКИЙ РАЙОН"	"0"	"сельская местность"	"0"	"Всего"	"0"	"391"
"Число умерших(Человек)"	"2020 год"	"202012"	"КОКПЕКТИНСКИЙ РАЙОН"	"0"	"сельская местность"	"0"	"Всего"	"0"	"332"
"Число умерших(Человек)"	"2019 год"	"201912"	"КОКПЕКТИНСКИЙ РАЙОН"	"0"	"сельская местность"	"0"	"Всего"	"0"	"324"
"Число умерших(Человек)"	"2018 год"	"201812"	"КОКПЕКТИНСКИЙ РАЙОН"	"0"	"сельская местность"	"0"	"Всего"	"0"	"293"
"Число умерших(Человек)"	"2022 год"	"202212"	"КОКПЕКТИНСКИЙ РАЙОН"	"0"	"сельская местность"	"0"	"Всего"	"0"	"117"
"Число умерших(Человек)"	"2017 год"	"201712"	"КОКПЕКТИНСКИЙ РАЙОН"	"0"	"сельская местность"	"0"	"Всего"	"0"	"298"
"Число умерших(Человек)"	"2023 год"	"202312"	"КОКПЕКТИНСКИЙ РАЙОН"	"0"	"сельская местность"	"0"	"Всего"	"0"	"107"
"Число умерших(Человек)"	"2024 год"	"202412"	"КОКПЕКТИНСКИЙ РАЙОН"	"0"	"сельская местность"	"0"	"Всего"	"0"	"124"
"Число умерших(Человек)"	"2009 год"	"200912"	"КУРЧУМСКИЙ РАЙОН"	"0"	"Всего"	"0"	"Всего"	"0"	"340"
"Число умерших(Человек)"	"2011 год"	"201112"	"КУРЧУМСКИЙ РАЙОН"	"0"	"Всего"	"0"	"Всего"	"0"	"280"
"Число умерших(Человек)"	"2016 год"	"201612"	"КУРЧУМСКИЙ РАЙОН"	"0"	"Всего"	"0"	"Всего"	"0"	"227"
"Число умерших(Человек)"	"2010 год"	"201012"	"КУРЧУМСКИЙ РАЙОН"	"0"	"Всего"	"0"	"Всего"	"0"	"310"
"Число умерших(Человек)"	"2015 год"	"201512"	"КУРЧУМСКИЙ РАЙОН"	"0"	"Всего"	"0"	"Всего"	"0"	"261"
"Число умерших(Человек)"	"2013 год"	"201312"	"КУРЧУМСКИЙ РАЙОН"	"0"	"Всего"	"0"	"Всего"	"0"	"290"
"Число умерших(Человек)"	"2014 год"	"201412"	"КУРЧУМСКИЙ РАЙОН"	"0"	"Всего"	"0"	"Всего"	"0"	"266"
"Число умерших(Человек)"	"2012 год"	"201212"	"КУРЧУМСКИЙ РАЙОН"	"0"	"Всего"	"0"	"Всего"	"0"	"293"
"Число умерших(Человек)"	"2021 год"	"202112"	"КУРЧУМСКИЙ РАЙОН"	"0"	"Всего"	"0"	"Всего"	"0"	"279"
"Число умерших(Человек)"	"2020 год"	"202012"	"КУРЧУМСКИЙ РАЙОН"	"0"	"Всего"	"0"	"Всего"	"0"	"242"
"Число умерших(Человек)"	"2019 год"	"201912"	"КУРЧУМСКИЙ РАЙОН"	"0"	"Всего"	"0"	"Всего"	"0"	"237"
"Число умерших(Человек)"	"2018 год"	"201812"	"КУРЧУМСКИЙ РАЙОН"	"0"	"Всего"	"0"	"Всего"	"0"	"245"
"Число умерших(Человек)"	"2022 год"	"202212"	"КУРЧУМСКИЙ РАЙОН"	"0"	"Всего"	"0"	"Всего"	"0"	"197"
"Число умерших(Человек)"	"2017 год"	"201712"	"КУРЧУМСКИЙ РАЙОН"	"0"	"Всего"	"0"	"Всего"	"0"	"249"
"Число умерших(Человек)"	"2023 год"	"202312"	"КУРЧУМСКИЙ РАЙОН"	"0"	"Всего"	"0"	"Всего"	"0"	"215"
"Число умерших(Человек)"	"2024 год"	"202412"	"КУРЧУМСКИЙ РАЙОН"	"0"	"Всего"	"0"	"Всего"	"0"	"148"
"Число умерших(Человек)"	"2009 год"	"200912"	"КУРЧУМСКИЙ РАЙОН"	"0"	"сельская местность"	"0"	"Всего"	"0"	"340"
"Число умерших(Человек)"	"2011 год"	"201112"	"КУРЧУМСКИЙ РАЙОН"	"0"	"сельская местность"	"0"	"Всего"	"0"	"280"
"Число умерших(Человек)"	"2016 год"	"201612"	"КУРЧУМСКИЙ РАЙОН"	"0"	"сельская местность"	"0"	"Всего"	"0"	"227"
"Число умерших(Человек)"	"2010 год"	"201012"	"КУРЧУМСКИЙ РАЙОН"	"0"	"сельская местность"	"0"	"Всего"	"0"	"310"
"Число умерших(Человек)"	"2015 год"	"201512"	"КУРЧУМСКИЙ РАЙОН"	"0"	"сельская местность"	"0"	"Всего"	"0"	"261"
"Число умерших(Человек)"	"2013 год"	"201312"	"КУРЧУМСКИЙ РАЙОН"	"0"	"сельская местность"	"0"	"Всего"	"0"	"290"
"Число умерших(Человек)"	"2014 год"	"201412"	"КУРЧУМСКИЙ РАЙОН"	"0"	"сельская местность"	"0"	"Всего"	"0"	"266"
"Число умерших(Человек)"	"2012 год"	"201212"	"КУРЧУМСКИЙ РАЙОН"	"0"	"сельская местность"	"0"	"Всего"	"0"	"293"
"Число умерших(Человек)"	"2021 год"	"202112"	"КУРЧУМСКИЙ РАЙОН"	"0"	"сельская местность"	"0"	"Всего"	"0"	"279"
"Число умерших(Человек)"	"2020 год"	"202012"	"КУРЧУМСКИЙ РАЙОН"	"0"	"сельская местность"	"0"	"Всего"	"0"	"242"
"Число умерших(Человек)"	"2019 год"	"201912"	"КУРЧУМСКИЙ РАЙОН"	"0"	"сельская местность"	"0"	"Всего"	"0"	"237"
"Число умерших(Человек)"	"2018 год"	"201812"	"КУРЧУМСКИЙ РАЙОН"	"0"	"сельская местность"	"0"	"Всего"	"0"	"245"
"Число умерших(Человек)"	"2022 год"	"202212"	"КУРЧУМСКИЙ РАЙОН"	"0"	"сельская местность"	"0"	"Всего"	"0"	"197"
"Число умерших(Человек)"	"2017 год"	"201712"	"КУРЧУМСКИЙ РАЙОН"	"0"	"сельская местность"	"0"	"Всего"	"0"	"249"
"Число умерших(Человек)"	"2023 год"	"202312"	"КУРЧУМСКИЙ РАЙОН"	"0"	"сельская местность"	"0"	"Всего"	"0"	"215"
"Число умерших(Человек)"	"2024 год"	"202412"	"КУРЧУМСКИЙ РАЙОН"	"0"	"сельская местность"	"0"	"Всего"	"0"	"148"
"Число умерших(Человек)"	"2009 год"	"200912"	"КАТОН-КАРАГАЙСКИЙ РАЙОН"	"0"	"Всего"	"0"	"Всего"	"0"	"392"
"Число умерших(Человек)"	"2011 год"	"201112"	"КАТОН-КАРАГАЙСКИЙ РАЙОН"	"0"	"Всего"	"0"	"Всего"	"0"	"348"
"Число умерших(Человек)"	"2016 год"	"201612"	"КАТОН-КАРАГАЙСКИЙ РАЙОН"	"0"	"Всего"	"0"	"Всего"	"0"	"296"
"Число умерших(Человек)"	"2010 год"	"201012"	"КАТОН-КАРАГАЙСКИЙ РАЙОН"	"0"	"Всего"	"0"	"Всего"	"0"	"391"
"Число умерших(Человек)"	"2015 год"	"201512"	"КАТОН-КАРАГАЙСКИЙ РАЙОН"	"0"	"Всего"	"0"	"Всего"	"0"	"311"
"Число умерших(Человек)"	"2013 год"	"201312"	"КАТОН-КАРАГАЙСКИЙ РАЙОН"	"0"	"Всего"	"0"	"Всего"	"0"	"316"
"Число умерших(Человек)"	"2014 год"	"201412"	"КАТОН-КАРАГАЙСКИЙ РАЙОН"	"0"	"Всего"	"0"	"Всего"	"0"	"338"
"Число умерших(Человек)"	"2012 год"	"201212"	"КАТОН-КАРАГАЙСКИЙ РАЙОН"	"0"	"Всего"	"0"	"Всего"	"0"	"346"
"Число умерших(Человек)"	"2021 год"	"202112"	"КАТОН-КАРАГАЙСКИЙ РАЙОН"	"0"	"Всего"	"0"	"Всего"	"0"	"362"
"Число умерших(Человек)"	"2020 год"	"202012"	"КАТОН-КАРАГАЙСКИЙ РАЙОН"	"0"	"Всего"	"0"	"Всего"	"0"	"264"
"Число умерших(Человек)"	"2019 год"	"201912"	"КАТОН-КАРАГАЙСКИЙ РАЙОН"	"0"	"Всего"	"0"	"Всего"	"0"	"249"
"Число умерших(Человек)"	"2018 год"	"201812"	"КАТОН-КАРАГАЙСКИЙ РАЙОН"	"0"	"Всего"	"0"	"Всего"	"0"	"278"
"Число умерших(Человек)"	"2022 год"	"202212"	"КАТОН-КАРАГАЙСКИЙ РАЙОН"	"0"	"Всего"	"0"	"Всего"	"0"	"260"
"Число умерших(Человек)"	"2017 год"	"201712"	"КАТОН-КАРАГАЙСКИЙ РАЙОН"	"0"	"Всего"	"0"	"Всего"	"0"	"289"
"Число умерших(Человек)"	"2023 год"	"202312"	"КАТОН-КАРАГАЙСКИЙ РАЙОН"	"0"	"Всего"	"0"	"Всего"	"0"	"239"
"Число умерших(Человек)"	"2024 год"	"202412"	"КАТОН-КАРАГАЙСКИЙ РАЙОН"	"0"	"Всего"	"0"	"Всего"	"0"	"69"
"Число умерших(Человек)"	"2009 год"	"200912"	"КАТОН-КАРАГАЙСКИЙ РАЙОН"	"0"	"сельская местность"	"0"	"Всего"	"0"	"392"
"Число умерших(Человек)"	"2011 год"	"201112"	"КАТОН-КАРАГАЙСКИЙ РАЙОН"	"0"	"сельская местность"	"0"	"Всего"	"0"	"348"
"Число умерших(Человек)"	"2016 год"	"201612"	"КАТОН-КАРАГАЙСКИЙ РАЙОН"	"0"	"сельская местность"	"0"	"Всего"	"0"	"296"
"Число умерших(Человек)"	"2010 год"	"201012"	"КАТОН-КАРАГАЙСКИЙ РАЙОН"	"0"	"сельская местность"	"0"	"Всего"	"0"	"391"
"Число умерших(Человек)"	"2015 год"	"201512"	"КАТОН-КАРАГАЙСКИЙ РАЙОН"	"0"	"сельская местность"	"0"	"Всего"	"0"	"311"
"Число умерших(Человек)"	"2013 год"	"201312"	"КАТОН-КАРАГАЙСКИЙ РАЙОН"	"0"	"сельская местность"	"0"	"Всего"	"0"	"316"
"Число умерших(Человек)"	"2014 год"	"201412"	"КАТОН-КАРАГАЙСКИЙ РАЙОН"	"0"	"сельская местность"	"0"	"Всего"	"0"	"338"
"Число умерших(Человек)"	"2012 год"	"201212"	"КАТОН-КАРАГАЙСКИЙ РАЙОН"	"0"	"сельская местность"	"0"	"Всего"	"0"	"346"
"Число умерших(Человек)"	"2021 год"	"202112"	"КАТОН-КАРАГАЙСКИЙ РАЙОН"	"0"	"сельская местность"	"0"	"Всего"	"0"	"362"
"Число умерших(Человек)"	"2020 год"	"202012"	"КАТОН-КАРАГАЙСКИЙ РАЙОН"	"0"	"сельская местность"	"0"	"Всего"	"0"	"264"
"Число умерших(Человек)"	"2019 год"	"201912"	"КАТОН-КАРАГАЙСКИЙ РАЙОН"	"0"	"сельская местность"	"0"	"Всего"	"0"	"249"
"Число умерших(Человек)"	"2018 год"	"201812"	"КАТОН-КАРАГАЙСКИЙ РАЙОН"	"0"	"сельская местность"	"0"	"Всего"	"0"	"278"
"Число умерших(Человек)"	"2022 год"	"202212"	"КАТОН-КАРАГАЙСКИЙ РАЙОН"	"0"	"сельская местность"	"0"	"Всего"	"0"	"260"
"Число умерших(Человек)"	"2017 год"	"201712"	"КАТОН-КАРАГАЙСКИЙ РАЙОН"	"0"	"сельская местность"	"0"	"Всего"	"0"	"289"
"Число умерших(Человек)"	"2023 год"	"202312"	"КАТОН-КАРАГАЙСКИЙ РАЙОН"	"0"	"сельская местность"	"0"	"Всего"	"0"	"239"
"Число умерших(Человек)"	"2024 год"	"202412"	"КАТОН-КАРАГАЙСКИЙ РАЙОН"	"0"	"сельская местность"	"0"	"Всего"	"0"	"69"
"Число умерших(Человек)"	"2009 год"	"200912"	"РАЙОН ЕСИЛЬ"	"0"	"Всего"	"0"	"Всего"	"0"	"331"
"Число умерших(Человек)"	"2011 год"	"201112"	"РАЙОН ЕСИЛЬ"	"0"	"Всего"	"0"	"Всего"	"0"	"239"
"Число умерших(Человек)"	"2016 год"	"201612"	"РАЙОН ЕСИЛЬ"	"0"	"Всего"	"0"	"Всего"	"0"	"336"
"Число умерших(Человек)"	"2010 год"	"201012"	"РАЙОН ЕСИЛЬ"	"0"	"Всего"	"0"	"Всего"	"0"	"375"
"Число умерших(Человек)"	"2015 год"	"201512"	"РАЙОН ЕСИЛЬ"	"0"	"Всего"	"0"	"Всего"	"0"	"283"
"Число умерших(Человек)"	"2013 год"	"201312"	"РАЙОН ЕСИЛЬ"	"0"	"Всего"	"0"	"Всего"	"0"	"202"
"Число умерших(Человек)"	"2014 год"	"201412"	"РАЙОН ЕСИЛЬ"	"0"	"Всего"	"0"	"Всего"	"0"	"233"
"Число умерших(Человек)"	"2012 год"	"201212"	"РАЙОН ЕСИЛЬ"	"0"	"Всего"	"0"	"Всего"	"0"	"159"
"Число умерших(Человек)"	"2021 год"	"202112"	"РАЙОН ЕСИЛЬ"	"0"	"Всего"	"0"	"Всего"	"0"	"1 149"
"Число умерших(Человек)"	"2020 год"	"202012"	"РАЙОН ЕСИЛЬ"	"0"	"Всего"	"0"	"Всего"	"0"	"901"
"Число умерших(Человек)"	"2019 год"	"201912"	"РАЙОН ЕСИЛЬ"	"0"	"Всего"	"0"	"Всего"	"0"	"530"
"Число умерших(Человек)"	"2018 год"	"201812"	"РАЙОН ЕСИЛЬ"	"0"	"Всего"	"0"	"Всего"	"0"	"414"
"Число умерших(Человек)"	"2022 год"	"202212"	"РАЙОН ЕСИЛЬ"	"0"	"Всего"	"0"	"Всего"	"0"	"1 046"
"Число умерших(Человек)"	"2017 год"	"201712"	"РАЙОН ЕСИЛЬ"	"0"	"Всего"	"0"	"Всего"	"0"	"348"
"Число умерших(Человек)"	"2023 год"	"202312"	"РАЙОН ЕСИЛЬ"	"0"	"Всего"	"0"	"Всего"	"0"	"1 030"
"Число умерших(Человек)"	"2024 год"	"202412"	"РАЙОН ЕСИЛЬ"	"0"	"Всего"	"0"	"Всего"	"0"	"711"
"Число умерших(Человек)"	"2009 год"	"200912"	"РАЙОН ЕСИЛЬ"	"0"	"городская местность"	"0"	"Всего"	"0"	"331"
"Число умерших(Человек)"	"2011 год"	"201112"	"РАЙОН ЕСИЛЬ"	"0"	"городская местность"	"0"	"Всего"	"0"	"239"
"Число умерших(Человек)"	"2016 год"	"201612"	"РАЙОН ЕСИЛЬ"	"0"	"городская местность"	"0"	"Всего"	"0"	"336"
"Число умерших(Человек)"	"2010 год"	"201012"	"РАЙОН ЕСИЛЬ"	"0"	"городская местность"	"0"	"Всего"	"0"	"375"
"Число умерших(Человек)"	"2015 год"	"201512"	"РАЙОН ЕСИЛЬ"	"0"	"городская местность"	"0"	"Всего"	"0"	"283"
"Число умерших(Человек)"	"2013 год"	"201312"	"РАЙОН ЕСИЛЬ"	"0"	"городская местность"	"0"	"Всего"	"0"	"202"
"Число умерших(Человек)"	"2014 год"	"201412"	"РАЙОН ЕСИЛЬ"	"0"	"городская местность"	"0"	"Всего"	"0"	"233"
"Число умерших(Человек)"	"2012 год"	"201212"	"РАЙОН ЕСИЛЬ"	"0"	"городская местность"	"0"	"Всего"	"0"	"159"
"Число умерших(Человек)"	"2021 год"	"202112"	"РАЙОН ЕСИЛЬ"	"0"	"городская местность"	"0"	"Всего"	"0"	"1 149"
"Число умерших(Человек)"	"2020 год"	"202012"	"РАЙОН ЕСИЛЬ"	"0"	"городская местность"	"0"	"Всего"	"0"	"901"
"Число умерших(Человек)"	"2019 год"	"201912"	"РАЙОН ЕСИЛЬ"	"0"	"городская местность"	"0"	"Всего"	"0"	"530"
"Число умерших(Человек)"	"2018 год"	"201812"	"РАЙОН ЕСИЛЬ"	"0"	"городская местность"	"0"	"Всего"	"0"	"414"
"Число умерших(Человек)"	"2022 год"	"202212"	"РАЙОН ЕСИЛЬ"	"0"	"городская местность"	"0"	"Всего"	"0"	"1 046"
"Число умерших(Человек)"	"2017 год"	"201712"	"РАЙОН ЕСИЛЬ"	"0"	"городская местность"	"0"	"Всего"	"0"	"348"
"Число умерших(Человек)"	"2023 год"	"202312"	"РАЙОН ЕСИЛЬ"	"0"	"городская местность"	"0"	"Всего"	"0"	"1 030"
"Число умерших(Человек)"	"2024 год"	"202412"	"РАЙОН ЕСИЛЬ"	"0"	"городская местность"	"0"	"Всего"	"0"	"711"
"Число умерших(Человек)"	"2009 год"	"200912"	"РАЙОН САРЫАРКА"	"0"	"Всего"	"0"	"Всего"	"0"	"1 327"
"Число умерших(Человек)"	"2011 год"	"201112"	"РАЙОН САРЫАРКА"	"0"	"Всего"	"0"	"Всего"	"0"	"1 450"
"Число умерших(Человек)"	"2016 год"	"201612"	"РАЙОН САРЫАРКА"	"0"	"Всего"	"0"	"Всего"	"0"	"1 770"
"Число умерших(Человек)"	"2010 год"	"201012"	"РАЙОН САРЫАРКА"	"0"	"Всего"	"0"	"Всего"	"0"	"1 350"
"Число умерших(Человек)"	"2015 год"	"201512"	"РАЙОН САРЫАРКА"	"0"	"Всего"	"0"	"Всего"	"0"	"1 751"
"Число умерших(Человек)"	"2013 год"	"201312"	"РАЙОН САРЫАРКА"	"0"	"Всего"	"0"	"Всего"	"0"	"1 562"
"Число умерших(Человек)"	"2014 год"	"201412"	"РАЙОН САРЫАРКА"	"0"	"Всего"	"0"	"Всего"	"0"	"1 622"
"Число умерших(Человек)"	"2012 год"	"201212"	"РАЙОН САРЫАРКА"	"0"	"Всего"	"0"	"Всего"	"0"	"1 583"
"Число умерших(Человек)"	"2021 год"	"202112"	"РАЙОН САРЫАРКА"	"0"	"Всего"	"0"	"Всего"	"0"	"2 329"
"Число умерших(Человек)"	"2020 год"	"202012"	"РАЙОН САРЫАРКА"	"0"	"Всего"	"0"	"Всего"	"0"	"2 176"
"Число умерших(Человек)"	"2019 год"	"201912"	"РАЙОН САРЫАРКА"	"0"	"Всего"	"0"	"Всего"	"0"	"1 600"
"Число умерших(Человек)"	"2018 год"	"201812"	"РАЙОН САРЫАРКА"	"0"	"Всего"	"0"	"Всего"	"0"	"1 562"
"Число умерших(Человек)"	"2022 год"	"202212"	"РАЙОН САРЫАРКА"	"0"	"Всего"	"0"	"Всего"	"0"	"1 716"
"Число умерших(Человек)"	"2017 год"	"201712"	"РАЙОН САРЫАРКА"	"0"	"Всего"	"0"	"Всего"	"0"	"1 408"
"Число умерших(Человек)"	"2023 год"	"202312"	"РАЙОН САРЫАРКА"	"0"	"Всего"	"0"	"Всего"	"0"	"1 699"
"Число умерших(Человек)"	"2024 год"	"202412"	"РАЙОН САРЫАРКА"	"0"	"Всего"	"0"	"Всего"	"0"	"1 749"
"Число умерших(Человек)"	"2009 год"	"200912"	"РАЙОН САРЫАРКА"	"0"	"городская местность"	"0"	"Всего"	"0"	"1 327"
"Число умерших(Человек)"	"2011 год"	"201112"	"РАЙОН САРЫАРКА"	"0"	"городская местность"	"0"	"Всего"	"0"	"1 450"
"Число умерших(Человек)"	"2016 год"	"201612"	"РАЙОН САРЫАРКА"	"0"	"городская местность"	"0"	"Всего"	"0"	"1 770"
"Число умерших(Человек)"	"2010 год"	"201012"	"РАЙОН САРЫАРКА"	"0"	"городская местность"	"0"	"Всего"	"0"	"1 350"
"Число умерших(Человек)"	"2015 год"	"201512"	"РАЙОН САРЫАРКА"	"0"	"городская местность"	"0"	"Всего"	"0"	"1 751"
"Число умерших(Человек)"	"2013 год"	"201312"	"РАЙОН САРЫАРКА"	"0"	"городская местность"	"0"	"Всего"	"0"	"1 562"
"Число умерших(Человек)"	"2014 год"	"201412"	"РАЙОН САРЫАРКА"	"0"	"городская местность"	"0"	"Всего"	"0"	"1 622"
"Число умерших(Человек)"	"2012 год"	"201212"	"РАЙОН САРЫАРКА"	"0"	"городская местность"	"0"	"Всего"	"0"	"1 583"
"Число умерших(Человек)"	"2021 год"	"202112"	"РАЙОН САРЫАРКА"	"0"	"городская местность"	"0"	"Всего"	"0"	"2 329"
"Число умерших(Человек)"	"2020 год"	"202012"	"РАЙОН САРЫАРКА"	"0"	"городская местность"	"0"	"Всего"	"0"	"2 176"
"Число умерших(Человек)"	"2019 год"	"201912"	"РАЙОН САРЫАРКА"	"0"	"городская местность"	"0"	"Всего"	"0"	"1 600"
"Число умерших(Человек)"	"2018 год"	"201812"	"РАЙОН САРЫАРКА"	"0"	"городская местность"	"0"	"Всего"	"0"	"1 562"
"Число умерших(Человек)"	"2022 год"	"202212"	"РАЙОН САРЫАРКА"	"0"	"городская местность"	"0"	"Всего"	"0"	"1 716"
"Число умерших(Человек)"	"2017 год"	"201712"	"РАЙОН САРЫАРКА"	"0"	"городская местность"	"0"	"Всего"	"0"	"1 408"
"Число умерших(Человек)"	"2023 год"	"202312"	"РАЙОН САРЫАРКА"	"0"	"городская местность"	"0"	"Всего"	"0"	"1 699"
"Число умерших(Человек)"	"2024 год"	"202412"	"РАЙОН САРЫАРКА"	"0"	"городская местность"	"0"	"Всего"	"0"	"1 749"
"Число умерших(Человек)"	"2009 год"	"200912"	"АЛМАЛИНСКИЙ РАЙОН"	"0"	"Всего"	"0"	"Всего"	"0"	"1 646"
"Число умерших(Человек)"	"2011 год"	"201112"	"АЛМАЛИНСКИЙ РАЙОН"	"0"	"Всего"	"0"	"Всего"	"0"	"1 839"
"Число умерших(Человек)"	"2016 год"	"201612"	"АЛМАЛИНСКИЙ РАЙОН"	"0"	"Всего"	"0"	"Всего"	"0"	"1 581"
"Число умерших(Человек)"	"2010 год"	"201012"	"АЛМАЛИНСКИЙ РАЙОН"	"0"	"Всего"	"0"	"Всего"	"0"	"1 733"
"Число умерших(Человек)"	"2015 год"	"201512"	"АЛМАЛИНСКИЙ РАЙОН"	"0"	"Всего"	"0"	"Всего"	"0"	"1 521"
"Число умерших(Человек)"	"2013 год"	"201312"	"АЛМАЛИНСКИЙ РАЙОН"	"0"	"Всего"	"0"	"Всего"	"0"	"1 751"
"Число умерших(Человек)"	"2014 год"	"201412"	"АЛМАЛИНСКИЙ РАЙОН"	"0"	"Всего"	"0"	"Всего"	"0"	"1 765"
"Число умерших(Человек)"	"2012 год"	"201212"	"АЛМАЛИНСКИЙ РАЙОН"	"0"	"Всего"	"0"	"Всего"	"0"	"1 827"
"Число умерших(Человек)"	"2021 год"	"202112"	"АЛМАЛИНСКИЙ РАЙОН"	"0"	"Всего"	"0"	"Всего"	"0"	"2 690"
"Число умерших(Человек)"	"2020 год"	"202012"	"АЛМАЛИНСКИЙ РАЙОН"	"0"	"Всего"	"0"	"Всего"	"0"	"1 949"
"Число умерших(Человек)"	"2019 год"	"201912"	"АЛМАЛИНСКИЙ РАЙОН"	"0"	"Всего"	"0"	"Всего"	"0"	"1 741"
"Число умерших(Человек)"	"2018 год"	"201812"	"АЛМАЛИНСКИЙ РАЙОН"	"0"	"Всего"	"0"	"Всего"	"0"	"1 696"
"Число умерших(Человек)"	"2022 год"	"202212"	"АЛМАЛИНСКИЙ РАЙОН"	"0"	"Всего"	"0"	"Всего"	"0"	"1 687"
"Число умерших(Человек)"	"2017 год"	"201712"	"АЛМАЛИНСКИЙ РАЙОН"	"0"	"Всего"	"0"	"Всего"	"0"	"1 690"
"Число умерших(Человек)"	"2023 год"	"202312"	"АЛМАЛИНСКИЙ РАЙОН"	"0"	"Всего"	"0"	"Всего"	"0"	"1 622"
"Число умерших(Человек)"	"2024 год"	"202412"	"АЛМАЛИНСКИЙ РАЙОН"	"0"	"Всего"	"0"	"Всего"	"0"	"1 647"
"Число умерших(Человек)"	"2009 год"	"200912"	"АЛМАЛИНСКИЙ РАЙОН"	"0"	"городская местность"	"0"	"Всего"	"0"	"1 646"
"Число умерших(Человек)"	"2011 год"	"201112"	"АЛМАЛИНСКИЙ РАЙОН"	"0"	"городская местность"	"0"	"Всего"	"0"	"1 839"
"Число умерших(Человек)"	"2016 год"	"201612"	"АЛМАЛИНСКИЙ РАЙОН"	"0"	"городская местность"	"0"	"Всего"	"0"	"1 581"
"Число умерших(Человек)"	"2010 год"	"201012"	"АЛМАЛИНСКИЙ РАЙОН"	"0"	"городская местность"	"0"	"Всего"	"0"	"1 733"
"Число умерших(Человек)"	"2015 год"	"201512"	"АЛМАЛИНСКИЙ РАЙОН"	"0"	"городская местность"	"0"	"Всего"	"0"	"1 521"
"Число умерших(Человек)"	"2013 год"	"201312"	"АЛМАЛИНСКИЙ РАЙОН"	"0"	"городская местность"	"0"	"Всего"	"0"	"1 751"
"Число умерших(Человек)"	"2014 год"	"201412"	"АЛМАЛИНСКИЙ РАЙОН"	"0"	"городская местность"	"0"	"Всего"	"0"	"1 765"
"Число умерших(Человек)"	"2012 год"	"201212"	"АЛМАЛИНСКИЙ РАЙОН"	"0"	"городская местность"	"0"	"Всего"	"0"	"1 827"
"Число умерших(Человек)"	"2021 год"	"202112"	"АЛМАЛИНСКИЙ РАЙОН"	"0"	"городская местность"	"0"	"Всего"	"0"	"2 690"
"Число умерших(Человек)"	"2020 год"	"202012"	"АЛМАЛИНСКИЙ РАЙОН"	"0"	"городская местность"	"0"	"Всего"	"0"	"1 949"
"Число умерших(Человек)"	"2019 год"	"201912"	"АЛМАЛИНСКИЙ РАЙОН"	"0"	"городская местность"	"0"	"Всего"	"0"	"1 741"
"Число умерших(Человек)"	"2018 год"	"201812"	"АЛМАЛИНСКИЙ РАЙОН"	"0"	"городская местность"	"0"	"Всего"	"0"	"1 696"
"Число умерших(Человек)"	"2022 год"	"202212"	"АЛМАЛИНСКИЙ РАЙОН"	"0"	"городская местность"	"0"	"Всего"	"0"	"1 687"
"Число умерших(Человек)"	"2017 год"	"201712"	"АЛМАЛИНСКИЙ РАЙОН"	"0"	"городская местность"	"0"	"Всего"	"0"	"1 690"
"Число умерших(Человек)"	"2023 год"	"202312"	"АЛМАЛИНСКИЙ РАЙОН"	"0"	"городская местность"	"0"	"Всего"	"0"	"1 622"
"Число умерших(Человек)"	"2024 год"	"202412"	"АЛМАЛИНСКИЙ РАЙОН"	"0"	"городская местность"	"0"	"Всего"	"0"	"1 647"
"Число умерших(Человек)"	"2009 год"	"200912"	"АЛАТАУСКИЙ РАЙОН"	"0"	"Всего"	"0"	"Всего"	"0"	"1 198"
"Число умерших(Человек)"	"2011 год"	"201112"	"АЛАТАУСКИЙ РАЙОН"	"0"	"Всего"	"0"	"Всего"	"0"	"635"
"Число умерших(Человек)"	"2016 год"	"201612"	"АЛАТАУСКИЙ РАЙОН"	"0"	"Всего"	"0"	"Всего"	"0"	"849"
"Число умерших(Человек)"	"2010 год"	"201012"	"АЛАТАУСКИЙ РАЙОН"	"0"	"Всего"	"0"	"Всего"	"0"	"1 233"
"Число умерших(Человек)"	"2015 год"	"201512"	"АЛАТАУСКИЙ РАЙОН"	"0"	"Всего"	"0"	"Всего"	"0"	"792"
"Число умерших(Человек)"	"2013 год"	"201312"	"АЛАТАУСКИЙ РАЙОН"	"0"	"Всего"	"0"	"Всего"	"0"	"655"
"Число умерших(Человек)"	"2014 год"	"201412"	"АЛАТАУСКИЙ РАЙОН"	"0"	"Всего"	"0"	"Всего"	"0"	"752"
"Число умерших(Человек)"	"2012 год"	"201212"	"АЛАТАУСКИЙ РАЙОН"	"0"	"Всего"	"0"	"Всего"	"0"	"544"
"Число умерших(Человек)"	"2021 год"	"202112"	"АЛАТАУСКИЙ РАЙОН"	"0"	"Всего"	"0"	"Всего"	"0"	"1 630"
"Число умерших(Человек)"	"2020 год"	"202012"	"АЛАТАУСКИЙ РАЙОН"	"0"	"Всего"	"0"	"Всего"	"0"	"1 448"
"Число умерших(Человек)"	"2019 год"	"201912"	"АЛАТАУСКИЙ РАЙОН"	"0"	"Всего"	"0"	"Всего"	"0"	"1 143"
"Число умерших(Человек)"	"2018 год"	"201812"	"АЛАТАУСКИЙ РАЙОН"	"0"	"Всего"	"0"	"Всего"	"0"	"1 075"
"Число умерших(Человек)"	"2022 год"	"202212"	"АЛАТАУСКИЙ РАЙОН"	"0"	"Всего"	"0"	"Всего"	"0"	"1 279"
"Число умерших(Человек)"	"2017 год"	"201712"	"АЛАТАУСКИЙ РАЙОН"	"0"	"Всего"	"0"	"Всего"	"0"	"887"
"Число умерших(Человек)"	"2023 год"	"202312"	"АЛАТАУСКИЙ РАЙОН"	"0"	"Всего"	"0"	"Всего"	"0"	"1 397"
"Число умерших(Человек)"	"2024 год"	"202412"	"АЛАТАУСКИЙ РАЙОН"	"0"	"Всего"	"0"	"Всего"	"0"	"1 373"
"Число умерших(Человек)"	"2009 год"	"200912"	"АЛАТАУСКИЙ РАЙОН"	"0"	"городская местность"	"0"	"Всего"	"0"	"1 198"
"Число умерших(Человек)"	"2011 год"	"201112"	"АЛАТАУСКИЙ РАЙОН"	"0"	"городская местность"	"0"	"Всего"	"0"	"635"
"Число умерших(Человек)"	"2016 год"	"201612"	"АЛАТАУСКИЙ РАЙОН"	"0"	"городская местность"	"0"	"Всего"	"0"	"849"
"Число умерших(Человек)"	"2010 год"	"201012"	"АЛАТАУСКИЙ РАЙОН"	"0"	"городская местность"	"0"	"Всего"	"0"	"1 233"
"Число умерших(Человек)"	"2015 год"	"201512"	"АЛАТАУСКИЙ РАЙОН"	"0"	"городская местность"	"0"	"Всего"	"0"	"792"
"Число умерших(Человек)"	"2013 год"	"201312"	"АЛАТАУСКИЙ РАЙОН"	"0"	"городская местность"	"0"	"Всего"	"0"	"655"
"Число умерших(Человек)"	"2014 год"	"201412"	"АЛАТАУСКИЙ РАЙОН"	"0"	"городская местность"	"0"	"Всего"	"0"	"752"
"Число умерших(Человек)"	"2012 год"	"201212"	"АЛАТАУСКИЙ РАЙОН"	"0"	"городская местность"	"0"	"Всего"	"0"	"544"
"Число умерших(Человек)"	"2021 год"	"202112"	"АЛАТАУСКИЙ РАЙОН"	"0"	"городская местность"	"0"	"Всего"	"0"	"1 630"
"Число умерших(Человек)"	"2020 год"	"202012"	"АЛАТАУСКИЙ РАЙОН"	"0"	"городская местность"	"0"	"Всего"	"0"	"1 448"
"Число умерших(Человек)"	"2019 год"	"201912"	"АЛАТАУСКИЙ РАЙОН"	"0"	"городская местность"	"0"	"Всего"	"0"	"1 143"
"Число умерших(Человек)"	"2018 год"	"201812"	"АЛАТАУСКИЙ РАЙОН"	"0"	"городская местность"	"0"	"Всего"	"0"	"1 075"
"Число умерших(Человек)"	"2022 год"	"202212"	"АЛАТАУСКИЙ РАЙОН"	"0"	"городская местность"	"0"	"Всего"	"0"	"1 279"
"Число умерших(Человек)"	"2017 год"	"201712"	"АЛАТАУСКИЙ РАЙОН"	"0"	"городская местность"	"0"	"Всего"	"0"	"887"
"Число умерших(Человек)"	"2023 год"	"202312"	"АЛАТАУСКИЙ РАЙОН"	"0"	"городская местность"	"0"	"Всего"	"0"	"1 397"
"Число умерших(Человек)"	"2024 год"	"202412"	"АЛАТАУСКИЙ РАЙОН"	"0"	"городская местность"	"0"	"Всего"	"0"	"1 373"
"Число умерших(Человек)"	"2009 год"	"200912"	"АУЭЗОВСКИЙ РАЙОН"	"0"	"Всего"	"0"	"Всего"	"0"	"2 376"
"Число умерших(Человек)"	"2011 год"	"201112"	"АУЭЗОВСКИЙ РАЙОН"	"0"	"Всего"	"0"	"Всего"	"0"	"2 482"
"Число умерших(Человек)"	"2016 год"	"201612"	"АУЭЗОВСКИЙ РАЙОН"	"0"	"Всего"	"0"	"Всего"	"0"	"2 122"
"Число умерших(Человек)"	"2010 год"	"201012"	"АУЭЗОВСКИЙ РАЙОН"	"0"	"Всего"	"0"	"Всего"	"0"	"2 480"
"Число умерших(Человек)"	"2015 год"	"201512"	"АУЭЗОВСКИЙ РАЙОН"	"0"	"Всего"	"0"	"Всего"	"0"	"2 318"
"Число умерших(Человек)"	"2013 год"	"201312"	"АУЭЗОВСКИЙ РАЙОН"	"0"	"Всего"	"0"	"Всего"	"0"	"2 375"
"Число умерших(Человек)"	"2014 год"	"201412"	"АУЭЗОВСКИЙ РАЙОН"	"0"	"Всего"	"0"	"Всего"	"0"	"2 285"
"Число умерших(Человек)"	"2012 год"	"201212"	"АУЭЗОВСКИЙ РАЙОН"	"0"	"Всего"	"0"	"Всего"	"0"	"2 460"
"Число умерших(Человек)"	"2021 год"	"202112"	"АУЭЗОВСКИЙ РАЙОН"	"0"	"Всего"	"0"	"Всего"	"0"	"3 252"
"Число умерших(Человек)"	"2020 год"	"202012"	"АУЭЗОВСКИЙ РАЙОН"	"0"	"Всего"	"0"	"Всего"	"0"	"2 663"
"Число умерших(Человек)"	"2019 год"	"201912"	"АУЭЗОВСКИЙ РАЙОН"	"0"	"Всего"	"0"	"Всего"	"0"	"2 291"
"Число умерших(Человек)"	"2018 год"	"201812"	"АУЭЗОВСКИЙ РАЙОН"	"0"	"Всего"	"0"	"Всего"	"0"	"2 130"
"Число умерших(Человек)"	"2022 год"	"202212"	"АУЭЗОВСКИЙ РАЙОН"	"0"	"Всего"	"0"	"Всего"	"0"	"2 139"
"Число умерших(Человек)"	"2017 год"	"201712"	"АУЭЗОВСКИЙ РАЙОН"	"0"	"Всего"	"0"	"Всего"	"0"	"2 152"
"Число умерших(Человек)"	"2023 год"	"202312"	"АУЭЗОВСКИЙ РАЙОН"	"0"	"Всего"	"0"	"Всего"	"0"	"2 034"
"Число умерших(Человек)"	"2024 год"	"202412"	"АУЭЗОВСКИЙ РАЙОН"	"0"	"Всего"	"0"	"Всего"	"0"	"2 117"
"Число умерших(Человек)"	"2009 год"	"200912"	"АУЭЗОВСКИЙ РАЙОН"	"0"	"городская местность"	"0"	"Всего"	"0"	"2 376"
"Число умерших(Человек)"	"2011 год"	"201112"	"АУЭЗОВСКИЙ РАЙОН"	"0"	"городская местность"	"0"	"Всего"	"0"	"2 482"
"Число умерших(Человек)"	"2016 год"	"201612"	"АУЭЗОВСКИЙ РАЙОН"	"0"	"городская местность"	"0"	"Всего"	"0"	"2 122"
"Число умерших(Человек)"	"2010 год"	"201012"	"АУЭЗОВСКИЙ РАЙОН"	"0"	"городская местность"	"0"	"Всего"	"0"	"2 480"
"Число умерших(Человек)"	"2015 год"	"201512"	"АУЭЗОВСКИЙ РАЙОН"	"0"	"городская местность"	"0"	"Всего"	"0"	"2 318"
"Число умерших(Человек)"	"2013 год"	"201312"	"АУЭЗОВСКИЙ РАЙОН"	"0"	"городская местность"	"0"	"Всего"	"0"	"2 375"
"Число умерших(Человек)"	"2014 год"	"201412"	"АУЭЗОВСКИЙ РАЙОН"	"0"	"городская местность"	"0"	"Всего"	"0"	"2 285"
"Число умерших(Человек)"	"2012 год"	"201212"	"АУЭЗОВСКИЙ РАЙОН"	"0"	"городская местность"	"0"	"Всего"	"0"	"2 460"
"Число умерших(Человек)"	"2021 год"	"202112"	"АУЭЗОВСКИЙ РАЙОН"	"0"	"городская местность"	"0"	"Всего"	"0"	"3 252"
"Число умерших(Человек)"	"2020 год"	"202012"	"АУЭЗОВСКИЙ РАЙОН"	"0"	"городская местность"	"0"	"Всего"	"0"	"2 663"
"Число умерших(Человек)"	"2019 год"	"201912"	"АУЭЗОВСКИЙ РАЙОН"	"0"	"городская местность"	"0"	"Всего"	"0"	"2 291"
"Число умерших(Человек)"	"2018 год"	"201812"	"АУЭЗОВСКИЙ РАЙОН"	"0"	"городская местность"	"0"	"Всего"	"0"	"2 130"
"Число умерших(Человек)"	"2022 год"	"202212"	"АУЭЗОВСКИЙ РАЙОН"	"0"	"городская местность"	"0"	"Всего"	"0"	"2 139"
"Число умерших(Человек)"	"2017 год"	"201712"	"АУЭЗОВСКИЙ РАЙОН"	"0"	"городская местность"	"0"	"Всего"	"0"	"2 152"
"Число умерших(Человек)"	"2023 год"	"202312"	"АУЭЗОВСКИЙ РАЙОН"	"0"	"городская местность"	"0"	"Всего"	"0"	"2 034"
"Число умерших(Человек)"	"2024 год"	"202412"	"АУЭЗОВСКИЙ РАЙОН"	"0"	"городская местность"	"0"	"Всего"	"0"	"2 117"
"Число умерших(Человек)"	"2009 год"	"200912"	"БОСТАНДЫКСКИЙ РАЙОН"	"0"	"Всего"	"0"	"Всего"	"0"	"1 791"
"Число умерших(Человек)"	"2011 год"	"201112"	"БОСТАНДЫКСКИЙ РАЙОН"	"0"	"Всего"	"0"	"Всего"	"0"	"1 843"
"Число умерших(Человек)"	"2016 год"	"201612"	"БОСТАНДЫКСКИЙ РАЙОН"	"0"	"Всего"	"0"	"Всего"	"0"	"1 865"
"Число умерших(Человек)"	"2010 год"	"201012"	"БОСТАНДЫКСКИЙ РАЙОН"	"0"	"Всего"	"0"	"Всего"	"0"	"1 981"
"Число умерших(Человек)"	"2015 год"	"201512"	"БОСТАНДЫКСКИЙ РАЙОН"	"0"	"Всего"	"0"	"Всего"	"0"	"1 778"
"Число умерших(Человек)"	"2013 год"	"201312"	"БОСТАНДЫКСКИЙ РАЙОН"	"0"	"Всего"	"0"	"Всего"	"0"	"1 809"
"Число умерших(Человек)"	"2014 год"	"201412"	"БОСТАНДЫКСКИЙ РАЙОН"	"0"	"Всего"	"0"	"Всего"	"0"	"1 876"
"Число умерших(Человек)"	"2012 год"	"201212"	"БОСТАНДЫКСКИЙ РАЙОН"	"0"	"Всего"	"0"	"Всего"	"0"	"1 791"
"Число умерших(Человек)"	"2021 год"	"202112"	"БОСТАНДЫКСКИЙ РАЙОН"	"0"	"Всего"	"0"	"Всего"	"0"	"3 117"
"Число умерших(Человек)"	"2020 год"	"202012"	"БОСТАНДЫКСКИЙ РАЙОН"	"0"	"Всего"	"0"	"Всего"	"0"	"2 274"
"Число умерших(Человек)"	"2019 год"	"201912"	"БОСТАНДЫКСКИЙ РАЙОН"	"0"	"Всего"	"0"	"Всего"	"0"	"2 018"
"Число умерших(Человек)"	"2018 год"	"201812"	"БОСТАНДЫКСКИЙ РАЙОН"	"0"	"Всего"	"0"	"Всего"	"0"	"1 996"
"Число умерших(Человек)"	"2022 год"	"202212"	"БОСТАНДЫКСКИЙ РАЙОН"	"0"	"Всего"	"0"	"Всего"	"0"	"2 067"
"Число умерших(Человек)"	"2017 год"	"201712"	"БОСТАНДЫКСКИЙ РАЙОН"	"0"	"Всего"	"0"	"Всего"	"0"	"1 770"
"Число умерших(Человек)"	"2023 год"	"202312"	"БОСТАНДЫКСКИЙ РАЙОН"	"0"	"Всего"	"0"	"Всего"	"0"	"1 925"
"Число умерших(Человек)"	"2024 год"	"202412"	"БОСТАНДЫКСКИЙ РАЙОН"	"0"	"Всего"	"0"	"Всего"	"0"	"2 027"
"Число умерших(Человек)"	"2009 год"	"200912"	"БОСТАНДЫКСКИЙ РАЙОН"	"0"	"городская местность"	"0"	"Всего"	"0"	"1 791"
"Число умерших(Человек)"	"2011 год"	"201112"	"БОСТАНДЫКСКИЙ РАЙОН"	"0"	"городская местность"	"0"	"Всего"	"0"	"1 843"
"Число умерших(Человек)"	"2016 год"	"201612"	"БОСТАНДЫКСКИЙ РАЙОН"	"0"	"городская местность"	"0"	"Всего"	"0"	"1 865"
"Число умерших(Человек)"	"2010 год"	"201012"	"БОСТАНДЫКСКИЙ РАЙОН"	"0"	"городская местность"	"0"	"Всего"	"0"	"1 981"
"Число умерших(Человек)"	"2015 год"	"201512"	"БОСТАНДЫКСКИЙ РАЙОН"	"0"	"городская местность"	"0"	"Всего"	"0"	"1 778"
"Число умерших(Человек)"	"2013 год"	"201312"	"БОСТАНДЫКСКИЙ РАЙОН"	"0"	"городская местность"	"0"	"Всего"	"0"	"1 809"
"Число умерших(Человек)"	"2014 год"	"201412"	"БОСТАНДЫКСКИЙ РАЙОН"	"0"	"городская местность"	"0"	"Всего"	"0"	"1 876"
"Число умерших(Человек)"	"2012 год"	"201212"	"БОСТАНДЫКСКИЙ РАЙОН"	"0"	"городская местность"	"0"	"Всего"	"0"	"1 791"
"Число умерших(Человек)"	"2021 год"	"202112"	"БОСТАНДЫКСКИЙ РАЙОН"	"0"	"городская местность"	"0"	"Всего"	"0"	"3 117"
"Число умерших(Человек)"	"2020 год"	"202012"	"БОСТАНДЫКСКИЙ РАЙОН"	"0"	"городская местность"	"0"	"Всего"	"0"	"2 274"
"Число умерших(Человек)"	"2019 год"	"201912"	"БОСТАНДЫКСКИЙ РАЙОН"	"0"	"городская местность"	"0"	"Всего"	"0"	"2 018"
"Число умерших(Человек)"	"2018 год"	"201812"	"БОСТАНДЫКСКИЙ РАЙОН"	"0"	"городская местность"	"0"	"Всего"	"0"	"1 996"
"Число умерших(Человек)"	"2022 год"	"202212"	"БОСТАНДЫКСКИЙ РАЙОН"	"0"	"городская местность"	"0"	"Всего"	"0"	"2 067"
"Число умерших(Человек)"	"2017 год"	"201712"	"БОСТАНДЫКСКИЙ РАЙОН"	"0"	"городская местность"	"0"	"Всего"	"0"	"1 770"
"Число умерших(Человек)"	"2023 год"	"202312"	"БОСТАНДЫКСКИЙ РАЙОН"	"0"	"городская местность"	"0"	"Всего"	"0"	"1 925"
"Число умерших(Человек)"	"2024 год"	"202412"	"БОСТАНДЫКСКИЙ РАЙОН"	"0"	"городская местность"	"0"	"Всего"	"0"	"2 027"
"Число умерших(Человек)"	"2009 год"	"200912"	"ЖЕТЫСУСКИЙ РАЙОН"	"0"	"Всего"	"0"	"Всего"	"0"	"1 166"
"Число умерших(Человек)"	"2011 год"	"201112"	"ЖЕТЫСУСКИЙ РАЙОН"	"0"	"Всего"	"0"	"Всего"	"0"	"1 338"
"Число умерших(Человек)"	"2016 год"	"201612"	"ЖЕТЫСУСКИЙ РАЙОН"	"0"	"Всего"	"0"	"Всего"	"0"	"1 120"
"Число умерших(Человек)"	"2010 год"	"201012"	"ЖЕТЫСУСКИЙ РАЙОН"	"0"	"Всего"	"0"	"Всего"	"0"	"1 195"
"Число умерших(Человек)"	"2015 год"	"201512"	"ЖЕТЫСУСКИЙ РАЙОН"	"0"	"Всего"	"0"	"Всего"	"0"	"1 218"
"Число умерших(Человек)"	"2013 год"	"201312"	"ЖЕТЫСУСКИЙ РАЙОН"	"0"	"Всего"	"0"	"Всего"	"0"	"1 244"
"Число умерших(Человек)"	"2014 год"	"201412"	"ЖЕТЫСУСКИЙ РАЙОН"	"0"	"Всего"	"0"	"Всего"	"0"	"1 233"
"Число умерших(Человек)"	"2012 год"	"201212"	"ЖЕТЫСУСКИЙ РАЙОН"	"0"	"Всего"	"0"	"Всего"	"0"	"1 360"
"Число умерших(Человек)"	"2021 год"	"202112"	"ЖЕТЫСУСКИЙ РАЙОН"	"0"	"Всего"	"0"	"Всего"	"0"	"1 691"
"Число умерших(Человек)"	"2020 год"	"202012"	"ЖЕТЫСУСКИЙ РАЙОН"	"0"	"Всего"	"0"	"Всего"	"0"	"1 441"
"Число умерших(Человек)"	"2019 год"	"201912"	"ЖЕТЫСУСКИЙ РАЙОН"	"0"	"Всего"	"0"	"Всего"	"0"	"1 219"
"Число умерших(Человек)"	"2018 год"	"201812"	"ЖЕТЫСУСКИЙ РАЙОН"	"0"	"Всего"	"0"	"Всего"	"0"	"1 217"
"Число умерших(Человек)"	"2022 год"	"202212"	"ЖЕТЫСУСКИЙ РАЙОН"	"0"	"Всего"	"0"	"Всего"	"0"	"1 228"
"Число умерших(Человек)"	"2017 год"	"201712"	"ЖЕТЫСУСКИЙ РАЙОН"	"0"	"Всего"	"0"	"Всего"	"0"	"1 115"
"Число умерших(Человек)"	"2023 год"	"202312"	"ЖЕТЫСУСКИЙ РАЙОН"	"0"	"Всего"	"0"	"Всего"	"0"	"1 198"
"Число умерших(Человек)"	"2024 год"	"202412"	"ЖЕТЫСУСКИЙ РАЙОН"	"0"	"Всего"	"0"	"Всего"	"0"	"1 168"
"Число умерших(Человек)"	"2009 год"	"200912"	"ЖЕТЫСУСКИЙ РАЙОН"	"0"	"городская местность"	"0"	"Всего"	"0"	"1 166"
"Число умерших(Человек)"	"2011 год"	"201112"	"ЖЕТЫСУСКИЙ РАЙОН"	"0"	"городская местность"	"0"	"Всего"	"0"	"1 338"
"Число умерших(Человек)"	"2016 год"	"201612"	"ЖЕТЫСУСКИЙ РАЙОН"	"0"	"городская местность"	"0"	"Всего"	"0"	"1 120"
"Число умерших(Человек)"	"2010 год"	"201012"	"ЖЕТЫСУСКИЙ РАЙОН"	"0"	"городская местность"	"0"	"Всего"	"0"	"1 195"
"Число умерших(Человек)"	"2015 год"	"201512"	"ЖЕТЫСУСКИЙ РАЙОН"	"0"	"городская местность"	"0"	"Всего"	"0"	"1 218"
"Число умерших(Человек)"	"2013 год"	"201312"	"ЖЕТЫСУСКИЙ РАЙОН"	"0"	"городская местность"	"0"	"Всего"	"0"	"1 244"
"Число умерших(Человек)"	"2014 год"	"201412"	"ЖЕТЫСУСКИЙ РАЙОН"	"0"	"городская местность"	"0"	"Всего"	"0"	"1 233"
"Число умерших(Человек)"	"2012 год"	"201212"	"ЖЕТЫСУСКИЙ РАЙОН"	"0"	"городская местность"	"0"	"Всего"	"0"	"1 360"
"Число умерших(Человек)"	"2021 год"	"202112"	"ЖЕТЫСУСКИЙ РАЙОН"	"0"	"городская местность"	"0"	"Всего"	"0"	"1 691"
"Число умерших(Человек)"	"2020 год"	"202012"	"ЖЕТЫСУСКИЙ РАЙОН"	"0"	"городская местность"	"0"	"Всего"	"0"	"1 441"
"Число умерших(Человек)"	"2019 год"	"201912"	"ЖЕТЫСУСКИЙ РАЙОН"	"0"	"городская местность"	"0"	"Всего"	"0"	"1 219"
"Число умерших(Человек)"	"2018 год"	"201812"	"ЖЕТЫСУСКИЙ РАЙОН"	"0"	"городская местность"	"0"	"Всего"	"0"	"1 217"
"Число умерших(Человек)"	"2022 год"	"202212"	"ЖЕТЫСУСКИЙ РАЙОН"	"0"	"городская местность"	"0"	"Всего"	"0"	"1 228"
"Число умерших(Человек)"	"2017 год"	"201712"	"ЖЕТЫСУСКИЙ РАЙОН"	"0"	"городская местность"	"0"	"Всего"	"0"	"1 115"
"Число умерших(Человек)"	"2023 год"	"202312"	"ЖЕТЫСУСКИЙ РАЙОН"	"0"	"городская местность"	"0"	"Всего"	"0"	"1 198"
"Число умерших(Человек)"	"2024 год"	"202412"	"ЖЕТЫСУСКИЙ РАЙОН"	"0"	"городская местность"	"0"	"Всего"	"0"	"1 168"
"Число умерших(Человек)"	"2009 год"	"200912"	"МЕДЕУСКИЙ РАЙОН"	"0"	"Всего"	"0"	"Всего"	"0"	"1 350"
"Число умерших(Человек)"	"2011 год"	"201112"	"МЕДЕУСКИЙ РАЙОН"	"0"	"Всего"	"0"	"Всего"	"0"	"1 306"
"Число умерших(Человек)"	"2016 год"	"201612"	"МЕДЕУСКИЙ РАЙОН"	"0"	"Всего"	"0"	"Всего"	"0"	"1 289"
"Число умерших(Человек)"	"2010 год"	"201012"	"МЕДЕУСКИЙ РАЙОН"	"0"	"Всего"	"0"	"Всего"	"0"	"1 447"
"Число умерших(Человек)"	"2015 год"	"201512"	"МЕДЕУСКИЙ РАЙОН"	"0"	"Всего"	"0"	"Всего"	"0"	"1 031"
"Число умерших(Человек)"	"2013 год"	"201312"	"МЕДЕУСКИЙ РАЙОН"	"0"	"Всего"	"0"	"Всего"	"0"	"1 247"
"Число умерших(Человек)"	"2014 год"	"201412"	"МЕДЕУСКИЙ РАЙОН"	"0"	"Всего"	"0"	"Всего"	"0"	"1 220"
"Число умерших(Человек)"	"2012 год"	"201212"	"МЕДЕУСКИЙ РАЙОН"	"0"	"Всего"	"0"	"Всего"	"0"	"1 351"
"Число умерших(Человек)"	"2021 год"	"202112"	"МЕДЕУСКИЙ РАЙОН"	"0"	"Всего"	"0"	"Всего"	"0"	"2 168"
"Число умерших(Человек)"	"2020 год"	"202012"	"МЕДЕУСКИЙ РАЙОН"	"0"	"Всего"	"0"	"Всего"	"0"	"1 720"
"Число умерших(Человек)"	"2019 год"	"201912"	"МЕДЕУСКИЙ РАЙОН"	"0"	"Всего"	"0"	"Всего"	"0"	"1 446"
"Число умерших(Человек)"	"2018 год"	"201812"	"МЕДЕУСКИЙ РАЙОН"	"0"	"Всего"	"0"	"Всего"	"0"	"1 273"
"Число умерших(Человек)"	"2022 год"	"202212"	"МЕДЕУСКИЙ РАЙОН"	"0"	"Всего"	"0"	"Всего"	"0"	"1 454"
"Число умерших(Человек)"	"2017 год"	"201712"	"МЕДЕУСКИЙ РАЙОН"	"0"	"Всего"	"0"	"Всего"	"0"	"1 299"
"Число умерших(Человек)"	"2023 год"	"202312"	"МЕДЕУСКИЙ РАЙОН"	"0"	"Всего"	"0"	"Всего"	"0"	"1 341"
"Число умерших(Человек)"	"2024 год"	"202412"	"МЕДЕУСКИЙ РАЙОН"	"0"	"Всего"	"0"	"Всего"	"0"	"1 338"
"Число умерших(Человек)"	"2009 год"	"200912"	"МЕДЕУСКИЙ РАЙОН"	"0"	"городская местность"	"0"	"Всего"	"0"	"1 350"
"Число умерших(Человек)"	"2011 год"	"201112"	"МЕДЕУСКИЙ РАЙОН"	"0"	"городская местность"	"0"	"Всего"	"0"	"1 306"
"Число умерших(Человек)"	"2016 год"	"201612"	"МЕДЕУСКИЙ РАЙОН"	"0"	"городская местность"	"0"	"Всего"	"0"	"1 289"
"Число умерших(Человек)"	"2010 год"	"201012"	"МЕДЕУСКИЙ РАЙОН"	"0"	"городская местность"	"0"	"Всего"	"0"	"1 447"
"Число умерших(Человек)"	"2015 год"	"201512"	"МЕДЕУСКИЙ РАЙОН"	"0"	"городская местность"	"0"	"Всего"	"0"	"1 031"
"Число умерших(Человек)"	"2013 год"	"201312"	"МЕДЕУСКИЙ РАЙОН"	"0"	"городская местность"	"0"	"Всего"	"0"	"1 247"
"Число умерших(Человек)"	"2014 год"	"201412"	"МЕДЕУСКИЙ РАЙОН"	"0"	"городская местность"	"0"	"Всего"	"0"	"1 220"
"Число умерших(Человек)"	"2012 год"	"201212"	"МЕДЕУСКИЙ РАЙОН"	"0"	"городская местность"	"0"	"Всего"	"0"	"1 351"
"Число умерших(Человек)"	"2021 год"	"202112"	"МЕДЕУСКИЙ РАЙОН"	"0"	"городская местность"	"0"	"Всего"	"0"	"2 168"
"Число умерших(Человек)"	"2020 год"	"202012"	"МЕДЕУСКИЙ РАЙОН"	"0"	"городская местность"	"0"	"Всего"	"0"	"1 720"
"Число умерших(Человек)"	"2019 год"	"201912"	"МЕДЕУСКИЙ РАЙОН"	"0"	"городская местность"	"0"	"Всего"	"0"	"1 446"
"Число умерших(Человек)"	"2018 год"	"201812"	"МЕДЕУСКИЙ РАЙОН"	"0"	"городская местность"	"0"	"Всего"	"0"	"1 273"
"Число умерших(Человек)"	"2022 год"	"202212"	"МЕДЕУСКИЙ РАЙОН"	"0"	"городская местность"	"0"	"Всего"	"0"	"1 454"
"Число умерших(Человек)"	"2017 год"	"201712"	"МЕДЕУСКИЙ РАЙОН"	"0"	"городская местность"	"0"	"Всего"	"0"	"1 299"
"Число умерших(Человек)"	"2023 год"	"202312"	"МЕДЕУСКИЙ РАЙОН"	"0"	"городская местность"	"0"	"Всего"	"0"	"1 341"
"Число умерших(Человек)"	"2024 год"	"202412"	"МЕДЕУСКИЙ РАЙОН"	"0"	"городская местность"	"0"	"Всего"	"0"	"1 338"
"Число умерших(Человек)"	"2009 год"	"200912"	"ТУРКСИБСКИЙ РАЙОН"	"0"	"Всего"	"0"	"Всего"	"0"	"1 621"
"Число умерших(Человек)"	"2011 год"	"201112"	"ТУРКСИБСКИЙ РАЙОН"	"0"	"Всего"	"0"	"Всего"	"0"	"2 003"
"Число умерших(Человек)"	"2016 год"	"201612"	"ТУРКСИБСКИЙ РАЙОН"	"0"	"Всего"	"0"	"Всего"	"0"	"1 632"
"Число умерших(Человек)"	"2010 год"	"201012"	"ТУРКСИБСКИЙ РАЙОН"	"0"	"Всего"	"0"	"Всего"	"0"	"1 757"
"Число умерших(Человек)"	"2015 год"	"201512"	"ТУРКСИБСКИЙ РАЙОН"	"0"	"Всего"	"0"	"Всего"	"0"	"1 661"
"Число умерших(Человек)"	"2013 год"	"201312"	"ТУРКСИБСКИЙ РАЙОН"	"0"	"Всего"	"0"	"Всего"	"0"	"1 738"
"Число умерших(Человек)"	"2014 год"	"201412"	"ТУРКСИБСКИЙ РАЙОН"	"0"	"Всего"	"0"	"Всего"	"0"	"1 721"
"Число умерших(Человек)"	"2012 год"	"201212"	"ТУРКСИБСКИЙ РАЙОН"	"0"	"Всего"	"0"	"Всего"	"0"	"1 897"
"Число умерших(Человек)"	"2021 год"	"202112"	"ТУРКСИБСКИЙ РАЙОН"	"0"	"Всего"	"0"	"Всего"	"0"	"2 523"
"Число умерших(Человек)"	"2020 год"	"202012"	"ТУРКСИБСКИЙ РАЙОН"	"0"	"Всего"	"0"	"Всего"	"0"	"2 182"
"Число умерших(Человек)"	"2019 год"	"201912"	"ТУРКСИБСКИЙ РАЙОН"	"0"	"Всего"	"0"	"Всего"	"0"	"1 837"
"Число умерших(Человек)"	"2018 год"	"201812"	"ТУРКСИБСКИЙ РАЙОН"	"0"	"Всего"	"0"	"Всего"	"0"	"1 817"
"Число умерших(Человек)"	"2022 год"	"202212"	"ТУРКСИБСКИЙ РАЙОН"	"0"	"Всего"	"0"	"Всего"	"0"	"1 800"
"Число умерших(Человек)"	"2017 год"	"201712"	"ТУРКСИБСКИЙ РАЙОН"	"0"	"Всего"	"0"	"Всего"	"0"	"1 632"
"Число умерших(Человек)"	"2023 год"	"202312"	"ТУРКСИБСКИЙ РАЙОН"	"0"	"Всего"	"0"	"Всего"	"0"	"1 720"
"Число умерших(Человек)"	"2024 год"	"202412"	"ТУРКСИБСКИЙ РАЙОН"	"0"	"Всего"	"0"	"Всего"	"0"	"1 765"
"Число умерших(Человек)"	"2009 год"	"200912"	"ТУРКСИБСКИЙ РАЙОН"	"0"	"городская местность"	"0"	"Всего"	"0"	"1 621"
"Число умерших(Человек)"	"2011 год"	"201112"	"ТУРКСИБСКИЙ РАЙОН"	"0"	"городская местность"	"0"	"Всего"	"0"	"2 003"
"Число умерших(Человек)"	"2016 год"	"201612"	"ТУРКСИБСКИЙ РАЙОН"	"0"	"городская местность"	"0"	"Всего"	"0"	"1 632"
"Число умерших(Человек)"	"2010 год"	"201012"	"ТУРКСИБСКИЙ РАЙОН"	"0"	"городская местность"	"0"	"Всего"	"0"	"1 757"
"Число умерших(Человек)"	"2015 год"	"201512"	"ТУРКСИБСКИЙ РАЙОН"	"0"	"городская местность"	"0"	"Всего"	"0"	"1 661"
"Число умерших(Человек)"	"2013 год"	"201312"	"ТУРКСИБСКИЙ РАЙОН"	"0"	"городская местность"	"0"	"Всего"	"0"	"1 738"
"Число умерших(Человек)"	"2014 год"	"201412"	"ТУРКСИБСКИЙ РАЙОН"	"0"	"городская местность"	"0"	"Всего"	"0"	"1 721"
"Число умерших(Человек)"	"2012 год"	"201212"	"ТУРКСИБСКИЙ РАЙОН"	"0"	"городская местность"	"0"	"Всего"	"0"	"1 897"
"Число умерших(Человек)"	"2021 год"	"202112"	"ТУРКСИБСКИЙ РАЙОН"	"0"	"городская местность"	"0"	"Всего"	"0"	"2 523"
"Число умерших(Человек)"	"2020 год"	"202012"	"ТУРКСИБСКИЙ РАЙОН"	"0"	"городская местность"	"0"	"Всего"	"0"	"2 182"
"Число умерших(Человек)"	"2019 год"	"201912"	"ТУРКСИБСКИЙ РАЙОН"	"0"	"городская местность"	"0"	"Всего"	"0"	"1 837"
"Число умерших(Человек)"	"2018 год"	"201812"	"ТУРКСИБСКИЙ РАЙОН"	"0"	"городская местность"	"0"	"Всего"	"0"	"1 817"
"Число умерших(Человек)"	"2022 год"	"202212"	"ТУРКСИБСКИЙ РАЙОН"	"0"	"городская местность"	"0"	"Всего"	"0"	"1 800"
"Число умерших(Человек)"	"2017 год"	"201712"	"ТУРКСИБСКИЙ РАЙОН"	"0"	"городская местность"	"0"	"Всего"	"0"	"1 632"
"Число умерших(Человек)"	"2023 год"	"202312"	"ТУРКСИБСКИЙ РАЙОН"	"0"	"городская местность"	"0"	"Всего"	"0"	"1 720"
"Число умерших(Человек)"	"2024 год"	"202412"	"ТУРКСИБСКИЙ РАЙОН"	"0"	"городская местность"	"0"	"Всего"	"0"	"1 765"
"Число умерших(Человек)"	"2016 год"	"201612"	"АЯГОЗСКИЙ РАЙОН"	"0"	"городская местность"	"0"	"Всего"	"0"	"317"
"Число умерших(Человек)"	"2010 год"	"201012"	"АЯГОЗСКИЙ РАЙОН"	"0"	"городская местность"	"0"	"Всего"	"0"	"1"
"Число умерших(Человек)"	"2015 год"	"201512"	"АЯГОЗСКИЙ РАЙОН"	"0"	"городская местность"	"0"	"Всего"	"0"	"330"
"Число умерших(Человек)"	"2014 год"	"201412"	"АЯГОЗСКИЙ РАЙОН"	"0"	"городская местность"	"0"	"Всего"	"0"	"315"
"Число умерших(Человек)"	"2021 год"	"202112"	"АЯГОЗСКИЙ РАЙОН"	"0"	"городская местность"	"0"	"Всего"	"0"	"400"
"Число умерших(Человек)"	"2020 год"	"202012"	"АЯГОЗСКИЙ РАЙОН"	"0"	"городская местность"	"0"	"Всего"	"0"	"373"
"Число умерших(Человек)"	"2019 год"	"201912"	"АЯГОЗСКИЙ РАЙОН"	"0"	"городская местность"	"0"	"Всего"	"0"	"291"
"Число умерших(Человек)"	"2018 год"	"201812"	"АЯГОЗСКИЙ РАЙОН"	"0"	"городская местность"	"0"	"Всего"	"0"	"250"
"Число умерших(Человек)"	"2022 год"	"202212"	"АЯГОЗСКИЙ РАЙОН"	"0"	"городская местность"	"0"	"Всего"	"0"	"268"
"Число умерших(Человек)"	"2017 год"	"201712"	"АЯГОЗСКИЙ РАЙОН"	"0"	"городская местность"	"0"	"Всего"	"0"	"292"
"Число умерших(Человек)"	"2023 год"	"202312"	"АЯГОЗСКИЙ РАЙОН"	"0"	"городская местность"	"0"	"Всего"	"0"	"293"
"Число умерших(Человек)"	"2024 год"	"202412"	"АЯГОЗСКИЙ РАЙОН"	"0"	"городская местность"	"0"	"Всего"	"0"	"273"
"Число умерших(Человек)"	"2016 год"	"201612"	"ТЕКЕЛИ Г.А."	"0"	"сельская местность"	"0"	"Всего"	"0"	"14"
"Число умерших(Человек)"	"2015 год"	"201512"	"ТЕКЕЛИ Г.А."	"0"	"сельская местность"	"0"	"Всего"	"0"	"17"
"Число умерших(Человек)"	"2013 год"	"201312"	"ТЕКЕЛИ Г.А."	"0"	"сельская местность"	"0"	"Всего"	"0"	"2"
"Число умерших(Человек)"	"2014 год"	"201412"	"ТЕКЕЛИ Г.А."	"0"	"сельская местность"	"0"	"Всего"	"0"	"11"
"Число умерших(Человек)"	"2021 год"	"202112"	"ТЕКЕЛИ Г.А."	"0"	"сельская местность"	"0"	"Всего"	"0"	"14"
"Число умерших(Человек)"	"2020 год"	"202012"	"ТЕКЕЛИ Г.А."	"0"	"сельская местность"	"0"	"Всего"	"0"	"14"
"Число умерших(Человек)"	"2019 год"	"201912"	"ТЕКЕЛИ Г.А."	"0"	"сельская местность"	"0"	"Всего"	"0"	"15"
"Число умерших(Человек)"	"2018 год"	"201812"	"ТЕКЕЛИ Г.А."	"0"	"сельская местность"	"0"	"Всего"	"0"	"11"
"Число умерших(Человек)"	"2022 год"	"202212"	"ТЕКЕЛИ Г.А."	"0"	"сельская местность"	"0"	"Всего"	"0"	"20"
"Число умерших(Человек)"	"2017 год"	"201712"	"ТЕКЕЛИ Г.А."	"0"	"сельская местность"	"0"	"Всего"	"0"	"14"
"Число умерших(Человек)"	"2023 год"	"202312"	"ТЕКЕЛИ Г.А."	"0"	"сельская местность"	"0"	"Всего"	"0"	"16"
"Число умерших(Человек)"	"2024 год"	"202412"	"ТЕКЕЛИ Г.А."	"0"	"сельская местность"	"0"	"Всего"	"0"	"12"
"Число умерших(Человек)"	"2016 год"	"201612"	"НАУРЫЗБАЙСКИЙ РАЙОН"	"0"	"городская местность"	"0"	"Всего"	"0"	"336"
"Число умерших(Человек)"	"2015 год"	"201512"	"НАУРЫЗБАЙСКИЙ РАЙОН"	"0"	"городская местность"	"0"	"Всего"	"0"	"260"
"Число умерших(Человек)"	"2014 год"	"201412"	"НАУРЫЗБАЙСКИЙ РАЙОН"	"0"	"городская местность"	"0"	"Всего"	"0"	"197"
"Число умерших(Человек)"	"2021 год"	"202112"	"НАУРЫЗБАЙСКИЙ РАЙОН"	"0"	"городская местность"	"0"	"Всего"	"0"	"1 149"
"Число умерших(Человек)"	"2020 год"	"202012"	"НАУРЫЗБАЙСКИЙ РАЙОН"	"0"	"городская местность"	"0"	"Всего"	"0"	"763"
"Число умерших(Человек)"	"2019 год"	"201912"	"НАУРЫЗБАЙСКИЙ РАЙОН"	"0"	"городская местность"	"0"	"Всего"	"0"	"545"
"Число умерших(Человек)"	"2018 год"	"201812"	"НАУРЫЗБАЙСКИЙ РАЙОН"	"0"	"городская местность"	"0"	"Всего"	"0"	"474"
"Число умерших(Человек)"	"2022 год"	"202212"	"НАУРЫЗБАЙСКИЙ РАЙОН"	"0"	"городская местность"	"0"	"Всего"	"0"	"672"
"Число умерших(Человек)"	"2017 год"	"201712"	"НАУРЫЗБАЙСКИЙ РАЙОН"	"0"	"городская местность"	"0"	"Всего"	"0"	"390"
"Число умерших(Человек)"	"2023 год"	"202312"	"НАУРЫЗБАЙСКИЙ РАЙОН"	"0"	"городская местность"	"0"	"Всего"	"0"	"686"
"Число умерших(Человек)"	"2024 год"	"202412"	"НАУРЫЗБАЙСКИЙ РАЙОН"	"0"	"городская местность"	"0"	"Всего"	"0"	"728"
"Число умерших(Человек)"	"2016 год"	"201612"	"НАУРЫЗБАЙСКИЙ РАЙОН"	"0"	"Всего"	"0"	"Всего"	"0"	"336"
"Число умерших(Человек)"	"2015 год"	"201512"	"НАУРЫЗБАЙСКИЙ РАЙОН"	"0"	"Всего"	"0"	"Всего"	"0"	"260"
"Число умерших(Человек)"	"2014 год"	"201412"	"НАУРЫЗБАЙСКИЙ РАЙОН"	"0"	"Всего"	"0"	"Всего"	"0"	"197"
"Число умерших(Человек)"	"2021 год"	"202112"	"НАУРЫЗБАЙСКИЙ РАЙОН"	"0"	"Всего"	"0"	"Всего"	"0"	"1 149"
"Число умерших(Человек)"	"2020 год"	"202012"	"НАУРЫЗБАЙСКИЙ РАЙОН"	"0"	"Всего"	"0"	"Всего"	"0"	"763"
"Число умерших(Человек)"	"2019 год"	"201912"	"НАУРЫЗБАЙСКИЙ РАЙОН"	"0"	"Всего"	"0"	"Всего"	"0"	"545"
"Число умерших(Человек)"	"2018 год"	"201812"	"НАУРЫЗБАЙСКИЙ РАЙОН"	"0"	"Всего"	"0"	"Всего"	"0"	"474"
"Число умерших(Человек)"	"2022 год"	"202212"	"НАУРЫЗБАЙСКИЙ РАЙОН"	"0"	"Всего"	"0"	"Всего"	"0"	"672"
"Число умерших(Человек)"	"2017 год"	"201712"	"НАУРЫЗБАЙСКИЙ РАЙОН"	"0"	"Всего"	"0"	"Всего"	"0"	"390"
"Число умерших(Человек)"	"2023 год"	"202312"	"НАУРЫЗБАЙСКИЙ РАЙОН"	"0"	"Всего"	"0"	"Всего"	"0"	"686"
"Число умерших(Человек)"	"2024 год"	"202412"	"НАУРЫЗБАЙСКИЙ РАЙОН"	"0"	"Всего"	"0"	"Всего"	"0"	"728"
"Число умерших(Человек)"	"2021 год"	"202112"	"РАЙОН БАЙҚОҢЫР"	"0"	"городская местность"	"0"	"Всего"	"0"	"1 315"
"Число умерших(Человек)"	"2020 год"	"202012"	"РАЙОН БАЙҚОҢЫР"	"0"	"городская местность"	"0"	"Всего"	"0"	"1 229"
"Число умерших(Человек)"	"2019 год"	"201912"	"РАЙОН БАЙҚОҢЫР"	"0"	"городская местность"	"0"	"Всего"	"0"	"892"
"Число умерших(Человек)"	"2018 год"	"201812"	"РАЙОН БАЙҚОҢЫР"	"0"	"городская местность"	"0"	"Всего"	"0"	"700"
"Число умерших(Человек)"	"2022 год"	"202212"	"РАЙОН БАЙҚОҢЫР"	"0"	"городская местность"	"0"	"Всего"	"0"	"993"
"Число умерших(Человек)"	"2017 год"	"201712"	"РАЙОН БАЙҚОҢЫР"	"0"	"городская местность"	"0"	"Всего"	"0"	"786"
"Число умерших(Человек)"	"2023 год"	"202312"	"РАЙОН БАЙҚОҢЫР"	"0"	"городская местность"	"0"	"Всего"	"0"	"962"
"Число умерших(Человек)"	"2024 год"	"202412"	"РАЙОН БАЙҚОҢЫР"	"0"	"городская местность"	"0"	"Всего"	"0"	"1 015"
"Число умерших(Человек)"	"2021 год"	"202112"	"РАЙОН БАЙҚОҢЫР"	"0"	"Всего"	"0"	"Всего"	"0"	"1 315"
"Число умерших(Человек)"	"2020 год"	"202012"	"РАЙОН БАЙҚОҢЫР"	"0"	"Всего"	"0"	"Всего"	"0"	"1 229"
"Число умерших(Человек)"	"2019 год"	"201912"	"РАЙОН БАЙҚОҢЫР"	"0"	"Всего"	"0"	"Всего"	"0"	"892"
"Число умерших(Человек)"	"2018 год"	"201812"	"РАЙОН БАЙҚОҢЫР"	"0"	"Всего"	"0"	"Всего"	"0"	"700"
"Число умерших(Человек)"	"2022 год"	"202212"	"РАЙОН БАЙҚОҢЫР"	"0"	"Всего"	"0"	"Всего"	"0"	"993"
"Число умерших(Человек)"	"2017 год"	"201712"	"РАЙОН БАЙҚОҢЫР"	"0"	"Всего"	"0"	"Всего"	"0"	"786"
"Число умерших(Человек)"	"2023 год"	"202312"	"РАЙОН БАЙҚОҢЫР"	"0"	"Всего"	"0"	"Всего"	"0"	"962"
"Число умерших(Человек)"	"2024 год"	"202412"	"РАЙОН БАЙҚОҢЫР"	"0"	"Всего"	"0"	"Всего"	"0"	"1 015"
"Число умерших(Человек)"	"2021 год"	"202112"	"Г.ШЫМКЕНТ"	"0"	"городская местность"	"0"	"Всего"	"0"	"7 394"
"Число умерших(Человек)"	"2020 год"	"202012"	"Г.ШЫМКЕНТ"	"0"	"городская местность"	"0"	"Всего"	"0"	"6 741"
"Число умерших(Человек)"	"2019 год"	"201912"	"Г.ШЫМКЕНТ"	"0"	"городская местность"	"0"	"Всего"	"0"	"4 848"
"Число умерших(Человек)"	"2018 год"	"201812"	"Г.ШЫМКЕНТ"	"0"	"городская местность"	"0"	"Всего"	"0"	"4 540"
"Число умерших(Человек)"	"2022 год"	"202212"	"Г.ШЫМКЕНТ"	"0"	"городская местность"	"0"	"Всего"	"0"	"5 118"
"Число умерших(Человек)"	"2017 год"	"201712"	"Г.ШЫМКЕНТ"	"0"	"городская местность"	"0"	"Всего"	"0"	"4 444"
"Число умерших(Человек)"	"2023 год"	"202312"	"Г.ШЫМКЕНТ"	"0"	"городская местность"	"0"	"Всего"	"0"	"5 080"
"Число умерших(Человек)"	"2024 год"	"202412"	"Г.ШЫМКЕНТ"	"0"	"городская местность"	"0"	"Всего"	"0"	"5 106"
"Число умерших(Человек)"	"2021 год"	"202112"	"Г.ШЫМКЕНТ"	"0"	"Всего"	"0"	"Всего"	"0"	"7 394"
"Число умерших(Человек)"	"2020 год"	"202012"	"Г.ШЫМКЕНТ"	"0"	"Всего"	"0"	"Всего"	"0"	"6 741"
"Число умерших(Человек)"	"2019 год"	"201912"	"Г.ШЫМКЕНТ"	"0"	"Всего"	"0"	"Всего"	"0"	"4 848"
"Число умерших(Человек)"	"2018 год"	"201812"	"Г.ШЫМКЕНТ"	"0"	"Всего"	"0"	"Всего"	"0"	"4 540"
"Число умерших(Человек)"	"2022 год"	"202212"	"Г.ШЫМКЕНТ"	"0"	"Всего"	"0"	"Всего"	"0"	"5 118"
"Число умерших(Человек)"	"2017 год"	"201712"	"Г.ШЫМКЕНТ"	"0"	"Всего"	"0"	"Всего"	"0"	"4 444"
"Число умерших(Человек)"	"2023 год"	"202312"	"Г.ШЫМКЕНТ"	"0"	"Всего"	"0"	"Всего"	"0"	"5 080"
"Число умерших(Человек)"	"2024 год"	"202412"	"Г.ШЫМКЕНТ"	"0"	"Всего"	"0"	"Всего"	"0"	"5 106"
"Число умерших(Человек)"	"2021 год"	"202112"	"КАРАТАУСКИЙ РАЙОН"	"0"	"городская местность"	"0"	"Всего"	"0"	"1 485"
"Число умерших(Человек)"	"2020 год"	"202012"	"КАРАТАУСКИЙ РАЙОН"	"0"	"городская местность"	"0"	"Всего"	"0"	"1 369"
"Число умерших(Человек)"	"2019 год"	"201912"	"КАРАТАУСКИЙ РАЙОН"	"0"	"городская местность"	"0"	"Всего"	"0"	"967"
"Число умерших(Человек)"	"2018 год"	"201812"	"КАРАТАУСКИЙ РАЙОН"	"0"	"городская местность"	"0"	"Всего"	"0"	"896"
"Число умерших(Человек)"	"2022 год"	"202212"	"КАРАТАУСКИЙ РАЙОН"	"0"	"городская местность"	"0"	"Всего"	"0"	"1 135"
"Число умерших(Человек)"	"2017 год"	"201712"	"КАРАТАУСКИЙ РАЙОН"	"0"	"городская местность"	"0"	"Всего"	"0"	"775"
"Число умерших(Человек)"	"2023 год"	"202312"	"КАРАТАУСКИЙ РАЙОН"	"0"	"городская местность"	"0"	"Всего"	"0"	"1 008"
"Число умерших(Человек)"	"2024 год"	"202412"	"КАРАТАУСКИЙ РАЙОН"	"0"	"городская местность"	"0"	"Всего"	"0"	"929"
"Число умерших(Человек)"	"2021 год"	"202112"	"КАРАТАУСКИЙ РАЙОН"	"0"	"Всего"	"0"	"Всего"	"0"	"1 485"
"Число умерших(Человек)"	"2020 год"	"202012"	"КАРАТАУСКИЙ РАЙОН"	"0"	"Всего"	"0"	"Всего"	"0"	"1 369"
"Число умерших(Человек)"	"2019 год"	"201912"	"КАРАТАУСКИЙ РАЙОН"	"0"	"Всего"	"0"	"Всего"	"0"	"967"
"Число умерших(Человек)"	"2018 год"	"201812"	"КАРАТАУСКИЙ РАЙОН"	"0"	"Всего"	"0"	"Всего"	"0"	"896"
"Число умерших(Человек)"	"2022 год"	"202212"	"КАРАТАУСКИЙ РАЙОН"	"0"	"Всего"	"0"	"Всего"	"0"	"1 135"
"Число умерших(Человек)"	"2017 год"	"201712"	"КАРАТАУСКИЙ РАЙОН"	"0"	"Всего"	"0"	"Всего"	"0"	"775"
"Число умерших(Человек)"	"2023 год"	"202312"	"КАРАТАУСКИЙ РАЙОН"	"0"	"Всего"	"0"	"Всего"	"0"	"1 008"
"Число умерших(Человек)"	"2024 год"	"202412"	"КАРАТАУСКИЙ РАЙОН"	"0"	"Всего"	"0"	"Всего"	"0"	"929"
"Число умерших(Человек)"	"2021 год"	"202112"	"ЕНБЕКШИНСКИЙ РАЙОН"	"0"	"городская местность"	"0"	"Всего"	"0"	"2 174"
"Число умерших(Человек)"	"2020 год"	"202012"	"ЕНБЕКШИНСКИЙ РАЙОН"	"0"	"городская местность"	"0"	"Всего"	"0"	"1 936"
"Число умерших(Человек)"	"2019 год"	"201912"	"ЕНБЕКШИНСКИЙ РАЙОН"	"0"	"городская местность"	"0"	"Всего"	"0"	"1 354"
"Число умерших(Человек)"	"2018 год"	"201812"	"ЕНБЕКШИНСКИЙ РАЙОН"	"0"	"городская местность"	"0"	"Всего"	"0"	"1 321"
"Число умерших(Человек)"	"2022 год"	"202212"	"ЕНБЕКШИНСКИЙ РАЙОН"	"0"	"городская местность"	"0"	"Всего"	"0"	"1 498"
"Число умерших(Человек)"	"2017 год"	"201712"	"ЕНБЕКШИНСКИЙ РАЙОН"	"0"	"городская местность"	"0"	"Всего"	"0"	"1 406"
"Число умерших(Человек)"	"2023 год"	"202312"	"ЕНБЕКШИНСКИЙ РАЙОН"	"0"	"городская местность"	"0"	"Всего"	"0"	"1 353"
"Число умерших(Человек)"	"2024 год"	"202412"	"ЕНБЕКШИНСКИЙ РАЙОН"	"0"	"городская местность"	"0"	"Всего"	"0"	"961"
"Число умерших(Человек)"	"2021 год"	"202112"	"ЕНБЕКШИНСКИЙ РАЙОН"	"0"	"Всего"	"0"	"Всего"	"0"	"2 174"
"Число умерших(Человек)"	"2020 год"	"202012"	"ЕНБЕКШИНСКИЙ РАЙОН"	"0"	"Всего"	"0"	"Всего"	"0"	"1 936"
"Число умерших(Человек)"	"2019 год"	"201912"	"ЕНБЕКШИНСКИЙ РАЙОН"	"0"	"Всего"	"0"	"Всего"	"0"	"1 354"
"Число умерших(Человек)"	"2018 год"	"201812"	"ЕНБЕКШИНСКИЙ РАЙОН"	"0"	"Всего"	"0"	"Всего"	"0"	"1 321"
"Число умерших(Человек)"	"2022 год"	"202212"	"ЕНБЕКШИНСКИЙ РАЙОН"	"0"	"Всего"	"0"	"Всего"	"0"	"1 498"
"Число умерших(Человек)"	"2017 год"	"201712"	"ЕНБЕКШИНСКИЙ РАЙОН"	"0"	"Всего"	"0"	"Всего"	"0"	"1 406"
"Число умерших(Человек)"	"2023 год"	"202312"	"ЕНБЕКШИНСКИЙ РАЙОН"	"0"	"Всего"	"0"	"Всего"	"0"	"1 353"
"Число умерших(Человек)"	"2024 год"	"202412"	"ЕНБЕКШИНСКИЙ РАЙОН"	"0"	"Всего"	"0"	"Всего"	"0"	"961"
"Число умерших(Человек)"	"2021 год"	"202112"	"АЛЬ-ФАРАБИЙСКИЙ РАЙОН"	"0"	"городская местность"	"0"	"Всего"	"0"	"1 501"
"Число умерших(Человек)"	"2020 год"	"202012"	"АЛЬ-ФАРАБИЙСКИЙ РАЙОН"	"0"	"городская местность"	"0"	"Всего"	"0"	"1 319"
"Число умерших(Человек)"	"2019 год"	"201912"	"АЛЬ-ФАРАБИЙСКИЙ РАЙОН"	"0"	"городская местность"	"0"	"Всего"	"0"	"1 087"
"Число умерших(Человек)"	"2018 год"	"201812"	"АЛЬ-ФАРАБИЙСКИЙ РАЙОН"	"0"	"городская местность"	"0"	"Всего"	"0"	"918"
"Число умерших(Человек)"	"2022 год"	"202212"	"АЛЬ-ФАРАБИЙСКИЙ РАЙОН"	"0"	"городская местность"	"0"	"Всего"	"0"	"956"
"Число умерших(Человек)"	"2017 год"	"201712"	"АЛЬ-ФАРАБИЙСКИЙ РАЙОН"	"0"	"городская местность"	"0"	"Всего"	"0"	"799"
"Число умерших(Человек)"	"2023 год"	"202312"	"АЛЬ-ФАРАБИЙСКИЙ РАЙОН"	"0"	"городская местность"	"0"	"Всего"	"0"	"1 099"
"Число умерших(Человек)"	"2024 год"	"202412"	"АЛЬ-ФАРАБИЙСКИЙ РАЙОН"	"0"	"городская местность"	"0"	"Всего"	"0"	"1 138"
"Число умерших(Человек)"	"2021 год"	"202112"	"АЛЬ-ФАРАБИЙСКИЙ РАЙОН"	"0"	"Всего"	"0"	"Всего"	"0"	"1 501"
"Число умерших(Человек)"	"2020 год"	"202012"	"АЛЬ-ФАРАБИЙСКИЙ РАЙОН"	"0"	"Всего"	"0"	"Всего"	"0"	"1 319"
"Число умерших(Человек)"	"2019 год"	"201912"	"АЛЬ-ФАРАБИЙСКИЙ РАЙОН"	"0"	"Всего"	"0"	"Всего"	"0"	"1 087"
"Число умерших(Человек)"	"2018 год"	"201812"	"АЛЬ-ФАРАБИЙСКИЙ РАЙОН"	"0"	"Всего"	"0"	"Всего"	"0"	"918"
"Число умерших(Человек)"	"2022 год"	"202212"	"АЛЬ-ФАРАБИЙСКИЙ РАЙОН"	"0"	"Всего"	"0"	"Всего"	"0"	"956"
"Число умерших(Человек)"	"2017 год"	"201712"	"АЛЬ-ФАРАБИЙСКИЙ РАЙОН"	"0"	"Всего"	"0"	"Всего"	"0"	"799"
"Число умерших(Человек)"	"2023 год"	"202312"	"АЛЬ-ФАРАБИЙСКИЙ РАЙОН"	"0"	"Всего"	"0"	"Всего"	"0"	"1 099"
"Число умерших(Человек)"	"2024 год"	"202412"	"АЛЬ-ФАРАБИЙСКИЙ РАЙОН"	"0"	"Всего"	"0"	"Всего"	"0"	"1 138"
"Число умерших(Человек)"	"2021 год"	"202112"	"АБАЙСКИЙ РАЙОН"	"0"	"городская местность"	"0"	"Всего"	"0"	"2 234"
"Число умерших(Человек)"	"2020 год"	"202012"	"АБАЙСКИЙ РАЙОН"	"0"	"городская местность"	"0"	"Всего"	"0"	"2 117"
"Число умерших(Человек)"	"2019 год"	"201912"	"АБАЙСКИЙ РАЙОН"	"0"	"городская местность"	"0"	"Всего"	"0"	"1 440"
"Число умерших(Человек)"	"2018 год"	"201812"	"АБАЙСКИЙ РАЙОН"	"0"	"городская местность"	"0"	"Всего"	"0"	"1 405"
"Число умерших(Человек)"	"2022 год"	"202212"	"АБАЙСКИЙ РАЙОН"	"0"	"городская местность"	"0"	"Всего"	"0"	"1 529"
"Число умерших(Человек)"	"2017 год"	"201712"	"АБАЙСКИЙ РАЙОН"	"0"	"городская местность"	"0"	"Всего"	"0"	"1 464"
"Число умерших(Человек)"	"2023 год"	"202312"	"АБАЙСКИЙ РАЙОН"	"0"	"городская местность"	"0"	"Всего"	"0"	"1 620"
"Число умерших(Человек)"	"2024 год"	"202412"	"АБАЙСКИЙ РАЙОН"	"0"	"городская местность"	"0"	"Всего"	"0"	"1 220"
"Число умерших(Человек)"	"2021 год"	"202112"	"АБАЙСКИЙ РАЙОН"	"0"	"Всего"	"0"	"Всего"	"0"	"2 234"
"Число умерших(Человек)"	"2020 год"	"202012"	"АБАЙСКИЙ РАЙОН"	"0"	"Всего"	"0"	"Всего"	"0"	"2 117"
"Число умерших(Человек)"	"2019 год"	"201912"	"АБАЙСКИЙ РАЙОН"	"0"	"Всего"	"0"	"Всего"	"0"	"1 440"
"Число умерших(Человек)"	"2018 год"	"201812"	"АБАЙСКИЙ РАЙОН"	"0"	"Всего"	"0"	"Всего"	"0"	"1 405"
"Число умерших(Человек)"	"2022 год"	"202212"	"АБАЙСКИЙ РАЙОН"	"0"	"Всего"	"0"	"Всего"	"0"	"1 529"
"Число умерших(Человек)"	"2017 год"	"201712"	"АБАЙСКИЙ РАЙОН"	"0"	"Всего"	"0"	"Всего"	"0"	"1 464"
"Число умерших(Человек)"	"2023 год"	"202312"	"АБАЙСКИЙ РАЙОН"	"0"	"Всего"	"0"	"Всего"	"0"	"1 620"
"Число умерших(Человек)"	"2024 год"	"202412"	"АБАЙСКИЙ РАЙОН"	"0"	"Всего"	"0"	"Всего"	"0"	"1 220"
"Число умерших(Человек)"	"2021 год"	"202112"	"ТУРКЕСТАНСКАЯ ОБЛАСТЬ"	"0"	"сельская местность"	"0"	"Всего"	"0"	"10 087"
"Число умерших(Человек)"	"2020 год"	"202012"	"ТУРКЕСТАНСКАЯ ОБЛАСТЬ"	"0"	"сельская местность"	"0"	"Всего"	"0"	"9 562"
"Число умерших(Человек)"	"2019 год"	"201912"	"ТУРКЕСТАНСКАЯ ОБЛАСТЬ"	"0"	"сельская местность"	"0"	"Всего"	"0"	"7 752"
"Число умерших(Человек)"	"2018 год"	"201812"	"ТУРКЕСТАНСКАЯ ОБЛАСТЬ"	"0"	"сельская местность"	"0"	"Всего"	"0"	"7 455"
"Число умерших(Человек)"	"2022 год"	"202212"	"ТУРКЕСТАНСКАЯ ОБЛАСТЬ"	"0"	"сельская местность"	"0"	"Всего"	"0"	"7 156"
"Число умерших(Человек)"	"2017 год"	"201712"	"ТУРКЕСТАНСКАЯ ОБЛАСТЬ"	"0"	"сельская местность"	"0"	"Всего"	"0"	"7 677"
"Число умерших(Человек)"	"2023 год"	"202312"	"ТУРКЕСТАНСКАЯ ОБЛАСТЬ"	"0"	"сельская местность"	"0"	"Всего"	"0"	"7 615"
"Число умерших(Человек)"	"2024 год"	"202412"	"ТУРКЕСТАНСКАЯ ОБЛАСТЬ"	"0"	"сельская местность"	"0"	"Всего"	"0"	"7 655"
"Число умерших(Человек)"	"2021 год"	"202112"	"ТУРКЕСТАНСКАЯ ОБЛАСТЬ"	"0"	"городская местность"	"0"	"Всего"	"0"	"3 537"
"Число умерших(Человек)"	"2020 год"	"202012"	"ТУРКЕСТАНСКАЯ ОБЛАСТЬ"	"0"	"городская местность"	"0"	"Всего"	"0"	"3 318"
"Число умерших(Человек)"	"2019 год"	"201912"	"ТУРКЕСТАНСКАЯ ОБЛАСТЬ"	"0"	"городская местность"	"0"	"Всего"	"0"	"2 593"
"Число умерших(Человек)"	"2018 год"	"201812"	"ТУРКЕСТАНСКАЯ ОБЛАСТЬ"	"0"	"городская местность"	"0"	"Всего"	"0"	"2 472"
"Число умерших(Человек)"	"2022 год"	"202212"	"ТУРКЕСТАНСКАЯ ОБЛАСТЬ"	"0"	"городская местность"	"0"	"Всего"	"0"	"2 496"
"Число умерших(Человек)"	"2017 год"	"201712"	"ТУРКЕСТАНСКАЯ ОБЛАСТЬ"	"0"	"городская местность"	"0"	"Всего"	"0"	"2 460"
"Число умерших(Человек)"	"2023 год"	"202312"	"ТУРКЕСТАНСКАЯ ОБЛАСТЬ"	"0"	"городская местность"	"0"	"Всего"	"0"	"2 455"
"Число умерших(Человек)"	"2024 год"	"202412"	"ТУРКЕСТАНСКАЯ ОБЛАСТЬ"	"0"	"городская местность"	"0"	"Всего"	"0"	"2 451"
"Число умерших(Человек)"	"2021 год"	"202112"	"ТУРКЕСТАНСКАЯ ОБЛАСТЬ"	"0"	"Всего"	"0"	"Всего"	"0"	"13 624"
"Число умерших(Человек)"	"2020 год"	"202012"	"ТУРКЕСТАНСКАЯ ОБЛАСТЬ"	"0"	"Всего"	"0"	"Всего"	"0"	"12 880"
"Число умерших(Человек)"	"2019 год"	"201912"	"ТУРКЕСТАНСКАЯ ОБЛАСТЬ"	"0"	"Всего"	"0"	"Всего"	"0"	"10 345"
"Число умерших(Человек)"	"2018 год"	"201812"	"ТУРКЕСТАНСКАЯ ОБЛАСТЬ"	"0"	"Всего"	"0"	"Всего"	"0"	"9 927"
"Число умерших(Человек)"	"2022 год"	"202212"	"ТУРКЕСТАНСКАЯ ОБЛАСТЬ"	"0"	"Всего"	"0"	"Всего"	"0"	"9 652"
"Число умерших(Человек)"	"2017 год"	"201712"	"ТУРКЕСТАНСКАЯ ОБЛАСТЬ"	"0"	"Всего"	"0"	"Всего"	"0"	"10 137"
"Число умерших(Человек)"	"2023 год"	"202312"	"ТУРКЕСТАНСКАЯ ОБЛАСТЬ"	"0"	"Всего"	"0"	"Всего"	"0"	"10 070"
"Число умерших(Человек)"	"2024 год"	"202412"	"ТУРКЕСТАНСКАЯ ОБЛАСТЬ"	"0"	"Всего"	"0"	"Всего"	"0"	"10 106"
"Число умерших(Человек)"	"2021 год"	"202112"	"ШАРДАРИНСКИЙ РАЙОН"	"0"	"сельская местность"	"0"	"Всего"	"0"	"261"
"Число умерших(Человек)"	"2020 год"	"202012"	"ШАРДАРИНСКИЙ РАЙОН"	"0"	"сельская местность"	"0"	"Всего"	"0"	"215"
"Число умерших(Человек)"	"2019 год"	"201912"	"ШАРДАРИНСКИЙ РАЙОН"	"0"	"сельская местность"	"0"	"Всего"	"0"	"179"
"Число умерших(Человек)"	"2018 год"	"201812"	"ШАРДАРИНСКИЙ РАЙОН"	"0"	"сельская местность"	"0"	"Всего"	"0"	"177"
"Число умерших(Человек)"	"2022 год"	"202212"	"ШАРДАРИНСКИЙ РАЙОН"	"0"	"сельская местность"	"0"	"Всего"	"0"	"184"
"Число умерших(Человек)"	"2017 год"	"201712"	"ШАРДАРИНСКИЙ РАЙОН"	"0"	"сельская местность"	"0"	"Всего"	"0"	"186"
"Число умерших(Человек)"	"2023 год"	"202312"	"ШАРДАРИНСКИЙ РАЙОН"	"0"	"сельская местность"	"0"	"Всего"	"0"	"214"
"Число умерших(Человек)"	"2024 год"	"202412"	"ШАРДАРИНСКИЙ РАЙОН"	"0"	"сельская местность"	"0"	"Всего"	"0"	"173"
"Число умерших(Человек)"	"2021 год"	"202112"	"ШАРДАРИНСКИЙ РАЙОН"	"0"	"городская местность"	"0"	"Всего"	"0"	"242"
"Число умерших(Человек)"	"2020 год"	"202012"	"ШАРДАРИНСКИЙ РАЙОН"	"0"	"городская местность"	"0"	"Всего"	"0"	"229"
"Число умерших(Человек)"	"2019 год"	"201912"	"ШАРДАРИНСКИЙ РАЙОН"	"0"	"городская местность"	"0"	"Всего"	"0"	"199"
"Число умерших(Человек)"	"2018 год"	"201812"	"ШАРДАРИНСКИЙ РАЙОН"	"0"	"городская местность"	"0"	"Всего"	"0"	"183"
"Число умерших(Человек)"	"2022 год"	"202212"	"ШАРДАРИНСКИЙ РАЙОН"	"0"	"городская местность"	"0"	"Всего"	"0"	"192"
"Число умерших(Человек)"	"2017 год"	"201712"	"ШАРДАРИНСКИЙ РАЙОН"	"0"	"городская местность"	"0"	"Всего"	"0"	"210"
"Число умерших(Человек)"	"2023 год"	"202312"	"ШАРДАРИНСКИЙ РАЙОН"	"0"	"городская местность"	"0"	"Всего"	"0"	"167"
"Число умерших(Человек)"	"2024 год"	"202412"	"ШАРДАРИНСКИЙ РАЙОН"	"0"	"городская местность"	"0"	"Всего"	"0"	"194"
"Число умерших(Человек)"	"2021 год"	"202112"	"ШАРДАРИНСКИЙ РАЙОН"	"0"	"Всего"	"0"	"Всего"	"0"	"503"
"Число умерших(Человек)"	"2020 год"	"202012"	"ШАРДАРИНСКИЙ РАЙОН"	"0"	"Всего"	"0"	"Всего"	"0"	"444"
"Число умерших(Человек)"	"2019 год"	"201912"	"ШАРДАРИНСКИЙ РАЙОН"	"0"	"Всего"	"0"	"Всего"	"0"	"378"
"Число умерших(Человек)"	"2018 год"	"201812"	"ШАРДАРИНСКИЙ РАЙОН"	"0"	"Всего"	"0"	"Всего"	"0"	"360"
"Число умерших(Человек)"	"2022 год"	"202212"	"ШАРДАРИНСКИЙ РАЙОН"	"0"	"Всего"	"0"	"Всего"	"0"	"376"
"Число умерших(Человек)"	"2017 год"	"201712"	"ШАРДАРИНСКИЙ РАЙОН"	"0"	"Всего"	"0"	"Всего"	"0"	"396"
"Число умерших(Человек)"	"2023 год"	"202312"	"ШАРДАРИНСКИЙ РАЙОН"	"0"	"Всего"	"0"	"Всего"	"0"	"381"
"Число умерших(Человек)"	"2024 год"	"202412"	"ШАРДАРИНСКИЙ РАЙОН"	"0"	"Всего"	"0"	"Всего"	"0"	"367"
"Число умерших(Человек)"	"2021 год"	"202112"	"ТЮЛЬКУБАССКИЙ РАЙОН"	"0"	"сельская местность"	"0"	"Всего"	"0"	"866"
"Число умерших(Человек)"	"2020 год"	"202012"	"ТЮЛЬКУБАССКИЙ РАЙОН"	"0"	"сельская местность"	"0"	"Всего"	"0"	"757"
"Число умерших(Человек)"	"2019 год"	"201912"	"ТЮЛЬКУБАССКИЙ РАЙОН"	"0"	"сельская местность"	"0"	"Всего"	"0"	"685"
"Число умерших(Человек)"	"2018 год"	"201812"	"ТЮЛЬКУБАССКИЙ РАЙОН"	"0"	"сельская местность"	"0"	"Всего"	"0"	"634"
"Число умерших(Человек)"	"2022 год"	"202212"	"ТЮЛЬКУБАССКИЙ РАЙОН"	"0"	"сельская местность"	"0"	"Всего"	"0"	"636"
"Число умерших(Человек)"	"2017 год"	"201712"	"ТЮЛЬКУБАССКИЙ РАЙОН"	"0"	"сельская местность"	"0"	"Всего"	"0"	"633"
"Число умерших(Человек)"	"2023 год"	"202312"	"ТЮЛЬКУБАССКИЙ РАЙОН"	"0"	"сельская местность"	"0"	"Всего"	"0"	"601"
"Число умерших(Человек)"	"2024 год"	"202412"	"ТЮЛЬКУБАССКИЙ РАЙОН"	"0"	"сельская местность"	"0"	"Всего"	"0"	"616"
"Число умерших(Человек)"	"2021 год"	"202112"	"ТЮЛЬКУБАССКИЙ РАЙОН"	"0"	"Всего"	"0"	"Всего"	"0"	"866"
"Число умерших(Человек)"	"2020 год"	"202012"	"ТЮЛЬКУБАССКИЙ РАЙОН"	"0"	"Всего"	"0"	"Всего"	"0"	"757"
"Число умерших(Человек)"	"2019 год"	"201912"	"ТЮЛЬКУБАССКИЙ РАЙОН"	"0"	"Всего"	"0"	"Всего"	"0"	"685"
"Число умерших(Человек)"	"2018 год"	"201812"	"ТЮЛЬКУБАССКИЙ РАЙОН"	"0"	"Всего"	"0"	"Всего"	"0"	"634"
"Число умерших(Человек)"	"2022 год"	"202212"	"ТЮЛЬКУБАССКИЙ РАЙОН"	"0"	"Всего"	"0"	"Всего"	"0"	"636"
"Число умерших(Человек)"	"2017 год"	"201712"	"ТЮЛЬКУБАССКИЙ РАЙОН"	"0"	"Всего"	"0"	"Всего"	"0"	"633"
"Число умерших(Человек)"	"2023 год"	"202312"	"ТЮЛЬКУБАССКИЙ РАЙОН"	"0"	"Всего"	"0"	"Всего"	"0"	"601"
"Число умерших(Человек)"	"2024 год"	"202412"	"ТЮЛЬКУБАССКИЙ РАЙОН"	"0"	"Всего"	"0"	"Всего"	"0"	"616"
"Число умерших(Человек)"	"2021 год"	"202112"	"ТОЛЕБИЙСКИЙ РАЙОН"	"0"	"сельская местность"	"0"	"Всего"	"0"	"679"
"Число умерших(Человек)"	"2020 год"	"202012"	"ТОЛЕБИЙСКИЙ РАЙОН"	"0"	"сельская местность"	"0"	"Всего"	"0"	"566"
"Число умерших(Человек)"	"2019 год"	"201912"	"ТОЛЕБИЙСКИЙ РАЙОН"	"0"	"сельская местность"	"0"	"Всего"	"0"	"493"
"Число умерших(Человек)"	"2018 год"	"201812"	"ТОЛЕБИЙСКИЙ РАЙОН"	"0"	"сельская местность"	"0"	"Всего"	"0"	"507"
"Число умерших(Человек)"	"2022 год"	"202212"	"ТОЛЕБИЙСКИЙ РАЙОН"	"0"	"сельская местность"	"0"	"Всего"	"0"	"442"
"Число умерших(Человек)"	"2017 год"	"201712"	"ТОЛЕБИЙСКИЙ РАЙОН"	"0"	"сельская местность"	"0"	"Всего"	"0"	"521"
"Число умерших(Человек)"	"2023 год"	"202312"	"ТОЛЕБИЙСКИЙ РАЙОН"	"0"	"сельская местность"	"0"	"Всего"	"0"	"440"
"Число умерших(Человек)"	"2024 год"	"202412"	"ТОЛЕБИЙСКИЙ РАЙОН"	"0"	"сельская местность"	"0"	"Всего"	"0"	"500"
"Число умерших(Человек)"	"2021 год"	"202112"	"ТОЛЕБИЙСКИЙ РАЙОН"	"0"	"городская местность"	"0"	"Всего"	"0"	"260"
"Число умерших(Человек)"	"2020 год"	"202012"	"ТОЛЕБИЙСКИЙ РАЙОН"	"0"	"городская местность"	"0"	"Всего"	"0"	"252"
"Число умерших(Человек)"	"2019 год"	"201912"	"ТОЛЕБИЙСКИЙ РАЙОН"	"0"	"городская местность"	"0"	"Всего"	"0"	"218"
"Число умерших(Человек)"	"2018 год"	"201812"	"ТОЛЕБИЙСКИЙ РАЙОН"	"0"	"городская местность"	"0"	"Всего"	"0"	"225"
"Число умерших(Человек)"	"2022 год"	"202212"	"ТОЛЕБИЙСКИЙ РАЙОН"	"0"	"городская местность"	"0"	"Всего"	"0"	"193"
"Число умерших(Человек)"	"2017 год"	"201712"	"ТОЛЕБИЙСКИЙ РАЙОН"	"0"	"городская местность"	"0"	"Всего"	"0"	"201"
"Число умерших(Человек)"	"2023 год"	"202312"	"ТОЛЕБИЙСКИЙ РАЙОН"	"0"	"городская местность"	"0"	"Всего"	"0"	"192"
"Число умерших(Человек)"	"2024 год"	"202412"	"ТОЛЕБИЙСКИЙ РАЙОН"	"0"	"городская местность"	"0"	"Всего"	"0"	"195"
"Число умерших(Человек)"	"2021 год"	"202112"	"ТОЛЕБИЙСКИЙ РАЙОН"	"0"	"Всего"	"0"	"Всего"	"0"	"939"
"Число умерших(Человек)"	"2020 год"	"202012"	"ТОЛЕБИЙСКИЙ РАЙОН"	"0"	"Всего"	"0"	"Всего"	"0"	"818"
"Число умерших(Человек)"	"2019 год"	"201912"	"ТОЛЕБИЙСКИЙ РАЙОН"	"0"	"Всего"	"0"	"Всего"	"0"	"711"
"Число умерших(Человек)"	"2018 год"	"201812"	"ТОЛЕБИЙСКИЙ РАЙОН"	"0"	"Всего"	"0"	"Всего"	"0"	"732"
"Число умерших(Человек)"	"2022 год"	"202212"	"ТОЛЕБИЙСКИЙ РАЙОН"	"0"	"Всего"	"0"	"Всего"	"0"	"635"
"Число умерших(Человек)"	"2017 год"	"201712"	"ТОЛЕБИЙСКИЙ РАЙОН"	"0"	"Всего"	"0"	"Всего"	"0"	"722"
"Число умерших(Человек)"	"2023 год"	"202312"	"ТОЛЕБИЙСКИЙ РАЙОН"	"0"	"Всего"	"0"	"Всего"	"0"	"632"
"Число умерших(Человек)"	"2024 год"	"202412"	"ТОЛЕБИЙСКИЙ РАЙОН"	"0"	"Всего"	"0"	"Всего"	"0"	"695"
"Число умерших(Человек)"	"2021 год"	"202112"	"СУЗАКСКИЙ РАЙОН"	"0"	"сельская местность"	"0"	"Всего"	"0"	"401"
"Число умерших(Человек)"	"2020 год"	"202012"	"СУЗАКСКИЙ РАЙОН"	"0"	"сельская местность"	"0"	"Всего"	"0"	"364"
"Число умерших(Человек)"	"2019 год"	"201912"	"СУЗАКСКИЙ РАЙОН"	"0"	"сельская местность"	"0"	"Всего"	"0"	"327"
"Число умерших(Человек)"	"2018 год"	"201812"	"СУЗАКСКИЙ РАЙОН"	"0"	"сельская местность"	"0"	"Всего"	"0"	"281"
"Число умерших(Человек)"	"2022 год"	"202212"	"СУЗАКСКИЙ РАЙОН"	"0"	"сельская местность"	"0"	"Всего"	"0"	"288"
"Число умерших(Человек)"	"2017 год"	"201712"	"СУЗАКСКИЙ РАЙОН"	"0"	"сельская местность"	"0"	"Всего"	"0"	"312"
"Число умерших(Человек)"	"2023 год"	"202312"	"СУЗАКСКИЙ РАЙОН"	"0"	"сельская местность"	"0"	"Всего"	"0"	"333"
"Число умерших(Человек)"	"2024 год"	"202412"	"СУЗАКСКИЙ РАЙОН"	"0"	"сельская местность"	"0"	"Всего"	"0"	"311"
"Число умерших(Человек)"	"2021 год"	"202112"	"СУЗАКСКИЙ РАЙОН"	"0"	"Всего"	"0"	"Всего"	"0"	"401"
"Число умерших(Человек)"	"2020 год"	"202012"	"СУЗАКСКИЙ РАЙОН"	"0"	"Всего"	"0"	"Всего"	"0"	"364"
"Число умерших(Человек)"	"2019 год"	"201912"	"СУЗАКСКИЙ РАЙОН"	"0"	"Всего"	"0"	"Всего"	"0"	"327"
"Число умерших(Человек)"	"2018 год"	"201812"	"СУЗАКСКИЙ РАЙОН"	"0"	"Всего"	"0"	"Всего"	"0"	"281"
"Число умерших(Человек)"	"2022 год"	"202212"	"СУЗАКСКИЙ РАЙОН"	"0"	"Всего"	"0"	"Всего"	"0"	"288"
"Число умерших(Человек)"	"2017 год"	"201712"	"СУЗАКСКИЙ РАЙОН"	"0"	"Всего"	"0"	"Всего"	"0"	"312"
"Число умерших(Человек)"	"2023 год"	"202312"	"СУЗАКСКИЙ РАЙОН"	"0"	"Всего"	"0"	"Всего"	"0"	"333"
"Число умерших(Человек)"	"2024 год"	"202412"	"СУЗАКСКИЙ РАЙОН"	"0"	"Всего"	"0"	"Всего"	"0"	"311"
"Число умерших(Человек)"	"2021 год"	"202112"	"САРЫАГАШСКИЙ РАЙОН"	"0"	"сельская местность"	"0"	"Всего"	"0"	"916"
"Число умерших(Человек)"	"2020 год"	"202012"	"САРЫАГАШСКИЙ РАЙОН"	"0"	"сельская местность"	"0"	"Всего"	"0"	"845"
"Число умерших(Человек)"	"2019 год"	"201912"	"САРЫАГАШСКИЙ РАЙОН"	"0"	"сельская местность"	"0"	"Всего"	"0"	"646"
"Число умерших(Человек)"	"2018 год"	"201812"	"САРЫАГАШСКИЙ РАЙОН"	"0"	"сельская местность"	"0"	"Всего"	"0"	"665"
"Число умерших(Человек)"	"2022 год"	"202212"	"САРЫАГАШСКИЙ РАЙОН"	"0"	"сельская местность"	"0"	"Всего"	"0"	"580"
"Число умерших(Человек)"	"2017 год"	"201712"	"САРЫАГАШСКИЙ РАЙОН"	"0"	"сельская местность"	"0"	"Всего"	"0"	"702"
"Число умерших(Человек)"	"2023 год"	"202312"	"САРЫАГАШСКИЙ РАЙОН"	"0"	"сельская местность"	"0"	"Всего"	"0"	"773"
"Число умерших(Человек)"	"2024 год"	"202412"	"САРЫАГАШСКИЙ РАЙОН"	"0"	"сельская местность"	"0"	"Всего"	"0"	"669"
"Число умерших(Человек)"	"2021 год"	"202112"	"САРЫАГАШСКИЙ РАЙОН"	"0"	"городская местность"	"0"	"Всего"	"0"	"498"
"Число умерших(Человек)"	"2020 год"	"202012"	"САРЫАГАШСКИЙ РАЙОН"	"0"	"городская местность"	"0"	"Всего"	"0"	"427"
"Число умерших(Человек)"	"2019 год"	"201912"	"САРЫАГАШСКИЙ РАЙОН"	"0"	"городская местность"	"0"	"Всего"	"0"	"349"
"Число умерших(Человек)"	"2018 год"	"201812"	"САРЫАГАШСКИЙ РАЙОН"	"0"	"городская местность"	"0"	"Всего"	"0"	"274"
"Число умерших(Человек)"	"2022 год"	"202212"	"САРЫАГАШСКИЙ РАЙОН"	"0"	"городская местность"	"0"	"Всего"	"0"	"289"
"Число умерших(Человек)"	"2017 год"	"201712"	"САРЫАГАШСКИЙ РАЙОН"	"0"	"городская местность"	"0"	"Всего"	"0"	"273"
"Число умерших(Человек)"	"2023 год"	"202312"	"САРЫАГАШСКИЙ РАЙОН"	"0"	"городская местность"	"0"	"Всего"	"0"	"251"
"Число умерших(Человек)"	"2024 год"	"202412"	"САРЫАГАШСКИЙ РАЙОН"	"0"	"городская местность"	"0"	"Всего"	"0"	"275"
"Число умерших(Человек)"	"2021 год"	"202112"	"САРЫАГАШСКИЙ РАЙОН"	"0"	"Всего"	"0"	"Всего"	"0"	"1 414"
"Число умерших(Человек)"	"2020 год"	"202012"	"САРЫАГАШСКИЙ РАЙОН"	"0"	"Всего"	"0"	"Всего"	"0"	"1 272"
"Число умерших(Человек)"	"2019 год"	"201912"	"САРЫАГАШСКИЙ РАЙОН"	"0"	"Всего"	"0"	"Всего"	"0"	"995"
"Число умерших(Человек)"	"2018 год"	"201812"	"САРЫАГАШСКИЙ РАЙОН"	"0"	"Всего"	"0"	"Всего"	"0"	"939"
"Число умерших(Человек)"	"2022 год"	"202212"	"САРЫАГАШСКИЙ РАЙОН"	"0"	"Всего"	"0"	"Всего"	"0"	"869"
"Число умерших(Человек)"	"2017 год"	"201712"	"САРЫАГАШСКИЙ РАЙОН"	"0"	"Всего"	"0"	"Всего"	"0"	"975"
"Число умерших(Человек)"	"2023 год"	"202312"	"САРЫАГАШСКИЙ РАЙОН"	"0"	"Всего"	"0"	"Всего"	"0"	"1 024"
"Число умерших(Человек)"	"2024 год"	"202412"	"САРЫАГАШСКИЙ РАЙОН"	"0"	"Всего"	"0"	"Всего"	"0"	"944"
"Число умерших(Человек)"	"2021 год"	"202112"	"САЙРАМСКИЙ РАЙОН"	"0"	"сельская местность"	"0"	"Всего"	"0"	"1 377"
"Число умерших(Человек)"	"2020 год"	"202012"	"САЙРАМСКИЙ РАЙОН"	"0"	"сельская местность"	"0"	"Всего"	"0"	"1 383"
"Число умерших(Человек)"	"2019 год"	"201912"	"САЙРАМСКИЙ РАЙОН"	"0"	"сельская местность"	"0"	"Всего"	"0"	"1 037"
"Число умерших(Человек)"	"2018 год"	"201812"	"САЙРАМСКИЙ РАЙОН"	"0"	"сельская местность"	"0"	"Всего"	"0"	"978"
"Число умерших(Человек)"	"2022 год"	"202212"	"САЙРАМСКИЙ РАЙОН"	"0"	"сельская местность"	"0"	"Всего"	"0"	"959"
"Число умерших(Человек)"	"2017 год"	"201712"	"САЙРАМСКИЙ РАЙОН"	"0"	"сельская местность"	"0"	"Всего"	"0"	"957"
"Число умерших(Человек)"	"2023 год"	"202312"	"САЙРАМСКИЙ РАЙОН"	"0"	"сельская местность"	"0"	"Всего"	"0"	"1 004"
"Число умерших(Человек)"	"2024 год"	"202412"	"САЙРАМСКИЙ РАЙОН"	"0"	"сельская местность"	"0"	"Всего"	"0"	"1 029"
"Число умерших(Человек)"	"2021 год"	"202112"	"САЙРАМСКИЙ РАЙОН"	"0"	"Всего"	"0"	"Всего"	"0"	"1 377"
"Число умерших(Человек)"	"2020 год"	"202012"	"САЙРАМСКИЙ РАЙОН"	"0"	"Всего"	"0"	"Всего"	"0"	"1 383"
"Число умерших(Человек)"	"2019 год"	"201912"	"САЙРАМСКИЙ РАЙОН"	"0"	"Всего"	"0"	"Всего"	"0"	"1 037"
"Число умерших(Человек)"	"2018 год"	"201812"	"САЙРАМСКИЙ РАЙОН"	"0"	"Всего"	"0"	"Всего"	"0"	"978"
"Число умерших(Человек)"	"2022 год"	"202212"	"САЙРАМСКИЙ РАЙОН"	"0"	"Всего"	"0"	"Всего"	"0"	"959"
"Число умерших(Человек)"	"2017 год"	"201712"	"САЙРАМСКИЙ РАЙОН"	"0"	"Всего"	"0"	"Всего"	"0"	"957"
"Число умерших(Человек)"	"2023 год"	"202312"	"САЙРАМСКИЙ РАЙОН"	"0"	"Всего"	"0"	"Всего"	"0"	"1 004"
"Число умерших(Человек)"	"2024 год"	"202412"	"САЙРАМСКИЙ РАЙОН"	"0"	"Всего"	"0"	"Всего"	"0"	"1 029"
"Число умерших(Человек)"	"2021 год"	"202112"	"ОТРАРСКИЙ РАЙОН"	"0"	"сельская местность"	"0"	"Всего"	"0"	"360"
"Число умерших(Человек)"	"2020 год"	"202012"	"ОТРАРСКИЙ РАЙОН"	"0"	"сельская местность"	"0"	"Всего"	"0"	"357"
"Число умерших(Человек)"	"2019 год"	"201912"	"ОТРАРСКИЙ РАЙОН"	"0"	"сельская местность"	"0"	"Всего"	"0"	"292"
"Число умерших(Человек)"	"2018 год"	"201812"	"ОТРАРСКИЙ РАЙОН"	"0"	"сельская местность"	"0"	"Всего"	"0"	"277"
"Число умерших(Человек)"	"2022 год"	"202212"	"ОТРАРСКИЙ РАЙОН"	"0"	"сельская местность"	"0"	"Всего"	"0"	"236"
"Число умерших(Человек)"	"2017 год"	"201712"	"ОТРАРСКИЙ РАЙОН"	"0"	"сельская местность"	"0"	"Всего"	"0"	"307"
"Число умерших(Человек)"	"2023 год"	"202312"	"ОТРАРСКИЙ РАЙОН"	"0"	"сельская местность"	"0"	"Всего"	"0"	"300"
"Число умерших(Человек)"	"2024 год"	"202412"	"ОТРАРСКИЙ РАЙОН"	"0"	"сельская местность"	"0"	"Всего"	"0"	"271"
"Число умерших(Человек)"	"2021 год"	"202112"	"ОТРАРСКИЙ РАЙОН"	"0"	"Всего"	"0"	"Всего"	"0"	"360"
"Число умерших(Человек)"	"2020 год"	"202012"	"ОТРАРСКИЙ РАЙОН"	"0"	"Всего"	"0"	"Всего"	"0"	"357"
"Число умерших(Человек)"	"2019 год"	"201912"	"ОТРАРСКИЙ РАЙОН"	"0"	"Всего"	"0"	"Всего"	"0"	"292"
"Число умерших(Человек)"	"2018 год"	"201812"	"ОТРАРСКИЙ РАЙОН"	"0"	"Всего"	"0"	"Всего"	"0"	"277"
"Число умерших(Человек)"	"2022 год"	"202212"	"ОТРАРСКИЙ РАЙОН"	"0"	"Всего"	"0"	"Всего"	"0"	"236"
"Число умерших(Человек)"	"2017 год"	"201712"	"ОТРАРСКИЙ РАЙОН"	"0"	"Всего"	"0"	"Всего"	"0"	"307"
"Число умерших(Человек)"	"2023 год"	"202312"	"ОТРАРСКИЙ РАЙОН"	"0"	"Всего"	"0"	"Всего"	"0"	"300"
"Число умерших(Человек)"	"2024 год"	"202412"	"ОТРАРСКИЙ РАЙОН"	"0"	"Всего"	"0"	"Всего"	"0"	"271"
"Число умерших(Человек)"	"2021 год"	"202112"	"ОРДАБАСЫНСКИЙ РАЙОН"	"0"	"сельская местность"	"0"	"Всего"	"0"	"828"
"Число умерших(Человек)"	"2020 год"	"202012"	"ОРДАБАСЫНСКИЙ РАЙОН"	"0"	"сельская местность"	"0"	"Всего"	"0"	"790"
"Число умерших(Человек)"	"2019 год"	"201912"	"ОРДАБАСЫНСКИЙ РАЙОН"	"0"	"сельская местность"	"0"	"Всего"	"0"	"692"
"Число умерших(Человек)"	"2018 год"	"201812"	"ОРДАБАСЫНСКИЙ РАЙОН"	"0"	"сельская местность"	"0"	"Всего"	"0"	"594"
"Число умерших(Человек)"	"2022 год"	"202212"	"ОРДАБАСЫНСКИЙ РАЙОН"	"0"	"сельская местность"	"0"	"Всего"	"0"	"588"
"Число умерших(Человек)"	"2017 год"	"201712"	"ОРДАБАСЫНСКИЙ РАЙОН"	"0"	"сельская местность"	"0"	"Всего"	"0"	"605"
"Число умерших(Человек)"	"2023 год"	"202312"	"ОРДАБАСЫНСКИЙ РАЙОН"	"0"	"сельская местность"	"0"	"Всего"	"0"	"636"
"Число умерших(Человек)"	"2024 год"	"202412"	"ОРДАБАСЫНСКИЙ РАЙОН"	"0"	"сельская местность"	"0"	"Всего"	"0"	"662"
"Число умерших(Человек)"	"2021 год"	"202112"	"ОРДАБАСЫНСКИЙ РАЙОН"	"0"	"Всего"	"0"	"Всего"	"0"	"828"
"Число умерших(Человек)"	"2020 год"	"202012"	"ОРДАБАСЫНСКИЙ РАЙОН"	"0"	"Всего"	"0"	"Всего"	"0"	"790"
"Число умерших(Человек)"	"2019 год"	"201912"	"ОРДАБАСЫНСКИЙ РАЙОН"	"0"	"Всего"	"0"	"Всего"	"0"	"692"
"Число умерших(Человек)"	"2018 год"	"201812"	"ОРДАБАСЫНСКИЙ РАЙОН"	"0"	"Всего"	"0"	"Всего"	"0"	"594"
"Число умерших(Человек)"	"2022 год"	"202212"	"ОРДАБАСЫНСКИЙ РАЙОН"	"0"	"Всего"	"0"	"Всего"	"0"	"588"
"Число умерших(Человек)"	"2017 год"	"201712"	"ОРДАБАСЫНСКИЙ РАЙОН"	"0"	"Всего"	"0"	"Всего"	"0"	"605"
"Число умерших(Человек)"	"2023 год"	"202312"	"ОРДАБАСЫНСКИЙ РАЙОН"	"0"	"Всего"	"0"	"Всего"	"0"	"636"
"Число умерших(Человек)"	"2024 год"	"202412"	"ОРДАБАСЫНСКИЙ РАЙОН"	"0"	"Всего"	"0"	"Всего"	"0"	"662"
"Число умерших(Человек)"	"2021 год"	"202112"	"МАКТААРАЛЬСКИЙ РАЙОН"	"0"	"сельская местность"	"0"	"Всего"	"0"	"780"
"Число умерших(Человек)"	"2020 год"	"202012"	"МАКТААРАЛЬСКИЙ РАЙОН"	"0"	"сельская местность"	"0"	"Всего"	"0"	"730"
"Число умерших(Человек)"	"2019 год"	"201912"	"МАКТААРАЛЬСКИЙ РАЙОН"	"0"	"сельская местность"	"0"	"Всего"	"0"	"683"
"Число умерших(Человек)"	"2018 год"	"201812"	"МАКТААРАЛЬСКИЙ РАЙОН"	"0"	"сельская местность"	"0"	"Всего"	"0"	"562"
"Число умерших(Человек)"	"2022 год"	"202212"	"МАКТААРАЛЬСКИЙ РАЙОН"	"0"	"сельская местность"	"0"	"Всего"	"0"	"567"
"Число умерших(Человек)"	"2017 год"	"201712"	"МАКТААРАЛЬСКИЙ РАЙОН"	"0"	"сельская местность"	"0"	"Всего"	"0"	"610"
"Число умерших(Человек)"	"2023 год"	"202312"	"МАКТААРАЛЬСКИЙ РАЙОН"	"0"	"сельская местность"	"0"	"Всего"	"0"	"608"
"Число умерших(Человек)"	"2024 год"	"202412"	"МАКТААРАЛЬСКИЙ РАЙОН"	"0"	"сельская местность"	"0"	"Всего"	"0"	"573"
"Число умерших(Человек)"	"2021 год"	"202112"	"МАКТААРАЛЬСКИЙ РАЙОН"	"0"	"Всего"	"0"	"Всего"	"0"	"780"
"Число умерших(Человек)"	"2020 год"	"202012"	"МАКТААРАЛЬСКИЙ РАЙОН"	"0"	"Всего"	"0"	"Всего"	"0"	"730"
"Число умерших(Человек)"	"2019 год"	"201912"	"МАКТААРАЛЬСКИЙ РАЙОН"	"0"	"Всего"	"0"	"Всего"	"0"	"683"
"Число умерших(Человек)"	"2018 год"	"201812"	"МАКТААРАЛЬСКИЙ РАЙОН"	"0"	"Всего"	"0"	"Всего"	"0"	"562"
"Число умерших(Человек)"	"2022 год"	"202212"	"МАКТААРАЛЬСКИЙ РАЙОН"	"0"	"Всего"	"0"	"Всего"	"0"	"567"
"Число умерших(Человек)"	"2017 год"	"201712"	"МАКТААРАЛЬСКИЙ РАЙОН"	"0"	"Всего"	"0"	"Всего"	"0"	"610"
"Число умерших(Человек)"	"2023 год"	"202312"	"МАКТААРАЛЬСКИЙ РАЙОН"	"0"	"Всего"	"0"	"Всего"	"0"	"608"
"Число умерших(Человек)"	"2024 год"	"202412"	"МАКТААРАЛЬСКИЙ РАЙОН"	"0"	"Всего"	"0"	"Всего"	"0"	"573"
"Число умерших(Человек)"	"2021 год"	"202112"	"КАЗЫГУРТСКИЙ РАЙОН"	"0"	"сельская местность"	"0"	"Всего"	"0"	"828"
"Число умерших(Человек)"	"2020 год"	"202012"	"КАЗЫГУРТСКИЙ РАЙОН"	"0"	"сельская местность"	"0"	"Всего"	"0"	"726"
"Число умерших(Человек)"	"2019 год"	"201912"	"КАЗЫГУРТСКИЙ РАЙОН"	"0"	"сельская местность"	"0"	"Всего"	"0"	"612"
"Число умерших(Человек)"	"2018 год"	"201812"	"КАЗЫГУРТСКИЙ РАЙОН"	"0"	"сельская местность"	"0"	"Всего"	"0"	"619"
"Число умерших(Человек)"	"2022 год"	"202212"	"КАЗЫГУРТСКИЙ РАЙОН"	"0"	"сельская местность"	"0"	"Всего"	"0"	"542"
"Число умерших(Человек)"	"2017 год"	"201712"	"КАЗЫГУРТСКИЙ РАЙОН"	"0"	"сельская местность"	"0"	"Всего"	"0"	"567"
"Число умерших(Человек)"	"2023 год"	"202312"	"КАЗЫГУРТСКИЙ РАЙОН"	"0"	"сельская местность"	"0"	"Всего"	"0"	"504"
"Число умерших(Человек)"	"2024 год"	"202412"	"КАЗЫГУРТСКИЙ РАЙОН"	"0"	"сельская местность"	"0"	"Всего"	"0"	"615"
"Число умерших(Человек)"	"2021 год"	"202112"	"КАЗЫГУРТСКИЙ РАЙОН"	"0"	"Всего"	"0"	"Всего"	"0"	"828"
"Число умерших(Человек)"	"2020 год"	"202012"	"КАЗЫГУРТСКИЙ РАЙОН"	"0"	"Всего"	"0"	"Всего"	"0"	"726"
"Число умерших(Человек)"	"2019 год"	"201912"	"КАЗЫГУРТСКИЙ РАЙОН"	"0"	"Всего"	"0"	"Всего"	"0"	"612"
"Число умерших(Человек)"	"2018 год"	"201812"	"КАЗЫГУРТСКИЙ РАЙОН"	"0"	"Всего"	"0"	"Всего"	"0"	"619"
"Число умерших(Человек)"	"2022 год"	"202212"	"КАЗЫГУРТСКИЙ РАЙОН"	"0"	"Всего"	"0"	"Всего"	"0"	"542"
"Число умерших(Человек)"	"2017 год"	"201712"	"КАЗЫГУРТСКИЙ РАЙОН"	"0"	"Всего"	"0"	"Всего"	"0"	"567"
"Число умерших(Человек)"	"2023 год"	"202312"	"КАЗЫГУРТСКИЙ РАЙОН"	"0"	"Всего"	"0"	"Всего"	"0"	"504"
"Число умерших(Человек)"	"2024 год"	"202412"	"КАЗЫГУРТСКИЙ РАЙОН"	"0"	"Всего"	"0"	"Всего"	"0"	"615"
"Число умерших(Человек)"	"2021 год"	"202112"	"РАЙОН БАЙДИБЕКА"	"0"	"сельская местность"	"0"	"Всего"	"0"	"414"
"Число умерших(Человек)"	"2020 год"	"202012"	"РАЙОН БАЙДИБЕКА"	"0"	"сельская местность"	"0"	"Всего"	"0"	"368"
"Число умерших(Человек)"	"2019 год"	"201912"	"РАЙОН БАЙДИБЕКА"	"0"	"сельская местность"	"0"	"Всего"	"0"	"286"
"Число умерших(Человек)"	"2018 год"	"201812"	"РАЙОН БАЙДИБЕКА"	"0"	"сельская местность"	"0"	"Всего"	"0"	"296"
"Число умерших(Человек)"	"2022 год"	"202212"	"РАЙОН БАЙДИБЕКА"	"0"	"сельская местность"	"0"	"Всего"	"0"	"318"
"Число умерших(Человек)"	"2017 год"	"201712"	"РАЙОН БАЙДИБЕКА"	"0"	"сельская местность"	"0"	"Всего"	"0"	"311"
"Число умерших(Человек)"	"2023 год"	"202312"	"РАЙОН БАЙДИБЕКА"	"0"	"сельская местность"	"0"	"Всего"	"0"	"306"
"Число умерших(Человек)"	"2024 год"	"202412"	"РАЙОН БАЙДИБЕКА"	"0"	"сельская местность"	"0"	"Всего"	"0"	"302"
"Число умерших(Человек)"	"2021 год"	"202112"	"РАЙОН БАЙДИБЕКА"	"0"	"Всего"	"0"	"Всего"	"0"	"414"
"Число умерших(Человек)"	"2020 год"	"202012"	"РАЙОН БАЙДИБЕКА"	"0"	"Всего"	"0"	"Всего"	"0"	"368"
"Число умерших(Человек)"	"2019 год"	"201912"	"РАЙОН БАЙДИБЕКА"	"0"	"Всего"	"0"	"Всего"	"0"	"286"
"Число умерших(Человек)"	"2018 год"	"201812"	"РАЙОН БАЙДИБЕКА"	"0"	"Всего"	"0"	"Всего"	"0"	"296"
"Число умерших(Человек)"	"2022 год"	"202212"	"РАЙОН БАЙДИБЕКА"	"0"	"Всего"	"0"	"Всего"	"0"	"318"
"Число умерших(Человек)"	"2017 год"	"201712"	"РАЙОН БАЙДИБЕКА"	"0"	"Всего"	"0"	"Всего"	"0"	"311"
"Число умерших(Человек)"	"2023 год"	"202312"	"РАЙОН БАЙДИБЕКА"	"0"	"Всего"	"0"	"Всего"	"0"	"306"
"Число умерших(Человек)"	"2024 год"	"202412"	"РАЙОН БАЙДИБЕКА"	"0"	"Всего"	"0"	"Всего"	"0"	"302"
"Число умерших(Человек)"	"2021 год"	"202112"	"КЕНТАУ Г.А."	"0"	"сельская местность"	"0"	"Всего"	"0"	"149"
"Число умерших(Человек)"	"2020 год"	"202012"	"КЕНТАУ Г.А."	"0"	"сельская местность"	"0"	"Всего"	"0"	"717"
"Число умерших(Человек)"	"2019 год"	"201912"	"КЕНТАУ Г.А."	"0"	"сельская местность"	"0"	"Всего"	"0"	"467"
"Число умерших(Человек)"	"2018 год"	"201812"	"КЕНТАУ Г.А."	"0"	"сельская местность"	"0"	"Всего"	"0"	"413"
"Число умерших(Человек)"	"2022 год"	"202212"	"КЕНТАУ Г.А."	"0"	"сельская местность"	"0"	"Всего"	"0"	"134"
"Число умерших(Человек)"	"2017 год"	"201712"	"КЕНТАУ Г.А."	"0"	"сельская местность"	"0"	"Всего"	"0"	"549"
"Число умерших(Человек)"	"2023 год"	"202312"	"КЕНТАУ Г.А."	"0"	"сельская местность"	"0"	"Всего"	"0"	"136"
"Число умерших(Человек)"	"2024 год"	"202412"	"КЕНТАУ Г.А."	"0"	"сельская местность"	"0"	"Всего"	"0"	"128"
"Число умерших(Человек)"	"2021 год"	"202112"	"КЕНТАУ Г.А."	"0"	"городская местность"	"0"	"Всего"	"0"	"722"
"Число умерших(Человек)"	"2020 год"	"202012"	"КЕНТАУ Г.А."	"0"	"городская местность"	"0"	"Всего"	"0"	"590"
"Число умерших(Человек)"	"2019 год"	"201912"	"КЕНТАУ Г.А."	"0"	"городская местность"	"0"	"Всего"	"0"	"545"
"Число умерших(Человек)"	"2018 год"	"201812"	"КЕНТАУ Г.А."	"0"	"городская местность"	"0"	"Всего"	"0"	"463"
"Число умерших(Человек)"	"2022 год"	"202212"	"КЕНТАУ Г.А."	"0"	"городская местность"	"0"	"Всего"	"0"	"460"
"Число умерших(Человек)"	"2017 год"	"201712"	"КЕНТАУ Г.А."	"0"	"городская местность"	"0"	"Всего"	"0"	"426"
"Число умерших(Человек)"	"2023 год"	"202312"	"КЕНТАУ Г.А."	"0"	"городская местность"	"0"	"Всего"	"0"	"410"
"Число умерших(Человек)"	"2024 год"	"202412"	"КЕНТАУ Г.А."	"0"	"городская местность"	"0"	"Всего"	"0"	"407"
"Число умерших(Человек)"	"2021 год"	"202112"	"КЕНТАУ Г.А."	"0"	"Всего"	"0"	"Всего"	"0"	"871"
"Число умерших(Человек)"	"2020 год"	"202012"	"КЕНТАУ Г.А."	"0"	"Всего"	"0"	"Всего"	"0"	"1 307"
"Число умерших(Человек)"	"2019 год"	"201912"	"КЕНТАУ Г.А."	"0"	"Всего"	"0"	"Всего"	"0"	"1 012"
"Число умерших(Человек)"	"2018 год"	"201812"	"КЕНТАУ Г.А."	"0"	"Всего"	"0"	"Всего"	"0"	"876"
"Число умерших(Человек)"	"2022 год"	"202212"	"КЕНТАУ Г.А."	"0"	"Всего"	"0"	"Всего"	"0"	"594"
"Число умерших(Человек)"	"2017 год"	"201712"	"КЕНТАУ Г.А."	"0"	"Всего"	"0"	"Всего"	"0"	"975"
"Число умерших(Человек)"	"2023 год"	"202312"	"КЕНТАУ Г.А."	"0"	"Всего"	"0"	"Всего"	"0"	"546"
"Число умерших(Человек)"	"2024 год"	"202412"	"КЕНТАУ Г.А."	"0"	"Всего"	"0"	"Всего"	"0"	"535"
"Число умерших(Человек)"	"2021 год"	"202112"	"АРЫСЬ Г.А."	"0"	"сельская местность"	"0"	"Всего"	"0"	"194"
"Число умерших(Человек)"	"2020 год"	"202012"	"АРЫСЬ Г.А."	"0"	"сельская местность"	"0"	"Всего"	"0"	"173"
"Число умерших(Человек)"	"2019 год"	"201912"	"АРЫСЬ Г.А."	"0"	"сельская местность"	"0"	"Всего"	"0"	"148"
"Число умерших(Человек)"	"2018 год"	"201812"	"АРЫСЬ Г.А."	"0"	"сельская местность"	"0"	"Всего"	"0"	"146"
"Число умерших(Человек)"	"2022 год"	"202212"	"АРЫСЬ Г.А."	"0"	"сельская местность"	"0"	"Всего"	"0"	"133"
"Число умерших(Человек)"	"2017 год"	"201712"	"АРЫСЬ Г.А."	"0"	"сельская местность"	"0"	"Всего"	"0"	"164"
"Число умерших(Человек)"	"2023 год"	"202312"	"АРЫСЬ Г.А."	"0"	"сельская местность"	"0"	"Всего"	"0"	"133"
"Число умерших(Человек)"	"2024 год"	"202412"	"АРЫСЬ Г.А."	"0"	"сельская местность"	"0"	"Всего"	"0"	"123"
"Число умерших(Человек)"	"2021 год"	"202112"	"АРЫСЬ Г.А."	"0"	"городская местность"	"0"	"Всего"	"0"	"353"
"Число умерших(Человек)"	"2020 год"	"202012"	"АРЫСЬ Г.А."	"0"	"городская местность"	"0"	"Всего"	"0"	"335"
"Число умерших(Человек)"	"2019 год"	"201912"	"АРЫСЬ Г.А."	"0"	"городская местность"	"0"	"Всего"	"0"	"268"
"Число умерших(Человек)"	"2018 год"	"201812"	"АРЫСЬ Г.А."	"0"	"городская местность"	"0"	"Всего"	"0"	"253"
"Число умерших(Человек)"	"2022 год"	"202212"	"АРЫСЬ Г.А."	"0"	"городская местность"	"0"	"Всего"	"0"	"248"
"Число умерших(Человек)"	"2017 год"	"201712"	"АРЫСЬ Г.А."	"0"	"городская местность"	"0"	"Всего"	"0"	"301"
"Число умерших(Человек)"	"2023 год"	"202312"	"АРЫСЬ Г.А."	"0"	"городская местность"	"0"	"Всего"	"0"	"318"
"Число умерших(Человек)"	"2024 год"	"202412"	"АРЫСЬ Г.А."	"0"	"городская местность"	"0"	"Всего"	"0"	"301"
"Число умерших(Человек)"	"2021 год"	"202112"	"АРЫСЬ Г.А."	"0"	"Всего"	"0"	"Всего"	"0"	"547"
"Число умерших(Человек)"	"2020 год"	"202012"	"АРЫСЬ Г.А."	"0"	"Всего"	"0"	"Всего"	"0"	"508"
"Число умерших(Человек)"	"2019 год"	"201912"	"АРЫСЬ Г.А."	"0"	"Всего"	"0"	"Всего"	"0"	"416"
"Число умерших(Человек)"	"2018 год"	"201812"	"АРЫСЬ Г.А."	"0"	"Всего"	"0"	"Всего"	"0"	"399"
"Число умерших(Человек)"	"2022 год"	"202212"	"АРЫСЬ Г.А."	"0"	"Всего"	"0"	"Всего"	"0"	"381"
"Число умерших(Человек)"	"2017 год"	"201712"	"АРЫСЬ Г.А."	"0"	"Всего"	"0"	"Всего"	"0"	"465"
"Число умерших(Человек)"	"2023 год"	"202312"	"АРЫСЬ Г.А."	"0"	"Всего"	"0"	"Всего"	"0"	"451"
"Число умерших(Человек)"	"2024 год"	"202412"	"АРЫСЬ Г.А."	"0"	"Всего"	"0"	"Всего"	"0"	"424"
"Число умерших(Человек)"	"2021 год"	"202112"	"ТУРКЕСТАН Г.А."	"0"	"городская местность"	"0"	"Всего"	"0"	"1 164"
"Число умерших(Человек)"	"2020 год"	"202012"	"ТУРКЕСТАН Г.А."	"0"	"городская местность"	"0"	"Всего"	"0"	"1 205"
"Число умерших(Человек)"	"2019 год"	"201912"	"ТУРКЕСТАН Г.А."	"0"	"городская местность"	"0"	"Всего"	"0"	"794"
"Число умерших(Человек)"	"2018 год"	"201812"	"ТУРКЕСТАН Г.А."	"0"	"городская местность"	"0"	"Всего"	"0"	"852"
"Число умерших(Человек)"	"2022 год"	"202212"	"ТУРКЕСТАН Г.А."	"0"	"городская местность"	"0"	"Всего"	"0"	"887"
"Число умерших(Человек)"	"2017 год"	"201712"	"ТУРКЕСТАН Г.А."	"0"	"городская местность"	"0"	"Всего"	"0"	"838"
"Число умерших(Человек)"	"2023 год"	"202312"	"ТУРКЕСТАН Г.А."	"0"	"городская местность"	"0"	"Всего"	"0"	"929"
"Число умерших(Человек)"	"2024 год"	"202412"	"ТУРКЕСТАН Г.А."	"0"	"городская местность"	"0"	"Всего"	"0"	"892"
"Число умерших(Человек)"	"2021 год"	"202112"	"ТУРКЕСТАН Г.А."	"0"	"Всего"	"0"	"Всего"	"0"	"1 164"
"Число умерших(Человек)"	"2020 год"	"202012"	"ТУРКЕСТАН Г.А."	"0"	"Всего"	"0"	"Всего"	"0"	"1 205"
"Число умерших(Человек)"	"2019 год"	"201912"	"ТУРКЕСТАН Г.А."	"0"	"Всего"	"0"	"Всего"	"0"	"794"
"Число умерших(Человек)"	"2018 год"	"201812"	"ТУРКЕСТАН Г.А."	"0"	"Всего"	"0"	"Всего"	"0"	"852"
"Число умерших(Человек)"	"2022 год"	"202212"	"ТУРКЕСТАН Г.А."	"0"	"Всего"	"0"	"Всего"	"0"	"887"
"Число умерших(Человек)"	"2017 год"	"201712"	"ТУРКЕСТАН Г.А."	"0"	"Всего"	"0"	"Всего"	"0"	"838"
"Число умерших(Человек)"	"2023 год"	"202312"	"ТУРКЕСТАН Г.А."	"0"	"Всего"	"0"	"Всего"	"0"	"929"
"Число умерших(Человек)"	"2024 год"	"202412"	"ТУРКЕСТАН Г.А."	"0"	"Всего"	"0"	"Всего"	"0"	"892"
"Число умерших(Человек)"	"2021 год"	"202112"	"КЕЛЕССКИЙ РАЙОН"	"0"	"сельская местность"	"0"	"Всего"	"0"	"752"
"Число умерших(Человек)"	"2020 год"	"202012"	"КЕЛЕССКИЙ РАЙОН"	"0"	"сельская местность"	"0"	"Всего"	"0"	"785"
"Число умерших(Человек)"	"2019 год"	"201912"	"КЕЛЕССКИЙ РАЙОН"	"0"	"сельская местность"	"0"	"Всего"	"0"	"606"
"Число умерших(Человек)"	"2018 год"	"201812"	"КЕЛЕССКИЙ РАЙОН"	"0"	"сельская местность"	"0"	"Всего"	"0"	"611"
"Число умерших(Человек)"	"2022 год"	"202212"	"КЕЛЕССКИЙ РАЙОН"	"0"	"сельская местность"	"0"	"Всего"	"0"	"544"
"Число умерших(Человек)"	"2017 год"	"201712"	"КЕЛЕССКИЙ РАЙОН"	"0"	"сельская местность"	"0"	"Всего"	"0"	"535"
"Число умерших(Человек)"	"2023 год"	"202312"	"КЕЛЕССКИЙ РАЙОН"	"0"	"сельская местность"	"0"	"Всего"	"0"	"612"
"Число умерших(Человек)"	"2024 год"	"202412"	"КЕЛЕССКИЙ РАЙОН"	"0"	"сельская местность"	"0"	"Всего"	"0"	"575"
"Число умерших(Человек)"	"2021 год"	"202112"	"КЕЛЕССКИЙ РАЙОН"	"0"	"Всего"	"0"	"Всего"	"0"	"752"
"Число умерших(Человек)"	"2020 год"	"202012"	"КЕЛЕССКИЙ РАЙОН"	"0"	"Всего"	"0"	"Всего"	"0"	"785"
"Число умерших(Человек)"	"2019 год"	"201912"	"КЕЛЕССКИЙ РАЙОН"	"0"	"Всего"	"0"	"Всего"	"0"	"606"
"Число умерших(Человек)"	"2018 год"	"201812"	"КЕЛЕССКИЙ РАЙОН"	"0"	"Всего"	"0"	"Всего"	"0"	"611"
"Число умерших(Человек)"	"2022 год"	"202212"	"КЕЛЕССКИЙ РАЙОН"	"0"	"Всего"	"0"	"Всего"	"0"	"544"
"Число умерших(Человек)"	"2017 год"	"201712"	"КЕЛЕССКИЙ РАЙОН"	"0"	"Всего"	"0"	"Всего"	"0"	"535"
"Число умерших(Человек)"	"2023 год"	"202312"	"КЕЛЕССКИЙ РАЙОН"	"0"	"Всего"	"0"	"Всего"	"0"	"612"
"Число умерших(Человек)"	"2024 год"	"202412"	"КЕЛЕССКИЙ РАЙОН"	"0"	"Всего"	"0"	"Всего"	"0"	"575"
"Число умерших(Человек)"	"2021 год"	"202112"	"ЖЕТЫСАЙСКИЙ РАЙОН"	"0"	"городская местность"	"0"	"Всего"	"0"	"298"
"Число умерших(Человек)"	"2020 год"	"202012"	"ЖЕТЫСАЙСКИЙ РАЙОН"	"0"	"городская местность"	"0"	"Всего"	"0"	"280"
"Число умерших(Человек)"	"2019 год"	"201912"	"ЖЕТЫСАЙСКИЙ РАЙОН"	"0"	"городская местность"	"0"	"Всего"	"0"	"220"
"Число умерших(Человек)"	"2018 год"	"201812"	"ЖЕТЫСАЙСКИЙ РАЙОН"	"0"	"городская местность"	"0"	"Всего"	"0"	"222"
"Число умерших(Человек)"	"2022 год"	"202212"	"ЖЕТЫСАЙСКИЙ РАЙОН"	"0"	"городская местность"	"0"	"Всего"	"0"	"227"
"Число умерших(Человек)"	"2017 год"	"201712"	"ЖЕТЫСАЙСКИЙ РАЙОН"	"0"	"городская местность"	"0"	"Всего"	"0"	"211"
"Число умерших(Человек)"	"2023 год"	"202312"	"ЖЕТЫСАЙСКИЙ РАЙОН"	"0"	"городская местность"	"0"	"Всего"	"0"	"188"
"Число умерших(Человек)"	"2024 год"	"202412"	"ЖЕТЫСАЙСКИЙ РАЙОН"	"0"	"городская местность"	"0"	"Всего"	"0"	"187"
"Число умерших(Человек)"	"2021 год"	"202112"	"ЖЕТЫСАЙСКИЙ РАЙОН"	"0"	"Всего"	"0"	"Всего"	"0"	"1 167"
"Число умерших(Человек)"	"2020 год"	"202012"	"ЖЕТЫСАЙСКИЙ РАЙОН"	"0"	"Всего"	"0"	"Всего"	"0"	"1 066"
"Число умерших(Человек)"	"2019 год"	"201912"	"ЖЕТЫСАЙСКИЙ РАЙОН"	"0"	"Всего"	"0"	"Всего"	"0"	"819"
"Число умерших(Человек)"	"2018 год"	"201812"	"ЖЕТЫСАЙСКИЙ РАЙОН"	"0"	"Всего"	"0"	"Всего"	"0"	"917"
"Число умерших(Человек)"	"2022 год"	"202212"	"ЖЕТЫСАЙСКИЙ РАЙОН"	"0"	"Всего"	"0"	"Всего"	"0"	"866"
"Число умерших(Человек)"	"2017 год"	"201712"	"ЖЕТЫСАЙСКИЙ РАЙОН"	"0"	"Всего"	"0"	"Всего"	"0"	"929"
"Число умерших(Человек)"	"2023 год"	"202312"	"ЖЕТЫСАЙСКИЙ РАЙОН"	"0"	"Всего"	"0"	"Всего"	"0"	"810"
"Число умерших(Человек)"	"2024 год"	"202412"	"ЖЕТЫСАЙСКИЙ РАЙОН"	"0"	"Всего"	"0"	"Всего"	"0"	"892"
"Число умерших(Человек)"	"2021 год"	"202112"	"ЖЕТЫСАЙСКИЙ РАЙОН"	"0"	"сельская местность"	"0"	"Всего"	"0"	"869"
"Число умерших(Человек)"	"2020 год"	"202012"	"ЖЕТЫСАЙСКИЙ РАЙОН"	"0"	"сельская местность"	"0"	"Всего"	"0"	"786"
"Число умерших(Человек)"	"2019 год"	"201912"	"ЖЕТЫСАЙСКИЙ РАЙОН"	"0"	"сельская местность"	"0"	"Всего"	"0"	"599"
"Число умерших(Человек)"	"2018 год"	"201812"	"ЖЕТЫСАЙСКИЙ РАЙОН"	"0"	"сельская местность"	"0"	"Всего"	"0"	"695"
"Число умерших(Человек)"	"2022 год"	"202212"	"ЖЕТЫСАЙСКИЙ РАЙОН"	"0"	"сельская местность"	"0"	"Всего"	"0"	"639"
"Число умерших(Человек)"	"2017 год"	"201712"	"ЖЕТЫСАЙСКИЙ РАЙОН"	"0"	"сельская местность"	"0"	"Всего"	"0"	"718"
"Число умерших(Человек)"	"2023 год"	"202312"	"ЖЕТЫСАЙСКИЙ РАЙОН"	"0"	"сельская местность"	"0"	"Всего"	"0"	"622"
"Число умерших(Человек)"	"2024 год"	"202412"	"ЖЕТЫСАЙСКИЙ РАЙОН"	"0"	"сельская местность"	"0"	"Всего"	"0"	"705"
"Число умерших(Человек)"	"2021 год"	"202112"	"КЕГЕНСКИЙ РАЙОН"	"0"	"сельская местность"	"0"	"Всего"	"0"	"255"
"Число умерших(Человек)"	"2020 год"	"202012"	"КЕГЕНСКИЙ РАЙОН"	"0"	"сельская местность"	"0"	"Всего"	"0"	"234"
"Число умерших(Человек)"	"2019 год"	"201912"	"КЕГЕНСКИЙ РАЙОН"	"0"	"сельская местность"	"0"	"Всего"	"0"	"219"
"Число умерших(Человек)"	"2018 год"	"201812"	"КЕГЕНСКИЙ РАЙОН"	"0"	"сельская местность"	"0"	"Всего"	"0"	"211"
"Число умерших(Человек)"	"2022 год"	"202212"	"КЕГЕНСКИЙ РАЙОН"	"0"	"сельская местность"	"0"	"Всего"	"0"	"203"
"Число умерших(Человек)"	"2017 год"	"201712"	"КЕГЕНСКИЙ РАЙОН"	"0"	"сельская местность"	"0"	"Всего"	"0"	"226"
"Число умерших(Человек)"	"2023 год"	"202312"	"КЕГЕНСКИЙ РАЙОН"	"0"	"сельская местность"	"0"	"Всего"	"0"	"190"
"Число умерших(Человек)"	"2024 год"	"202412"	"КЕГЕНСКИЙ РАЙОН"	"0"	"сельская местность"	"0"	"Всего"	"0"	"201"
"Число умерших(Человек)"	"2021 год"	"202112"	"КЕГЕНСКИЙ РАЙОН"	"0"	"Всего"	"0"	"Всего"	"0"	"255"
"Число умерших(Человек)"	"2020 год"	"202012"	"КЕГЕНСКИЙ РАЙОН"	"0"	"Всего"	"0"	"Всего"	"0"	"234"
"Число умерших(Человек)"	"2019 год"	"201912"	"КЕГЕНСКИЙ РАЙОН"	"0"	"Всего"	"0"	"Всего"	"0"	"219"
"Число умерших(Человек)"	"2018 год"	"201812"	"КЕГЕНСКИЙ РАЙОН"	"0"	"Всего"	"0"	"Всего"	"0"	"211"
"Число умерших(Человек)"	"2022 год"	"202212"	"КЕГЕНСКИЙ РАЙОН"	"0"	"Всего"	"0"	"Всего"	"0"	"203"
"Число умерших(Человек)"	"2017 год"	"201712"	"КЕГЕНСКИЙ РАЙОН"	"0"	"Всего"	"0"	"Всего"	"0"	"226"
"Число умерших(Человек)"	"2023 год"	"202312"	"КЕГЕНСКИЙ РАЙОН"	"0"	"Всего"	"0"	"Всего"	"0"	"190"
"Число умерших(Человек)"	"2024 год"	"202412"	"КЕГЕНСКИЙ РАЙОН"	"0"	"Всего"	"0"	"Всего"	"0"	"201"
"Число умерших(Человек)"	"2021 год"	"202112"	"КОСТАНАЙСКИЙ РАЙОН"	"0"	"городская местность"	"0"	"Всего"	"0"	"410"
"Число умерших(Человек)"	"2020 год"	"202012"	"КОСТАНАЙСКИЙ РАЙОН"	"0"	"городская местность"	"0"	"Всего"	"0"	"327"
"Число умерших(Человек)"	"2019 год"	"201912"	"КОСТАНАЙСКИЙ РАЙОН"	"0"	"городская местность"	"0"	"Всего"	"0"	"240"
"Число умерших(Человек)"	"2022 год"	"202212"	"КОСТАНАЙСКИЙ РАЙОН"	"0"	"городская местность"	"0"	"Всего"	"0"	"317"
"Число умерших(Человек)"	"2023 год"	"202312"	"КОСТАНАЙСКИЙ РАЙОН"	"0"	"городская местность"	"0"	"Всего"	"0"	"259"
"Число умерших(Человек)"	"2024 год"	"202412"	"КОСТАНАЙСКИЙ РАЙОН"	"0"	"городская местность"	"0"	"Всего"	"0"	"275"
"Число умерших(Человек)"	"2021 год"	"202112"	"РАЙОН САУРАН"	"0"	"сельская местность"	"0"	"Всего"	"0"	"413"
"Число умерших(Человек)"	"2022 год"	"202212"	"РАЙОН САУРАН"	"0"	"сельская местность"	"0"	"Всего"	"0"	"366"
"Число умерших(Человек)"	"2023 год"	"202312"	"РАЙОН САУРАН"	"0"	"сельская местность"	"0"	"Всего"	"0"	"393"
"Число умерших(Человек)"	"2024 год"	"202412"	"РАЙОН САУРАН"	"0"	"сельская местность"	"0"	"Всего"	"0"	"403"
"Число умерших(Человек)"	"2021 год"	"202112"	"РАЙОН САУРАН"	"0"	"Всего"	"0"	"Всего"	"0"	"413"
"Число умерших(Человек)"	"2022 год"	"202212"	"РАЙОН САУРАН"	"0"	"Всего"	"0"	"Всего"	"0"	"366"
"Число умерших(Человек)"	"2023 год"	"202312"	"РАЙОН САУРАН"	"0"	"Всего"	"0"	"Всего"	"0"	"393"
"Число умерших(Человек)"	"2024 год"	"202412"	"РАЙОН САУРАН"	"0"	"Всего"	"0"	"Всего"	"0"	"403"
"Число умерших(Человек)"	"2022 год"	"202212"	"ОБЛАСТЬ ҰЛЫТАУ"	"0"	"сельская местность"	"0"	"Всего"	"0"	"328"
"Число умерших(Человек)"	"2023 год"	"202312"	"ОБЛАСТЬ ҰЛЫТАУ"	"0"	"сельская местность"	"0"	"Всего"	"0"	"334"
"Число умерших(Человек)"	"2024 год"	"202412"	"ОБЛАСТЬ ҰЛЫТАУ"	"0"	"сельская местность"	"0"	"Всего"	"0"	"339"
"Число умерших(Человек)"	"2022 год"	"202212"	"КОСШЫ Г.А."	"0"	"Всего"	"0"	"Всего"	"0"	"75"
"Число умерших(Человек)"	"2023 год"	"202312"	"КОСШЫ Г.А."	"0"	"Всего"	"0"	"Всего"	"0"	"87"
"Число умерших(Человек)"	"2024 год"	"202412"	"КОСШЫ Г.А."	"0"	"Всего"	"0"	"Всего"	"0"	"96"
"Число умерших(Человек)"	"2022 год"	"202212"	"РАЙОН АҚСУАТ"	"0"	"сельская местность"	"0"	"Всего"	"0"	"131"
"Число умерших(Человек)"	"2023 год"	"202312"	"РАЙОН АҚСУАТ"	"0"	"сельская местность"	"0"	"Всего"	"0"	"136"
"Число умерших(Человек)"	"2024 год"	"202412"	"РАЙОН АҚСУАТ"	"0"	"сельская местность"	"0"	"Всего"	"0"	"120"
"Число умерших(Человек)"	"2022 год"	"202212"	"ОБЛАСТЬ ЖЕТІСУ"	"0"	"сельская местность"	"0"	"Всего"	"0"	"2 631"
"Число умерших(Человек)"	"2023 год"	"202312"	"ОБЛАСТЬ ЖЕТІСУ"	"0"	"сельская местность"	"0"	"Всего"	"0"	"2 632"
"Число умерших(Человек)"	"2024 год"	"202412"	"ОБЛАСТЬ ЖЕТІСУ"	"0"	"сельская местность"	"0"	"Всего"	"0"	"2 690"
"Число умерших(Человек)"	"2022 год"	"202212"	"ОБЛАСТЬ АБАЙ"	"0"	"городская местность"	"0"	"Всего"	"0"	"3 292"
"Число умерших(Человек)"	"2023 год"	"202312"	"ОБЛАСТЬ АБАЙ"	"0"	"городская местность"	"0"	"Всего"	"0"	"3 325"
"Число умерших(Человек)"	"2024 год"	"202412"	"ОБЛАСТЬ АБАЙ"	"0"	"городская местность"	"0"	"Всего"	"0"	"3 353"
"Число умерших(Человек)"	"2022 год"	"202212"	"ОБЛАСТЬ ҰЛЫТАУ"	"0"	"городская местность"	"0"	"Всего"	"0"	"1 637"
"Число умерших(Человек)"	"2023 год"	"202312"	"ОБЛАСТЬ ҰЛЫТАУ"	"0"	"городская местность"	"0"	"Всего"	"0"	"1 548"
"Число умерших(Человек)"	"2024 год"	"202412"	"ОБЛАСТЬ ҰЛЫТАУ"	"0"	"городская местность"	"0"	"Всего"	"0"	"1 539"
"Число умерших(Человек)"	"2022 год"	"202212"	"ОБЛАСТЬ ЖЕТІСУ"	"0"	"городская местность"	"0"	"Всего"	"0"	"2 322"
"Число умерших(Человек)"	"2023 год"	"202312"	"ОБЛАСТЬ ЖЕТІСУ"	"0"	"городская местность"	"0"	"Всего"	"0"	"2 333"
"Число умерших(Человек)"	"2024 год"	"202412"	"ОБЛАСТЬ ЖЕТІСУ"	"0"	"городская местность"	"0"	"Всего"	"0"	"2 335"
"Число умерших(Человек)"	"2022 год"	"202212"	"ОБЛАСТЬ АБАЙ"	"0"	"Всего"	"0"	"Всего"	"0"	"5 453"
"Число умерших(Человек)"	"2023 год"	"202312"	"ОБЛАСТЬ АБАЙ"	"0"	"Всего"	"0"	"Всего"	"0"	"5 398"
"Число умерших(Человек)"	"2024 год"	"202412"	"ОБЛАСТЬ АБАЙ"	"0"	"Всего"	"0"	"Всего"	"0"	"5 419"
"Число умерших(Человек)"	"2022 год"	"202212"	"РАЙОН САМАР"	"0"	"сельская местность"	"0"	"Всего"	"0"	"138"
"Число умерших(Человек)"	"2023 год"	"202312"	"РАЙОН САМАР"	"0"	"сельская местность"	"0"	"Всего"	"0"	"155"
"Число умерших(Человек)"	"2024 год"	"202412"	"РАЙОН САМАР"	"0"	"сельская местность"	"0"	"Всего"	"0"	"164"
"Число умерших(Человек)"	"2022 год"	"202212"	"КОСШЫ Г.А."	"0"	"городская местность"	"0"	"Всего"	"0"	"75"
"Число умерших(Человек)"	"2023 год"	"202312"	"КОСШЫ Г.А."	"0"	"городская местность"	"0"	"Всего"	"0"	"85"
"Число умерших(Человек)"	"2024 год"	"202412"	"КОСШЫ Г.А."	"0"	"городская местность"	"0"	"Всего"	"0"	"89"
"Число умерших(Человек)"	"2022 год"	"202212"	"РАЙОН АҚСУАТ"	"0"	"Всего"	"0"	"Всего"	"0"	"131"
"Число умерших(Человек)"	"2023 год"	"202312"	"РАЙОН АҚСУАТ"	"0"	"Всего"	"0"	"Всего"	"0"	"136"
"Число умерших(Человек)"	"2024 год"	"202412"	"РАЙОН АҚСУАТ"	"0"	"Всего"	"0"	"Всего"	"0"	"120"
"Число умерших(Человек)"	"2022 год"	"202212"	"ОБЛАСТЬ ҰЛЫТАУ"	"0"	"Всего"	"0"	"Всего"	"0"	"1 965"
"Число умерших(Человек)"	"2023 год"	"202312"	"ОБЛАСТЬ ҰЛЫТАУ"	"0"	"Всего"	"0"	"Всего"	"0"	"1 882"
"Число умерших(Человек)"	"2024 год"	"202412"	"ОБЛАСТЬ ҰЛЫТАУ"	"0"	"Всего"	"0"	"Всего"	"0"	"1 878"
"Число умерших(Человек)"	"2022 год"	"202212"	"ОБЛАСТЬ ЖЕТІСУ"	"0"	"Всего"	"0"	"Всего"	"0"	"4 953"
"Число умерших(Человек)"	"2023 год"	"202312"	"ОБЛАСТЬ ЖЕТІСУ"	"0"	"Всего"	"0"	"Всего"	"0"	"4 965"
"Число умерших(Человек)"	"2024 год"	"202412"	"ОБЛАСТЬ ЖЕТІСУ"	"0"	"Всего"	"0"	"Всего"	"0"	"5 025"
"Число умерших(Человек)"	"2022 год"	"202212"	"ОБЛАСТЬ АБАЙ"	"0"	"сельская местность"	"0"	"Всего"	"0"	"2 161"
"Число умерших(Человек)"	"2023 год"	"202312"	"ОБЛАСТЬ АБАЙ"	"0"	"сельская местность"	"0"	"Всего"	"0"	"2 073"
"Число умерших(Человек)"	"2024 год"	"202412"	"ОБЛАСТЬ АБАЙ"	"0"	"сельская местность"	"0"	"Всего"	"0"	"2 066"
"Число умерших(Человек)"	"2022 год"	"202212"	"РАЙОН САМАР"	"0"	"Всего"	"0"	"Всего"	"0"	"138"
"Число умерших(Человек)"	"2023 год"	"202312"	"РАЙОН САМАР"	"0"	"Всего"	"0"	"Всего"	"0"	"155"
"Число умерших(Человек)"	"2024 год"	"202412"	"РАЙОН САМАР"	"0"	"Всего"	"0"	"Всего"	"0"	"164"
"Число умерших(Человек)"	"2023 год"	"202312"	"КОСШЫ Г.А."	"0"	"сельская местность"	"0"	"Всего"	"0"	"2"
"Число умерших(Человек)"	"2024 год"	"202412"	"КОСШЫ Г.А."	"0"	"сельская местность"	"0"	"Всего"	"0"	"7"
"Число умерших(Человек)"	"2024 год"	"202412"	"Г.А.АЛАТАУ"	"0"	"Всего"	"0"	"Всего"	"0"	"284"
"Число умерших(Человек)"	"2024 год"	"202412"	"Г.А.АЛАТАУ"	"0"	"городская местность"	"0"	"Всего"	"0"	"284"
"Число умерших(Человек)"	"2024 год"	"202412"	"РАЙОН МАРҚАКӨЛ"	"0"	"Всего"	"0"	"Всего"	"0"	"55"
"Число умерших(Человек)"	"2024 год"	"202412"	"РАЙОН МАРҚАКӨЛ"	"0"	"сельская местность"	"0"	"Всего"	"0"	"55"
"Число умерших(Человек)"	"2024 год"	"202412"	"РАЙОН ҮЛКЕН НАРЫН"	"0"	"Всего"	"0"	"Всего"	"0"	"162"
"Число умерших(Человек)"	"2024 год"	"202412"	"РАЙОН ҮЛКЕН НАРЫН"	"0"	"сельская местность"	"0"	"Всего"	"0"	"162"
"Число умерших(Человек)"	"2024 год"	"202412"	"РАЙОН НҰРА"	"0"	"Всего"	"0"	"Всего"	"0"	"595"
"Число умерших(Человек)"	"2024 год"	"202412"	"РАЙОН НҰРА"	"0"	"городская местность"	"0"	"Всего"	"0"	"595"
"Число умерших(Человек)"	"2024 год"	"202412"	"РАЙОН ТУРАН"	"0"	"Всего"	"0"	"Всего"	"0"	"858"
"Число умерших(Человек)"	"2024 год"	"202412"	"РАЙОН ТУРАН"	"0"	"городская местность"	"0"	"Всего"	"0"	"858"
"Число умерших(Человек)"	"2024 год"	"202412"	"РАЙОН ЖАҢАСЕМЕЙ"	"0"	"Всего"	"0"	"Всего"	"0"	"182"
"Число умерших(Человек)"	"2024 год"	"202412"	"РАЙОН ЖАҢАСЕМЕЙ"	"0"	"городская местность"	"0"	"Всего"	"0"	"47"
"Число умерших(Человек)"	"2024 год"	"202412"	"РАЙОН ЖАҢАСЕМЕЙ"	"0"	"сельская местность"	"0"	"Всего"	"0"	"135"
"Число умерших(Человек)"	"2024 год"	"202412"	"РАЙОН МАҚАНШЫ"	"0"	"Всего"	"0"	"Всего"	"0"	"203"
"Число умерших(Человек)"	"2024 год"	"202412"	"РАЙОН МАҚАНШЫ"	"0"	"сельская местность"	"0"	"Всего"	"0"	"203"
